scenario_id,A0_state,A1_state,A2_state,A3_state,A4_state,A5_state,A6_state,A7_state,A8_state,A9_state,A10_state,modality_class,endpoint_data_type,analyte_role,terminal_state,q_code,family_id
0cd393ea5ca3,AIC-MISSING,ID-DEFINED,TIME-DEFINED,DOSE-DEFINED,REGIMEN-FIXED,BIOANALYTICAL-FINAL,COVARIATE-BASELINE-ONLY,SUBJECT-LEVEL-COVARIATE,SINGLE-ANALYTE,REANALYSIS-NONE,STRUCTURED,SMALL_MOLECULE,,,QUARANTINE,Q11,F01
6eadc4296340,AIC-MISSING,ID-DEFINED,TIME-DEFINED,DOSE-DEFINED,REGIMEN-FIXED,BIOANALYTICAL-FINAL,COVARIATE-BASELINE-ONLY,SUBJECT-LEVEL-COVARIATE,SINGLE-ANALYTE,REANALYSIS-NONE,SEMI-STRUCTURED-LEGACY-FLAG,SMALL_MOLECULE,,,QUARANTINE,Q11,F01
b250839ce268,AIC-MISSING,ID-DEFINED,TIME-DEFINED,DOSE-DEFINED,REGIMEN-FIXED,BIOANALYTICAL-FINAL,COVARIATE-BASELINE-ONLY,SUBJECT-LEVEL-COVARIATE,MULTI-CMT-DEFINED,REANALYSIS-NONE,STRUCTURED,SMALL_MOLECULE,,,QUARANTINE,Q11,F01
91f22a0a9c59,AIC-MISSING,ID-DEFINED,TIME-DEFINED,DOSE-DEFINED,REGIMEN-FIXED,BIOANALYTICAL-FINAL,COVARIATE-BASELINE-ONLY,SUBJECT-LEVEL-COVARIATE,MULTI-CMT-DEFINED,REANALYSIS-NONE,SEMI-STRUCTURED-LEGACY-FLAG,SMALL_MOLECULE,,,QUARANTINE,Q11,F01
311d798c9448,AIC-MISSING,ID-DEFINED,TIME-DEFINED,DOSE-DEFINED,REGIMEN-FIXED,BIOANALYTICAL-FINAL,COVARIATE-BASELINE-ONLY,SUBJECT-LEVEL-COVARIATE,DDI-VICTIM-PERPETRATOR,REANALYSIS-NONE,STRUCTURED,SMALL_MOLECULE,,,QUARANTINE,Q11,F22
d4c2205985c0,AIC-MISSING,ID-DEFINED,TIME-DEFINED,DOSE-DEFINED,REGIMEN-FIXED,BIOANALYTICAL-FINAL,COVARIATE-BASELINE-ONLY,SUBJECT-LEVEL-COVARIATE,DDI-VICTIM-PERPETRATOR,REANALYSIS-NONE,SEMI-STRUCTURED-LEGACY-FLAG,SMALL_MOLECULE,,,QUARANTINE,Q11,F22
2ac8db75b755,AIC-MISSING,ID-DEFINED,TIME-DEFINED,DOSE-DEFINED,REGIMEN-FIXED,BLQ-DEFINED-POLICY,COVARIATE-BASELINE-ONLY,SUBJECT-LEVEL-COVARIATE,SINGLE-ANALYTE,REANALYSIS-NONE,STRUCTURED,SMALL_MOLECULE,,,QUARANTINE,Q11,F01
07715086953a,AIC-MISSING,ID-DEFINED,TIME-DEFINED,DOSE-DEFINED,REGIMEN-FIXED,BLQ-DEFINED-POLICY,COVARIATE-BASELINE-ONLY,SUBJECT-LEVEL-COVARIATE,SINGLE-ANALYTE,REANALYSIS-NONE,SEMI-STRUCTURED-LEGACY-FLAG,SMALL_MOLECULE,,,QUARANTINE,Q11,F01
8756a9bc7c18,AIC-MISSING,ID-DEFINED,TIME-DEFINED,DOSE-DEFINED,REGIMEN-FIXED,BLQ-DEFINED-POLICY,COVARIATE-BASELINE-ONLY,SUBJECT-LEVEL-COVARIATE,MULTI-CMT-DEFINED,REANALYSIS-NONE,STRUCTURED,SMALL_MOLECULE,,,QUARANTINE,Q11,F01
c36ba502bbe5,AIC-MISSING,ID-DEFINED,TIME-DEFINED,DOSE-DEFINED,REGIMEN-FIXED,BLQ-DEFINED-POLICY,COVARIATE-BASELINE-ONLY,SUBJECT-LEVEL-COVARIATE,MULTI-CMT-DEFINED,REANALYSIS-NONE,SEMI-STRUCTURED-LEGACY-FLAG,SMALL_MOLECULE,,,QUARANTINE,Q11,F01
fe42cca9d406,AIC-MISSING,ID-DEFINED,TIME-DEFINED,DOSE-DEFINED,REGIMEN-FIXED,BLQ-DEFINED-POLICY,COVARIATE-BASELINE-ONLY,SUBJECT-LEVEL-COVARIATE,DDI-VICTIM-PERPETRATOR,REANALYSIS-NONE,STRUCTURED,SMALL_MOLECULE,,,QUARANTINE,Q11,F22
d833d9fc630c,AIC-MISSING,ID-DEFINED,TIME-DEFINED,DOSE-DEFINED,REGIMEN-FIXED,BLQ-DEFINED-POLICY,COVARIATE-BASELINE-ONLY,SUBJECT-LEVEL-COVARIATE,DDI-VICTIM-PERPETRATOR,REANALYSIS-NONE,SEMI-STRUCTURED-LEGACY-FLAG,SMALL_MOLECULE,,,QUARANTINE,Q11,F22
22f077d63d04,AIC-MISSING,ID-DEFINED,TIME-DEFINED,DOSE-DEFINED,REGIMEN-FIXED,BIOANALYTICAL-FINAL-FLAG-MISSING,COVARIATE-BASELINE-ONLY,SUBJECT-LEVEL-COVARIATE,SINGLE-ANALYTE,REANALYSIS-NONE,STRUCTURED,SMALL_MOLECULE,,,QUARANTINE,Q11,F01
766acaf9e833,AIC-MISSING,ID-DEFINED,TIME-DEFINED,DOSE-DEFINED,REGIMEN-FIXED,BIOANALYTICAL-FINAL-FLAG-MISSING,COVARIATE-BASELINE-ONLY,SUBJECT-LEVEL-COVARIATE,SINGLE-ANALYTE,REANALYSIS-NONE,SEMI-STRUCTURED-LEGACY-FLAG,SMALL_MOLECULE,,,QUARANTINE,Q11,F01
6ae3805352da,AIC-MISSING,ID-DEFINED,TIME-DEFINED,DOSE-DEFINED,REGIMEN-FIXED,BIOANALYTICAL-FINAL-FLAG-MISSING,COVARIATE-BASELINE-ONLY,SUBJECT-LEVEL-COVARIATE,MULTI-CMT-DEFINED,REANALYSIS-NONE,STRUCTURED,SMALL_MOLECULE,,,QUARANTINE,Q11,F01
e27392976e1c,AIC-MISSING,ID-DEFINED,TIME-DEFINED,DOSE-DEFINED,REGIMEN-FIXED,BIOANALYTICAL-FINAL-FLAG-MISSING,COVARIATE-BASELINE-ONLY,SUBJECT-LEVEL-COVARIATE,MULTI-CMT-DEFINED,REANALYSIS-NONE,SEMI-STRUCTURED-LEGACY-FLAG,SMALL_MOLECULE,,,QUARANTINE,Q11,F01
2ffd9a5d13eb,AIC-MISSING,ID-DEFINED,TIME-DEFINED,DOSE-DEFINED,REGIMEN-FIXED,BIOANALYTICAL-FINAL-FLAG-MISSING,COVARIATE-BASELINE-ONLY,SUBJECT-LEVEL-COVARIATE,DDI-VICTIM-PERPETRATOR,REANALYSIS-NONE,STRUCTURED,SMALL_MOLECULE,,,QUARANTINE,Q11,F22
8a2fecba82ff,AIC-MISSING,ID-DEFINED,TIME-DEFINED,DOSE-DEFINED,REGIMEN-FIXED,BIOANALYTICAL-FINAL-FLAG-MISSING,COVARIATE-BASELINE-ONLY,SUBJECT-LEVEL-COVARIATE,DDI-VICTIM-PERPETRATOR,REANALYSIS-NONE,SEMI-STRUCTURED-LEGACY-FLAG,SMALL_MOLECULE,,,QUARANTINE,Q11,F22
83e74c1157e4,AIC-MISSING,ID-DEFINED,TIME-DEFINED,DOSE-DEFINED,ADDL-ACTUAL-CONFLICT,BIOANALYTICAL-FINAL,COVARIATE-BASELINE-ONLY,SUBJECT-LEVEL-COVARIATE,SINGLE-ANALYTE,REANALYSIS-NONE,STRUCTURED,SMALL_MOLECULE,,,QUARANTINE,Q11,F01
f87bcf2b9e36,AIC-MISSING,ID-DEFINED,TIME-DEFINED,DOSE-DEFINED,ADDL-ACTUAL-CONFLICT,BIOANALYTICAL-FINAL,COVARIATE-BASELINE-ONLY,SUBJECT-LEVEL-COVARIATE,SINGLE-ANALYTE,REANALYSIS-NONE,SEMI-STRUCTURED-LEGACY-FLAG,SMALL_MOLECULE,,,QUARANTINE,Q11,F01
0bc6f9e56a26,AIC-MISSING,ID-DEFINED,TIME-DEFINED,DOSE-DEFINED,ADDL-ACTUAL-CONFLICT,BIOANALYTICAL-FINAL,COVARIATE-BASELINE-ONLY,SUBJECT-LEVEL-COVARIATE,MULTI-CMT-DEFINED,REANALYSIS-NONE,STRUCTURED,SMALL_MOLECULE,,,QUARANTINE,Q11,F01
a5d3cd439564,AIC-MISSING,ID-DEFINED,TIME-DEFINED,DOSE-DEFINED,ADDL-ACTUAL-CONFLICT,BIOANALYTICAL-FINAL,COVARIATE-BASELINE-ONLY,SUBJECT-LEVEL-COVARIATE,MULTI-CMT-DEFINED,REANALYSIS-NONE,SEMI-STRUCTURED-LEGACY-FLAG,SMALL_MOLECULE,,,QUARANTINE,Q11,F01
b4aa758718cd,AIC-MISSING,ID-DEFINED,TIME-DEFINED,DOSE-DEFINED,ADDL-ACTUAL-CONFLICT,BIOANALYTICAL-FINAL,COVARIATE-BASELINE-ONLY,SUBJECT-LEVEL-COVARIATE,DDI-VICTIM-PERPETRATOR,REANALYSIS-NONE,STRUCTURED,SMALL_MOLECULE,,,QUARANTINE,Q11,F22
0264551b71d3,AIC-MISSING,ID-DEFINED,TIME-DEFINED,DOSE-DEFINED,ADDL-ACTUAL-CONFLICT,BIOANALYTICAL-FINAL,COVARIATE-BASELINE-ONLY,SUBJECT-LEVEL-COVARIATE,DDI-VICTIM-PERPETRATOR,REANALYSIS-NONE,SEMI-STRUCTURED-LEGACY-FLAG,SMALL_MOLECULE,,,QUARANTINE,Q11,F22
c849e4accea4,AIC-MISSING,ID-DEFINED,TIME-DEFINED,DOSE-DEFINED,ADDL-ACTUAL-CONFLICT,BLQ-DEFINED-POLICY,COVARIATE-BASELINE-ONLY,SUBJECT-LEVEL-COVARIATE,SINGLE-ANALYTE,REANALYSIS-NONE,STRUCTURED,SMALL_MOLECULE,,,QUARANTINE,Q11,F01
cfc4e88436a2,AIC-MISSING,ID-DEFINED,TIME-DEFINED,DOSE-DEFINED,ADDL-ACTUAL-CONFLICT,BLQ-DEFINED-POLICY,COVARIATE-BASELINE-ONLY,SUBJECT-LEVEL-COVARIATE,SINGLE-ANALYTE,REANALYSIS-NONE,SEMI-STRUCTURED-LEGACY-FLAG,SMALL_MOLECULE,,,QUARANTINE,Q11,F01
bcc115610bb1,AIC-MISSING,ID-DEFINED,TIME-DEFINED,DOSE-DEFINED,ADDL-ACTUAL-CONFLICT,BLQ-DEFINED-POLICY,COVARIATE-BASELINE-ONLY,SUBJECT-LEVEL-COVARIATE,MULTI-CMT-DEFINED,REANALYSIS-NONE,STRUCTURED,SMALL_MOLECULE,,,QUARANTINE,Q11,F01
39d90849e921,AIC-MISSING,ID-DEFINED,TIME-DEFINED,DOSE-DEFINED,ADDL-ACTUAL-CONFLICT,BLQ-DEFINED-POLICY,COVARIATE-BASELINE-ONLY,SUBJECT-LEVEL-COVARIATE,MULTI-CMT-DEFINED,REANALYSIS-NONE,SEMI-STRUCTURED-LEGACY-FLAG,SMALL_MOLECULE,,,QUARANTINE,Q11,F01
e639de67091b,AIC-MISSING,ID-DEFINED,TIME-DEFINED,DOSE-DEFINED,ADDL-ACTUAL-CONFLICT,BLQ-DEFINED-POLICY,COVARIATE-BASELINE-ONLY,SUBJECT-LEVEL-COVARIATE,DDI-VICTIM-PERPETRATOR,REANALYSIS-NONE,STRUCTURED,SMALL_MOLECULE,,,QUARANTINE,Q11,F22
3886d53e6588,AIC-MISSING,ID-DEFINED,TIME-DEFINED,DOSE-DEFINED,ADDL-ACTUAL-CONFLICT,BLQ-DEFINED-POLICY,COVARIATE-BASELINE-ONLY,SUBJECT-LEVEL-COVARIATE,DDI-VICTIM-PERPETRATOR,REANALYSIS-NONE,SEMI-STRUCTURED-LEGACY-FLAG,SMALL_MOLECULE,,,QUARANTINE,Q11,F22
43a221795ed7,AIC-MISSING,ID-DEFINED,TIME-DEFINED,DOSE-DEFINED,ADDL-ACTUAL-CONFLICT,BIOANALYTICAL-FINAL-FLAG-MISSING,COVARIATE-BASELINE-ONLY,SUBJECT-LEVEL-COVARIATE,SINGLE-ANALYTE,REANALYSIS-NONE,STRUCTURED,SMALL_MOLECULE,,,QUARANTINE,Q11,F01
8ce2c983f951,AIC-MISSING,ID-DEFINED,TIME-DEFINED,DOSE-DEFINED,ADDL-ACTUAL-CONFLICT,BIOANALYTICAL-FINAL-FLAG-MISSING,COVARIATE-BASELINE-ONLY,SUBJECT-LEVEL-COVARIATE,SINGLE-ANALYTE,REANALYSIS-NONE,SEMI-STRUCTURED-LEGACY-FLAG,SMALL_MOLECULE,,,QUARANTINE,Q11,F01
e4f8c458f608,AIC-MISSING,ID-DEFINED,TIME-DEFINED,DOSE-DEFINED,ADDL-ACTUAL-CONFLICT,BIOANALYTICAL-FINAL-FLAG-MISSING,COVARIATE-BASELINE-ONLY,SUBJECT-LEVEL-COVARIATE,MULTI-CMT-DEFINED,REANALYSIS-NONE,STRUCTURED,SMALL_MOLECULE,,,QUARANTINE,Q11,F01
590ecff4245a,AIC-MISSING,ID-DEFINED,TIME-DEFINED,DOSE-DEFINED,ADDL-ACTUAL-CONFLICT,BIOANALYTICAL-FINAL-FLAG-MISSING,COVARIATE-BASELINE-ONLY,SUBJECT-LEVEL-COVARIATE,MULTI-CMT-DEFINED,REANALYSIS-NONE,SEMI-STRUCTURED-LEGACY-FLAG,SMALL_MOLECULE,,,QUARANTINE,Q11,F01
d011540818b7,AIC-MISSING,ID-DEFINED,TIME-DEFINED,DOSE-DEFINED,ADDL-ACTUAL-CONFLICT,BIOANALYTICAL-FINAL-FLAG-MISSING,COVARIATE-BASELINE-ONLY,SUBJECT-LEVEL-COVARIATE,DDI-VICTIM-PERPETRATOR,REANALYSIS-NONE,STRUCTURED,SMALL_MOLECULE,,,QUARANTINE,Q11,F22
b65a9886c1ea,AIC-MISSING,ID-DEFINED,TIME-DEFINED,DOSE-DEFINED,ADDL-ACTUAL-CONFLICT,BIOANALYTICAL-FINAL-FLAG-MISSING,COVARIATE-BASELINE-ONLY,SUBJECT-LEVEL-COVARIATE,DDI-VICTIM-PERPETRATOR,REANALYSIS-NONE,SEMI-STRUCTURED-LEGACY-FLAG,SMALL_MOLECULE,,,QUARANTINE,Q11,F22
bb2a17458d7a,AIC-PK,ID-DEFINED,TIME-DEFINED,DOSE-DEFINED,REGIMEN-FIXED,BIOANALYTICAL-FINAL,COVARIATE-BASELINE-ONLY,SUBJECT-LEVEL-COVARIATE,SINGLE-ANALYTE,REANALYSIS-NONE,STRUCTURED,SMALL_MOLECULE,PK_CONCENTRATION,,AUTO,,F01
bee7cef125e1,AIC-PK,ID-DEFINED,TIME-DEFINED,DOSE-DEFINED,REGIMEN-FIXED,BIOANALYTICAL-FINAL,COVARIATE-BASELINE-ONLY,SUBJECT-LEVEL-COVARIATE,SINGLE-ANALYTE,REANALYSIS-NONE,SEMI-STRUCTURED-LEGACY-FLAG,SMALL_MOLECULE,PK_CONCENTRATION,,QUARANTINE,Q15B,F01
bc91c1abfde9,AIC-PK,ID-DEFINED,TIME-DEFINED,DOSE-DEFINED,REGIMEN-FIXED,BIOANALYTICAL-FINAL,COVARIATE-BASELINE-ONLY,SUBJECT-LEVEL-COVARIATE,MULTI-CMT-DEFINED,REANALYSIS-NONE,STRUCTURED,SMALL_MOLECULE,PK_CONCENTRATION,,REPAIR,,F01
849dd399567c,AIC-PK,ID-DEFINED,TIME-DEFINED,DOSE-DEFINED,REGIMEN-FIXED,BIOANALYTICAL-FINAL,COVARIATE-BASELINE-ONLY,SUBJECT-LEVEL-COVARIATE,MULTI-CMT-DEFINED,REANALYSIS-NONE,SEMI-STRUCTURED-LEGACY-FLAG,SMALL_MOLECULE,PK_CONCENTRATION,,QUARANTINE,Q15B,F01
59b7f30e4b38,AIC-PK,ID-DEFINED,TIME-DEFINED,DOSE-DEFINED,REGIMEN-FIXED,BIOANALYTICAL-FINAL,COVARIATE-BASELINE-ONLY,SUBJECT-LEVEL-COVARIATE,DDI-VICTIM-PERPETRATOR,REANALYSIS-NONE,STRUCTURED,SMALL_MOLECULE,PK_CONCENTRATION,,REPAIR,,F22
77906d408727,AIC-PK,ID-DEFINED,TIME-DEFINED,DOSE-DEFINED,REGIMEN-FIXED,BIOANALYTICAL-FINAL,COVARIATE-BASELINE-ONLY,SUBJECT-LEVEL-COVARIATE,DDI-VICTIM-PERPETRATOR,REANALYSIS-NONE,SEMI-STRUCTURED-LEGACY-FLAG,SMALL_MOLECULE,PK_CONCENTRATION,,QUARANTINE,Q15B,F22
671c80fd79c0,AIC-PK,ID-DEFINED,TIME-DEFINED,DOSE-DEFINED,REGIMEN-FIXED,BLQ-DEFINED-POLICY,COVARIATE-BASELINE-ONLY,SUBJECT-LEVEL-COVARIATE,SINGLE-ANALYTE,REANALYSIS-NONE,STRUCTURED,SMALL_MOLECULE,PK_CONCENTRATION,,REPAIR,,F01
57660a5ea561,AIC-PK,ID-DEFINED,TIME-DEFINED,DOSE-DEFINED,REGIMEN-FIXED,BLQ-DEFINED-POLICY,COVARIATE-BASELINE-ONLY,SUBJECT-LEVEL-COVARIATE,SINGLE-ANALYTE,REANALYSIS-NONE,SEMI-STRUCTURED-LEGACY-FLAG,SMALL_MOLECULE,PK_CONCENTRATION,,QUARANTINE,Q15B,F01
6e9d796bdca2,AIC-PK,ID-DEFINED,TIME-DEFINED,DOSE-DEFINED,REGIMEN-FIXED,BLQ-DEFINED-POLICY,COVARIATE-BASELINE-ONLY,SUBJECT-LEVEL-COVARIATE,MULTI-CMT-DEFINED,REANALYSIS-NONE,STRUCTURED,SMALL_MOLECULE,PK_CONCENTRATION,,REPAIR,,F01
3508d78a79ea,AIC-PK,ID-DEFINED,TIME-DEFINED,DOSE-DEFINED,REGIMEN-FIXED,BLQ-DEFINED-POLICY,COVARIATE-BASELINE-ONLY,SUBJECT-LEVEL-COVARIATE,MULTI-CMT-DEFINED,REANALYSIS-NONE,SEMI-STRUCTURED-LEGACY-FLAG,SMALL_MOLECULE,PK_CONCENTRATION,,QUARANTINE,Q15B,F01
ae3d73db2343,AIC-PK,ID-DEFINED,TIME-DEFINED,DOSE-DEFINED,REGIMEN-FIXED,BLQ-DEFINED-POLICY,COVARIATE-BASELINE-ONLY,SUBJECT-LEVEL-COVARIATE,DDI-VICTIM-PERPETRATOR,REANALYSIS-NONE,STRUCTURED,SMALL_MOLECULE,PK_CONCENTRATION,,REPAIR,,F22
cbc2e6d371b5,AIC-PK,ID-DEFINED,TIME-DEFINED,DOSE-DEFINED,REGIMEN-FIXED,BLQ-DEFINED-POLICY,COVARIATE-BASELINE-ONLY,SUBJECT-LEVEL-COVARIATE,DDI-VICTIM-PERPETRATOR,REANALYSIS-NONE,SEMI-STRUCTURED-LEGACY-FLAG,SMALL_MOLECULE,PK_CONCENTRATION,,QUARANTINE,Q15B,F22
799da22dcf97,AIC-PK,ID-DEFINED,TIME-DEFINED,DOSE-DEFINED,REGIMEN-FIXED,BIOANALYTICAL-FINAL-FLAG-MISSING,COVARIATE-BASELINE-ONLY,SUBJECT-LEVEL-COVARIATE,SINGLE-ANALYTE,REANALYSIS-NONE,STRUCTURED,SMALL_MOLECULE,PK_CONCENTRATION,,QUARANTINE,Q15A,F01
63e5c983f406,AIC-PK,ID-DEFINED,TIME-DEFINED,DOSE-DEFINED,REGIMEN-FIXED,BIOANALYTICAL-FINAL-FLAG-MISSING,COVARIATE-BASELINE-ONLY,SUBJECT-LEVEL-COVARIATE,SINGLE-ANALYTE,REANALYSIS-NONE,SEMI-STRUCTURED-LEGACY-FLAG,SMALL_MOLECULE,PK_CONCENTRATION,,QUARANTINE,Q15A,F01
6d086613089c,AIC-PK,ID-DEFINED,TIME-DEFINED,DOSE-DEFINED,REGIMEN-FIXED,BIOANALYTICAL-FINAL-FLAG-MISSING,COVARIATE-BASELINE-ONLY,SUBJECT-LEVEL-COVARIATE,MULTI-CMT-DEFINED,REANALYSIS-NONE,STRUCTURED,SMALL_MOLECULE,PK_CONCENTRATION,,QUARANTINE,Q15A,F01
e557836357a5,AIC-PK,ID-DEFINED,TIME-DEFINED,DOSE-DEFINED,REGIMEN-FIXED,BIOANALYTICAL-FINAL-FLAG-MISSING,COVARIATE-BASELINE-ONLY,SUBJECT-LEVEL-COVARIATE,MULTI-CMT-DEFINED,REANALYSIS-NONE,SEMI-STRUCTURED-LEGACY-FLAG,SMALL_MOLECULE,PK_CONCENTRATION,,QUARANTINE,Q15A,F01
38dfd4d45b6a,AIC-PK,ID-DEFINED,TIME-DEFINED,DOSE-DEFINED,REGIMEN-FIXED,BIOANALYTICAL-FINAL-FLAG-MISSING,COVARIATE-BASELINE-ONLY,SUBJECT-LEVEL-COVARIATE,DDI-VICTIM-PERPETRATOR,REANALYSIS-NONE,STRUCTURED,SMALL_MOLECULE,PK_CONCENTRATION,,QUARANTINE,Q15A,F22
d04134f58537,AIC-PK,ID-DEFINED,TIME-DEFINED,DOSE-DEFINED,REGIMEN-FIXED,BIOANALYTICAL-FINAL-FLAG-MISSING,COVARIATE-BASELINE-ONLY,SUBJECT-LEVEL-COVARIATE,DDI-VICTIM-PERPETRATOR,REANALYSIS-NONE,SEMI-STRUCTURED-LEGACY-FLAG,SMALL_MOLECULE,PK_CONCENTRATION,,QUARANTINE,Q15A,F22
a712b1d475dc,AIC-PK,ID-DEFINED,TIME-DEFINED,DOSE-DEFINED,ADDL-ACTUAL-CONFLICT,BIOANALYTICAL-FINAL,COVARIATE-BASELINE-ONLY,SUBJECT-LEVEL-COVARIATE,SINGLE-ANALYTE,REANALYSIS-NONE,STRUCTURED,SMALL_MOLECULE,PK_CONCENTRATION,,AUTO,,F01
926fe46ead8e,AIC-PK,ID-DEFINED,TIME-DEFINED,DOSE-DEFINED,ADDL-ACTUAL-CONFLICT,BIOANALYTICAL-FINAL,COVARIATE-BASELINE-ONLY,SUBJECT-LEVEL-COVARIATE,SINGLE-ANALYTE,REANALYSIS-NONE,SEMI-STRUCTURED-LEGACY-FLAG,SMALL_MOLECULE,PK_CONCENTRATION,,QUARANTINE,Q15B,F01
b721a9a70e90,AIC-PK,ID-DEFINED,TIME-DEFINED,DOSE-DEFINED,ADDL-ACTUAL-CONFLICT,BIOANALYTICAL-FINAL,COVARIATE-BASELINE-ONLY,SUBJECT-LEVEL-COVARIATE,MULTI-CMT-DEFINED,REANALYSIS-NONE,STRUCTURED,SMALL_MOLECULE,PK_CONCENTRATION,,REPAIR,,F01
e0a8289a708f,AIC-PK,ID-DEFINED,TIME-DEFINED,DOSE-DEFINED,ADDL-ACTUAL-CONFLICT,BIOANALYTICAL-FINAL,COVARIATE-BASELINE-ONLY,SUBJECT-LEVEL-COVARIATE,MULTI-CMT-DEFINED,REANALYSIS-NONE,SEMI-STRUCTURED-LEGACY-FLAG,SMALL_MOLECULE,PK_CONCENTRATION,,QUARANTINE,Q15B,F01
d12d748bac05,AIC-PK,ID-DEFINED,TIME-DEFINED,DOSE-DEFINED,ADDL-ACTUAL-CONFLICT,BIOANALYTICAL-FINAL,COVARIATE-BASELINE-ONLY,SUBJECT-LEVEL-COVARIATE,DDI-VICTIM-PERPETRATOR,REANALYSIS-NONE,STRUCTURED,SMALL_MOLECULE,PK_CONCENTRATION,,REPAIR,,F22
87411386868a,AIC-PK,ID-DEFINED,TIME-DEFINED,DOSE-DEFINED,ADDL-ACTUAL-CONFLICT,BIOANALYTICAL-FINAL,COVARIATE-BASELINE-ONLY,SUBJECT-LEVEL-COVARIATE,DDI-VICTIM-PERPETRATOR,REANALYSIS-NONE,SEMI-STRUCTURED-LEGACY-FLAG,SMALL_MOLECULE,PK_CONCENTRATION,,QUARANTINE,Q15B,F22
d2e07d23c8f1,AIC-PK,ID-DEFINED,TIME-DEFINED,DOSE-DEFINED,ADDL-ACTUAL-CONFLICT,BLQ-DEFINED-POLICY,COVARIATE-BASELINE-ONLY,SUBJECT-LEVEL-COVARIATE,SINGLE-ANALYTE,REANALYSIS-NONE,STRUCTURED,SMALL_MOLECULE,PK_CONCENTRATION,,REPAIR,,F01
e389e8860955,AIC-PK,ID-DEFINED,TIME-DEFINED,DOSE-DEFINED,ADDL-ACTUAL-CONFLICT,BLQ-DEFINED-POLICY,COVARIATE-BASELINE-ONLY,SUBJECT-LEVEL-COVARIATE,SINGLE-ANALYTE,REANALYSIS-NONE,SEMI-STRUCTURED-LEGACY-FLAG,SMALL_MOLECULE,PK_CONCENTRATION,,QUARANTINE,Q15B,F01
958017db5661,AIC-PK,ID-DEFINED,TIME-DEFINED,DOSE-DEFINED,ADDL-ACTUAL-CONFLICT,BLQ-DEFINED-POLICY,COVARIATE-BASELINE-ONLY,SUBJECT-LEVEL-COVARIATE,MULTI-CMT-DEFINED,REANALYSIS-NONE,STRUCTURED,SMALL_MOLECULE,PK_CONCENTRATION,,REPAIR,,F01
dc3a511d4a72,AIC-PK,ID-DEFINED,TIME-DEFINED,DOSE-DEFINED,ADDL-ACTUAL-CONFLICT,BLQ-DEFINED-POLICY,COVARIATE-BASELINE-ONLY,SUBJECT-LEVEL-COVARIATE,MULTI-CMT-DEFINED,REANALYSIS-NONE,SEMI-STRUCTURED-LEGACY-FLAG,SMALL_MOLECULE,PK_CONCENTRATION,,QUARANTINE,Q15B,F01
5643e512159f,AIC-PK,ID-DEFINED,TIME-DEFINED,DOSE-DEFINED,ADDL-ACTUAL-CONFLICT,BLQ-DEFINED-POLICY,COVARIATE-BASELINE-ONLY,SUBJECT-LEVEL-COVARIATE,DDI-VICTIM-PERPETRATOR,REANALYSIS-NONE,STRUCTURED,SMALL_MOLECULE,PK_CONCENTRATION,,REPAIR,,F22
4f4e1e23d965,AIC-PK,ID-DEFINED,TIME-DEFINED,DOSE-DEFINED,ADDL-ACTUAL-CONFLICT,BLQ-DEFINED-POLICY,COVARIATE-BASELINE-ONLY,SUBJECT-LEVEL-COVARIATE,DDI-VICTIM-PERPETRATOR,REANALYSIS-NONE,SEMI-STRUCTURED-LEGACY-FLAG,SMALL_MOLECULE,PK_CONCENTRATION,,QUARANTINE,Q15B,F22
8e962148f0fb,AIC-PK,ID-DEFINED,TIME-DEFINED,DOSE-DEFINED,ADDL-ACTUAL-CONFLICT,BIOANALYTICAL-FINAL-FLAG-MISSING,COVARIATE-BASELINE-ONLY,SUBJECT-LEVEL-COVARIATE,SINGLE-ANALYTE,REANALYSIS-NONE,STRUCTURED,SMALL_MOLECULE,PK_CONCENTRATION,,QUARANTINE,Q15A,F01
0eae6ad8d5eb,AIC-PK,ID-DEFINED,TIME-DEFINED,DOSE-DEFINED,ADDL-ACTUAL-CONFLICT,BIOANALYTICAL-FINAL-FLAG-MISSING,COVARIATE-BASELINE-ONLY,SUBJECT-LEVEL-COVARIATE,SINGLE-ANALYTE,REANALYSIS-NONE,SEMI-STRUCTURED-LEGACY-FLAG,SMALL_MOLECULE,PK_CONCENTRATION,,QUARANTINE,Q15A,F01
433d15b57456,AIC-PK,ID-DEFINED,TIME-DEFINED,DOSE-DEFINED,ADDL-ACTUAL-CONFLICT,BIOANALYTICAL-FINAL-FLAG-MISSING,COVARIATE-BASELINE-ONLY,SUBJECT-LEVEL-COVARIATE,MULTI-CMT-DEFINED,REANALYSIS-NONE,STRUCTURED,SMALL_MOLECULE,PK_CONCENTRATION,,QUARANTINE,Q15A,F01
36dae09be0d6,AIC-PK,ID-DEFINED,TIME-DEFINED,DOSE-DEFINED,ADDL-ACTUAL-CONFLICT,BIOANALYTICAL-FINAL-FLAG-MISSING,COVARIATE-BASELINE-ONLY,SUBJECT-LEVEL-COVARIATE,MULTI-CMT-DEFINED,REANALYSIS-NONE,SEMI-STRUCTURED-LEGACY-FLAG,SMALL_MOLECULE,PK_CONCENTRATION,,QUARANTINE,Q15A,F01
16c22834aaf3,AIC-PK,ID-DEFINED,TIME-DEFINED,DOSE-DEFINED,ADDL-ACTUAL-CONFLICT,BIOANALYTICAL-FINAL-FLAG-MISSING,COVARIATE-BASELINE-ONLY,SUBJECT-LEVEL-COVARIATE,DDI-VICTIM-PERPETRATOR,REANALYSIS-NONE,STRUCTURED,SMALL_MOLECULE,PK_CONCENTRATION,,QUARANTINE,Q15A,F22
43a98c9af045,AIC-PK,ID-DEFINED,TIME-DEFINED,DOSE-DEFINED,ADDL-ACTUAL-CONFLICT,BIOANALYTICAL-FINAL-FLAG-MISSING,COVARIATE-BASELINE-ONLY,SUBJECT-LEVEL-COVARIATE,DDI-VICTIM-PERPETRATOR,REANALYSIS-NONE,SEMI-STRUCTURED-LEGACY-FLAG,SMALL_MOLECULE,PK_CONCENTRATION,,QUARANTINE,Q15A,F22
81532230f032,AIC-PK,ID-DEFINED,TIME-DEFINED,DOSE-DEFINED,REGIMEN-FIXED,BIOANALYTICAL-FINAL,COVARIATE-BASELINE-ONLY,SUBJECT-LEVEL-COVARIATE,SINGLE-ANALYTE,REANALYSIS-NONE,STRUCTURED,MAB,PK_CONCENTRATION,,AUTO,,F01
4954e0503b89,AIC-PK,ID-DEFINED,TIME-DEFINED,DOSE-DEFINED,REGIMEN-FIXED,BIOANALYTICAL-FINAL,COVARIATE-BASELINE-ONLY,SUBJECT-LEVEL-COVARIATE,SINGLE-ANALYTE,REANALYSIS-NONE,SEMI-STRUCTURED-LEGACY-FLAG,MAB,PK_CONCENTRATION,,QUARANTINE,Q15B,F01
088a7c106d5c,AIC-PK,ID-DEFINED,TIME-DEFINED,DOSE-DEFINED,REGIMEN-FIXED,BIOANALYTICAL-FINAL,COVARIATE-BASELINE-ONLY,SUBJECT-LEVEL-COVARIATE,MULTI-CMT-DEFINED,REANALYSIS-NONE,STRUCTURED,MAB,PK_CONCENTRATION,,REPAIR,,F01
c8ced8943f44,AIC-PK,ID-DEFINED,TIME-DEFINED,DOSE-DEFINED,REGIMEN-FIXED,BIOANALYTICAL-FINAL,COVARIATE-BASELINE-ONLY,SUBJECT-LEVEL-COVARIATE,MULTI-CMT-DEFINED,REANALYSIS-NONE,SEMI-STRUCTURED-LEGACY-FLAG,MAB,PK_CONCENTRATION,,QUARANTINE,Q15B,F01
75d8ce550add,AIC-PK,ID-DEFINED,TIME-DEFINED,DOSE-DEFINED,REGIMEN-FIXED,BIOANALYTICAL-FINAL,COVARIATE-BASELINE-ONLY,SUBJECT-LEVEL-COVARIATE,DDI-VICTIM-PERPETRATOR,REANALYSIS-NONE,STRUCTURED,MAB,PK_CONCENTRATION,,REPAIR,,F22
b91e504479c4,AIC-PK,ID-DEFINED,TIME-DEFINED,DOSE-DEFINED,REGIMEN-FIXED,BIOANALYTICAL-FINAL,COVARIATE-BASELINE-ONLY,SUBJECT-LEVEL-COVARIATE,DDI-VICTIM-PERPETRATOR,REANALYSIS-NONE,SEMI-STRUCTURED-LEGACY-FLAG,MAB,PK_CONCENTRATION,,QUARANTINE,Q15B,F22
017b7186901e,AIC-PK,ID-DEFINED,TIME-DEFINED,DOSE-DEFINED,REGIMEN-FIXED,BLQ-DEFINED-POLICY,COVARIATE-BASELINE-ONLY,SUBJECT-LEVEL-COVARIATE,SINGLE-ANALYTE,REANALYSIS-NONE,STRUCTURED,MAB,PK_CONCENTRATION,,REPAIR,,F01
b86ae9470a8d,AIC-PK,ID-DEFINED,TIME-DEFINED,DOSE-DEFINED,REGIMEN-FIXED,BLQ-DEFINED-POLICY,COVARIATE-BASELINE-ONLY,SUBJECT-LEVEL-COVARIATE,SINGLE-ANALYTE,REANALYSIS-NONE,SEMI-STRUCTURED-LEGACY-FLAG,MAB,PK_CONCENTRATION,,QUARANTINE,Q15B,F01
2d286044756d,AIC-PK,ID-DEFINED,TIME-DEFINED,DOSE-DEFINED,REGIMEN-FIXED,BLQ-DEFINED-POLICY,COVARIATE-BASELINE-ONLY,SUBJECT-LEVEL-COVARIATE,MULTI-CMT-DEFINED,REANALYSIS-NONE,STRUCTURED,MAB,PK_CONCENTRATION,,REPAIR,,F01
e9887c9d3694,AIC-PK,ID-DEFINED,TIME-DEFINED,DOSE-DEFINED,REGIMEN-FIXED,BLQ-DEFINED-POLICY,COVARIATE-BASELINE-ONLY,SUBJECT-LEVEL-COVARIATE,MULTI-CMT-DEFINED,REANALYSIS-NONE,SEMI-STRUCTURED-LEGACY-FLAG,MAB,PK_CONCENTRATION,,QUARANTINE,Q15B,F01
12f429277850,AIC-PK,ID-DEFINED,TIME-DEFINED,DOSE-DEFINED,REGIMEN-FIXED,BLQ-DEFINED-POLICY,COVARIATE-BASELINE-ONLY,SUBJECT-LEVEL-COVARIATE,DDI-VICTIM-PERPETRATOR,REANALYSIS-NONE,STRUCTURED,MAB,PK_CONCENTRATION,,REPAIR,,F22
038c3ac8db23,AIC-PK,ID-DEFINED,TIME-DEFINED,DOSE-DEFINED,REGIMEN-FIXED,BLQ-DEFINED-POLICY,COVARIATE-BASELINE-ONLY,SUBJECT-LEVEL-COVARIATE,DDI-VICTIM-PERPETRATOR,REANALYSIS-NONE,SEMI-STRUCTURED-LEGACY-FLAG,MAB,PK_CONCENTRATION,,QUARANTINE,Q15B,F22
c260bb9d96e4,AIC-PK,ID-DEFINED,TIME-DEFINED,DOSE-DEFINED,REGIMEN-FIXED,BIOANALYTICAL-FINAL-FLAG-MISSING,COVARIATE-BASELINE-ONLY,SUBJECT-LEVEL-COVARIATE,SINGLE-ANALYTE,REANALYSIS-NONE,STRUCTURED,MAB,PK_CONCENTRATION,,QUARANTINE,Q15A,F01
58ffff75d3be,AIC-PK,ID-DEFINED,TIME-DEFINED,DOSE-DEFINED,REGIMEN-FIXED,BIOANALYTICAL-FINAL-FLAG-MISSING,COVARIATE-BASELINE-ONLY,SUBJECT-LEVEL-COVARIATE,SINGLE-ANALYTE,REANALYSIS-NONE,SEMI-STRUCTURED-LEGACY-FLAG,MAB,PK_CONCENTRATION,,QUARANTINE,Q15A,F01
6377f73407b2,AIC-PK,ID-DEFINED,TIME-DEFINED,DOSE-DEFINED,REGIMEN-FIXED,BIOANALYTICAL-FINAL-FLAG-MISSING,COVARIATE-BASELINE-ONLY,SUBJECT-LEVEL-COVARIATE,MULTI-CMT-DEFINED,REANALYSIS-NONE,STRUCTURED,MAB,PK_CONCENTRATION,,QUARANTINE,Q15A,F01
ddb33cb7bb10,AIC-PK,ID-DEFINED,TIME-DEFINED,DOSE-DEFINED,REGIMEN-FIXED,BIOANALYTICAL-FINAL-FLAG-MISSING,COVARIATE-BASELINE-ONLY,SUBJECT-LEVEL-COVARIATE,MULTI-CMT-DEFINED,REANALYSIS-NONE,SEMI-STRUCTURED-LEGACY-FLAG,MAB,PK_CONCENTRATION,,QUARANTINE,Q15A,F01
54a84aeb535f,AIC-PK,ID-DEFINED,TIME-DEFINED,DOSE-DEFINED,REGIMEN-FIXED,BIOANALYTICAL-FINAL-FLAG-MISSING,COVARIATE-BASELINE-ONLY,SUBJECT-LEVEL-COVARIATE,DDI-VICTIM-PERPETRATOR,REANALYSIS-NONE,STRUCTURED,MAB,PK_CONCENTRATION,,QUARANTINE,Q15A,F22
4294214479d6,AIC-PK,ID-DEFINED,TIME-DEFINED,DOSE-DEFINED,REGIMEN-FIXED,BIOANALYTICAL-FINAL-FLAG-MISSING,COVARIATE-BASELINE-ONLY,SUBJECT-LEVEL-COVARIATE,DDI-VICTIM-PERPETRATOR,REANALYSIS-NONE,SEMI-STRUCTURED-LEGACY-FLAG,MAB,PK_CONCENTRATION,,QUARANTINE,Q15A,F22
9a478d270948,AIC-PK,ID-DEFINED,TIME-DEFINED,DOSE-DEFINED,ADDL-ACTUAL-CONFLICT,BIOANALYTICAL-FINAL,COVARIATE-BASELINE-ONLY,SUBJECT-LEVEL-COVARIATE,SINGLE-ANALYTE,REANALYSIS-NONE,STRUCTURED,MAB,PK_CONCENTRATION,,AUTO,,F01
5ed735f9cf54,AIC-PK,ID-DEFINED,TIME-DEFINED,DOSE-DEFINED,ADDL-ACTUAL-CONFLICT,BIOANALYTICAL-FINAL,COVARIATE-BASELINE-ONLY,SUBJECT-LEVEL-COVARIATE,SINGLE-ANALYTE,REANALYSIS-NONE,SEMI-STRUCTURED-LEGACY-FLAG,MAB,PK_CONCENTRATION,,QUARANTINE,Q15B,F01
a1c23aedb85a,AIC-PK,ID-DEFINED,TIME-DEFINED,DOSE-DEFINED,ADDL-ACTUAL-CONFLICT,BIOANALYTICAL-FINAL,COVARIATE-BASELINE-ONLY,SUBJECT-LEVEL-COVARIATE,MULTI-CMT-DEFINED,REANALYSIS-NONE,STRUCTURED,MAB,PK_CONCENTRATION,,REPAIR,,F01
c30046824d29,AIC-PK,ID-DEFINED,TIME-DEFINED,DOSE-DEFINED,ADDL-ACTUAL-CONFLICT,BIOANALYTICAL-FINAL,COVARIATE-BASELINE-ONLY,SUBJECT-LEVEL-COVARIATE,MULTI-CMT-DEFINED,REANALYSIS-NONE,SEMI-STRUCTURED-LEGACY-FLAG,MAB,PK_CONCENTRATION,,QUARANTINE,Q15B,F01
78ac0951d47a,AIC-PK,ID-DEFINED,TIME-DEFINED,DOSE-DEFINED,ADDL-ACTUAL-CONFLICT,BIOANALYTICAL-FINAL,COVARIATE-BASELINE-ONLY,SUBJECT-LEVEL-COVARIATE,DDI-VICTIM-PERPETRATOR,REANALYSIS-NONE,STRUCTURED,MAB,PK_CONCENTRATION,,REPAIR,,F22
9bc1de486cba,AIC-PK,ID-DEFINED,TIME-DEFINED,DOSE-DEFINED,ADDL-ACTUAL-CONFLICT,BIOANALYTICAL-FINAL,COVARIATE-BASELINE-ONLY,SUBJECT-LEVEL-COVARIATE,DDI-VICTIM-PERPETRATOR,REANALYSIS-NONE,SEMI-STRUCTURED-LEGACY-FLAG,MAB,PK_CONCENTRATION,,QUARANTINE,Q15B,F22
61687849f09d,AIC-PK,ID-DEFINED,TIME-DEFINED,DOSE-DEFINED,ADDL-ACTUAL-CONFLICT,BLQ-DEFINED-POLICY,COVARIATE-BASELINE-ONLY,SUBJECT-LEVEL-COVARIATE,SINGLE-ANALYTE,REANALYSIS-NONE,STRUCTURED,MAB,PK_CONCENTRATION,,REPAIR,,F01
8ae6de9bb199,AIC-PK,ID-DEFINED,TIME-DEFINED,DOSE-DEFINED,ADDL-ACTUAL-CONFLICT,BLQ-DEFINED-POLICY,COVARIATE-BASELINE-ONLY,SUBJECT-LEVEL-COVARIATE,SINGLE-ANALYTE,REANALYSIS-NONE,SEMI-STRUCTURED-LEGACY-FLAG,MAB,PK_CONCENTRATION,,QUARANTINE,Q15B,F01
5d82715d2868,AIC-PK,ID-DEFINED,TIME-DEFINED,DOSE-DEFINED,ADDL-ACTUAL-CONFLICT,BLQ-DEFINED-POLICY,COVARIATE-BASELINE-ONLY,SUBJECT-LEVEL-COVARIATE,MULTI-CMT-DEFINED,REANALYSIS-NONE,STRUCTURED,MAB,PK_CONCENTRATION,,REPAIR,,F01
ce9d43977ee6,AIC-PK,ID-DEFINED,TIME-DEFINED,DOSE-DEFINED,ADDL-ACTUAL-CONFLICT,BLQ-DEFINED-POLICY,COVARIATE-BASELINE-ONLY,SUBJECT-LEVEL-COVARIATE,MULTI-CMT-DEFINED,REANALYSIS-NONE,SEMI-STRUCTURED-LEGACY-FLAG,MAB,PK_CONCENTRATION,,QUARANTINE,Q15B,F01
5337fe40c04f,AIC-PK,ID-DEFINED,TIME-DEFINED,DOSE-DEFINED,ADDL-ACTUAL-CONFLICT,BLQ-DEFINED-POLICY,COVARIATE-BASELINE-ONLY,SUBJECT-LEVEL-COVARIATE,DDI-VICTIM-PERPETRATOR,REANALYSIS-NONE,STRUCTURED,MAB,PK_CONCENTRATION,,REPAIR,,F22
62dd04426b55,AIC-PK,ID-DEFINED,TIME-DEFINED,DOSE-DEFINED,ADDL-ACTUAL-CONFLICT,BLQ-DEFINED-POLICY,COVARIATE-BASELINE-ONLY,SUBJECT-LEVEL-COVARIATE,DDI-VICTIM-PERPETRATOR,REANALYSIS-NONE,SEMI-STRUCTURED-LEGACY-FLAG,MAB,PK_CONCENTRATION,,QUARANTINE,Q15B,F22
505ada0e05c3,AIC-PK,ID-DEFINED,TIME-DEFINED,DOSE-DEFINED,ADDL-ACTUAL-CONFLICT,BIOANALYTICAL-FINAL-FLAG-MISSING,COVARIATE-BASELINE-ONLY,SUBJECT-LEVEL-COVARIATE,SINGLE-ANALYTE,REANALYSIS-NONE,STRUCTURED,MAB,PK_CONCENTRATION,,QUARANTINE,Q15A,F01
153379dbf0d3,AIC-PK,ID-DEFINED,TIME-DEFINED,DOSE-DEFINED,ADDL-ACTUAL-CONFLICT,BIOANALYTICAL-FINAL-FLAG-MISSING,COVARIATE-BASELINE-ONLY,SUBJECT-LEVEL-COVARIATE,SINGLE-ANALYTE,REANALYSIS-NONE,SEMI-STRUCTURED-LEGACY-FLAG,MAB,PK_CONCENTRATION,,QUARANTINE,Q15A,F01
a7be64ff25e1,AIC-PK,ID-DEFINED,TIME-DEFINED,DOSE-DEFINED,ADDL-ACTUAL-CONFLICT,BIOANALYTICAL-FINAL-FLAG-MISSING,COVARIATE-BASELINE-ONLY,SUBJECT-LEVEL-COVARIATE,MULTI-CMT-DEFINED,REANALYSIS-NONE,STRUCTURED,MAB,PK_CONCENTRATION,,QUARANTINE,Q15A,F01
3639c965ba8f,AIC-PK,ID-DEFINED,TIME-DEFINED,DOSE-DEFINED,ADDL-ACTUAL-CONFLICT,BIOANALYTICAL-FINAL-FLAG-MISSING,COVARIATE-BASELINE-ONLY,SUBJECT-LEVEL-COVARIATE,MULTI-CMT-DEFINED,REANALYSIS-NONE,SEMI-STRUCTURED-LEGACY-FLAG,MAB,PK_CONCENTRATION,,QUARANTINE,Q15A,F01
d7a8b0383387,AIC-PK,ID-DEFINED,TIME-DEFINED,DOSE-DEFINED,ADDL-ACTUAL-CONFLICT,BIOANALYTICAL-FINAL-FLAG-MISSING,COVARIATE-BASELINE-ONLY,SUBJECT-LEVEL-COVARIATE,DDI-VICTIM-PERPETRATOR,REANALYSIS-NONE,STRUCTURED,MAB,PK_CONCENTRATION,,QUARANTINE,Q15A,F22
626118e47a43,AIC-PK,ID-DEFINED,TIME-DEFINED,DOSE-DEFINED,ADDL-ACTUAL-CONFLICT,BIOANALYTICAL-FINAL-FLAG-MISSING,COVARIATE-BASELINE-ONLY,SUBJECT-LEVEL-COVARIATE,DDI-VICTIM-PERPETRATOR,REANALYSIS-NONE,SEMI-STRUCTURED-LEGACY-FLAG,MAB,PK_CONCENTRATION,,QUARANTINE,Q15A,F22
99cc0706f404,AIC-PK,ID-DEFINED,TIME-DEFINED,DOSE-DEFINED,REGIMEN-FIXED,BIOANALYTICAL-FINAL,COVARIATE-BASELINE-ONLY,SUBJECT-LEVEL-COVARIATE,SINGLE-ANALYTE,REANALYSIS-NONE,STRUCTURED,ADC,PK_CONCENTRATION,,AUTO,,F01
4fb6099a53d4,AIC-PK,ID-DEFINED,TIME-DEFINED,DOSE-DEFINED,REGIMEN-FIXED,BIOANALYTICAL-FINAL,COVARIATE-BASELINE-ONLY,SUBJECT-LEVEL-COVARIATE,SINGLE-ANALYTE,REANALYSIS-NONE,SEMI-STRUCTURED-LEGACY-FLAG,ADC,PK_CONCENTRATION,,QUARANTINE,Q15B,F01
ad1b02cb5ce0,AIC-PK,ID-DEFINED,TIME-DEFINED,DOSE-DEFINED,REGIMEN-FIXED,BIOANALYTICAL-FINAL,COVARIATE-BASELINE-ONLY,SUBJECT-LEVEL-COVARIATE,MULTI-CMT-DEFINED,REANALYSIS-NONE,STRUCTURED,ADC,PK_CONCENTRATION,TOTAL_ANTIBODY|CONJUGATED_ADC|UNCONJUGATED_PAYLOAD,REPAIR,,F24
94e036c9aa28,AIC-PK,ID-DEFINED,TIME-DEFINED,DOSE-DEFINED,REGIMEN-FIXED,BIOANALYTICAL-FINAL,COVARIATE-BASELINE-ONLY,SUBJECT-LEVEL-COVARIATE,MULTI-CMT-DEFINED,REANALYSIS-NONE,STRUCTURED,ADC,PK_CONCENTRATION,,QUARANTINE,Q16,F24
9f2c3e58bea3,AIC-PK,ID-DEFINED,TIME-DEFINED,DOSE-DEFINED,REGIMEN-FIXED,BIOANALYTICAL-FINAL,COVARIATE-BASELINE-ONLY,SUBJECT-LEVEL-COVARIATE,MULTI-CMT-DEFINED,REANALYSIS-NONE,SEMI-STRUCTURED-LEGACY-FLAG,ADC,PK_CONCENTRATION,TOTAL_ANTIBODY|CONJUGATED_ADC|UNCONJUGATED_PAYLOAD,QUARANTINE,Q15B,F24
8235291cec07,AIC-PK,ID-DEFINED,TIME-DEFINED,DOSE-DEFINED,REGIMEN-FIXED,BIOANALYTICAL-FINAL,COVARIATE-BASELINE-ONLY,SUBJECT-LEVEL-COVARIATE,MULTI-CMT-DEFINED,REANALYSIS-NONE,SEMI-STRUCTURED-LEGACY-FLAG,ADC,PK_CONCENTRATION,,QUARANTINE,Q16,F24
a2b3ded4c6da,AIC-PK,ID-DEFINED,TIME-DEFINED,DOSE-DEFINED,REGIMEN-FIXED,BIOANALYTICAL-FINAL,COVARIATE-BASELINE-ONLY,SUBJECT-LEVEL-COVARIATE,DDI-VICTIM-PERPETRATOR,REANALYSIS-NONE,STRUCTURED,ADC,PK_CONCENTRATION,TOTAL_ANTIBODY|CONJUGATED_ADC|UNCONJUGATED_PAYLOAD,REPAIR,,F22
e50d0822198b,AIC-PK,ID-DEFINED,TIME-DEFINED,DOSE-DEFINED,REGIMEN-FIXED,BIOANALYTICAL-FINAL,COVARIATE-BASELINE-ONLY,SUBJECT-LEVEL-COVARIATE,DDI-VICTIM-PERPETRATOR,REANALYSIS-NONE,STRUCTURED,ADC,PK_CONCENTRATION,,QUARANTINE,Q16,F22
75a650dec339,AIC-PK,ID-DEFINED,TIME-DEFINED,DOSE-DEFINED,REGIMEN-FIXED,BIOANALYTICAL-FINAL,COVARIATE-BASELINE-ONLY,SUBJECT-LEVEL-COVARIATE,DDI-VICTIM-PERPETRATOR,REANALYSIS-NONE,SEMI-STRUCTURED-LEGACY-FLAG,ADC,PK_CONCENTRATION,TOTAL_ANTIBODY|CONJUGATED_ADC|UNCONJUGATED_PAYLOAD,QUARANTINE,Q15B,F22
5e9c27ca3eb6,AIC-PK,ID-DEFINED,TIME-DEFINED,DOSE-DEFINED,REGIMEN-FIXED,BIOANALYTICAL-FINAL,COVARIATE-BASELINE-ONLY,SUBJECT-LEVEL-COVARIATE,DDI-VICTIM-PERPETRATOR,REANALYSIS-NONE,SEMI-STRUCTURED-LEGACY-FLAG,ADC,PK_CONCENTRATION,,QUARANTINE,Q16,F22
e6ff4d675eb5,AIC-PK,ID-DEFINED,TIME-DEFINED,DOSE-DEFINED,REGIMEN-FIXED,BLQ-DEFINED-POLICY,COVARIATE-BASELINE-ONLY,SUBJECT-LEVEL-COVARIATE,SINGLE-ANALYTE,REANALYSIS-NONE,STRUCTURED,ADC,PK_CONCENTRATION,,REPAIR,,F01
b38bbef80327,AIC-PK,ID-DEFINED,TIME-DEFINED,DOSE-DEFINED,REGIMEN-FIXED,BLQ-DEFINED-POLICY,COVARIATE-BASELINE-ONLY,SUBJECT-LEVEL-COVARIATE,SINGLE-ANALYTE,REANALYSIS-NONE,SEMI-STRUCTURED-LEGACY-FLAG,ADC,PK_CONCENTRATION,,QUARANTINE,Q15B,F01
23bc3bc65f83,AIC-PK,ID-DEFINED,TIME-DEFINED,DOSE-DEFINED,REGIMEN-FIXED,BLQ-DEFINED-POLICY,COVARIATE-BASELINE-ONLY,SUBJECT-LEVEL-COVARIATE,MULTI-CMT-DEFINED,REANALYSIS-NONE,STRUCTURED,ADC,PK_CONCENTRATION,TOTAL_ANTIBODY|CONJUGATED_ADC|UNCONJUGATED_PAYLOAD,REPAIR,,F24
1e8a6811c332,AIC-PK,ID-DEFINED,TIME-DEFINED,DOSE-DEFINED,REGIMEN-FIXED,BLQ-DEFINED-POLICY,COVARIATE-BASELINE-ONLY,SUBJECT-LEVEL-COVARIATE,MULTI-CMT-DEFINED,REANALYSIS-NONE,STRUCTURED,ADC,PK_CONCENTRATION,,QUARANTINE,Q16,F24
ecab76223d2d,AIC-PK,ID-DEFINED,TIME-DEFINED,DOSE-DEFINED,REGIMEN-FIXED,BLQ-DEFINED-POLICY,COVARIATE-BASELINE-ONLY,SUBJECT-LEVEL-COVARIATE,MULTI-CMT-DEFINED,REANALYSIS-NONE,SEMI-STRUCTURED-LEGACY-FLAG,ADC,PK_CONCENTRATION,TOTAL_ANTIBODY|CONJUGATED_ADC|UNCONJUGATED_PAYLOAD,QUARANTINE,Q15B,F24
c19cc67991b6,AIC-PK,ID-DEFINED,TIME-DEFINED,DOSE-DEFINED,REGIMEN-FIXED,BLQ-DEFINED-POLICY,COVARIATE-BASELINE-ONLY,SUBJECT-LEVEL-COVARIATE,MULTI-CMT-DEFINED,REANALYSIS-NONE,SEMI-STRUCTURED-LEGACY-FLAG,ADC,PK_CONCENTRATION,,QUARANTINE,Q16,F24
6f81dd6bc07d,AIC-PK,ID-DEFINED,TIME-DEFINED,DOSE-DEFINED,REGIMEN-FIXED,BLQ-DEFINED-POLICY,COVARIATE-BASELINE-ONLY,SUBJECT-LEVEL-COVARIATE,DDI-VICTIM-PERPETRATOR,REANALYSIS-NONE,STRUCTURED,ADC,PK_CONCENTRATION,TOTAL_ANTIBODY|CONJUGATED_ADC|UNCONJUGATED_PAYLOAD,REPAIR,,F22
73ea552a3f99,AIC-PK,ID-DEFINED,TIME-DEFINED,DOSE-DEFINED,REGIMEN-FIXED,BLQ-DEFINED-POLICY,COVARIATE-BASELINE-ONLY,SUBJECT-LEVEL-COVARIATE,DDI-VICTIM-PERPETRATOR,REANALYSIS-NONE,STRUCTURED,ADC,PK_CONCENTRATION,,QUARANTINE,Q16,F22
45474dd46c5a,AIC-PK,ID-DEFINED,TIME-DEFINED,DOSE-DEFINED,REGIMEN-FIXED,BLQ-DEFINED-POLICY,COVARIATE-BASELINE-ONLY,SUBJECT-LEVEL-COVARIATE,DDI-VICTIM-PERPETRATOR,REANALYSIS-NONE,SEMI-STRUCTURED-LEGACY-FLAG,ADC,PK_CONCENTRATION,TOTAL_ANTIBODY|CONJUGATED_ADC|UNCONJUGATED_PAYLOAD,QUARANTINE,Q15B,F22
dffe69f32fe7,AIC-PK,ID-DEFINED,TIME-DEFINED,DOSE-DEFINED,REGIMEN-FIXED,BLQ-DEFINED-POLICY,COVARIATE-BASELINE-ONLY,SUBJECT-LEVEL-COVARIATE,DDI-VICTIM-PERPETRATOR,REANALYSIS-NONE,SEMI-STRUCTURED-LEGACY-FLAG,ADC,PK_CONCENTRATION,,QUARANTINE,Q16,F22
77adb7ad9abc,AIC-PK,ID-DEFINED,TIME-DEFINED,DOSE-DEFINED,REGIMEN-FIXED,BIOANALYTICAL-FINAL-FLAG-MISSING,COVARIATE-BASELINE-ONLY,SUBJECT-LEVEL-COVARIATE,SINGLE-ANALYTE,REANALYSIS-NONE,STRUCTURED,ADC,PK_CONCENTRATION,,QUARANTINE,Q15A,F01
359ceb1ecebd,AIC-PK,ID-DEFINED,TIME-DEFINED,DOSE-DEFINED,REGIMEN-FIXED,BIOANALYTICAL-FINAL-FLAG-MISSING,COVARIATE-BASELINE-ONLY,SUBJECT-LEVEL-COVARIATE,SINGLE-ANALYTE,REANALYSIS-NONE,SEMI-STRUCTURED-LEGACY-FLAG,ADC,PK_CONCENTRATION,,QUARANTINE,Q15A,F01
bb957bdce84d,AIC-PK,ID-DEFINED,TIME-DEFINED,DOSE-DEFINED,REGIMEN-FIXED,BIOANALYTICAL-FINAL-FLAG-MISSING,COVARIATE-BASELINE-ONLY,SUBJECT-LEVEL-COVARIATE,MULTI-CMT-DEFINED,REANALYSIS-NONE,STRUCTURED,ADC,PK_CONCENTRATION,TOTAL_ANTIBODY|CONJUGATED_ADC|UNCONJUGATED_PAYLOAD,QUARANTINE,Q15A,F24
d60f462aa054,AIC-PK,ID-DEFINED,TIME-DEFINED,DOSE-DEFINED,REGIMEN-FIXED,BIOANALYTICAL-FINAL-FLAG-MISSING,COVARIATE-BASELINE-ONLY,SUBJECT-LEVEL-COVARIATE,MULTI-CMT-DEFINED,REANALYSIS-NONE,STRUCTURED,ADC,PK_CONCENTRATION,,QUARANTINE,Q15A,F24
984c909e330c,AIC-PK,ID-DEFINED,TIME-DEFINED,DOSE-DEFINED,REGIMEN-FIXED,BIOANALYTICAL-FINAL-FLAG-MISSING,COVARIATE-BASELINE-ONLY,SUBJECT-LEVEL-COVARIATE,MULTI-CMT-DEFINED,REANALYSIS-NONE,SEMI-STRUCTURED-LEGACY-FLAG,ADC,PK_CONCENTRATION,TOTAL_ANTIBODY|CONJUGATED_ADC|UNCONJUGATED_PAYLOAD,QUARANTINE,Q15A,F24
67e3db2f7790,AIC-PK,ID-DEFINED,TIME-DEFINED,DOSE-DEFINED,REGIMEN-FIXED,BIOANALYTICAL-FINAL-FLAG-MISSING,COVARIATE-BASELINE-ONLY,SUBJECT-LEVEL-COVARIATE,MULTI-CMT-DEFINED,REANALYSIS-NONE,SEMI-STRUCTURED-LEGACY-FLAG,ADC,PK_CONCENTRATION,,QUARANTINE,Q15A,F24
0f801f08010d,AIC-PK,ID-DEFINED,TIME-DEFINED,DOSE-DEFINED,REGIMEN-FIXED,BIOANALYTICAL-FINAL-FLAG-MISSING,COVARIATE-BASELINE-ONLY,SUBJECT-LEVEL-COVARIATE,DDI-VICTIM-PERPETRATOR,REANALYSIS-NONE,STRUCTURED,ADC,PK_CONCENTRATION,TOTAL_ANTIBODY|CONJUGATED_ADC|UNCONJUGATED_PAYLOAD,QUARANTINE,Q15A,F22
ef8db80f1222,AIC-PK,ID-DEFINED,TIME-DEFINED,DOSE-DEFINED,REGIMEN-FIXED,BIOANALYTICAL-FINAL-FLAG-MISSING,COVARIATE-BASELINE-ONLY,SUBJECT-LEVEL-COVARIATE,DDI-VICTIM-PERPETRATOR,REANALYSIS-NONE,STRUCTURED,ADC,PK_CONCENTRATION,,QUARANTINE,Q15A,F22
218701598f6f,AIC-PK,ID-DEFINED,TIME-DEFINED,DOSE-DEFINED,REGIMEN-FIXED,BIOANALYTICAL-FINAL-FLAG-MISSING,COVARIATE-BASELINE-ONLY,SUBJECT-LEVEL-COVARIATE,DDI-VICTIM-PERPETRATOR,REANALYSIS-NONE,SEMI-STRUCTURED-LEGACY-FLAG,ADC,PK_CONCENTRATION,TOTAL_ANTIBODY|CONJUGATED_ADC|UNCONJUGATED_PAYLOAD,QUARANTINE,Q15A,F22
a20c54f66f63,AIC-PK,ID-DEFINED,TIME-DEFINED,DOSE-DEFINED,REGIMEN-FIXED,BIOANALYTICAL-FINAL-FLAG-MISSING,COVARIATE-BASELINE-ONLY,SUBJECT-LEVEL-COVARIATE,DDI-VICTIM-PERPETRATOR,REANALYSIS-NONE,SEMI-STRUCTURED-LEGACY-FLAG,ADC,PK_CONCENTRATION,,QUARANTINE,Q15A,F22
f11bd56f43d0,AIC-PK,ID-DEFINED,TIME-DEFINED,DOSE-DEFINED,ADDL-ACTUAL-CONFLICT,BIOANALYTICAL-FINAL,COVARIATE-BASELINE-ONLY,SUBJECT-LEVEL-COVARIATE,SINGLE-ANALYTE,REANALYSIS-NONE,STRUCTURED,ADC,PK_CONCENTRATION,,AUTO,,F01
9ab2458604d5,AIC-PK,ID-DEFINED,TIME-DEFINED,DOSE-DEFINED,ADDL-ACTUAL-CONFLICT,BIOANALYTICAL-FINAL,COVARIATE-BASELINE-ONLY,SUBJECT-LEVEL-COVARIATE,SINGLE-ANALYTE,REANALYSIS-NONE,SEMI-STRUCTURED-LEGACY-FLAG,ADC,PK_CONCENTRATION,,QUARANTINE,Q15B,F01
218a7501ffa4,AIC-PK,ID-DEFINED,TIME-DEFINED,DOSE-DEFINED,ADDL-ACTUAL-CONFLICT,BIOANALYTICAL-FINAL,COVARIATE-BASELINE-ONLY,SUBJECT-LEVEL-COVARIATE,MULTI-CMT-DEFINED,REANALYSIS-NONE,STRUCTURED,ADC,PK_CONCENTRATION,TOTAL_ANTIBODY|CONJUGATED_ADC|UNCONJUGATED_PAYLOAD,REPAIR,,F24
738191558a0a,AIC-PK,ID-DEFINED,TIME-DEFINED,DOSE-DEFINED,ADDL-ACTUAL-CONFLICT,BIOANALYTICAL-FINAL,COVARIATE-BASELINE-ONLY,SUBJECT-LEVEL-COVARIATE,MULTI-CMT-DEFINED,REANALYSIS-NONE,STRUCTURED,ADC,PK_CONCENTRATION,,QUARANTINE,Q16,F24
6bf0fcff98d2,AIC-PK,ID-DEFINED,TIME-DEFINED,DOSE-DEFINED,ADDL-ACTUAL-CONFLICT,BIOANALYTICAL-FINAL,COVARIATE-BASELINE-ONLY,SUBJECT-LEVEL-COVARIATE,MULTI-CMT-DEFINED,REANALYSIS-NONE,SEMI-STRUCTURED-LEGACY-FLAG,ADC,PK_CONCENTRATION,TOTAL_ANTIBODY|CONJUGATED_ADC|UNCONJUGATED_PAYLOAD,QUARANTINE,Q15B,F24
38603854c714,AIC-PK,ID-DEFINED,TIME-DEFINED,DOSE-DEFINED,ADDL-ACTUAL-CONFLICT,BIOANALYTICAL-FINAL,COVARIATE-BASELINE-ONLY,SUBJECT-LEVEL-COVARIATE,MULTI-CMT-DEFINED,REANALYSIS-NONE,SEMI-STRUCTURED-LEGACY-FLAG,ADC,PK_CONCENTRATION,,QUARANTINE,Q16,F24
3a3c855fa37a,AIC-PK,ID-DEFINED,TIME-DEFINED,DOSE-DEFINED,ADDL-ACTUAL-CONFLICT,BIOANALYTICAL-FINAL,COVARIATE-BASELINE-ONLY,SUBJECT-LEVEL-COVARIATE,DDI-VICTIM-PERPETRATOR,REANALYSIS-NONE,STRUCTURED,ADC,PK_CONCENTRATION,TOTAL_ANTIBODY|CONJUGATED_ADC|UNCONJUGATED_PAYLOAD,REPAIR,,F22
a6faa5da5bca,AIC-PK,ID-DEFINED,TIME-DEFINED,DOSE-DEFINED,ADDL-ACTUAL-CONFLICT,BIOANALYTICAL-FINAL,COVARIATE-BASELINE-ONLY,SUBJECT-LEVEL-COVARIATE,DDI-VICTIM-PERPETRATOR,REANALYSIS-NONE,STRUCTURED,ADC,PK_CONCENTRATION,,QUARANTINE,Q16,F22
e3cfd3b35940,AIC-PK,ID-DEFINED,TIME-DEFINED,DOSE-DEFINED,ADDL-ACTUAL-CONFLICT,BIOANALYTICAL-FINAL,COVARIATE-BASELINE-ONLY,SUBJECT-LEVEL-COVARIATE,DDI-VICTIM-PERPETRATOR,REANALYSIS-NONE,SEMI-STRUCTURED-LEGACY-FLAG,ADC,PK_CONCENTRATION,TOTAL_ANTIBODY|CONJUGATED_ADC|UNCONJUGATED_PAYLOAD,QUARANTINE,Q15B,F22
134590cc1f48,AIC-PK,ID-DEFINED,TIME-DEFINED,DOSE-DEFINED,ADDL-ACTUAL-CONFLICT,BIOANALYTICAL-FINAL,COVARIATE-BASELINE-ONLY,SUBJECT-LEVEL-COVARIATE,DDI-VICTIM-PERPETRATOR,REANALYSIS-NONE,SEMI-STRUCTURED-LEGACY-FLAG,ADC,PK_CONCENTRATION,,QUARANTINE,Q16,F22
7f70eb75b8ee,AIC-PK,ID-DEFINED,TIME-DEFINED,DOSE-DEFINED,ADDL-ACTUAL-CONFLICT,BLQ-DEFINED-POLICY,COVARIATE-BASELINE-ONLY,SUBJECT-LEVEL-COVARIATE,SINGLE-ANALYTE,REANALYSIS-NONE,STRUCTURED,ADC,PK_CONCENTRATION,,REPAIR,,F01
c77fdaceda60,AIC-PK,ID-DEFINED,TIME-DEFINED,DOSE-DEFINED,ADDL-ACTUAL-CONFLICT,BLQ-DEFINED-POLICY,COVARIATE-BASELINE-ONLY,SUBJECT-LEVEL-COVARIATE,SINGLE-ANALYTE,REANALYSIS-NONE,SEMI-STRUCTURED-LEGACY-FLAG,ADC,PK_CONCENTRATION,,QUARANTINE,Q15B,F01
b7119647d16f,AIC-PK,ID-DEFINED,TIME-DEFINED,DOSE-DEFINED,ADDL-ACTUAL-CONFLICT,BLQ-DEFINED-POLICY,COVARIATE-BASELINE-ONLY,SUBJECT-LEVEL-COVARIATE,MULTI-CMT-DEFINED,REANALYSIS-NONE,STRUCTURED,ADC,PK_CONCENTRATION,TOTAL_ANTIBODY|CONJUGATED_ADC|UNCONJUGATED_PAYLOAD,REPAIR,,F24
7439610e4171,AIC-PK,ID-DEFINED,TIME-DEFINED,DOSE-DEFINED,ADDL-ACTUAL-CONFLICT,BLQ-DEFINED-POLICY,COVARIATE-BASELINE-ONLY,SUBJECT-LEVEL-COVARIATE,MULTI-CMT-DEFINED,REANALYSIS-NONE,STRUCTURED,ADC,PK_CONCENTRATION,,QUARANTINE,Q16,F24
8a936d0d9a61,AIC-PK,ID-DEFINED,TIME-DEFINED,DOSE-DEFINED,ADDL-ACTUAL-CONFLICT,BLQ-DEFINED-POLICY,COVARIATE-BASELINE-ONLY,SUBJECT-LEVEL-COVARIATE,MULTI-CMT-DEFINED,REANALYSIS-NONE,SEMI-STRUCTURED-LEGACY-FLAG,ADC,PK_CONCENTRATION,TOTAL_ANTIBODY|CONJUGATED_ADC|UNCONJUGATED_PAYLOAD,QUARANTINE,Q15B,F24
b050c6dc1c4b,AIC-PK,ID-DEFINED,TIME-DEFINED,DOSE-DEFINED,ADDL-ACTUAL-CONFLICT,BLQ-DEFINED-POLICY,COVARIATE-BASELINE-ONLY,SUBJECT-LEVEL-COVARIATE,MULTI-CMT-DEFINED,REANALYSIS-NONE,SEMI-STRUCTURED-LEGACY-FLAG,ADC,PK_CONCENTRATION,,QUARANTINE,Q16,F24
512659819466,AIC-PK,ID-DEFINED,TIME-DEFINED,DOSE-DEFINED,ADDL-ACTUAL-CONFLICT,BLQ-DEFINED-POLICY,COVARIATE-BASELINE-ONLY,SUBJECT-LEVEL-COVARIATE,DDI-VICTIM-PERPETRATOR,REANALYSIS-NONE,STRUCTURED,ADC,PK_CONCENTRATION,TOTAL_ANTIBODY|CONJUGATED_ADC|UNCONJUGATED_PAYLOAD,REPAIR,,F22
2be777843e92,AIC-PK,ID-DEFINED,TIME-DEFINED,DOSE-DEFINED,ADDL-ACTUAL-CONFLICT,BLQ-DEFINED-POLICY,COVARIATE-BASELINE-ONLY,SUBJECT-LEVEL-COVARIATE,DDI-VICTIM-PERPETRATOR,REANALYSIS-NONE,STRUCTURED,ADC,PK_CONCENTRATION,,QUARANTINE,Q16,F22
8bc7a57ea736,AIC-PK,ID-DEFINED,TIME-DEFINED,DOSE-DEFINED,ADDL-ACTUAL-CONFLICT,BLQ-DEFINED-POLICY,COVARIATE-BASELINE-ONLY,SUBJECT-LEVEL-COVARIATE,DDI-VICTIM-PERPETRATOR,REANALYSIS-NONE,SEMI-STRUCTURED-LEGACY-FLAG,ADC,PK_CONCENTRATION,TOTAL_ANTIBODY|CONJUGATED_ADC|UNCONJUGATED_PAYLOAD,QUARANTINE,Q15B,F22
7d01bdd5c5a0,AIC-PK,ID-DEFINED,TIME-DEFINED,DOSE-DEFINED,ADDL-ACTUAL-CONFLICT,BLQ-DEFINED-POLICY,COVARIATE-BASELINE-ONLY,SUBJECT-LEVEL-COVARIATE,DDI-VICTIM-PERPETRATOR,REANALYSIS-NONE,SEMI-STRUCTURED-LEGACY-FLAG,ADC,PK_CONCENTRATION,,QUARANTINE,Q16,F22
a647d68bc575,AIC-PK,ID-DEFINED,TIME-DEFINED,DOSE-DEFINED,ADDL-ACTUAL-CONFLICT,BIOANALYTICAL-FINAL-FLAG-MISSING,COVARIATE-BASELINE-ONLY,SUBJECT-LEVEL-COVARIATE,SINGLE-ANALYTE,REANALYSIS-NONE,STRUCTURED,ADC,PK_CONCENTRATION,,QUARANTINE,Q15A,F01
44af81f67d7b,AIC-PK,ID-DEFINED,TIME-DEFINED,DOSE-DEFINED,ADDL-ACTUAL-CONFLICT,BIOANALYTICAL-FINAL-FLAG-MISSING,COVARIATE-BASELINE-ONLY,SUBJECT-LEVEL-COVARIATE,SINGLE-ANALYTE,REANALYSIS-NONE,SEMI-STRUCTURED-LEGACY-FLAG,ADC,PK_CONCENTRATION,,QUARANTINE,Q15A,F01
caaed19a38e2,AIC-PK,ID-DEFINED,TIME-DEFINED,DOSE-DEFINED,ADDL-ACTUAL-CONFLICT,BIOANALYTICAL-FINAL-FLAG-MISSING,COVARIATE-BASELINE-ONLY,SUBJECT-LEVEL-COVARIATE,MULTI-CMT-DEFINED,REANALYSIS-NONE,STRUCTURED,ADC,PK_CONCENTRATION,TOTAL_ANTIBODY|CONJUGATED_ADC|UNCONJUGATED_PAYLOAD,QUARANTINE,Q15A,F24
44ac8a94eea7,AIC-PK,ID-DEFINED,TIME-DEFINED,DOSE-DEFINED,ADDL-ACTUAL-CONFLICT,BIOANALYTICAL-FINAL-FLAG-MISSING,COVARIATE-BASELINE-ONLY,SUBJECT-LEVEL-COVARIATE,MULTI-CMT-DEFINED,REANALYSIS-NONE,STRUCTURED,ADC,PK_CONCENTRATION,,QUARANTINE,Q15A,F24
447e1b9747a2,AIC-PK,ID-DEFINED,TIME-DEFINED,DOSE-DEFINED,ADDL-ACTUAL-CONFLICT,BIOANALYTICAL-FINAL-FLAG-MISSING,COVARIATE-BASELINE-ONLY,SUBJECT-LEVEL-COVARIATE,MULTI-CMT-DEFINED,REANALYSIS-NONE,SEMI-STRUCTURED-LEGACY-FLAG,ADC,PK_CONCENTRATION,TOTAL_ANTIBODY|CONJUGATED_ADC|UNCONJUGATED_PAYLOAD,QUARANTINE,Q15A,F24
60949c030f1e,AIC-PK,ID-DEFINED,TIME-DEFINED,DOSE-DEFINED,ADDL-ACTUAL-CONFLICT,BIOANALYTICAL-FINAL-FLAG-MISSING,COVARIATE-BASELINE-ONLY,SUBJECT-LEVEL-COVARIATE,MULTI-CMT-DEFINED,REANALYSIS-NONE,SEMI-STRUCTURED-LEGACY-FLAG,ADC,PK_CONCENTRATION,,QUARANTINE,Q15A,F24
9ce56730b506,AIC-PK,ID-DEFINED,TIME-DEFINED,DOSE-DEFINED,ADDL-ACTUAL-CONFLICT,BIOANALYTICAL-FINAL-FLAG-MISSING,COVARIATE-BASELINE-ONLY,SUBJECT-LEVEL-COVARIATE,DDI-VICTIM-PERPETRATOR,REANALYSIS-NONE,STRUCTURED,ADC,PK_CONCENTRATION,TOTAL_ANTIBODY|CONJUGATED_ADC|UNCONJUGATED_PAYLOAD,QUARANTINE,Q15A,F22
e41690a65ae2,AIC-PK,ID-DEFINED,TIME-DEFINED,DOSE-DEFINED,ADDL-ACTUAL-CONFLICT,BIOANALYTICAL-FINAL-FLAG-MISSING,COVARIATE-BASELINE-ONLY,SUBJECT-LEVEL-COVARIATE,DDI-VICTIM-PERPETRATOR,REANALYSIS-NONE,STRUCTURED,ADC,PK_CONCENTRATION,,QUARANTINE,Q15A,F22
d0251393d02b,AIC-PK,ID-DEFINED,TIME-DEFINED,DOSE-DEFINED,ADDL-ACTUAL-CONFLICT,BIOANALYTICAL-FINAL-FLAG-MISSING,COVARIATE-BASELINE-ONLY,SUBJECT-LEVEL-COVARIATE,DDI-VICTIM-PERPETRATOR,REANALYSIS-NONE,SEMI-STRUCTURED-LEGACY-FLAG,ADC,PK_CONCENTRATION,TOTAL_ANTIBODY|CONJUGATED_ADC|UNCONJUGATED_PAYLOAD,QUARANTINE,Q15A,F22
34791f7c8e2e,AIC-PK,ID-DEFINED,TIME-DEFINED,DOSE-DEFINED,ADDL-ACTUAL-CONFLICT,BIOANALYTICAL-FINAL-FLAG-MISSING,COVARIATE-BASELINE-ONLY,SUBJECT-LEVEL-COVARIATE,DDI-VICTIM-PERPETRATOR,REANALYSIS-NONE,SEMI-STRUCTURED-LEGACY-FLAG,ADC,PK_CONCENTRATION,,QUARANTINE,Q15A,F22
84dc0bfad0ae,AIC-PK,ID-DEFINED,TIME-DEFINED,DOSE-DEFINED,REGIMEN-FIXED,BIOANALYTICAL-FINAL,COVARIATE-BASELINE-ONLY,SUBJECT-LEVEL-COVARIATE,SINGLE-ANALYTE,REANALYSIS-NONE,STRUCTURED,BISPECIFIC,PK_CONCENTRATION,,AUTO,,F01
0c26d07c6db0,AIC-PK,ID-DEFINED,TIME-DEFINED,DOSE-DEFINED,REGIMEN-FIXED,BIOANALYTICAL-FINAL,COVARIATE-BASELINE-ONLY,SUBJECT-LEVEL-COVARIATE,SINGLE-ANALYTE,REANALYSIS-NONE,SEMI-STRUCTURED-LEGACY-FLAG,BISPECIFIC,PK_CONCENTRATION,,QUARANTINE,Q15B,F01
bc3e954ba385,AIC-PK,ID-DEFINED,TIME-DEFINED,DOSE-DEFINED,REGIMEN-FIXED,BIOANALYTICAL-FINAL,COVARIATE-BASELINE-ONLY,SUBJECT-LEVEL-COVARIATE,MULTI-CMT-DEFINED,REANALYSIS-NONE,STRUCTURED,BISPECIFIC,PK_CONCENTRATION,PARENT|SOLUBLE_TARGET|DRUG_TARGET_COMPLEX,REPAIR,,F25
18991520b561,AIC-PK,ID-DEFINED,TIME-DEFINED,DOSE-DEFINED,REGIMEN-FIXED,BIOANALYTICAL-FINAL,COVARIATE-BASELINE-ONLY,SUBJECT-LEVEL-COVARIATE,MULTI-CMT-DEFINED,REANALYSIS-NONE,STRUCTURED,BISPECIFIC,PK_CONCENTRATION,,QUARANTINE,Q16,F25
93dd0af7cedd,AIC-PK,ID-DEFINED,TIME-DEFINED,DOSE-DEFINED,REGIMEN-FIXED,BIOANALYTICAL-FINAL,COVARIATE-BASELINE-ONLY,SUBJECT-LEVEL-COVARIATE,MULTI-CMT-DEFINED,REANALYSIS-NONE,SEMI-STRUCTURED-LEGACY-FLAG,BISPECIFIC,PK_CONCENTRATION,PARENT|SOLUBLE_TARGET|DRUG_TARGET_COMPLEX,QUARANTINE,Q15B,F25
3eb85101fdf7,AIC-PK,ID-DEFINED,TIME-DEFINED,DOSE-DEFINED,REGIMEN-FIXED,BIOANALYTICAL-FINAL,COVARIATE-BASELINE-ONLY,SUBJECT-LEVEL-COVARIATE,MULTI-CMT-DEFINED,REANALYSIS-NONE,SEMI-STRUCTURED-LEGACY-FLAG,BISPECIFIC,PK_CONCENTRATION,,QUARANTINE,Q16,F25
4a25add00f81,AIC-PK,ID-DEFINED,TIME-DEFINED,DOSE-DEFINED,REGIMEN-FIXED,BIOANALYTICAL-FINAL,COVARIATE-BASELINE-ONLY,SUBJECT-LEVEL-COVARIATE,DDI-VICTIM-PERPETRATOR,REANALYSIS-NONE,STRUCTURED,BISPECIFIC,PK_CONCENTRATION,PARENT|SOLUBLE_TARGET|DRUG_TARGET_COMPLEX,REPAIR,,F22
4f3efddd7cd1,AIC-PK,ID-DEFINED,TIME-DEFINED,DOSE-DEFINED,REGIMEN-FIXED,BIOANALYTICAL-FINAL,COVARIATE-BASELINE-ONLY,SUBJECT-LEVEL-COVARIATE,DDI-VICTIM-PERPETRATOR,REANALYSIS-NONE,STRUCTURED,BISPECIFIC,PK_CONCENTRATION,,QUARANTINE,Q16,F22
32310b34a009,AIC-PK,ID-DEFINED,TIME-DEFINED,DOSE-DEFINED,REGIMEN-FIXED,BIOANALYTICAL-FINAL,COVARIATE-BASELINE-ONLY,SUBJECT-LEVEL-COVARIATE,DDI-VICTIM-PERPETRATOR,REANALYSIS-NONE,SEMI-STRUCTURED-LEGACY-FLAG,BISPECIFIC,PK_CONCENTRATION,PARENT|SOLUBLE_TARGET|DRUG_TARGET_COMPLEX,QUARANTINE,Q15B,F22
f6c2d630ffe5,AIC-PK,ID-DEFINED,TIME-DEFINED,DOSE-DEFINED,REGIMEN-FIXED,BIOANALYTICAL-FINAL,COVARIATE-BASELINE-ONLY,SUBJECT-LEVEL-COVARIATE,DDI-VICTIM-PERPETRATOR,REANALYSIS-NONE,SEMI-STRUCTURED-LEGACY-FLAG,BISPECIFIC,PK_CONCENTRATION,,QUARANTINE,Q16,F22
e6688edd690f,AIC-PK,ID-DEFINED,TIME-DEFINED,DOSE-DEFINED,REGIMEN-FIXED,BLQ-DEFINED-POLICY,COVARIATE-BASELINE-ONLY,SUBJECT-LEVEL-COVARIATE,SINGLE-ANALYTE,REANALYSIS-NONE,STRUCTURED,BISPECIFIC,PK_CONCENTRATION,,REPAIR,,F01
d77bea60c680,AIC-PK,ID-DEFINED,TIME-DEFINED,DOSE-DEFINED,REGIMEN-FIXED,BLQ-DEFINED-POLICY,COVARIATE-BASELINE-ONLY,SUBJECT-LEVEL-COVARIATE,SINGLE-ANALYTE,REANALYSIS-NONE,SEMI-STRUCTURED-LEGACY-FLAG,BISPECIFIC,PK_CONCENTRATION,,QUARANTINE,Q15B,F01
d16d99d6d48c,AIC-PK,ID-DEFINED,TIME-DEFINED,DOSE-DEFINED,REGIMEN-FIXED,BLQ-DEFINED-POLICY,COVARIATE-BASELINE-ONLY,SUBJECT-LEVEL-COVARIATE,MULTI-CMT-DEFINED,REANALYSIS-NONE,STRUCTURED,BISPECIFIC,PK_CONCENTRATION,PARENT|SOLUBLE_TARGET|DRUG_TARGET_COMPLEX,REPAIR,,F25
f452b4197db6,AIC-PK,ID-DEFINED,TIME-DEFINED,DOSE-DEFINED,REGIMEN-FIXED,BLQ-DEFINED-POLICY,COVARIATE-BASELINE-ONLY,SUBJECT-LEVEL-COVARIATE,MULTI-CMT-DEFINED,REANALYSIS-NONE,STRUCTURED,BISPECIFIC,PK_CONCENTRATION,,QUARANTINE,Q16,F25
159c1dfc38ee,AIC-PK,ID-DEFINED,TIME-DEFINED,DOSE-DEFINED,REGIMEN-FIXED,BLQ-DEFINED-POLICY,COVARIATE-BASELINE-ONLY,SUBJECT-LEVEL-COVARIATE,MULTI-CMT-DEFINED,REANALYSIS-NONE,SEMI-STRUCTURED-LEGACY-FLAG,BISPECIFIC,PK_CONCENTRATION,PARENT|SOLUBLE_TARGET|DRUG_TARGET_COMPLEX,QUARANTINE,Q15B,F25
2383d357ff7f,AIC-PK,ID-DEFINED,TIME-DEFINED,DOSE-DEFINED,REGIMEN-FIXED,BLQ-DEFINED-POLICY,COVARIATE-BASELINE-ONLY,SUBJECT-LEVEL-COVARIATE,MULTI-CMT-DEFINED,REANALYSIS-NONE,SEMI-STRUCTURED-LEGACY-FLAG,BISPECIFIC,PK_CONCENTRATION,,QUARANTINE,Q16,F25
015bf001e289,AIC-PK,ID-DEFINED,TIME-DEFINED,DOSE-DEFINED,REGIMEN-FIXED,BLQ-DEFINED-POLICY,COVARIATE-BASELINE-ONLY,SUBJECT-LEVEL-COVARIATE,DDI-VICTIM-PERPETRATOR,REANALYSIS-NONE,STRUCTURED,BISPECIFIC,PK_CONCENTRATION,PARENT|SOLUBLE_TARGET|DRUG_TARGET_COMPLEX,REPAIR,,F22
d4038d302153,AIC-PK,ID-DEFINED,TIME-DEFINED,DOSE-DEFINED,REGIMEN-FIXED,BLQ-DEFINED-POLICY,COVARIATE-BASELINE-ONLY,SUBJECT-LEVEL-COVARIATE,DDI-VICTIM-PERPETRATOR,REANALYSIS-NONE,STRUCTURED,BISPECIFIC,PK_CONCENTRATION,,QUARANTINE,Q16,F22
337ceed0a0e8,AIC-PK,ID-DEFINED,TIME-DEFINED,DOSE-DEFINED,REGIMEN-FIXED,BLQ-DEFINED-POLICY,COVARIATE-BASELINE-ONLY,SUBJECT-LEVEL-COVARIATE,DDI-VICTIM-PERPETRATOR,REANALYSIS-NONE,SEMI-STRUCTURED-LEGACY-FLAG,BISPECIFIC,PK_CONCENTRATION,PARENT|SOLUBLE_TARGET|DRUG_TARGET_COMPLEX,QUARANTINE,Q15B,F22
e1f15bd3d8dc,AIC-PK,ID-DEFINED,TIME-DEFINED,DOSE-DEFINED,REGIMEN-FIXED,BLQ-DEFINED-POLICY,COVARIATE-BASELINE-ONLY,SUBJECT-LEVEL-COVARIATE,DDI-VICTIM-PERPETRATOR,REANALYSIS-NONE,SEMI-STRUCTURED-LEGACY-FLAG,BISPECIFIC,PK_CONCENTRATION,,QUARANTINE,Q16,F22
3ce560e3ad64,AIC-PK,ID-DEFINED,TIME-DEFINED,DOSE-DEFINED,REGIMEN-FIXED,BIOANALYTICAL-FINAL-FLAG-MISSING,COVARIATE-BASELINE-ONLY,SUBJECT-LEVEL-COVARIATE,SINGLE-ANALYTE,REANALYSIS-NONE,STRUCTURED,BISPECIFIC,PK_CONCENTRATION,,QUARANTINE,Q15A,F01
0b9f013549b6,AIC-PK,ID-DEFINED,TIME-DEFINED,DOSE-DEFINED,REGIMEN-FIXED,BIOANALYTICAL-FINAL-FLAG-MISSING,COVARIATE-BASELINE-ONLY,SUBJECT-LEVEL-COVARIATE,SINGLE-ANALYTE,REANALYSIS-NONE,SEMI-STRUCTURED-LEGACY-FLAG,BISPECIFIC,PK_CONCENTRATION,,QUARANTINE,Q15A,F01
d9a27d72f6a8,AIC-PK,ID-DEFINED,TIME-DEFINED,DOSE-DEFINED,REGIMEN-FIXED,BIOANALYTICAL-FINAL-FLAG-MISSING,COVARIATE-BASELINE-ONLY,SUBJECT-LEVEL-COVARIATE,MULTI-CMT-DEFINED,REANALYSIS-NONE,STRUCTURED,BISPECIFIC,PK_CONCENTRATION,PARENT|SOLUBLE_TARGET|DRUG_TARGET_COMPLEX,QUARANTINE,Q15A,F25
8a3b5e1d01cf,AIC-PK,ID-DEFINED,TIME-DEFINED,DOSE-DEFINED,REGIMEN-FIXED,BIOANALYTICAL-FINAL-FLAG-MISSING,COVARIATE-BASELINE-ONLY,SUBJECT-LEVEL-COVARIATE,MULTI-CMT-DEFINED,REANALYSIS-NONE,STRUCTURED,BISPECIFIC,PK_CONCENTRATION,,QUARANTINE,Q15A,F25
1bebca43f3c7,AIC-PK,ID-DEFINED,TIME-DEFINED,DOSE-DEFINED,REGIMEN-FIXED,BIOANALYTICAL-FINAL-FLAG-MISSING,COVARIATE-BASELINE-ONLY,SUBJECT-LEVEL-COVARIATE,MULTI-CMT-DEFINED,REANALYSIS-NONE,SEMI-STRUCTURED-LEGACY-FLAG,BISPECIFIC,PK_CONCENTRATION,PARENT|SOLUBLE_TARGET|DRUG_TARGET_COMPLEX,QUARANTINE,Q15A,F25
337567d72316,AIC-PK,ID-DEFINED,TIME-DEFINED,DOSE-DEFINED,REGIMEN-FIXED,BIOANALYTICAL-FINAL-FLAG-MISSING,COVARIATE-BASELINE-ONLY,SUBJECT-LEVEL-COVARIATE,MULTI-CMT-DEFINED,REANALYSIS-NONE,SEMI-STRUCTURED-LEGACY-FLAG,BISPECIFIC,PK_CONCENTRATION,,QUARANTINE,Q15A,F25
d1a166b95a3c,AIC-PK,ID-DEFINED,TIME-DEFINED,DOSE-DEFINED,REGIMEN-FIXED,BIOANALYTICAL-FINAL-FLAG-MISSING,COVARIATE-BASELINE-ONLY,SUBJECT-LEVEL-COVARIATE,DDI-VICTIM-PERPETRATOR,REANALYSIS-NONE,STRUCTURED,BISPECIFIC,PK_CONCENTRATION,PARENT|SOLUBLE_TARGET|DRUG_TARGET_COMPLEX,QUARANTINE,Q15A,F22
871c317f63b5,AIC-PK,ID-DEFINED,TIME-DEFINED,DOSE-DEFINED,REGIMEN-FIXED,BIOANALYTICAL-FINAL-FLAG-MISSING,COVARIATE-BASELINE-ONLY,SUBJECT-LEVEL-COVARIATE,DDI-VICTIM-PERPETRATOR,REANALYSIS-NONE,STRUCTURED,BISPECIFIC,PK_CONCENTRATION,,QUARANTINE,Q15A,F22
0e261193b49a,AIC-PK,ID-DEFINED,TIME-DEFINED,DOSE-DEFINED,REGIMEN-FIXED,BIOANALYTICAL-FINAL-FLAG-MISSING,COVARIATE-BASELINE-ONLY,SUBJECT-LEVEL-COVARIATE,DDI-VICTIM-PERPETRATOR,REANALYSIS-NONE,SEMI-STRUCTURED-LEGACY-FLAG,BISPECIFIC,PK_CONCENTRATION,PARENT|SOLUBLE_TARGET|DRUG_TARGET_COMPLEX,QUARANTINE,Q15A,F22
661871aca086,AIC-PK,ID-DEFINED,TIME-DEFINED,DOSE-DEFINED,REGIMEN-FIXED,BIOANALYTICAL-FINAL-FLAG-MISSING,COVARIATE-BASELINE-ONLY,SUBJECT-LEVEL-COVARIATE,DDI-VICTIM-PERPETRATOR,REANALYSIS-NONE,SEMI-STRUCTURED-LEGACY-FLAG,BISPECIFIC,PK_CONCENTRATION,,QUARANTINE,Q15A,F22
3649aeeb31c9,AIC-PK,ID-DEFINED,TIME-DEFINED,DOSE-DEFINED,ADDL-ACTUAL-CONFLICT,BIOANALYTICAL-FINAL,COVARIATE-BASELINE-ONLY,SUBJECT-LEVEL-COVARIATE,SINGLE-ANALYTE,REANALYSIS-NONE,STRUCTURED,BISPECIFIC,PK_CONCENTRATION,,AUTO,,F01
af9a2efa8f53,AIC-PK,ID-DEFINED,TIME-DEFINED,DOSE-DEFINED,ADDL-ACTUAL-CONFLICT,BIOANALYTICAL-FINAL,COVARIATE-BASELINE-ONLY,SUBJECT-LEVEL-COVARIATE,SINGLE-ANALYTE,REANALYSIS-NONE,SEMI-STRUCTURED-LEGACY-FLAG,BISPECIFIC,PK_CONCENTRATION,,QUARANTINE,Q15B,F01
01e7bd849ad8,AIC-PK,ID-DEFINED,TIME-DEFINED,DOSE-DEFINED,ADDL-ACTUAL-CONFLICT,BIOANALYTICAL-FINAL,COVARIATE-BASELINE-ONLY,SUBJECT-LEVEL-COVARIATE,MULTI-CMT-DEFINED,REANALYSIS-NONE,STRUCTURED,BISPECIFIC,PK_CONCENTRATION,PARENT|SOLUBLE_TARGET|DRUG_TARGET_COMPLEX,REPAIR,,F25
636533b390d5,AIC-PK,ID-DEFINED,TIME-DEFINED,DOSE-DEFINED,ADDL-ACTUAL-CONFLICT,BIOANALYTICAL-FINAL,COVARIATE-BASELINE-ONLY,SUBJECT-LEVEL-COVARIATE,MULTI-CMT-DEFINED,REANALYSIS-NONE,STRUCTURED,BISPECIFIC,PK_CONCENTRATION,,QUARANTINE,Q16,F25
a62fa8159c51,AIC-PK,ID-DEFINED,TIME-DEFINED,DOSE-DEFINED,ADDL-ACTUAL-CONFLICT,BIOANALYTICAL-FINAL,COVARIATE-BASELINE-ONLY,SUBJECT-LEVEL-COVARIATE,MULTI-CMT-DEFINED,REANALYSIS-NONE,SEMI-STRUCTURED-LEGACY-FLAG,BISPECIFIC,PK_CONCENTRATION,PARENT|SOLUBLE_TARGET|DRUG_TARGET_COMPLEX,QUARANTINE,Q15B,F25
405776760eb9,AIC-PK,ID-DEFINED,TIME-DEFINED,DOSE-DEFINED,ADDL-ACTUAL-CONFLICT,BIOANALYTICAL-FINAL,COVARIATE-BASELINE-ONLY,SUBJECT-LEVEL-COVARIATE,MULTI-CMT-DEFINED,REANALYSIS-NONE,SEMI-STRUCTURED-LEGACY-FLAG,BISPECIFIC,PK_CONCENTRATION,,QUARANTINE,Q16,F25
2191f7bfdfc3,AIC-PK,ID-DEFINED,TIME-DEFINED,DOSE-DEFINED,ADDL-ACTUAL-CONFLICT,BIOANALYTICAL-FINAL,COVARIATE-BASELINE-ONLY,SUBJECT-LEVEL-COVARIATE,DDI-VICTIM-PERPETRATOR,REANALYSIS-NONE,STRUCTURED,BISPECIFIC,PK_CONCENTRATION,PARENT|SOLUBLE_TARGET|DRUG_TARGET_COMPLEX,REPAIR,,F22
6835fe6e3469,AIC-PK,ID-DEFINED,TIME-DEFINED,DOSE-DEFINED,ADDL-ACTUAL-CONFLICT,BIOANALYTICAL-FINAL,COVARIATE-BASELINE-ONLY,SUBJECT-LEVEL-COVARIATE,DDI-VICTIM-PERPETRATOR,REANALYSIS-NONE,STRUCTURED,BISPECIFIC,PK_CONCENTRATION,,QUARANTINE,Q16,F22
0976275b8c97,AIC-PK,ID-DEFINED,TIME-DEFINED,DOSE-DEFINED,ADDL-ACTUAL-CONFLICT,BIOANALYTICAL-FINAL,COVARIATE-BASELINE-ONLY,SUBJECT-LEVEL-COVARIATE,DDI-VICTIM-PERPETRATOR,REANALYSIS-NONE,SEMI-STRUCTURED-LEGACY-FLAG,BISPECIFIC,PK_CONCENTRATION,PARENT|SOLUBLE_TARGET|DRUG_TARGET_COMPLEX,QUARANTINE,Q15B,F22
92fb5ee79430,AIC-PK,ID-DEFINED,TIME-DEFINED,DOSE-DEFINED,ADDL-ACTUAL-CONFLICT,BIOANALYTICAL-FINAL,COVARIATE-BASELINE-ONLY,SUBJECT-LEVEL-COVARIATE,DDI-VICTIM-PERPETRATOR,REANALYSIS-NONE,SEMI-STRUCTURED-LEGACY-FLAG,BISPECIFIC,PK_CONCENTRATION,,QUARANTINE,Q16,F22
f3caa511112e,AIC-PK,ID-DEFINED,TIME-DEFINED,DOSE-DEFINED,ADDL-ACTUAL-CONFLICT,BLQ-DEFINED-POLICY,COVARIATE-BASELINE-ONLY,SUBJECT-LEVEL-COVARIATE,SINGLE-ANALYTE,REANALYSIS-NONE,STRUCTURED,BISPECIFIC,PK_CONCENTRATION,,REPAIR,,F01
d66f0ce572d3,AIC-PK,ID-DEFINED,TIME-DEFINED,DOSE-DEFINED,ADDL-ACTUAL-CONFLICT,BLQ-DEFINED-POLICY,COVARIATE-BASELINE-ONLY,SUBJECT-LEVEL-COVARIATE,SINGLE-ANALYTE,REANALYSIS-NONE,SEMI-STRUCTURED-LEGACY-FLAG,BISPECIFIC,PK_CONCENTRATION,,QUARANTINE,Q15B,F01
af23ef95cf7c,AIC-PK,ID-DEFINED,TIME-DEFINED,DOSE-DEFINED,ADDL-ACTUAL-CONFLICT,BLQ-DEFINED-POLICY,COVARIATE-BASELINE-ONLY,SUBJECT-LEVEL-COVARIATE,MULTI-CMT-DEFINED,REANALYSIS-NONE,STRUCTURED,BISPECIFIC,PK_CONCENTRATION,PARENT|SOLUBLE_TARGET|DRUG_TARGET_COMPLEX,REPAIR,,F25
d5c2f20560e7,AIC-PK,ID-DEFINED,TIME-DEFINED,DOSE-DEFINED,ADDL-ACTUAL-CONFLICT,BLQ-DEFINED-POLICY,COVARIATE-BASELINE-ONLY,SUBJECT-LEVEL-COVARIATE,MULTI-CMT-DEFINED,REANALYSIS-NONE,STRUCTURED,BISPECIFIC,PK_CONCENTRATION,,QUARANTINE,Q16,F25
a09d47f79d04,AIC-PK,ID-DEFINED,TIME-DEFINED,DOSE-DEFINED,ADDL-ACTUAL-CONFLICT,BLQ-DEFINED-POLICY,COVARIATE-BASELINE-ONLY,SUBJECT-LEVEL-COVARIATE,MULTI-CMT-DEFINED,REANALYSIS-NONE,SEMI-STRUCTURED-LEGACY-FLAG,BISPECIFIC,PK_CONCENTRATION,PARENT|SOLUBLE_TARGET|DRUG_TARGET_COMPLEX,QUARANTINE,Q15B,F25
96661e948ab1,AIC-PK,ID-DEFINED,TIME-DEFINED,DOSE-DEFINED,ADDL-ACTUAL-CONFLICT,BLQ-DEFINED-POLICY,COVARIATE-BASELINE-ONLY,SUBJECT-LEVEL-COVARIATE,MULTI-CMT-DEFINED,REANALYSIS-NONE,SEMI-STRUCTURED-LEGACY-FLAG,BISPECIFIC,PK_CONCENTRATION,,QUARANTINE,Q16,F25
434ebee60156,AIC-PK,ID-DEFINED,TIME-DEFINED,DOSE-DEFINED,ADDL-ACTUAL-CONFLICT,BLQ-DEFINED-POLICY,COVARIATE-BASELINE-ONLY,SUBJECT-LEVEL-COVARIATE,DDI-VICTIM-PERPETRATOR,REANALYSIS-NONE,STRUCTURED,BISPECIFIC,PK_CONCENTRATION,PARENT|SOLUBLE_TARGET|DRUG_TARGET_COMPLEX,REPAIR,,F22
5de4c3f163cc,AIC-PK,ID-DEFINED,TIME-DEFINED,DOSE-DEFINED,ADDL-ACTUAL-CONFLICT,BLQ-DEFINED-POLICY,COVARIATE-BASELINE-ONLY,SUBJECT-LEVEL-COVARIATE,DDI-VICTIM-PERPETRATOR,REANALYSIS-NONE,STRUCTURED,BISPECIFIC,PK_CONCENTRATION,,QUARANTINE,Q16,F22
6bcb4fd16ab6,AIC-PK,ID-DEFINED,TIME-DEFINED,DOSE-DEFINED,ADDL-ACTUAL-CONFLICT,BLQ-DEFINED-POLICY,COVARIATE-BASELINE-ONLY,SUBJECT-LEVEL-COVARIATE,DDI-VICTIM-PERPETRATOR,REANALYSIS-NONE,SEMI-STRUCTURED-LEGACY-FLAG,BISPECIFIC,PK_CONCENTRATION,PARENT|SOLUBLE_TARGET|DRUG_TARGET_COMPLEX,QUARANTINE,Q15B,F22
44fd77087ee7,AIC-PK,ID-DEFINED,TIME-DEFINED,DOSE-DEFINED,ADDL-ACTUAL-CONFLICT,BLQ-DEFINED-POLICY,COVARIATE-BASELINE-ONLY,SUBJECT-LEVEL-COVARIATE,DDI-VICTIM-PERPETRATOR,REANALYSIS-NONE,SEMI-STRUCTURED-LEGACY-FLAG,BISPECIFIC,PK_CONCENTRATION,,QUARANTINE,Q16,F22
30c09510a3ad,AIC-PK,ID-DEFINED,TIME-DEFINED,DOSE-DEFINED,ADDL-ACTUAL-CONFLICT,BIOANALYTICAL-FINAL-FLAG-MISSING,COVARIATE-BASELINE-ONLY,SUBJECT-LEVEL-COVARIATE,SINGLE-ANALYTE,REANALYSIS-NONE,STRUCTURED,BISPECIFIC,PK_CONCENTRATION,,QUARANTINE,Q15A,F01
a80d531a9045,AIC-PK,ID-DEFINED,TIME-DEFINED,DOSE-DEFINED,ADDL-ACTUAL-CONFLICT,BIOANALYTICAL-FINAL-FLAG-MISSING,COVARIATE-BASELINE-ONLY,SUBJECT-LEVEL-COVARIATE,SINGLE-ANALYTE,REANALYSIS-NONE,SEMI-STRUCTURED-LEGACY-FLAG,BISPECIFIC,PK_CONCENTRATION,,QUARANTINE,Q15A,F01
8ffa895096f1,AIC-PK,ID-DEFINED,TIME-DEFINED,DOSE-DEFINED,ADDL-ACTUAL-CONFLICT,BIOANALYTICAL-FINAL-FLAG-MISSING,COVARIATE-BASELINE-ONLY,SUBJECT-LEVEL-COVARIATE,MULTI-CMT-DEFINED,REANALYSIS-NONE,STRUCTURED,BISPECIFIC,PK_CONCENTRATION,PARENT|SOLUBLE_TARGET|DRUG_TARGET_COMPLEX,QUARANTINE,Q15A,F25
42a94bfb09ee,AIC-PK,ID-DEFINED,TIME-DEFINED,DOSE-DEFINED,ADDL-ACTUAL-CONFLICT,BIOANALYTICAL-FINAL-FLAG-MISSING,COVARIATE-BASELINE-ONLY,SUBJECT-LEVEL-COVARIATE,MULTI-CMT-DEFINED,REANALYSIS-NONE,STRUCTURED,BISPECIFIC,PK_CONCENTRATION,,QUARANTINE,Q15A,F25
1c81cc3b0725,AIC-PK,ID-DEFINED,TIME-DEFINED,DOSE-DEFINED,ADDL-ACTUAL-CONFLICT,BIOANALYTICAL-FINAL-FLAG-MISSING,COVARIATE-BASELINE-ONLY,SUBJECT-LEVEL-COVARIATE,MULTI-CMT-DEFINED,REANALYSIS-NONE,SEMI-STRUCTURED-LEGACY-FLAG,BISPECIFIC,PK_CONCENTRATION,PARENT|SOLUBLE_TARGET|DRUG_TARGET_COMPLEX,QUARANTINE,Q15A,F25
6571fffa8c4a,AIC-PK,ID-DEFINED,TIME-DEFINED,DOSE-DEFINED,ADDL-ACTUAL-CONFLICT,BIOANALYTICAL-FINAL-FLAG-MISSING,COVARIATE-BASELINE-ONLY,SUBJECT-LEVEL-COVARIATE,MULTI-CMT-DEFINED,REANALYSIS-NONE,SEMI-STRUCTURED-LEGACY-FLAG,BISPECIFIC,PK_CONCENTRATION,,QUARANTINE,Q15A,F25
0fa81f8127b6,AIC-PK,ID-DEFINED,TIME-DEFINED,DOSE-DEFINED,ADDL-ACTUAL-CONFLICT,BIOANALYTICAL-FINAL-FLAG-MISSING,COVARIATE-BASELINE-ONLY,SUBJECT-LEVEL-COVARIATE,DDI-VICTIM-PERPETRATOR,REANALYSIS-NONE,STRUCTURED,BISPECIFIC,PK_CONCENTRATION,PARENT|SOLUBLE_TARGET|DRUG_TARGET_COMPLEX,QUARANTINE,Q15A,F22
cc270394e342,AIC-PK,ID-DEFINED,TIME-DEFINED,DOSE-DEFINED,ADDL-ACTUAL-CONFLICT,BIOANALYTICAL-FINAL-FLAG-MISSING,COVARIATE-BASELINE-ONLY,SUBJECT-LEVEL-COVARIATE,DDI-VICTIM-PERPETRATOR,REANALYSIS-NONE,STRUCTURED,BISPECIFIC,PK_CONCENTRATION,,QUARANTINE,Q15A,F22
33621408c075,AIC-PK,ID-DEFINED,TIME-DEFINED,DOSE-DEFINED,ADDL-ACTUAL-CONFLICT,BIOANALYTICAL-FINAL-FLAG-MISSING,COVARIATE-BASELINE-ONLY,SUBJECT-LEVEL-COVARIATE,DDI-VICTIM-PERPETRATOR,REANALYSIS-NONE,SEMI-STRUCTURED-LEGACY-FLAG,BISPECIFIC,PK_CONCENTRATION,PARENT|SOLUBLE_TARGET|DRUG_TARGET_COMPLEX,QUARANTINE,Q15A,F22
45360b590cde,AIC-PK,ID-DEFINED,TIME-DEFINED,DOSE-DEFINED,ADDL-ACTUAL-CONFLICT,BIOANALYTICAL-FINAL-FLAG-MISSING,COVARIATE-BASELINE-ONLY,SUBJECT-LEVEL-COVARIATE,DDI-VICTIM-PERPETRATOR,REANALYSIS-NONE,SEMI-STRUCTURED-LEGACY-FLAG,BISPECIFIC,PK_CONCENTRATION,,QUARANTINE,Q15A,F22
d464d5f1798e,AIC-PK,ID-DEFINED,TIME-DEFINED,DOSE-DEFINED,REGIMEN-FIXED,BIOANALYTICAL-FINAL,COVARIATE-BASELINE-ONLY,SUBJECT-LEVEL-COVARIATE,SINGLE-ANALYTE,REANALYSIS-NONE,STRUCTURED,CELL_THERAPY,PK_CONCENTRATION,,AUTO,,F01
4164957970a0,AIC-PK,ID-DEFINED,TIME-DEFINED,DOSE-DEFINED,REGIMEN-FIXED,BIOANALYTICAL-FINAL,COVARIATE-BASELINE-ONLY,SUBJECT-LEVEL-COVARIATE,SINGLE-ANALYTE,REANALYSIS-NONE,SEMI-STRUCTURED-LEGACY-FLAG,CELL_THERAPY,PK_CONCENTRATION,,QUARANTINE,Q15B,F01
2d63fc501bb3,AIC-PK,ID-DEFINED,TIME-DEFINED,DOSE-DEFINED,REGIMEN-FIXED,BIOANALYTICAL-FINAL,COVARIATE-BASELINE-ONLY,SUBJECT-LEVEL-COVARIATE,MULTI-CMT-DEFINED,REANALYSIS-NONE,STRUCTURED,CELL_THERAPY,PK_CONCENTRATION,VECTOR_COPY|CAR_POSITIVE_CELL,REPAIR,,F01
75d8b898ad1b,AIC-PK,ID-DEFINED,TIME-DEFINED,DOSE-DEFINED,REGIMEN-FIXED,BIOANALYTICAL-FINAL,COVARIATE-BASELINE-ONLY,SUBJECT-LEVEL-COVARIATE,MULTI-CMT-DEFINED,REANALYSIS-NONE,STRUCTURED,CELL_THERAPY,PK_CONCENTRATION,,QUARANTINE,Q16,F01
6315b299db46,AIC-PK,ID-DEFINED,TIME-DEFINED,DOSE-DEFINED,REGIMEN-FIXED,BIOANALYTICAL-FINAL,COVARIATE-BASELINE-ONLY,SUBJECT-LEVEL-COVARIATE,MULTI-CMT-DEFINED,REANALYSIS-NONE,SEMI-STRUCTURED-LEGACY-FLAG,CELL_THERAPY,PK_CONCENTRATION,VECTOR_COPY|CAR_POSITIVE_CELL,QUARANTINE,Q15B,F01
c1042983f38a,AIC-PK,ID-DEFINED,TIME-DEFINED,DOSE-DEFINED,REGIMEN-FIXED,BIOANALYTICAL-FINAL,COVARIATE-BASELINE-ONLY,SUBJECT-LEVEL-COVARIATE,MULTI-CMT-DEFINED,REANALYSIS-NONE,SEMI-STRUCTURED-LEGACY-FLAG,CELL_THERAPY,PK_CONCENTRATION,,QUARANTINE,Q16,F01
f0a536ceb38c,AIC-PK,ID-DEFINED,TIME-DEFINED,DOSE-DEFINED,REGIMEN-FIXED,BIOANALYTICAL-FINAL,COVARIATE-BASELINE-ONLY,SUBJECT-LEVEL-COVARIATE,DDI-VICTIM-PERPETRATOR,REANALYSIS-NONE,STRUCTURED,CELL_THERAPY,PK_CONCENTRATION,VECTOR_COPY|CAR_POSITIVE_CELL,REPAIR,,F22
bd787e88ae1d,AIC-PK,ID-DEFINED,TIME-DEFINED,DOSE-DEFINED,REGIMEN-FIXED,BIOANALYTICAL-FINAL,COVARIATE-BASELINE-ONLY,SUBJECT-LEVEL-COVARIATE,DDI-VICTIM-PERPETRATOR,REANALYSIS-NONE,STRUCTURED,CELL_THERAPY,PK_CONCENTRATION,,QUARANTINE,Q16,F22
6c85bda20ef9,AIC-PK,ID-DEFINED,TIME-DEFINED,DOSE-DEFINED,REGIMEN-FIXED,BIOANALYTICAL-FINAL,COVARIATE-BASELINE-ONLY,SUBJECT-LEVEL-COVARIATE,DDI-VICTIM-PERPETRATOR,REANALYSIS-NONE,SEMI-STRUCTURED-LEGACY-FLAG,CELL_THERAPY,PK_CONCENTRATION,VECTOR_COPY|CAR_POSITIVE_CELL,QUARANTINE,Q15B,F22
c83d4995ef55,AIC-PK,ID-DEFINED,TIME-DEFINED,DOSE-DEFINED,REGIMEN-FIXED,BIOANALYTICAL-FINAL,COVARIATE-BASELINE-ONLY,SUBJECT-LEVEL-COVARIATE,DDI-VICTIM-PERPETRATOR,REANALYSIS-NONE,SEMI-STRUCTURED-LEGACY-FLAG,CELL_THERAPY,PK_CONCENTRATION,,QUARANTINE,Q16,F22
8780d3e26214,AIC-PK,ID-DEFINED,TIME-DEFINED,DOSE-DEFINED,REGIMEN-FIXED,BLQ-DEFINED-POLICY,COVARIATE-BASELINE-ONLY,SUBJECT-LEVEL-COVARIATE,SINGLE-ANALYTE,REANALYSIS-NONE,STRUCTURED,CELL_THERAPY,PK_CONCENTRATION,,REPAIR,,F01
ca285c8f9c57,AIC-PK,ID-DEFINED,TIME-DEFINED,DOSE-DEFINED,REGIMEN-FIXED,BLQ-DEFINED-POLICY,COVARIATE-BASELINE-ONLY,SUBJECT-LEVEL-COVARIATE,SINGLE-ANALYTE,REANALYSIS-NONE,SEMI-STRUCTURED-LEGACY-FLAG,CELL_THERAPY,PK_CONCENTRATION,,QUARANTINE,Q15B,F01
592f60ca12cd,AIC-PK,ID-DEFINED,TIME-DEFINED,DOSE-DEFINED,REGIMEN-FIXED,BLQ-DEFINED-POLICY,COVARIATE-BASELINE-ONLY,SUBJECT-LEVEL-COVARIATE,MULTI-CMT-DEFINED,REANALYSIS-NONE,STRUCTURED,CELL_THERAPY,PK_CONCENTRATION,VECTOR_COPY|CAR_POSITIVE_CELL,REPAIR,,F01
15b255cd32a3,AIC-PK,ID-DEFINED,TIME-DEFINED,DOSE-DEFINED,REGIMEN-FIXED,BLQ-DEFINED-POLICY,COVARIATE-BASELINE-ONLY,SUBJECT-LEVEL-COVARIATE,MULTI-CMT-DEFINED,REANALYSIS-NONE,STRUCTURED,CELL_THERAPY,PK_CONCENTRATION,,QUARANTINE,Q16,F01
bdf6afb58584,AIC-PK,ID-DEFINED,TIME-DEFINED,DOSE-DEFINED,REGIMEN-FIXED,BLQ-DEFINED-POLICY,COVARIATE-BASELINE-ONLY,SUBJECT-LEVEL-COVARIATE,MULTI-CMT-DEFINED,REANALYSIS-NONE,SEMI-STRUCTURED-LEGACY-FLAG,CELL_THERAPY,PK_CONCENTRATION,VECTOR_COPY|CAR_POSITIVE_CELL,QUARANTINE,Q15B,F01
47aa9cfa235b,AIC-PK,ID-DEFINED,TIME-DEFINED,DOSE-DEFINED,REGIMEN-FIXED,BLQ-DEFINED-POLICY,COVARIATE-BASELINE-ONLY,SUBJECT-LEVEL-COVARIATE,MULTI-CMT-DEFINED,REANALYSIS-NONE,SEMI-STRUCTURED-LEGACY-FLAG,CELL_THERAPY,PK_CONCENTRATION,,QUARANTINE,Q16,F01
c09fc904e07e,AIC-PK,ID-DEFINED,TIME-DEFINED,DOSE-DEFINED,REGIMEN-FIXED,BLQ-DEFINED-POLICY,COVARIATE-BASELINE-ONLY,SUBJECT-LEVEL-COVARIATE,DDI-VICTIM-PERPETRATOR,REANALYSIS-NONE,STRUCTURED,CELL_THERAPY,PK_CONCENTRATION,VECTOR_COPY|CAR_POSITIVE_CELL,REPAIR,,F22
6459b8eb214c,AIC-PK,ID-DEFINED,TIME-DEFINED,DOSE-DEFINED,REGIMEN-FIXED,BLQ-DEFINED-POLICY,COVARIATE-BASELINE-ONLY,SUBJECT-LEVEL-COVARIATE,DDI-VICTIM-PERPETRATOR,REANALYSIS-NONE,STRUCTURED,CELL_THERAPY,PK_CONCENTRATION,,QUARANTINE,Q16,F22
302737aaf985,AIC-PK,ID-DEFINED,TIME-DEFINED,DOSE-DEFINED,REGIMEN-FIXED,BLQ-DEFINED-POLICY,COVARIATE-BASELINE-ONLY,SUBJECT-LEVEL-COVARIATE,DDI-VICTIM-PERPETRATOR,REANALYSIS-NONE,SEMI-STRUCTURED-LEGACY-FLAG,CELL_THERAPY,PK_CONCENTRATION,VECTOR_COPY|CAR_POSITIVE_CELL,QUARANTINE,Q15B,F22
e8b908674926,AIC-PK,ID-DEFINED,TIME-DEFINED,DOSE-DEFINED,REGIMEN-FIXED,BLQ-DEFINED-POLICY,COVARIATE-BASELINE-ONLY,SUBJECT-LEVEL-COVARIATE,DDI-VICTIM-PERPETRATOR,REANALYSIS-NONE,SEMI-STRUCTURED-LEGACY-FLAG,CELL_THERAPY,PK_CONCENTRATION,,QUARANTINE,Q16,F22
b3e6d6c02157,AIC-PK,ID-DEFINED,TIME-DEFINED,DOSE-DEFINED,REGIMEN-FIXED,BIOANALYTICAL-FINAL-FLAG-MISSING,COVARIATE-BASELINE-ONLY,SUBJECT-LEVEL-COVARIATE,SINGLE-ANALYTE,REANALYSIS-NONE,STRUCTURED,CELL_THERAPY,PK_CONCENTRATION,,QUARANTINE,Q15A,F01
99355acbf51a,AIC-PK,ID-DEFINED,TIME-DEFINED,DOSE-DEFINED,REGIMEN-FIXED,BIOANALYTICAL-FINAL-FLAG-MISSING,COVARIATE-BASELINE-ONLY,SUBJECT-LEVEL-COVARIATE,SINGLE-ANALYTE,REANALYSIS-NONE,SEMI-STRUCTURED-LEGACY-FLAG,CELL_THERAPY,PK_CONCENTRATION,,QUARANTINE,Q15A,F01
fc90c9b2efda,AIC-PK,ID-DEFINED,TIME-DEFINED,DOSE-DEFINED,REGIMEN-FIXED,BIOANALYTICAL-FINAL-FLAG-MISSING,COVARIATE-BASELINE-ONLY,SUBJECT-LEVEL-COVARIATE,MULTI-CMT-DEFINED,REANALYSIS-NONE,STRUCTURED,CELL_THERAPY,PK_CONCENTRATION,VECTOR_COPY|CAR_POSITIVE_CELL,QUARANTINE,Q15A,F01
d23a0920afda,AIC-PK,ID-DEFINED,TIME-DEFINED,DOSE-DEFINED,REGIMEN-FIXED,BIOANALYTICAL-FINAL-FLAG-MISSING,COVARIATE-BASELINE-ONLY,SUBJECT-LEVEL-COVARIATE,MULTI-CMT-DEFINED,REANALYSIS-NONE,STRUCTURED,CELL_THERAPY,PK_CONCENTRATION,,QUARANTINE,Q15A,F01
ff7b823ea435,AIC-PK,ID-DEFINED,TIME-DEFINED,DOSE-DEFINED,REGIMEN-FIXED,BIOANALYTICAL-FINAL-FLAG-MISSING,COVARIATE-BASELINE-ONLY,SUBJECT-LEVEL-COVARIATE,MULTI-CMT-DEFINED,REANALYSIS-NONE,SEMI-STRUCTURED-LEGACY-FLAG,CELL_THERAPY,PK_CONCENTRATION,VECTOR_COPY|CAR_POSITIVE_CELL,QUARANTINE,Q15A,F01
f4e5306a7a57,AIC-PK,ID-DEFINED,TIME-DEFINED,DOSE-DEFINED,REGIMEN-FIXED,BIOANALYTICAL-FINAL-FLAG-MISSING,COVARIATE-BASELINE-ONLY,SUBJECT-LEVEL-COVARIATE,MULTI-CMT-DEFINED,REANALYSIS-NONE,SEMI-STRUCTURED-LEGACY-FLAG,CELL_THERAPY,PK_CONCENTRATION,,QUARANTINE,Q15A,F01
4e50763dba2b,AIC-PK,ID-DEFINED,TIME-DEFINED,DOSE-DEFINED,REGIMEN-FIXED,BIOANALYTICAL-FINAL-FLAG-MISSING,COVARIATE-BASELINE-ONLY,SUBJECT-LEVEL-COVARIATE,DDI-VICTIM-PERPETRATOR,REANALYSIS-NONE,STRUCTURED,CELL_THERAPY,PK_CONCENTRATION,VECTOR_COPY|CAR_POSITIVE_CELL,QUARANTINE,Q15A,F22
55039ceaf140,AIC-PK,ID-DEFINED,TIME-DEFINED,DOSE-DEFINED,REGIMEN-FIXED,BIOANALYTICAL-FINAL-FLAG-MISSING,COVARIATE-BASELINE-ONLY,SUBJECT-LEVEL-COVARIATE,DDI-VICTIM-PERPETRATOR,REANALYSIS-NONE,STRUCTURED,CELL_THERAPY,PK_CONCENTRATION,,QUARANTINE,Q15A,F22
5bc690a08c9a,AIC-PK,ID-DEFINED,TIME-DEFINED,DOSE-DEFINED,REGIMEN-FIXED,BIOANALYTICAL-FINAL-FLAG-MISSING,COVARIATE-BASELINE-ONLY,SUBJECT-LEVEL-COVARIATE,DDI-VICTIM-PERPETRATOR,REANALYSIS-NONE,SEMI-STRUCTURED-LEGACY-FLAG,CELL_THERAPY,PK_CONCENTRATION,VECTOR_COPY|CAR_POSITIVE_CELL,QUARANTINE,Q15A,F22
15bbc4d0f432,AIC-PK,ID-DEFINED,TIME-DEFINED,DOSE-DEFINED,REGIMEN-FIXED,BIOANALYTICAL-FINAL-FLAG-MISSING,COVARIATE-BASELINE-ONLY,SUBJECT-LEVEL-COVARIATE,DDI-VICTIM-PERPETRATOR,REANALYSIS-NONE,SEMI-STRUCTURED-LEGACY-FLAG,CELL_THERAPY,PK_CONCENTRATION,,QUARANTINE,Q15A,F22
f2c074dbc91d,AIC-PK,ID-DEFINED,TIME-DEFINED,DOSE-DEFINED,ADDL-ACTUAL-CONFLICT,BIOANALYTICAL-FINAL,COVARIATE-BASELINE-ONLY,SUBJECT-LEVEL-COVARIATE,SINGLE-ANALYTE,REANALYSIS-NONE,STRUCTURED,CELL_THERAPY,PK_CONCENTRATION,,AUTO,,F01
4485bc622b54,AIC-PK,ID-DEFINED,TIME-DEFINED,DOSE-DEFINED,ADDL-ACTUAL-CONFLICT,BIOANALYTICAL-FINAL,COVARIATE-BASELINE-ONLY,SUBJECT-LEVEL-COVARIATE,SINGLE-ANALYTE,REANALYSIS-NONE,SEMI-STRUCTURED-LEGACY-FLAG,CELL_THERAPY,PK_CONCENTRATION,,QUARANTINE,Q15B,F01
2ea892165316,AIC-PK,ID-DEFINED,TIME-DEFINED,DOSE-DEFINED,ADDL-ACTUAL-CONFLICT,BIOANALYTICAL-FINAL,COVARIATE-BASELINE-ONLY,SUBJECT-LEVEL-COVARIATE,MULTI-CMT-DEFINED,REANALYSIS-NONE,STRUCTURED,CELL_THERAPY,PK_CONCENTRATION,VECTOR_COPY|CAR_POSITIVE_CELL,REPAIR,,F01
a98fd4203fa2,AIC-PK,ID-DEFINED,TIME-DEFINED,DOSE-DEFINED,ADDL-ACTUAL-CONFLICT,BIOANALYTICAL-FINAL,COVARIATE-BASELINE-ONLY,SUBJECT-LEVEL-COVARIATE,MULTI-CMT-DEFINED,REANALYSIS-NONE,STRUCTURED,CELL_THERAPY,PK_CONCENTRATION,,QUARANTINE,Q16,F01
f5671da4b9b2,AIC-PK,ID-DEFINED,TIME-DEFINED,DOSE-DEFINED,ADDL-ACTUAL-CONFLICT,BIOANALYTICAL-FINAL,COVARIATE-BASELINE-ONLY,SUBJECT-LEVEL-COVARIATE,MULTI-CMT-DEFINED,REANALYSIS-NONE,SEMI-STRUCTURED-LEGACY-FLAG,CELL_THERAPY,PK_CONCENTRATION,VECTOR_COPY|CAR_POSITIVE_CELL,QUARANTINE,Q15B,F01
ebbb2886b923,AIC-PK,ID-DEFINED,TIME-DEFINED,DOSE-DEFINED,ADDL-ACTUAL-CONFLICT,BIOANALYTICAL-FINAL,COVARIATE-BASELINE-ONLY,SUBJECT-LEVEL-COVARIATE,MULTI-CMT-DEFINED,REANALYSIS-NONE,SEMI-STRUCTURED-LEGACY-FLAG,CELL_THERAPY,PK_CONCENTRATION,,QUARANTINE,Q16,F01
f6205f46f3bb,AIC-PK,ID-DEFINED,TIME-DEFINED,DOSE-DEFINED,ADDL-ACTUAL-CONFLICT,BIOANALYTICAL-FINAL,COVARIATE-BASELINE-ONLY,SUBJECT-LEVEL-COVARIATE,DDI-VICTIM-PERPETRATOR,REANALYSIS-NONE,STRUCTURED,CELL_THERAPY,PK_CONCENTRATION,VECTOR_COPY|CAR_POSITIVE_CELL,REPAIR,,F22
c9209e67c29c,AIC-PK,ID-DEFINED,TIME-DEFINED,DOSE-DEFINED,ADDL-ACTUAL-CONFLICT,BIOANALYTICAL-FINAL,COVARIATE-BASELINE-ONLY,SUBJECT-LEVEL-COVARIATE,DDI-VICTIM-PERPETRATOR,REANALYSIS-NONE,STRUCTURED,CELL_THERAPY,PK_CONCENTRATION,,QUARANTINE,Q16,F22
590b966e749a,AIC-PK,ID-DEFINED,TIME-DEFINED,DOSE-DEFINED,ADDL-ACTUAL-CONFLICT,BIOANALYTICAL-FINAL,COVARIATE-BASELINE-ONLY,SUBJECT-LEVEL-COVARIATE,DDI-VICTIM-PERPETRATOR,REANALYSIS-NONE,SEMI-STRUCTURED-LEGACY-FLAG,CELL_THERAPY,PK_CONCENTRATION,VECTOR_COPY|CAR_POSITIVE_CELL,QUARANTINE,Q15B,F22
5a44df49110a,AIC-PK,ID-DEFINED,TIME-DEFINED,DOSE-DEFINED,ADDL-ACTUAL-CONFLICT,BIOANALYTICAL-FINAL,COVARIATE-BASELINE-ONLY,SUBJECT-LEVEL-COVARIATE,DDI-VICTIM-PERPETRATOR,REANALYSIS-NONE,SEMI-STRUCTURED-LEGACY-FLAG,CELL_THERAPY,PK_CONCENTRATION,,QUARANTINE,Q16,F22
1870dbf62e15,AIC-PK,ID-DEFINED,TIME-DEFINED,DOSE-DEFINED,ADDL-ACTUAL-CONFLICT,BLQ-DEFINED-POLICY,COVARIATE-BASELINE-ONLY,SUBJECT-LEVEL-COVARIATE,SINGLE-ANALYTE,REANALYSIS-NONE,STRUCTURED,CELL_THERAPY,PK_CONCENTRATION,,REPAIR,,F01
1f09b5bada93,AIC-PK,ID-DEFINED,TIME-DEFINED,DOSE-DEFINED,ADDL-ACTUAL-CONFLICT,BLQ-DEFINED-POLICY,COVARIATE-BASELINE-ONLY,SUBJECT-LEVEL-COVARIATE,SINGLE-ANALYTE,REANALYSIS-NONE,SEMI-STRUCTURED-LEGACY-FLAG,CELL_THERAPY,PK_CONCENTRATION,,QUARANTINE,Q15B,F01
3752af3e45cf,AIC-PK,ID-DEFINED,TIME-DEFINED,DOSE-DEFINED,ADDL-ACTUAL-CONFLICT,BLQ-DEFINED-POLICY,COVARIATE-BASELINE-ONLY,SUBJECT-LEVEL-COVARIATE,MULTI-CMT-DEFINED,REANALYSIS-NONE,STRUCTURED,CELL_THERAPY,PK_CONCENTRATION,VECTOR_COPY|CAR_POSITIVE_CELL,REPAIR,,F01
5914c9e2e2cc,AIC-PK,ID-DEFINED,TIME-DEFINED,DOSE-DEFINED,ADDL-ACTUAL-CONFLICT,BLQ-DEFINED-POLICY,COVARIATE-BASELINE-ONLY,SUBJECT-LEVEL-COVARIATE,MULTI-CMT-DEFINED,REANALYSIS-NONE,STRUCTURED,CELL_THERAPY,PK_CONCENTRATION,,QUARANTINE,Q16,F01
ad03381eae47,AIC-PK,ID-DEFINED,TIME-DEFINED,DOSE-DEFINED,ADDL-ACTUAL-CONFLICT,BLQ-DEFINED-POLICY,COVARIATE-BASELINE-ONLY,SUBJECT-LEVEL-COVARIATE,MULTI-CMT-DEFINED,REANALYSIS-NONE,SEMI-STRUCTURED-LEGACY-FLAG,CELL_THERAPY,PK_CONCENTRATION,VECTOR_COPY|CAR_POSITIVE_CELL,QUARANTINE,Q15B,F01
0b6c9458b834,AIC-PK,ID-DEFINED,TIME-DEFINED,DOSE-DEFINED,ADDL-ACTUAL-CONFLICT,BLQ-DEFINED-POLICY,COVARIATE-BASELINE-ONLY,SUBJECT-LEVEL-COVARIATE,MULTI-CMT-DEFINED,REANALYSIS-NONE,SEMI-STRUCTURED-LEGACY-FLAG,CELL_THERAPY,PK_CONCENTRATION,,QUARANTINE,Q16,F01
3c67333e655e,AIC-PK,ID-DEFINED,TIME-DEFINED,DOSE-DEFINED,ADDL-ACTUAL-CONFLICT,BLQ-DEFINED-POLICY,COVARIATE-BASELINE-ONLY,SUBJECT-LEVEL-COVARIATE,DDI-VICTIM-PERPETRATOR,REANALYSIS-NONE,STRUCTURED,CELL_THERAPY,PK_CONCENTRATION,VECTOR_COPY|CAR_POSITIVE_CELL,REPAIR,,F22
2ec5b07a8a03,AIC-PK,ID-DEFINED,TIME-DEFINED,DOSE-DEFINED,ADDL-ACTUAL-CONFLICT,BLQ-DEFINED-POLICY,COVARIATE-BASELINE-ONLY,SUBJECT-LEVEL-COVARIATE,DDI-VICTIM-PERPETRATOR,REANALYSIS-NONE,STRUCTURED,CELL_THERAPY,PK_CONCENTRATION,,QUARANTINE,Q16,F22
0c3f9dbf1fb3,AIC-PK,ID-DEFINED,TIME-DEFINED,DOSE-DEFINED,ADDL-ACTUAL-CONFLICT,BLQ-DEFINED-POLICY,COVARIATE-BASELINE-ONLY,SUBJECT-LEVEL-COVARIATE,DDI-VICTIM-PERPETRATOR,REANALYSIS-NONE,SEMI-STRUCTURED-LEGACY-FLAG,CELL_THERAPY,PK_CONCENTRATION,VECTOR_COPY|CAR_POSITIVE_CELL,QUARANTINE,Q15B,F22
c9c7ddc24840,AIC-PK,ID-DEFINED,TIME-DEFINED,DOSE-DEFINED,ADDL-ACTUAL-CONFLICT,BLQ-DEFINED-POLICY,COVARIATE-BASELINE-ONLY,SUBJECT-LEVEL-COVARIATE,DDI-VICTIM-PERPETRATOR,REANALYSIS-NONE,SEMI-STRUCTURED-LEGACY-FLAG,CELL_THERAPY,PK_CONCENTRATION,,QUARANTINE,Q16,F22
0b1bcfa5d231,AIC-PK,ID-DEFINED,TIME-DEFINED,DOSE-DEFINED,ADDL-ACTUAL-CONFLICT,BIOANALYTICAL-FINAL-FLAG-MISSING,COVARIATE-BASELINE-ONLY,SUBJECT-LEVEL-COVARIATE,SINGLE-ANALYTE,REANALYSIS-NONE,STRUCTURED,CELL_THERAPY,PK_CONCENTRATION,,QUARANTINE,Q15A,F01
6bbeb1d0d2df,AIC-PK,ID-DEFINED,TIME-DEFINED,DOSE-DEFINED,ADDL-ACTUAL-CONFLICT,BIOANALYTICAL-FINAL-FLAG-MISSING,COVARIATE-BASELINE-ONLY,SUBJECT-LEVEL-COVARIATE,SINGLE-ANALYTE,REANALYSIS-NONE,SEMI-STRUCTURED-LEGACY-FLAG,CELL_THERAPY,PK_CONCENTRATION,,QUARANTINE,Q15A,F01
a246d2a06444,AIC-PK,ID-DEFINED,TIME-DEFINED,DOSE-DEFINED,ADDL-ACTUAL-CONFLICT,BIOANALYTICAL-FINAL-FLAG-MISSING,COVARIATE-BASELINE-ONLY,SUBJECT-LEVEL-COVARIATE,MULTI-CMT-DEFINED,REANALYSIS-NONE,STRUCTURED,CELL_THERAPY,PK_CONCENTRATION,VECTOR_COPY|CAR_POSITIVE_CELL,QUARANTINE,Q15A,F01
f522335dbd3a,AIC-PK,ID-DEFINED,TIME-DEFINED,DOSE-DEFINED,ADDL-ACTUAL-CONFLICT,BIOANALYTICAL-FINAL-FLAG-MISSING,COVARIATE-BASELINE-ONLY,SUBJECT-LEVEL-COVARIATE,MULTI-CMT-DEFINED,REANALYSIS-NONE,STRUCTURED,CELL_THERAPY,PK_CONCENTRATION,,QUARANTINE,Q15A,F01
ea8120607049,AIC-PK,ID-DEFINED,TIME-DEFINED,DOSE-DEFINED,ADDL-ACTUAL-CONFLICT,BIOANALYTICAL-FINAL-FLAG-MISSING,COVARIATE-BASELINE-ONLY,SUBJECT-LEVEL-COVARIATE,MULTI-CMT-DEFINED,REANALYSIS-NONE,SEMI-STRUCTURED-LEGACY-FLAG,CELL_THERAPY,PK_CONCENTRATION,VECTOR_COPY|CAR_POSITIVE_CELL,QUARANTINE,Q15A,F01
de5f4b27cd85,AIC-PK,ID-DEFINED,TIME-DEFINED,DOSE-DEFINED,ADDL-ACTUAL-CONFLICT,BIOANALYTICAL-FINAL-FLAG-MISSING,COVARIATE-BASELINE-ONLY,SUBJECT-LEVEL-COVARIATE,MULTI-CMT-DEFINED,REANALYSIS-NONE,SEMI-STRUCTURED-LEGACY-FLAG,CELL_THERAPY,PK_CONCENTRATION,,QUARANTINE,Q15A,F01
5fe628326a9a,AIC-PK,ID-DEFINED,TIME-DEFINED,DOSE-DEFINED,ADDL-ACTUAL-CONFLICT,BIOANALYTICAL-FINAL-FLAG-MISSING,COVARIATE-BASELINE-ONLY,SUBJECT-LEVEL-COVARIATE,DDI-VICTIM-PERPETRATOR,REANALYSIS-NONE,STRUCTURED,CELL_THERAPY,PK_CONCENTRATION,VECTOR_COPY|CAR_POSITIVE_CELL,QUARANTINE,Q15A,F22
f9aebc4516c9,AIC-PK,ID-DEFINED,TIME-DEFINED,DOSE-DEFINED,ADDL-ACTUAL-CONFLICT,BIOANALYTICAL-FINAL-FLAG-MISSING,COVARIATE-BASELINE-ONLY,SUBJECT-LEVEL-COVARIATE,DDI-VICTIM-PERPETRATOR,REANALYSIS-NONE,STRUCTURED,CELL_THERAPY,PK_CONCENTRATION,,QUARANTINE,Q15A,F22
77e8034798d1,AIC-PK,ID-DEFINED,TIME-DEFINED,DOSE-DEFINED,ADDL-ACTUAL-CONFLICT,BIOANALYTICAL-FINAL-FLAG-MISSING,COVARIATE-BASELINE-ONLY,SUBJECT-LEVEL-COVARIATE,DDI-VICTIM-PERPETRATOR,REANALYSIS-NONE,SEMI-STRUCTURED-LEGACY-FLAG,CELL_THERAPY,PK_CONCENTRATION,VECTOR_COPY|CAR_POSITIVE_CELL,QUARANTINE,Q15A,F22
3be126ef4ce9,AIC-PK,ID-DEFINED,TIME-DEFINED,DOSE-DEFINED,ADDL-ACTUAL-CONFLICT,BIOANALYTICAL-FINAL-FLAG-MISSING,COVARIATE-BASELINE-ONLY,SUBJECT-LEVEL-COVARIATE,DDI-VICTIM-PERPETRATOR,REANALYSIS-NONE,SEMI-STRUCTURED-LEGACY-FLAG,CELL_THERAPY,PK_CONCENTRATION,,QUARANTINE,Q15A,F22
00e41e702fc0,AIC-PK,ID-DEFINED,TIME-DEFINED,DOSE-DEFINED,REGIMEN-FIXED,BIOANALYTICAL-FINAL,COVARIATE-BASELINE-ONLY,SUBJECT-LEVEL-COVARIATE,SINGLE-ANALYTE,REANALYSIS-NONE,STRUCTURED,MRNA,PK_CONCENTRATION,,AUTO,,F27
7e490789d53d,AIC-PK,ID-DEFINED,TIME-DEFINED,DOSE-DEFINED,REGIMEN-FIXED,BIOANALYTICAL-FINAL,COVARIATE-BASELINE-ONLY,SUBJECT-LEVEL-COVARIATE,SINGLE-ANALYTE,REANALYSIS-NONE,SEMI-STRUCTURED-LEGACY-FLAG,MRNA,PK_CONCENTRATION,,QUARANTINE,Q15B,F27
90a5dd4be95b,AIC-PK,ID-DEFINED,TIME-DEFINED,DOSE-DEFINED,REGIMEN-FIXED,BIOANALYTICAL-FINAL,COVARIATE-BASELINE-ONLY,SUBJECT-LEVEL-COVARIATE,MULTI-CMT-DEFINED,REANALYSIS-NONE,STRUCTURED,MRNA,PK_CONCENTRATION,,REPAIR,,F27
8776495ebaca,AIC-PK,ID-DEFINED,TIME-DEFINED,DOSE-DEFINED,REGIMEN-FIXED,BIOANALYTICAL-FINAL,COVARIATE-BASELINE-ONLY,SUBJECT-LEVEL-COVARIATE,MULTI-CMT-DEFINED,REANALYSIS-NONE,SEMI-STRUCTURED-LEGACY-FLAG,MRNA,PK_CONCENTRATION,,QUARANTINE,Q15B,F27
324f5b93b216,AIC-PK,ID-DEFINED,TIME-DEFINED,DOSE-DEFINED,REGIMEN-FIXED,BIOANALYTICAL-FINAL,COVARIATE-BASELINE-ONLY,SUBJECT-LEVEL-COVARIATE,DDI-VICTIM-PERPETRATOR,REANALYSIS-NONE,STRUCTURED,MRNA,PK_CONCENTRATION,,REPAIR,,F27
b99a052eaa9b,AIC-PK,ID-DEFINED,TIME-DEFINED,DOSE-DEFINED,REGIMEN-FIXED,BIOANALYTICAL-FINAL,COVARIATE-BASELINE-ONLY,SUBJECT-LEVEL-COVARIATE,DDI-VICTIM-PERPETRATOR,REANALYSIS-NONE,SEMI-STRUCTURED-LEGACY-FLAG,MRNA,PK_CONCENTRATION,,QUARANTINE,Q15B,F27
05bc5024a6aa,AIC-PK,ID-DEFINED,TIME-DEFINED,DOSE-DEFINED,REGIMEN-FIXED,BLQ-DEFINED-POLICY,COVARIATE-BASELINE-ONLY,SUBJECT-LEVEL-COVARIATE,SINGLE-ANALYTE,REANALYSIS-NONE,STRUCTURED,MRNA,PK_CONCENTRATION,,REPAIR,,F27
681f0209bad3,AIC-PK,ID-DEFINED,TIME-DEFINED,DOSE-DEFINED,REGIMEN-FIXED,BLQ-DEFINED-POLICY,COVARIATE-BASELINE-ONLY,SUBJECT-LEVEL-COVARIATE,SINGLE-ANALYTE,REANALYSIS-NONE,SEMI-STRUCTURED-LEGACY-FLAG,MRNA,PK_CONCENTRATION,,QUARANTINE,Q15B,F27
8058a893ab8a,AIC-PK,ID-DEFINED,TIME-DEFINED,DOSE-DEFINED,REGIMEN-FIXED,BLQ-DEFINED-POLICY,COVARIATE-BASELINE-ONLY,SUBJECT-LEVEL-COVARIATE,MULTI-CMT-DEFINED,REANALYSIS-NONE,STRUCTURED,MRNA,PK_CONCENTRATION,,REPAIR,,F27
63ede17de744,AIC-PK,ID-DEFINED,TIME-DEFINED,DOSE-DEFINED,REGIMEN-FIXED,BLQ-DEFINED-POLICY,COVARIATE-BASELINE-ONLY,SUBJECT-LEVEL-COVARIATE,MULTI-CMT-DEFINED,REANALYSIS-NONE,SEMI-STRUCTURED-LEGACY-FLAG,MRNA,PK_CONCENTRATION,,QUARANTINE,Q15B,F27
e1c3671bceba,AIC-PK,ID-DEFINED,TIME-DEFINED,DOSE-DEFINED,REGIMEN-FIXED,BLQ-DEFINED-POLICY,COVARIATE-BASELINE-ONLY,SUBJECT-LEVEL-COVARIATE,DDI-VICTIM-PERPETRATOR,REANALYSIS-NONE,STRUCTURED,MRNA,PK_CONCENTRATION,,REPAIR,,F27
e7b5b7e6824d,AIC-PK,ID-DEFINED,TIME-DEFINED,DOSE-DEFINED,REGIMEN-FIXED,BLQ-DEFINED-POLICY,COVARIATE-BASELINE-ONLY,SUBJECT-LEVEL-COVARIATE,DDI-VICTIM-PERPETRATOR,REANALYSIS-NONE,SEMI-STRUCTURED-LEGACY-FLAG,MRNA,PK_CONCENTRATION,,QUARANTINE,Q15B,F27
1abba2e5b836,AIC-PK,ID-DEFINED,TIME-DEFINED,DOSE-DEFINED,REGIMEN-FIXED,BIOANALYTICAL-FINAL-FLAG-MISSING,COVARIATE-BASELINE-ONLY,SUBJECT-LEVEL-COVARIATE,SINGLE-ANALYTE,REANALYSIS-NONE,STRUCTURED,MRNA,PK_CONCENTRATION,,QUARANTINE,Q15A,F27
499375682735,AIC-PK,ID-DEFINED,TIME-DEFINED,DOSE-DEFINED,REGIMEN-FIXED,BIOANALYTICAL-FINAL-FLAG-MISSING,COVARIATE-BASELINE-ONLY,SUBJECT-LEVEL-COVARIATE,SINGLE-ANALYTE,REANALYSIS-NONE,SEMI-STRUCTURED-LEGACY-FLAG,MRNA,PK_CONCENTRATION,,QUARANTINE,Q15A,F27
503c4fcdae85,AIC-PK,ID-DEFINED,TIME-DEFINED,DOSE-DEFINED,REGIMEN-FIXED,BIOANALYTICAL-FINAL-FLAG-MISSING,COVARIATE-BASELINE-ONLY,SUBJECT-LEVEL-COVARIATE,MULTI-CMT-DEFINED,REANALYSIS-NONE,STRUCTURED,MRNA,PK_CONCENTRATION,,QUARANTINE,Q15A,F27
7e95837c9f6d,AIC-PK,ID-DEFINED,TIME-DEFINED,DOSE-DEFINED,REGIMEN-FIXED,BIOANALYTICAL-FINAL-FLAG-MISSING,COVARIATE-BASELINE-ONLY,SUBJECT-LEVEL-COVARIATE,MULTI-CMT-DEFINED,REANALYSIS-NONE,SEMI-STRUCTURED-LEGACY-FLAG,MRNA,PK_CONCENTRATION,,QUARANTINE,Q15A,F27
4c841e1e109a,AIC-PK,ID-DEFINED,TIME-DEFINED,DOSE-DEFINED,REGIMEN-FIXED,BIOANALYTICAL-FINAL-FLAG-MISSING,COVARIATE-BASELINE-ONLY,SUBJECT-LEVEL-COVARIATE,DDI-VICTIM-PERPETRATOR,REANALYSIS-NONE,STRUCTURED,MRNA,PK_CONCENTRATION,,QUARANTINE,Q15A,F27
0d2f1a3c9e0b,AIC-PK,ID-DEFINED,TIME-DEFINED,DOSE-DEFINED,REGIMEN-FIXED,BIOANALYTICAL-FINAL-FLAG-MISSING,COVARIATE-BASELINE-ONLY,SUBJECT-LEVEL-COVARIATE,DDI-VICTIM-PERPETRATOR,REANALYSIS-NONE,SEMI-STRUCTURED-LEGACY-FLAG,MRNA,PK_CONCENTRATION,,QUARANTINE,Q15A,F27
205e21023222,AIC-PK,ID-DEFINED,TIME-DEFINED,DOSE-DEFINED,ADDL-ACTUAL-CONFLICT,BIOANALYTICAL-FINAL,COVARIATE-BASELINE-ONLY,SUBJECT-LEVEL-COVARIATE,SINGLE-ANALYTE,REANALYSIS-NONE,STRUCTURED,MRNA,PK_CONCENTRATION,,AUTO,,F27
73240d88325d,AIC-PK,ID-DEFINED,TIME-DEFINED,DOSE-DEFINED,ADDL-ACTUAL-CONFLICT,BIOANALYTICAL-FINAL,COVARIATE-BASELINE-ONLY,SUBJECT-LEVEL-COVARIATE,SINGLE-ANALYTE,REANALYSIS-NONE,SEMI-STRUCTURED-LEGACY-FLAG,MRNA,PK_CONCENTRATION,,QUARANTINE,Q15B,F27
a1fe2280e54a,AIC-PK,ID-DEFINED,TIME-DEFINED,DOSE-DEFINED,ADDL-ACTUAL-CONFLICT,BIOANALYTICAL-FINAL,COVARIATE-BASELINE-ONLY,SUBJECT-LEVEL-COVARIATE,MULTI-CMT-DEFINED,REANALYSIS-NONE,STRUCTURED,MRNA,PK_CONCENTRATION,,REPAIR,,F27
67445f9c4092,AIC-PK,ID-DEFINED,TIME-DEFINED,DOSE-DEFINED,ADDL-ACTUAL-CONFLICT,BIOANALYTICAL-FINAL,COVARIATE-BASELINE-ONLY,SUBJECT-LEVEL-COVARIATE,MULTI-CMT-DEFINED,REANALYSIS-NONE,SEMI-STRUCTURED-LEGACY-FLAG,MRNA,PK_CONCENTRATION,,QUARANTINE,Q15B,F27
3a08ac6214e7,AIC-PK,ID-DEFINED,TIME-DEFINED,DOSE-DEFINED,ADDL-ACTUAL-CONFLICT,BIOANALYTICAL-FINAL,COVARIATE-BASELINE-ONLY,SUBJECT-LEVEL-COVARIATE,DDI-VICTIM-PERPETRATOR,REANALYSIS-NONE,STRUCTURED,MRNA,PK_CONCENTRATION,,REPAIR,,F27
4f33c31797bb,AIC-PK,ID-DEFINED,TIME-DEFINED,DOSE-DEFINED,ADDL-ACTUAL-CONFLICT,BIOANALYTICAL-FINAL,COVARIATE-BASELINE-ONLY,SUBJECT-LEVEL-COVARIATE,DDI-VICTIM-PERPETRATOR,REANALYSIS-NONE,SEMI-STRUCTURED-LEGACY-FLAG,MRNA,PK_CONCENTRATION,,QUARANTINE,Q15B,F27
46edd73624aa,AIC-PK,ID-DEFINED,TIME-DEFINED,DOSE-DEFINED,ADDL-ACTUAL-CONFLICT,BLQ-DEFINED-POLICY,COVARIATE-BASELINE-ONLY,SUBJECT-LEVEL-COVARIATE,SINGLE-ANALYTE,REANALYSIS-NONE,STRUCTURED,MRNA,PK_CONCENTRATION,,REPAIR,,F27
e8aed866e1a0,AIC-PK,ID-DEFINED,TIME-DEFINED,DOSE-DEFINED,ADDL-ACTUAL-CONFLICT,BLQ-DEFINED-POLICY,COVARIATE-BASELINE-ONLY,SUBJECT-LEVEL-COVARIATE,SINGLE-ANALYTE,REANALYSIS-NONE,SEMI-STRUCTURED-LEGACY-FLAG,MRNA,PK_CONCENTRATION,,QUARANTINE,Q15B,F27
b7a32ce90253,AIC-PK,ID-DEFINED,TIME-DEFINED,DOSE-DEFINED,ADDL-ACTUAL-CONFLICT,BLQ-DEFINED-POLICY,COVARIATE-BASELINE-ONLY,SUBJECT-LEVEL-COVARIATE,MULTI-CMT-DEFINED,REANALYSIS-NONE,STRUCTURED,MRNA,PK_CONCENTRATION,,REPAIR,,F27
fa6691662ed7,AIC-PK,ID-DEFINED,TIME-DEFINED,DOSE-DEFINED,ADDL-ACTUAL-CONFLICT,BLQ-DEFINED-POLICY,COVARIATE-BASELINE-ONLY,SUBJECT-LEVEL-COVARIATE,MULTI-CMT-DEFINED,REANALYSIS-NONE,SEMI-STRUCTURED-LEGACY-FLAG,MRNA,PK_CONCENTRATION,,QUARANTINE,Q15B,F27
046b44ea630e,AIC-PK,ID-DEFINED,TIME-DEFINED,DOSE-DEFINED,ADDL-ACTUAL-CONFLICT,BLQ-DEFINED-POLICY,COVARIATE-BASELINE-ONLY,SUBJECT-LEVEL-COVARIATE,DDI-VICTIM-PERPETRATOR,REANALYSIS-NONE,STRUCTURED,MRNA,PK_CONCENTRATION,,REPAIR,,F27
c2973b73eb97,AIC-PK,ID-DEFINED,TIME-DEFINED,DOSE-DEFINED,ADDL-ACTUAL-CONFLICT,BLQ-DEFINED-POLICY,COVARIATE-BASELINE-ONLY,SUBJECT-LEVEL-COVARIATE,DDI-VICTIM-PERPETRATOR,REANALYSIS-NONE,SEMI-STRUCTURED-LEGACY-FLAG,MRNA,PK_CONCENTRATION,,QUARANTINE,Q15B,F27
d0d7c30fbf74,AIC-PK,ID-DEFINED,TIME-DEFINED,DOSE-DEFINED,ADDL-ACTUAL-CONFLICT,BIOANALYTICAL-FINAL-FLAG-MISSING,COVARIATE-BASELINE-ONLY,SUBJECT-LEVEL-COVARIATE,SINGLE-ANALYTE,REANALYSIS-NONE,STRUCTURED,MRNA,PK_CONCENTRATION,,QUARANTINE,Q15A,F27
f6ca379b0794,AIC-PK,ID-DEFINED,TIME-DEFINED,DOSE-DEFINED,ADDL-ACTUAL-CONFLICT,BIOANALYTICAL-FINAL-FLAG-MISSING,COVARIATE-BASELINE-ONLY,SUBJECT-LEVEL-COVARIATE,SINGLE-ANALYTE,REANALYSIS-NONE,SEMI-STRUCTURED-LEGACY-FLAG,MRNA,PK_CONCENTRATION,,QUARANTINE,Q15A,F27
d7079c4c2c52,AIC-PK,ID-DEFINED,TIME-DEFINED,DOSE-DEFINED,ADDL-ACTUAL-CONFLICT,BIOANALYTICAL-FINAL-FLAG-MISSING,COVARIATE-BASELINE-ONLY,SUBJECT-LEVEL-COVARIATE,MULTI-CMT-DEFINED,REANALYSIS-NONE,STRUCTURED,MRNA,PK_CONCENTRATION,,QUARANTINE,Q15A,F27
c6e0ae1a66fd,AIC-PK,ID-DEFINED,TIME-DEFINED,DOSE-DEFINED,ADDL-ACTUAL-CONFLICT,BIOANALYTICAL-FINAL-FLAG-MISSING,COVARIATE-BASELINE-ONLY,SUBJECT-LEVEL-COVARIATE,MULTI-CMT-DEFINED,REANALYSIS-NONE,SEMI-STRUCTURED-LEGACY-FLAG,MRNA,PK_CONCENTRATION,,QUARANTINE,Q15A,F27
f18d21348b64,AIC-PK,ID-DEFINED,TIME-DEFINED,DOSE-DEFINED,ADDL-ACTUAL-CONFLICT,BIOANALYTICAL-FINAL-FLAG-MISSING,COVARIATE-BASELINE-ONLY,SUBJECT-LEVEL-COVARIATE,DDI-VICTIM-PERPETRATOR,REANALYSIS-NONE,STRUCTURED,MRNA,PK_CONCENTRATION,,QUARANTINE,Q15A,F27
6795124bcecf,AIC-PK,ID-DEFINED,TIME-DEFINED,DOSE-DEFINED,ADDL-ACTUAL-CONFLICT,BIOANALYTICAL-FINAL-FLAG-MISSING,COVARIATE-BASELINE-ONLY,SUBJECT-LEVEL-COVARIATE,DDI-VICTIM-PERPETRATOR,REANALYSIS-NONE,SEMI-STRUCTURED-LEGACY-FLAG,MRNA,PK_CONCENTRATION,,QUARANTINE,Q15A,F27
191466456100,AIC-PKPD,ID-DEFINED,TIME-DEFINED,DOSE-DEFINED,REGIMEN-FIXED,BIOANALYTICAL-FINAL,COVARIATE-BASELINE-ONLY,SUBJECT-LEVEL-COVARIATE,SINGLE-ANALYTE,REANALYSIS-NONE,STRUCTURED,SMALL_MOLECULE,PK_CONCENTRATION,,AUTO,,F01
c27183f46884,AIC-PKPD,ID-DEFINED,TIME-DEFINED,DOSE-DEFINED,REGIMEN-FIXED,BIOANALYTICAL-FINAL,COVARIATE-BASELINE-ONLY,SUBJECT-LEVEL-COVARIATE,SINGLE-ANALYTE,REANALYSIS-NONE,SEMI-STRUCTURED-LEGACY-FLAG,SMALL_MOLECULE,PK_CONCENTRATION,,QUARANTINE,Q15B,F01
5b9ef563987f,AIC-PKPD,ID-DEFINED,TIME-DEFINED,DOSE-DEFINED,REGIMEN-FIXED,BIOANALYTICAL-FINAL,COVARIATE-BASELINE-ONLY,SUBJECT-LEVEL-COVARIATE,MULTI-CMT-DEFINED,REANALYSIS-NONE,STRUCTURED,SMALL_MOLECULE,PK_CONCENTRATION,,REPAIR,,F01
3647ed5b3deb,AIC-PKPD,ID-DEFINED,TIME-DEFINED,DOSE-DEFINED,REGIMEN-FIXED,BIOANALYTICAL-FINAL,COVARIATE-BASELINE-ONLY,SUBJECT-LEVEL-COVARIATE,MULTI-CMT-DEFINED,REANALYSIS-NONE,SEMI-STRUCTURED-LEGACY-FLAG,SMALL_MOLECULE,PK_CONCENTRATION,,QUARANTINE,Q15B,F01
d33bd2a6bf54,AIC-PKPD,ID-DEFINED,TIME-DEFINED,DOSE-DEFINED,REGIMEN-FIXED,BIOANALYTICAL-FINAL,COVARIATE-BASELINE-ONLY,SUBJECT-LEVEL-COVARIATE,DDI-VICTIM-PERPETRATOR,REANALYSIS-NONE,STRUCTURED,SMALL_MOLECULE,PK_CONCENTRATION,,REPAIR,,F22
2d0ed390d302,AIC-PKPD,ID-DEFINED,TIME-DEFINED,DOSE-DEFINED,REGIMEN-FIXED,BIOANALYTICAL-FINAL,COVARIATE-BASELINE-ONLY,SUBJECT-LEVEL-COVARIATE,DDI-VICTIM-PERPETRATOR,REANALYSIS-NONE,SEMI-STRUCTURED-LEGACY-FLAG,SMALL_MOLECULE,PK_CONCENTRATION,,QUARANTINE,Q15B,F22
d43c149008af,AIC-PKPD,ID-DEFINED,TIME-DEFINED,DOSE-DEFINED,REGIMEN-FIXED,BLQ-DEFINED-POLICY,COVARIATE-BASELINE-ONLY,SUBJECT-LEVEL-COVARIATE,SINGLE-ANALYTE,REANALYSIS-NONE,STRUCTURED,SMALL_MOLECULE,PK_CONCENTRATION,,REPAIR,,F01
d96cd9f8b89b,AIC-PKPD,ID-DEFINED,TIME-DEFINED,DOSE-DEFINED,REGIMEN-FIXED,BLQ-DEFINED-POLICY,COVARIATE-BASELINE-ONLY,SUBJECT-LEVEL-COVARIATE,SINGLE-ANALYTE,REANALYSIS-NONE,SEMI-STRUCTURED-LEGACY-FLAG,SMALL_MOLECULE,PK_CONCENTRATION,,QUARANTINE,Q15B,F01
b7a5576af212,AIC-PKPD,ID-DEFINED,TIME-DEFINED,DOSE-DEFINED,REGIMEN-FIXED,BLQ-DEFINED-POLICY,COVARIATE-BASELINE-ONLY,SUBJECT-LEVEL-COVARIATE,MULTI-CMT-DEFINED,REANALYSIS-NONE,STRUCTURED,SMALL_MOLECULE,PK_CONCENTRATION,,REPAIR,,F01
f4b41ccee817,AIC-PKPD,ID-DEFINED,TIME-DEFINED,DOSE-DEFINED,REGIMEN-FIXED,BLQ-DEFINED-POLICY,COVARIATE-BASELINE-ONLY,SUBJECT-LEVEL-COVARIATE,MULTI-CMT-DEFINED,REANALYSIS-NONE,SEMI-STRUCTURED-LEGACY-FLAG,SMALL_MOLECULE,PK_CONCENTRATION,,QUARANTINE,Q15B,F01
2b4edfc8099d,AIC-PKPD,ID-DEFINED,TIME-DEFINED,DOSE-DEFINED,REGIMEN-FIXED,BLQ-DEFINED-POLICY,COVARIATE-BASELINE-ONLY,SUBJECT-LEVEL-COVARIATE,DDI-VICTIM-PERPETRATOR,REANALYSIS-NONE,STRUCTURED,SMALL_MOLECULE,PK_CONCENTRATION,,REPAIR,,F22
f34d13259797,AIC-PKPD,ID-DEFINED,TIME-DEFINED,DOSE-DEFINED,REGIMEN-FIXED,BLQ-DEFINED-POLICY,COVARIATE-BASELINE-ONLY,SUBJECT-LEVEL-COVARIATE,DDI-VICTIM-PERPETRATOR,REANALYSIS-NONE,SEMI-STRUCTURED-LEGACY-FLAG,SMALL_MOLECULE,PK_CONCENTRATION,,QUARANTINE,Q15B,F22
d59d6682f17c,AIC-PKPD,ID-DEFINED,TIME-DEFINED,DOSE-DEFINED,REGIMEN-FIXED,BIOANALYTICAL-FINAL-FLAG-MISSING,COVARIATE-BASELINE-ONLY,SUBJECT-LEVEL-COVARIATE,SINGLE-ANALYTE,REANALYSIS-NONE,STRUCTURED,SMALL_MOLECULE,PK_CONCENTRATION,,QUARANTINE,Q15A,F01
dfe8fce3e4c9,AIC-PKPD,ID-DEFINED,TIME-DEFINED,DOSE-DEFINED,REGIMEN-FIXED,BIOANALYTICAL-FINAL-FLAG-MISSING,COVARIATE-BASELINE-ONLY,SUBJECT-LEVEL-COVARIATE,SINGLE-ANALYTE,REANALYSIS-NONE,SEMI-STRUCTURED-LEGACY-FLAG,SMALL_MOLECULE,PK_CONCENTRATION,,QUARANTINE,Q15A,F01
4c582dab0d88,AIC-PKPD,ID-DEFINED,TIME-DEFINED,DOSE-DEFINED,REGIMEN-FIXED,BIOANALYTICAL-FINAL-FLAG-MISSING,COVARIATE-BASELINE-ONLY,SUBJECT-LEVEL-COVARIATE,MULTI-CMT-DEFINED,REANALYSIS-NONE,STRUCTURED,SMALL_MOLECULE,PK_CONCENTRATION,,QUARANTINE,Q15A,F01
4dd5b1379add,AIC-PKPD,ID-DEFINED,TIME-DEFINED,DOSE-DEFINED,REGIMEN-FIXED,BIOANALYTICAL-FINAL-FLAG-MISSING,COVARIATE-BASELINE-ONLY,SUBJECT-LEVEL-COVARIATE,MULTI-CMT-DEFINED,REANALYSIS-NONE,SEMI-STRUCTURED-LEGACY-FLAG,SMALL_MOLECULE,PK_CONCENTRATION,,QUARANTINE,Q15A,F01
51ac0c1110a2,AIC-PKPD,ID-DEFINED,TIME-DEFINED,DOSE-DEFINED,REGIMEN-FIXED,BIOANALYTICAL-FINAL-FLAG-MISSING,COVARIATE-BASELINE-ONLY,SUBJECT-LEVEL-COVARIATE,DDI-VICTIM-PERPETRATOR,REANALYSIS-NONE,STRUCTURED,SMALL_MOLECULE,PK_CONCENTRATION,,QUARANTINE,Q15A,F22
9936a45bd7cb,AIC-PKPD,ID-DEFINED,TIME-DEFINED,DOSE-DEFINED,REGIMEN-FIXED,BIOANALYTICAL-FINAL-FLAG-MISSING,COVARIATE-BASELINE-ONLY,SUBJECT-LEVEL-COVARIATE,DDI-VICTIM-PERPETRATOR,REANALYSIS-NONE,SEMI-STRUCTURED-LEGACY-FLAG,SMALL_MOLECULE,PK_CONCENTRATION,,QUARANTINE,Q15A,F22
e53ce940ae02,AIC-PKPD,ID-DEFINED,TIME-DEFINED,DOSE-DEFINED,ADDL-ACTUAL-CONFLICT,BIOANALYTICAL-FINAL,COVARIATE-BASELINE-ONLY,SUBJECT-LEVEL-COVARIATE,SINGLE-ANALYTE,REANALYSIS-NONE,STRUCTURED,SMALL_MOLECULE,PK_CONCENTRATION,,AUTO,,F01
d00b43ac7f96,AIC-PKPD,ID-DEFINED,TIME-DEFINED,DOSE-DEFINED,ADDL-ACTUAL-CONFLICT,BIOANALYTICAL-FINAL,COVARIATE-BASELINE-ONLY,SUBJECT-LEVEL-COVARIATE,SINGLE-ANALYTE,REANALYSIS-NONE,SEMI-STRUCTURED-LEGACY-FLAG,SMALL_MOLECULE,PK_CONCENTRATION,,QUARANTINE,Q15B,F01
4f396847286e,AIC-PKPD,ID-DEFINED,TIME-DEFINED,DOSE-DEFINED,ADDL-ACTUAL-CONFLICT,BIOANALYTICAL-FINAL,COVARIATE-BASELINE-ONLY,SUBJECT-LEVEL-COVARIATE,MULTI-CMT-DEFINED,REANALYSIS-NONE,STRUCTURED,SMALL_MOLECULE,PK_CONCENTRATION,,REPAIR,,F01
124e6dda70ff,AIC-PKPD,ID-DEFINED,TIME-DEFINED,DOSE-DEFINED,ADDL-ACTUAL-CONFLICT,BIOANALYTICAL-FINAL,COVARIATE-BASELINE-ONLY,SUBJECT-LEVEL-COVARIATE,MULTI-CMT-DEFINED,REANALYSIS-NONE,SEMI-STRUCTURED-LEGACY-FLAG,SMALL_MOLECULE,PK_CONCENTRATION,,QUARANTINE,Q15B,F01
eb05afec92ce,AIC-PKPD,ID-DEFINED,TIME-DEFINED,DOSE-DEFINED,ADDL-ACTUAL-CONFLICT,BIOANALYTICAL-FINAL,COVARIATE-BASELINE-ONLY,SUBJECT-LEVEL-COVARIATE,DDI-VICTIM-PERPETRATOR,REANALYSIS-NONE,STRUCTURED,SMALL_MOLECULE,PK_CONCENTRATION,,REPAIR,,F22
da5f58be3358,AIC-PKPD,ID-DEFINED,TIME-DEFINED,DOSE-DEFINED,ADDL-ACTUAL-CONFLICT,BIOANALYTICAL-FINAL,COVARIATE-BASELINE-ONLY,SUBJECT-LEVEL-COVARIATE,DDI-VICTIM-PERPETRATOR,REANALYSIS-NONE,SEMI-STRUCTURED-LEGACY-FLAG,SMALL_MOLECULE,PK_CONCENTRATION,,QUARANTINE,Q15B,F22
1070fc913dbf,AIC-PKPD,ID-DEFINED,TIME-DEFINED,DOSE-DEFINED,ADDL-ACTUAL-CONFLICT,BLQ-DEFINED-POLICY,COVARIATE-BASELINE-ONLY,SUBJECT-LEVEL-COVARIATE,SINGLE-ANALYTE,REANALYSIS-NONE,STRUCTURED,SMALL_MOLECULE,PK_CONCENTRATION,,REPAIR,,F01
0a61f3fd2948,AIC-PKPD,ID-DEFINED,TIME-DEFINED,DOSE-DEFINED,ADDL-ACTUAL-CONFLICT,BLQ-DEFINED-POLICY,COVARIATE-BASELINE-ONLY,SUBJECT-LEVEL-COVARIATE,SINGLE-ANALYTE,REANALYSIS-NONE,SEMI-STRUCTURED-LEGACY-FLAG,SMALL_MOLECULE,PK_CONCENTRATION,,QUARANTINE,Q15B,F01
8002cc2f24ee,AIC-PKPD,ID-DEFINED,TIME-DEFINED,DOSE-DEFINED,ADDL-ACTUAL-CONFLICT,BLQ-DEFINED-POLICY,COVARIATE-BASELINE-ONLY,SUBJECT-LEVEL-COVARIATE,MULTI-CMT-DEFINED,REANALYSIS-NONE,STRUCTURED,SMALL_MOLECULE,PK_CONCENTRATION,,REPAIR,,F01
e1ad8d7ee1e4,AIC-PKPD,ID-DEFINED,TIME-DEFINED,DOSE-DEFINED,ADDL-ACTUAL-CONFLICT,BLQ-DEFINED-POLICY,COVARIATE-BASELINE-ONLY,SUBJECT-LEVEL-COVARIATE,MULTI-CMT-DEFINED,REANALYSIS-NONE,SEMI-STRUCTURED-LEGACY-FLAG,SMALL_MOLECULE,PK_CONCENTRATION,,QUARANTINE,Q15B,F01
23119552dc8b,AIC-PKPD,ID-DEFINED,TIME-DEFINED,DOSE-DEFINED,ADDL-ACTUAL-CONFLICT,BLQ-DEFINED-POLICY,COVARIATE-BASELINE-ONLY,SUBJECT-LEVEL-COVARIATE,DDI-VICTIM-PERPETRATOR,REANALYSIS-NONE,STRUCTURED,SMALL_MOLECULE,PK_CONCENTRATION,,REPAIR,,F22
26c172440a74,AIC-PKPD,ID-DEFINED,TIME-DEFINED,DOSE-DEFINED,ADDL-ACTUAL-CONFLICT,BLQ-DEFINED-POLICY,COVARIATE-BASELINE-ONLY,SUBJECT-LEVEL-COVARIATE,DDI-VICTIM-PERPETRATOR,REANALYSIS-NONE,SEMI-STRUCTURED-LEGACY-FLAG,SMALL_MOLECULE,PK_CONCENTRATION,,QUARANTINE,Q15B,F22
afd9ece2575b,AIC-PKPD,ID-DEFINED,TIME-DEFINED,DOSE-DEFINED,ADDL-ACTUAL-CONFLICT,BIOANALYTICAL-FINAL-FLAG-MISSING,COVARIATE-BASELINE-ONLY,SUBJECT-LEVEL-COVARIATE,SINGLE-ANALYTE,REANALYSIS-NONE,STRUCTURED,SMALL_MOLECULE,PK_CONCENTRATION,,QUARANTINE,Q15A,F01
5a369cb1e8db,AIC-PKPD,ID-DEFINED,TIME-DEFINED,DOSE-DEFINED,ADDL-ACTUAL-CONFLICT,BIOANALYTICAL-FINAL-FLAG-MISSING,COVARIATE-BASELINE-ONLY,SUBJECT-LEVEL-COVARIATE,SINGLE-ANALYTE,REANALYSIS-NONE,SEMI-STRUCTURED-LEGACY-FLAG,SMALL_MOLECULE,PK_CONCENTRATION,,QUARANTINE,Q15A,F01
a35776900cb2,AIC-PKPD,ID-DEFINED,TIME-DEFINED,DOSE-DEFINED,ADDL-ACTUAL-CONFLICT,BIOANALYTICAL-FINAL-FLAG-MISSING,COVARIATE-BASELINE-ONLY,SUBJECT-LEVEL-COVARIATE,MULTI-CMT-DEFINED,REANALYSIS-NONE,STRUCTURED,SMALL_MOLECULE,PK_CONCENTRATION,,QUARANTINE,Q15A,F01
69606cd8be96,AIC-PKPD,ID-DEFINED,TIME-DEFINED,DOSE-DEFINED,ADDL-ACTUAL-CONFLICT,BIOANALYTICAL-FINAL-FLAG-MISSING,COVARIATE-BASELINE-ONLY,SUBJECT-LEVEL-COVARIATE,MULTI-CMT-DEFINED,REANALYSIS-NONE,SEMI-STRUCTURED-LEGACY-FLAG,SMALL_MOLECULE,PK_CONCENTRATION,,QUARANTINE,Q15A,F01
a21ce7e0ce02,AIC-PKPD,ID-DEFINED,TIME-DEFINED,DOSE-DEFINED,ADDL-ACTUAL-CONFLICT,BIOANALYTICAL-FINAL-FLAG-MISSING,COVARIATE-BASELINE-ONLY,SUBJECT-LEVEL-COVARIATE,DDI-VICTIM-PERPETRATOR,REANALYSIS-NONE,STRUCTURED,SMALL_MOLECULE,PK_CONCENTRATION,,QUARANTINE,Q15A,F22
51deaff66922,AIC-PKPD,ID-DEFINED,TIME-DEFINED,DOSE-DEFINED,ADDL-ACTUAL-CONFLICT,BIOANALYTICAL-FINAL-FLAG-MISSING,COVARIATE-BASELINE-ONLY,SUBJECT-LEVEL-COVARIATE,DDI-VICTIM-PERPETRATOR,REANALYSIS-NONE,SEMI-STRUCTURED-LEGACY-FLAG,SMALL_MOLECULE,PK_CONCENTRATION,,QUARANTINE,Q15A,F22
9f73a7678a16,AIC-PKPD,ID-DEFINED,TIME-DEFINED,DOSE-DEFINED,REGIMEN-FIXED,BIOANALYTICAL-FINAL,COVARIATE-BASELINE-ONLY,SUBJECT-LEVEL-COVARIATE,SINGLE-ANALYTE,REANALYSIS-NONE,STRUCTURED,MAB,PK_CONCENTRATION,,AUTO,,F01
b30b1badce1f,AIC-PKPD,ID-DEFINED,TIME-DEFINED,DOSE-DEFINED,REGIMEN-FIXED,BIOANALYTICAL-FINAL,COVARIATE-BASELINE-ONLY,SUBJECT-LEVEL-COVARIATE,SINGLE-ANALYTE,REANALYSIS-NONE,SEMI-STRUCTURED-LEGACY-FLAG,MAB,PK_CONCENTRATION,,QUARANTINE,Q15B,F01
7f2f4241ed1d,AIC-PKPD,ID-DEFINED,TIME-DEFINED,DOSE-DEFINED,REGIMEN-FIXED,BIOANALYTICAL-FINAL,COVARIATE-BASELINE-ONLY,SUBJECT-LEVEL-COVARIATE,MULTI-CMT-DEFINED,REANALYSIS-NONE,STRUCTURED,MAB,PK_CONCENTRATION,,REPAIR,,F01
d8c068a89b10,AIC-PKPD,ID-DEFINED,TIME-DEFINED,DOSE-DEFINED,REGIMEN-FIXED,BIOANALYTICAL-FINAL,COVARIATE-BASELINE-ONLY,SUBJECT-LEVEL-COVARIATE,MULTI-CMT-DEFINED,REANALYSIS-NONE,SEMI-STRUCTURED-LEGACY-FLAG,MAB,PK_CONCENTRATION,,QUARANTINE,Q15B,F01
0fa4df0cc02b,AIC-PKPD,ID-DEFINED,TIME-DEFINED,DOSE-DEFINED,REGIMEN-FIXED,BIOANALYTICAL-FINAL,COVARIATE-BASELINE-ONLY,SUBJECT-LEVEL-COVARIATE,DDI-VICTIM-PERPETRATOR,REANALYSIS-NONE,STRUCTURED,MAB,PK_CONCENTRATION,,REPAIR,,F22
f45302c0f8cf,AIC-PKPD,ID-DEFINED,TIME-DEFINED,DOSE-DEFINED,REGIMEN-FIXED,BIOANALYTICAL-FINAL,COVARIATE-BASELINE-ONLY,SUBJECT-LEVEL-COVARIATE,DDI-VICTIM-PERPETRATOR,REANALYSIS-NONE,SEMI-STRUCTURED-LEGACY-FLAG,MAB,PK_CONCENTRATION,,QUARANTINE,Q15B,F22
4e30ba948d0c,AIC-PKPD,ID-DEFINED,TIME-DEFINED,DOSE-DEFINED,REGIMEN-FIXED,BLQ-DEFINED-POLICY,COVARIATE-BASELINE-ONLY,SUBJECT-LEVEL-COVARIATE,SINGLE-ANALYTE,REANALYSIS-NONE,STRUCTURED,MAB,PK_CONCENTRATION,,REPAIR,,F01
d1b768b6971a,AIC-PKPD,ID-DEFINED,TIME-DEFINED,DOSE-DEFINED,REGIMEN-FIXED,BLQ-DEFINED-POLICY,COVARIATE-BASELINE-ONLY,SUBJECT-LEVEL-COVARIATE,SINGLE-ANALYTE,REANALYSIS-NONE,SEMI-STRUCTURED-LEGACY-FLAG,MAB,PK_CONCENTRATION,,QUARANTINE,Q15B,F01
0212c2361e60,AIC-PKPD,ID-DEFINED,TIME-DEFINED,DOSE-DEFINED,REGIMEN-FIXED,BLQ-DEFINED-POLICY,COVARIATE-BASELINE-ONLY,SUBJECT-LEVEL-COVARIATE,MULTI-CMT-DEFINED,REANALYSIS-NONE,STRUCTURED,MAB,PK_CONCENTRATION,,REPAIR,,F01
12992995c316,AIC-PKPD,ID-DEFINED,TIME-DEFINED,DOSE-DEFINED,REGIMEN-FIXED,BLQ-DEFINED-POLICY,COVARIATE-BASELINE-ONLY,SUBJECT-LEVEL-COVARIATE,MULTI-CMT-DEFINED,REANALYSIS-NONE,SEMI-STRUCTURED-LEGACY-FLAG,MAB,PK_CONCENTRATION,,QUARANTINE,Q15B,F01
8e237bb6f61e,AIC-PKPD,ID-DEFINED,TIME-DEFINED,DOSE-DEFINED,REGIMEN-FIXED,BLQ-DEFINED-POLICY,COVARIATE-BASELINE-ONLY,SUBJECT-LEVEL-COVARIATE,DDI-VICTIM-PERPETRATOR,REANALYSIS-NONE,STRUCTURED,MAB,PK_CONCENTRATION,,REPAIR,,F22
b14da4a324b4,AIC-PKPD,ID-DEFINED,TIME-DEFINED,DOSE-DEFINED,REGIMEN-FIXED,BLQ-DEFINED-POLICY,COVARIATE-BASELINE-ONLY,SUBJECT-LEVEL-COVARIATE,DDI-VICTIM-PERPETRATOR,REANALYSIS-NONE,SEMI-STRUCTURED-LEGACY-FLAG,MAB,PK_CONCENTRATION,,QUARANTINE,Q15B,F22
9989768d50ad,AIC-PKPD,ID-DEFINED,TIME-DEFINED,DOSE-DEFINED,REGIMEN-FIXED,BIOANALYTICAL-FINAL-FLAG-MISSING,COVARIATE-BASELINE-ONLY,SUBJECT-LEVEL-COVARIATE,SINGLE-ANALYTE,REANALYSIS-NONE,STRUCTURED,MAB,PK_CONCENTRATION,,QUARANTINE,Q15A,F01
e28f29a970cc,AIC-PKPD,ID-DEFINED,TIME-DEFINED,DOSE-DEFINED,REGIMEN-FIXED,BIOANALYTICAL-FINAL-FLAG-MISSING,COVARIATE-BASELINE-ONLY,SUBJECT-LEVEL-COVARIATE,SINGLE-ANALYTE,REANALYSIS-NONE,SEMI-STRUCTURED-LEGACY-FLAG,MAB,PK_CONCENTRATION,,QUARANTINE,Q15A,F01
826a7fa48572,AIC-PKPD,ID-DEFINED,TIME-DEFINED,DOSE-DEFINED,REGIMEN-FIXED,BIOANALYTICAL-FINAL-FLAG-MISSING,COVARIATE-BASELINE-ONLY,SUBJECT-LEVEL-COVARIATE,MULTI-CMT-DEFINED,REANALYSIS-NONE,STRUCTURED,MAB,PK_CONCENTRATION,,QUARANTINE,Q15A,F01
a9a236e1a8ff,AIC-PKPD,ID-DEFINED,TIME-DEFINED,DOSE-DEFINED,REGIMEN-FIXED,BIOANALYTICAL-FINAL-FLAG-MISSING,COVARIATE-BASELINE-ONLY,SUBJECT-LEVEL-COVARIATE,MULTI-CMT-DEFINED,REANALYSIS-NONE,SEMI-STRUCTURED-LEGACY-FLAG,MAB,PK_CONCENTRATION,,QUARANTINE,Q15A,F01
c9913cc6e7ea,AIC-PKPD,ID-DEFINED,TIME-DEFINED,DOSE-DEFINED,REGIMEN-FIXED,BIOANALYTICAL-FINAL-FLAG-MISSING,COVARIATE-BASELINE-ONLY,SUBJECT-LEVEL-COVARIATE,DDI-VICTIM-PERPETRATOR,REANALYSIS-NONE,STRUCTURED,MAB,PK_CONCENTRATION,,QUARANTINE,Q15A,F22
32575e2c5d07,AIC-PKPD,ID-DEFINED,TIME-DEFINED,DOSE-DEFINED,REGIMEN-FIXED,BIOANALYTICAL-FINAL-FLAG-MISSING,COVARIATE-BASELINE-ONLY,SUBJECT-LEVEL-COVARIATE,DDI-VICTIM-PERPETRATOR,REANALYSIS-NONE,SEMI-STRUCTURED-LEGACY-FLAG,MAB,PK_CONCENTRATION,,QUARANTINE,Q15A,F22
3d3025fdcd0a,AIC-PKPD,ID-DEFINED,TIME-DEFINED,DOSE-DEFINED,ADDL-ACTUAL-CONFLICT,BIOANALYTICAL-FINAL,COVARIATE-BASELINE-ONLY,SUBJECT-LEVEL-COVARIATE,SINGLE-ANALYTE,REANALYSIS-NONE,STRUCTURED,MAB,PK_CONCENTRATION,,AUTO,,F01
866794859cbd,AIC-PKPD,ID-DEFINED,TIME-DEFINED,DOSE-DEFINED,ADDL-ACTUAL-CONFLICT,BIOANALYTICAL-FINAL,COVARIATE-BASELINE-ONLY,SUBJECT-LEVEL-COVARIATE,SINGLE-ANALYTE,REANALYSIS-NONE,SEMI-STRUCTURED-LEGACY-FLAG,MAB,PK_CONCENTRATION,,QUARANTINE,Q15B,F01
213020641bd1,AIC-PKPD,ID-DEFINED,TIME-DEFINED,DOSE-DEFINED,ADDL-ACTUAL-CONFLICT,BIOANALYTICAL-FINAL,COVARIATE-BASELINE-ONLY,SUBJECT-LEVEL-COVARIATE,MULTI-CMT-DEFINED,REANALYSIS-NONE,STRUCTURED,MAB,PK_CONCENTRATION,,REPAIR,,F01
d1de44f5bb08,AIC-PKPD,ID-DEFINED,TIME-DEFINED,DOSE-DEFINED,ADDL-ACTUAL-CONFLICT,BIOANALYTICAL-FINAL,COVARIATE-BASELINE-ONLY,SUBJECT-LEVEL-COVARIATE,MULTI-CMT-DEFINED,REANALYSIS-NONE,SEMI-STRUCTURED-LEGACY-FLAG,MAB,PK_CONCENTRATION,,QUARANTINE,Q15B,F01
23628da21807,AIC-PKPD,ID-DEFINED,TIME-DEFINED,DOSE-DEFINED,ADDL-ACTUAL-CONFLICT,BIOANALYTICAL-FINAL,COVARIATE-BASELINE-ONLY,SUBJECT-LEVEL-COVARIATE,DDI-VICTIM-PERPETRATOR,REANALYSIS-NONE,STRUCTURED,MAB,PK_CONCENTRATION,,REPAIR,,F22
9ac43b09cdf5,AIC-PKPD,ID-DEFINED,TIME-DEFINED,DOSE-DEFINED,ADDL-ACTUAL-CONFLICT,BIOANALYTICAL-FINAL,COVARIATE-BASELINE-ONLY,SUBJECT-LEVEL-COVARIATE,DDI-VICTIM-PERPETRATOR,REANALYSIS-NONE,SEMI-STRUCTURED-LEGACY-FLAG,MAB,PK_CONCENTRATION,,QUARANTINE,Q15B,F22
aaac001d2d59,AIC-PKPD,ID-DEFINED,TIME-DEFINED,DOSE-DEFINED,ADDL-ACTUAL-CONFLICT,BLQ-DEFINED-POLICY,COVARIATE-BASELINE-ONLY,SUBJECT-LEVEL-COVARIATE,SINGLE-ANALYTE,REANALYSIS-NONE,STRUCTURED,MAB,PK_CONCENTRATION,,REPAIR,,F01
59f5dc323867,AIC-PKPD,ID-DEFINED,TIME-DEFINED,DOSE-DEFINED,ADDL-ACTUAL-CONFLICT,BLQ-DEFINED-POLICY,COVARIATE-BASELINE-ONLY,SUBJECT-LEVEL-COVARIATE,SINGLE-ANALYTE,REANALYSIS-NONE,SEMI-STRUCTURED-LEGACY-FLAG,MAB,PK_CONCENTRATION,,QUARANTINE,Q15B,F01
699bdc62d249,AIC-PKPD,ID-DEFINED,TIME-DEFINED,DOSE-DEFINED,ADDL-ACTUAL-CONFLICT,BLQ-DEFINED-POLICY,COVARIATE-BASELINE-ONLY,SUBJECT-LEVEL-COVARIATE,MULTI-CMT-DEFINED,REANALYSIS-NONE,STRUCTURED,MAB,PK_CONCENTRATION,,REPAIR,,F01
305c7b527d3b,AIC-PKPD,ID-DEFINED,TIME-DEFINED,DOSE-DEFINED,ADDL-ACTUAL-CONFLICT,BLQ-DEFINED-POLICY,COVARIATE-BASELINE-ONLY,SUBJECT-LEVEL-COVARIATE,MULTI-CMT-DEFINED,REANALYSIS-NONE,SEMI-STRUCTURED-LEGACY-FLAG,MAB,PK_CONCENTRATION,,QUARANTINE,Q15B,F01
ba03fe0aadb4,AIC-PKPD,ID-DEFINED,TIME-DEFINED,DOSE-DEFINED,ADDL-ACTUAL-CONFLICT,BLQ-DEFINED-POLICY,COVARIATE-BASELINE-ONLY,SUBJECT-LEVEL-COVARIATE,DDI-VICTIM-PERPETRATOR,REANALYSIS-NONE,STRUCTURED,MAB,PK_CONCENTRATION,,REPAIR,,F22
bec7cc01708b,AIC-PKPD,ID-DEFINED,TIME-DEFINED,DOSE-DEFINED,ADDL-ACTUAL-CONFLICT,BLQ-DEFINED-POLICY,COVARIATE-BASELINE-ONLY,SUBJECT-LEVEL-COVARIATE,DDI-VICTIM-PERPETRATOR,REANALYSIS-NONE,SEMI-STRUCTURED-LEGACY-FLAG,MAB,PK_CONCENTRATION,,QUARANTINE,Q15B,F22
8f273f3bc215,AIC-PKPD,ID-DEFINED,TIME-DEFINED,DOSE-DEFINED,ADDL-ACTUAL-CONFLICT,BIOANALYTICAL-FINAL-FLAG-MISSING,COVARIATE-BASELINE-ONLY,SUBJECT-LEVEL-COVARIATE,SINGLE-ANALYTE,REANALYSIS-NONE,STRUCTURED,MAB,PK_CONCENTRATION,,QUARANTINE,Q15A,F01
81925225b54f,AIC-PKPD,ID-DEFINED,TIME-DEFINED,DOSE-DEFINED,ADDL-ACTUAL-CONFLICT,BIOANALYTICAL-FINAL-FLAG-MISSING,COVARIATE-BASELINE-ONLY,SUBJECT-LEVEL-COVARIATE,SINGLE-ANALYTE,REANALYSIS-NONE,SEMI-STRUCTURED-LEGACY-FLAG,MAB,PK_CONCENTRATION,,QUARANTINE,Q15A,F01
b36b0ffc3679,AIC-PKPD,ID-DEFINED,TIME-DEFINED,DOSE-DEFINED,ADDL-ACTUAL-CONFLICT,BIOANALYTICAL-FINAL-FLAG-MISSING,COVARIATE-BASELINE-ONLY,SUBJECT-LEVEL-COVARIATE,MULTI-CMT-DEFINED,REANALYSIS-NONE,STRUCTURED,MAB,PK_CONCENTRATION,,QUARANTINE,Q15A,F01
0cc7699cddc1,AIC-PKPD,ID-DEFINED,TIME-DEFINED,DOSE-DEFINED,ADDL-ACTUAL-CONFLICT,BIOANALYTICAL-FINAL-FLAG-MISSING,COVARIATE-BASELINE-ONLY,SUBJECT-LEVEL-COVARIATE,MULTI-CMT-DEFINED,REANALYSIS-NONE,SEMI-STRUCTURED-LEGACY-FLAG,MAB,PK_CONCENTRATION,,QUARANTINE,Q15A,F01
f513c5235f0b,AIC-PKPD,ID-DEFINED,TIME-DEFINED,DOSE-DEFINED,ADDL-ACTUAL-CONFLICT,BIOANALYTICAL-FINAL-FLAG-MISSING,COVARIATE-BASELINE-ONLY,SUBJECT-LEVEL-COVARIATE,DDI-VICTIM-PERPETRATOR,REANALYSIS-NONE,STRUCTURED,MAB,PK_CONCENTRATION,,QUARANTINE,Q15A,F22
ccff62ae7e25,AIC-PKPD,ID-DEFINED,TIME-DEFINED,DOSE-DEFINED,ADDL-ACTUAL-CONFLICT,BIOANALYTICAL-FINAL-FLAG-MISSING,COVARIATE-BASELINE-ONLY,SUBJECT-LEVEL-COVARIATE,DDI-VICTIM-PERPETRATOR,REANALYSIS-NONE,SEMI-STRUCTURED-LEGACY-FLAG,MAB,PK_CONCENTRATION,,QUARANTINE,Q15A,F22
6b391ea5b8c2,AIC-PKPD,ID-DEFINED,TIME-DEFINED,DOSE-DEFINED,REGIMEN-FIXED,BIOANALYTICAL-FINAL,COVARIATE-BASELINE-ONLY,SUBJECT-LEVEL-COVARIATE,SINGLE-ANALYTE,REANALYSIS-NONE,STRUCTURED,ADC,PK_CONCENTRATION,,AUTO,,F01
5fbaada6233f,AIC-PKPD,ID-DEFINED,TIME-DEFINED,DOSE-DEFINED,REGIMEN-FIXED,BIOANALYTICAL-FINAL,COVARIATE-BASELINE-ONLY,SUBJECT-LEVEL-COVARIATE,SINGLE-ANALYTE,REANALYSIS-NONE,SEMI-STRUCTURED-LEGACY-FLAG,ADC,PK_CONCENTRATION,,QUARANTINE,Q15B,F01
30775a50bc47,AIC-PKPD,ID-DEFINED,TIME-DEFINED,DOSE-DEFINED,REGIMEN-FIXED,BIOANALYTICAL-FINAL,COVARIATE-BASELINE-ONLY,SUBJECT-LEVEL-COVARIATE,MULTI-CMT-DEFINED,REANALYSIS-NONE,STRUCTURED,ADC,PK_CONCENTRATION,TOTAL_ANTIBODY|CONJUGATED_ADC|UNCONJUGATED_PAYLOAD,REPAIR,,F24
7e120d6f8563,AIC-PKPD,ID-DEFINED,TIME-DEFINED,DOSE-DEFINED,REGIMEN-FIXED,BIOANALYTICAL-FINAL,COVARIATE-BASELINE-ONLY,SUBJECT-LEVEL-COVARIATE,MULTI-CMT-DEFINED,REANALYSIS-NONE,STRUCTURED,ADC,PK_CONCENTRATION,,QUARANTINE,Q16,F24
eef8077915cf,AIC-PKPD,ID-DEFINED,TIME-DEFINED,DOSE-DEFINED,REGIMEN-FIXED,BIOANALYTICAL-FINAL,COVARIATE-BASELINE-ONLY,SUBJECT-LEVEL-COVARIATE,MULTI-CMT-DEFINED,REANALYSIS-NONE,SEMI-STRUCTURED-LEGACY-FLAG,ADC,PK_CONCENTRATION,TOTAL_ANTIBODY|CONJUGATED_ADC|UNCONJUGATED_PAYLOAD,QUARANTINE,Q15B,F24
715d893211ea,AIC-PKPD,ID-DEFINED,TIME-DEFINED,DOSE-DEFINED,REGIMEN-FIXED,BIOANALYTICAL-FINAL,COVARIATE-BASELINE-ONLY,SUBJECT-LEVEL-COVARIATE,MULTI-CMT-DEFINED,REANALYSIS-NONE,SEMI-STRUCTURED-LEGACY-FLAG,ADC,PK_CONCENTRATION,,QUARANTINE,Q16,F24
2a6b12a6445f,AIC-PKPD,ID-DEFINED,TIME-DEFINED,DOSE-DEFINED,REGIMEN-FIXED,BIOANALYTICAL-FINAL,COVARIATE-BASELINE-ONLY,SUBJECT-LEVEL-COVARIATE,DDI-VICTIM-PERPETRATOR,REANALYSIS-NONE,STRUCTURED,ADC,PK_CONCENTRATION,TOTAL_ANTIBODY|CONJUGATED_ADC|UNCONJUGATED_PAYLOAD,REPAIR,,F22
e233189925ec,AIC-PKPD,ID-DEFINED,TIME-DEFINED,DOSE-DEFINED,REGIMEN-FIXED,BIOANALYTICAL-FINAL,COVARIATE-BASELINE-ONLY,SUBJECT-LEVEL-COVARIATE,DDI-VICTIM-PERPETRATOR,REANALYSIS-NONE,STRUCTURED,ADC,PK_CONCENTRATION,,QUARANTINE,Q16,F22
01942c0db500,AIC-PKPD,ID-DEFINED,TIME-DEFINED,DOSE-DEFINED,REGIMEN-FIXED,BIOANALYTICAL-FINAL,COVARIATE-BASELINE-ONLY,SUBJECT-LEVEL-COVARIATE,DDI-VICTIM-PERPETRATOR,REANALYSIS-NONE,SEMI-STRUCTURED-LEGACY-FLAG,ADC,PK_CONCENTRATION,TOTAL_ANTIBODY|CONJUGATED_ADC|UNCONJUGATED_PAYLOAD,QUARANTINE,Q15B,F22
dc88e83c4686,AIC-PKPD,ID-DEFINED,TIME-DEFINED,DOSE-DEFINED,REGIMEN-FIXED,BIOANALYTICAL-FINAL,COVARIATE-BASELINE-ONLY,SUBJECT-LEVEL-COVARIATE,DDI-VICTIM-PERPETRATOR,REANALYSIS-NONE,SEMI-STRUCTURED-LEGACY-FLAG,ADC,PK_CONCENTRATION,,QUARANTINE,Q16,F22
1582173d6698,AIC-PKPD,ID-DEFINED,TIME-DEFINED,DOSE-DEFINED,REGIMEN-FIXED,BLQ-DEFINED-POLICY,COVARIATE-BASELINE-ONLY,SUBJECT-LEVEL-COVARIATE,SINGLE-ANALYTE,REANALYSIS-NONE,STRUCTURED,ADC,PK_CONCENTRATION,,REPAIR,,F01
86b8a4c7c44f,AIC-PKPD,ID-DEFINED,TIME-DEFINED,DOSE-DEFINED,REGIMEN-FIXED,BLQ-DEFINED-POLICY,COVARIATE-BASELINE-ONLY,SUBJECT-LEVEL-COVARIATE,SINGLE-ANALYTE,REANALYSIS-NONE,SEMI-STRUCTURED-LEGACY-FLAG,ADC,PK_CONCENTRATION,,QUARANTINE,Q15B,F01
9a1b675a6cde,AIC-PKPD,ID-DEFINED,TIME-DEFINED,DOSE-DEFINED,REGIMEN-FIXED,BLQ-DEFINED-POLICY,COVARIATE-BASELINE-ONLY,SUBJECT-LEVEL-COVARIATE,MULTI-CMT-DEFINED,REANALYSIS-NONE,STRUCTURED,ADC,PK_CONCENTRATION,TOTAL_ANTIBODY|CONJUGATED_ADC|UNCONJUGATED_PAYLOAD,REPAIR,,F24
2a12ac4367e9,AIC-PKPD,ID-DEFINED,TIME-DEFINED,DOSE-DEFINED,REGIMEN-FIXED,BLQ-DEFINED-POLICY,COVARIATE-BASELINE-ONLY,SUBJECT-LEVEL-COVARIATE,MULTI-CMT-DEFINED,REANALYSIS-NONE,STRUCTURED,ADC,PK_CONCENTRATION,,QUARANTINE,Q16,F24
af5d2d94d9ae,AIC-PKPD,ID-DEFINED,TIME-DEFINED,DOSE-DEFINED,REGIMEN-FIXED,BLQ-DEFINED-POLICY,COVARIATE-BASELINE-ONLY,SUBJECT-LEVEL-COVARIATE,MULTI-CMT-DEFINED,REANALYSIS-NONE,SEMI-STRUCTURED-LEGACY-FLAG,ADC,PK_CONCENTRATION,TOTAL_ANTIBODY|CONJUGATED_ADC|UNCONJUGATED_PAYLOAD,QUARANTINE,Q15B,F24
a1f3093f17e4,AIC-PKPD,ID-DEFINED,TIME-DEFINED,DOSE-DEFINED,REGIMEN-FIXED,BLQ-DEFINED-POLICY,COVARIATE-BASELINE-ONLY,SUBJECT-LEVEL-COVARIATE,MULTI-CMT-DEFINED,REANALYSIS-NONE,SEMI-STRUCTURED-LEGACY-FLAG,ADC,PK_CONCENTRATION,,QUARANTINE,Q16,F24
f89adf5d71e0,AIC-PKPD,ID-DEFINED,TIME-DEFINED,DOSE-DEFINED,REGIMEN-FIXED,BLQ-DEFINED-POLICY,COVARIATE-BASELINE-ONLY,SUBJECT-LEVEL-COVARIATE,DDI-VICTIM-PERPETRATOR,REANALYSIS-NONE,STRUCTURED,ADC,PK_CONCENTRATION,TOTAL_ANTIBODY|CONJUGATED_ADC|UNCONJUGATED_PAYLOAD,REPAIR,,F22
13fe4c1b6287,AIC-PKPD,ID-DEFINED,TIME-DEFINED,DOSE-DEFINED,REGIMEN-FIXED,BLQ-DEFINED-POLICY,COVARIATE-BASELINE-ONLY,SUBJECT-LEVEL-COVARIATE,DDI-VICTIM-PERPETRATOR,REANALYSIS-NONE,STRUCTURED,ADC,PK_CONCENTRATION,,QUARANTINE,Q16,F22
c920767b9a97,AIC-PKPD,ID-DEFINED,TIME-DEFINED,DOSE-DEFINED,REGIMEN-FIXED,BLQ-DEFINED-POLICY,COVARIATE-BASELINE-ONLY,SUBJECT-LEVEL-COVARIATE,DDI-VICTIM-PERPETRATOR,REANALYSIS-NONE,SEMI-STRUCTURED-LEGACY-FLAG,ADC,PK_CONCENTRATION,TOTAL_ANTIBODY|CONJUGATED_ADC|UNCONJUGATED_PAYLOAD,QUARANTINE,Q15B,F22
73e1ad2008fa,AIC-PKPD,ID-DEFINED,TIME-DEFINED,DOSE-DEFINED,REGIMEN-FIXED,BLQ-DEFINED-POLICY,COVARIATE-BASELINE-ONLY,SUBJECT-LEVEL-COVARIATE,DDI-VICTIM-PERPETRATOR,REANALYSIS-NONE,SEMI-STRUCTURED-LEGACY-FLAG,ADC,PK_CONCENTRATION,,QUARANTINE,Q16,F22
cb5e8a095db0,AIC-PKPD,ID-DEFINED,TIME-DEFINED,DOSE-DEFINED,REGIMEN-FIXED,BIOANALYTICAL-FINAL-FLAG-MISSING,COVARIATE-BASELINE-ONLY,SUBJECT-LEVEL-COVARIATE,SINGLE-ANALYTE,REANALYSIS-NONE,STRUCTURED,ADC,PK_CONCENTRATION,,QUARANTINE,Q15A,F01
d59bbc17a501,AIC-PKPD,ID-DEFINED,TIME-DEFINED,DOSE-DEFINED,REGIMEN-FIXED,BIOANALYTICAL-FINAL-FLAG-MISSING,COVARIATE-BASELINE-ONLY,SUBJECT-LEVEL-COVARIATE,SINGLE-ANALYTE,REANALYSIS-NONE,SEMI-STRUCTURED-LEGACY-FLAG,ADC,PK_CONCENTRATION,,QUARANTINE,Q15A,F01
a5f7aec027d6,AIC-PKPD,ID-DEFINED,TIME-DEFINED,DOSE-DEFINED,REGIMEN-FIXED,BIOANALYTICAL-FINAL-FLAG-MISSING,COVARIATE-BASELINE-ONLY,SUBJECT-LEVEL-COVARIATE,MULTI-CMT-DEFINED,REANALYSIS-NONE,STRUCTURED,ADC,PK_CONCENTRATION,TOTAL_ANTIBODY|CONJUGATED_ADC|UNCONJUGATED_PAYLOAD,QUARANTINE,Q15A,F24
d87b80626f20,AIC-PKPD,ID-DEFINED,TIME-DEFINED,DOSE-DEFINED,REGIMEN-FIXED,BIOANALYTICAL-FINAL-FLAG-MISSING,COVARIATE-BASELINE-ONLY,SUBJECT-LEVEL-COVARIATE,MULTI-CMT-DEFINED,REANALYSIS-NONE,STRUCTURED,ADC,PK_CONCENTRATION,,QUARANTINE,Q15A,F24
17e8db82f1fd,AIC-PKPD,ID-DEFINED,TIME-DEFINED,DOSE-DEFINED,REGIMEN-FIXED,BIOANALYTICAL-FINAL-FLAG-MISSING,COVARIATE-BASELINE-ONLY,SUBJECT-LEVEL-COVARIATE,MULTI-CMT-DEFINED,REANALYSIS-NONE,SEMI-STRUCTURED-LEGACY-FLAG,ADC,PK_CONCENTRATION,TOTAL_ANTIBODY|CONJUGATED_ADC|UNCONJUGATED_PAYLOAD,QUARANTINE,Q15A,F24
6376ba04da2b,AIC-PKPD,ID-DEFINED,TIME-DEFINED,DOSE-DEFINED,REGIMEN-FIXED,BIOANALYTICAL-FINAL-FLAG-MISSING,COVARIATE-BASELINE-ONLY,SUBJECT-LEVEL-COVARIATE,MULTI-CMT-DEFINED,REANALYSIS-NONE,SEMI-STRUCTURED-LEGACY-FLAG,ADC,PK_CONCENTRATION,,QUARANTINE,Q15A,F24
b120200aacf2,AIC-PKPD,ID-DEFINED,TIME-DEFINED,DOSE-DEFINED,REGIMEN-FIXED,BIOANALYTICAL-FINAL-FLAG-MISSING,COVARIATE-BASELINE-ONLY,SUBJECT-LEVEL-COVARIATE,DDI-VICTIM-PERPETRATOR,REANALYSIS-NONE,STRUCTURED,ADC,PK_CONCENTRATION,TOTAL_ANTIBODY|CONJUGATED_ADC|UNCONJUGATED_PAYLOAD,QUARANTINE,Q15A,F22
c8000440c0e6,AIC-PKPD,ID-DEFINED,TIME-DEFINED,DOSE-DEFINED,REGIMEN-FIXED,BIOANALYTICAL-FINAL-FLAG-MISSING,COVARIATE-BASELINE-ONLY,SUBJECT-LEVEL-COVARIATE,DDI-VICTIM-PERPETRATOR,REANALYSIS-NONE,STRUCTURED,ADC,PK_CONCENTRATION,,QUARANTINE,Q15A,F22
630d53d18504,AIC-PKPD,ID-DEFINED,TIME-DEFINED,DOSE-DEFINED,REGIMEN-FIXED,BIOANALYTICAL-FINAL-FLAG-MISSING,COVARIATE-BASELINE-ONLY,SUBJECT-LEVEL-COVARIATE,DDI-VICTIM-PERPETRATOR,REANALYSIS-NONE,SEMI-STRUCTURED-LEGACY-FLAG,ADC,PK_CONCENTRATION,TOTAL_ANTIBODY|CONJUGATED_ADC|UNCONJUGATED_PAYLOAD,QUARANTINE,Q15A,F22
e1f2b7255c59,AIC-PKPD,ID-DEFINED,TIME-DEFINED,DOSE-DEFINED,REGIMEN-FIXED,BIOANALYTICAL-FINAL-FLAG-MISSING,COVARIATE-BASELINE-ONLY,SUBJECT-LEVEL-COVARIATE,DDI-VICTIM-PERPETRATOR,REANALYSIS-NONE,SEMI-STRUCTURED-LEGACY-FLAG,ADC,PK_CONCENTRATION,,QUARANTINE,Q15A,F22
874a9dcb6736,AIC-PKPD,ID-DEFINED,TIME-DEFINED,DOSE-DEFINED,ADDL-ACTUAL-CONFLICT,BIOANALYTICAL-FINAL,COVARIATE-BASELINE-ONLY,SUBJECT-LEVEL-COVARIATE,SINGLE-ANALYTE,REANALYSIS-NONE,STRUCTURED,ADC,PK_CONCENTRATION,,AUTO,,F01
ac0fc1cebb81,AIC-PKPD,ID-DEFINED,TIME-DEFINED,DOSE-DEFINED,ADDL-ACTUAL-CONFLICT,BIOANALYTICAL-FINAL,COVARIATE-BASELINE-ONLY,SUBJECT-LEVEL-COVARIATE,SINGLE-ANALYTE,REANALYSIS-NONE,SEMI-STRUCTURED-LEGACY-FLAG,ADC,PK_CONCENTRATION,,QUARANTINE,Q15B,F01
00a02a9242cd,AIC-PKPD,ID-DEFINED,TIME-DEFINED,DOSE-DEFINED,ADDL-ACTUAL-CONFLICT,BIOANALYTICAL-FINAL,COVARIATE-BASELINE-ONLY,SUBJECT-LEVEL-COVARIATE,MULTI-CMT-DEFINED,REANALYSIS-NONE,STRUCTURED,ADC,PK_CONCENTRATION,TOTAL_ANTIBODY|CONJUGATED_ADC|UNCONJUGATED_PAYLOAD,REPAIR,,F24
0b0407d53a87,AIC-PKPD,ID-DEFINED,TIME-DEFINED,DOSE-DEFINED,ADDL-ACTUAL-CONFLICT,BIOANALYTICAL-FINAL,COVARIATE-BASELINE-ONLY,SUBJECT-LEVEL-COVARIATE,MULTI-CMT-DEFINED,REANALYSIS-NONE,STRUCTURED,ADC,PK_CONCENTRATION,,QUARANTINE,Q16,F24
5da0d388d3f5,AIC-PKPD,ID-DEFINED,TIME-DEFINED,DOSE-DEFINED,ADDL-ACTUAL-CONFLICT,BIOANALYTICAL-FINAL,COVARIATE-BASELINE-ONLY,SUBJECT-LEVEL-COVARIATE,MULTI-CMT-DEFINED,REANALYSIS-NONE,SEMI-STRUCTURED-LEGACY-FLAG,ADC,PK_CONCENTRATION,TOTAL_ANTIBODY|CONJUGATED_ADC|UNCONJUGATED_PAYLOAD,QUARANTINE,Q15B,F24
0986f66f3683,AIC-PKPD,ID-DEFINED,TIME-DEFINED,DOSE-DEFINED,ADDL-ACTUAL-CONFLICT,BIOANALYTICAL-FINAL,COVARIATE-BASELINE-ONLY,SUBJECT-LEVEL-COVARIATE,MULTI-CMT-DEFINED,REANALYSIS-NONE,SEMI-STRUCTURED-LEGACY-FLAG,ADC,PK_CONCENTRATION,,QUARANTINE,Q16,F24
26cd43656fce,AIC-PKPD,ID-DEFINED,TIME-DEFINED,DOSE-DEFINED,ADDL-ACTUAL-CONFLICT,BIOANALYTICAL-FINAL,COVARIATE-BASELINE-ONLY,SUBJECT-LEVEL-COVARIATE,DDI-VICTIM-PERPETRATOR,REANALYSIS-NONE,STRUCTURED,ADC,PK_CONCENTRATION,TOTAL_ANTIBODY|CONJUGATED_ADC|UNCONJUGATED_PAYLOAD,REPAIR,,F22
7abb8635bc2e,AIC-PKPD,ID-DEFINED,TIME-DEFINED,DOSE-DEFINED,ADDL-ACTUAL-CONFLICT,BIOANALYTICAL-FINAL,COVARIATE-BASELINE-ONLY,SUBJECT-LEVEL-COVARIATE,DDI-VICTIM-PERPETRATOR,REANALYSIS-NONE,STRUCTURED,ADC,PK_CONCENTRATION,,QUARANTINE,Q16,F22
308af9632e65,AIC-PKPD,ID-DEFINED,TIME-DEFINED,DOSE-DEFINED,ADDL-ACTUAL-CONFLICT,BIOANALYTICAL-FINAL,COVARIATE-BASELINE-ONLY,SUBJECT-LEVEL-COVARIATE,DDI-VICTIM-PERPETRATOR,REANALYSIS-NONE,SEMI-STRUCTURED-LEGACY-FLAG,ADC,PK_CONCENTRATION,TOTAL_ANTIBODY|CONJUGATED_ADC|UNCONJUGATED_PAYLOAD,QUARANTINE,Q15B,F22
b1c04f031034,AIC-PKPD,ID-DEFINED,TIME-DEFINED,DOSE-DEFINED,ADDL-ACTUAL-CONFLICT,BIOANALYTICAL-FINAL,COVARIATE-BASELINE-ONLY,SUBJECT-LEVEL-COVARIATE,DDI-VICTIM-PERPETRATOR,REANALYSIS-NONE,SEMI-STRUCTURED-LEGACY-FLAG,ADC,PK_CONCENTRATION,,QUARANTINE,Q16,F22
8cfb27d33a0a,AIC-PKPD,ID-DEFINED,TIME-DEFINED,DOSE-DEFINED,ADDL-ACTUAL-CONFLICT,BLQ-DEFINED-POLICY,COVARIATE-BASELINE-ONLY,SUBJECT-LEVEL-COVARIATE,SINGLE-ANALYTE,REANALYSIS-NONE,STRUCTURED,ADC,PK_CONCENTRATION,,REPAIR,,F01
9310fb01923e,AIC-PKPD,ID-DEFINED,TIME-DEFINED,DOSE-DEFINED,ADDL-ACTUAL-CONFLICT,BLQ-DEFINED-POLICY,COVARIATE-BASELINE-ONLY,SUBJECT-LEVEL-COVARIATE,SINGLE-ANALYTE,REANALYSIS-NONE,SEMI-STRUCTURED-LEGACY-FLAG,ADC,PK_CONCENTRATION,,QUARANTINE,Q15B,F01
45adf81821d6,AIC-PKPD,ID-DEFINED,TIME-DEFINED,DOSE-DEFINED,ADDL-ACTUAL-CONFLICT,BLQ-DEFINED-POLICY,COVARIATE-BASELINE-ONLY,SUBJECT-LEVEL-COVARIATE,MULTI-CMT-DEFINED,REANALYSIS-NONE,STRUCTURED,ADC,PK_CONCENTRATION,TOTAL_ANTIBODY|CONJUGATED_ADC|UNCONJUGATED_PAYLOAD,REPAIR,,F24
34ca72f42a18,AIC-PKPD,ID-DEFINED,TIME-DEFINED,DOSE-DEFINED,ADDL-ACTUAL-CONFLICT,BLQ-DEFINED-POLICY,COVARIATE-BASELINE-ONLY,SUBJECT-LEVEL-COVARIATE,MULTI-CMT-DEFINED,REANALYSIS-NONE,STRUCTURED,ADC,PK_CONCENTRATION,,QUARANTINE,Q16,F24
bff70457c269,AIC-PKPD,ID-DEFINED,TIME-DEFINED,DOSE-DEFINED,ADDL-ACTUAL-CONFLICT,BLQ-DEFINED-POLICY,COVARIATE-BASELINE-ONLY,SUBJECT-LEVEL-COVARIATE,MULTI-CMT-DEFINED,REANALYSIS-NONE,SEMI-STRUCTURED-LEGACY-FLAG,ADC,PK_CONCENTRATION,TOTAL_ANTIBODY|CONJUGATED_ADC|UNCONJUGATED_PAYLOAD,QUARANTINE,Q15B,F24
cd3d59fbd5f9,AIC-PKPD,ID-DEFINED,TIME-DEFINED,DOSE-DEFINED,ADDL-ACTUAL-CONFLICT,BLQ-DEFINED-POLICY,COVARIATE-BASELINE-ONLY,SUBJECT-LEVEL-COVARIATE,MULTI-CMT-DEFINED,REANALYSIS-NONE,SEMI-STRUCTURED-LEGACY-FLAG,ADC,PK_CONCENTRATION,,QUARANTINE,Q16,F24
b08b62745655,AIC-PKPD,ID-DEFINED,TIME-DEFINED,DOSE-DEFINED,ADDL-ACTUAL-CONFLICT,BLQ-DEFINED-POLICY,COVARIATE-BASELINE-ONLY,SUBJECT-LEVEL-COVARIATE,DDI-VICTIM-PERPETRATOR,REANALYSIS-NONE,STRUCTURED,ADC,PK_CONCENTRATION,TOTAL_ANTIBODY|CONJUGATED_ADC|UNCONJUGATED_PAYLOAD,REPAIR,,F22
2db861faac31,AIC-PKPD,ID-DEFINED,TIME-DEFINED,DOSE-DEFINED,ADDL-ACTUAL-CONFLICT,BLQ-DEFINED-POLICY,COVARIATE-BASELINE-ONLY,SUBJECT-LEVEL-COVARIATE,DDI-VICTIM-PERPETRATOR,REANALYSIS-NONE,STRUCTURED,ADC,PK_CONCENTRATION,,QUARANTINE,Q16,F22
7821c4bff99a,AIC-PKPD,ID-DEFINED,TIME-DEFINED,DOSE-DEFINED,ADDL-ACTUAL-CONFLICT,BLQ-DEFINED-POLICY,COVARIATE-BASELINE-ONLY,SUBJECT-LEVEL-COVARIATE,DDI-VICTIM-PERPETRATOR,REANALYSIS-NONE,SEMI-STRUCTURED-LEGACY-FLAG,ADC,PK_CONCENTRATION,TOTAL_ANTIBODY|CONJUGATED_ADC|UNCONJUGATED_PAYLOAD,QUARANTINE,Q15B,F22
04738b2e4bb1,AIC-PKPD,ID-DEFINED,TIME-DEFINED,DOSE-DEFINED,ADDL-ACTUAL-CONFLICT,BLQ-DEFINED-POLICY,COVARIATE-BASELINE-ONLY,SUBJECT-LEVEL-COVARIATE,DDI-VICTIM-PERPETRATOR,REANALYSIS-NONE,SEMI-STRUCTURED-LEGACY-FLAG,ADC,PK_CONCENTRATION,,QUARANTINE,Q16,F22
41adba7a1463,AIC-PKPD,ID-DEFINED,TIME-DEFINED,DOSE-DEFINED,ADDL-ACTUAL-CONFLICT,BIOANALYTICAL-FINAL-FLAG-MISSING,COVARIATE-BASELINE-ONLY,SUBJECT-LEVEL-COVARIATE,SINGLE-ANALYTE,REANALYSIS-NONE,STRUCTURED,ADC,PK_CONCENTRATION,,QUARANTINE,Q15A,F01
6fb8b6732a7a,AIC-PKPD,ID-DEFINED,TIME-DEFINED,DOSE-DEFINED,ADDL-ACTUAL-CONFLICT,BIOANALYTICAL-FINAL-FLAG-MISSING,COVARIATE-BASELINE-ONLY,SUBJECT-LEVEL-COVARIATE,SINGLE-ANALYTE,REANALYSIS-NONE,SEMI-STRUCTURED-LEGACY-FLAG,ADC,PK_CONCENTRATION,,QUARANTINE,Q15A,F01
688c89d0906d,AIC-PKPD,ID-DEFINED,TIME-DEFINED,DOSE-DEFINED,ADDL-ACTUAL-CONFLICT,BIOANALYTICAL-FINAL-FLAG-MISSING,COVARIATE-BASELINE-ONLY,SUBJECT-LEVEL-COVARIATE,MULTI-CMT-DEFINED,REANALYSIS-NONE,STRUCTURED,ADC,PK_CONCENTRATION,TOTAL_ANTIBODY|CONJUGATED_ADC|UNCONJUGATED_PAYLOAD,QUARANTINE,Q15A,F24
cf163cbfc19f,AIC-PKPD,ID-DEFINED,TIME-DEFINED,DOSE-DEFINED,ADDL-ACTUAL-CONFLICT,BIOANALYTICAL-FINAL-FLAG-MISSING,COVARIATE-BASELINE-ONLY,SUBJECT-LEVEL-COVARIATE,MULTI-CMT-DEFINED,REANALYSIS-NONE,STRUCTURED,ADC,PK_CONCENTRATION,,QUARANTINE,Q15A,F24
4ca4f43366ea,AIC-PKPD,ID-DEFINED,TIME-DEFINED,DOSE-DEFINED,ADDL-ACTUAL-CONFLICT,BIOANALYTICAL-FINAL-FLAG-MISSING,COVARIATE-BASELINE-ONLY,SUBJECT-LEVEL-COVARIATE,MULTI-CMT-DEFINED,REANALYSIS-NONE,SEMI-STRUCTURED-LEGACY-FLAG,ADC,PK_CONCENTRATION,TOTAL_ANTIBODY|CONJUGATED_ADC|UNCONJUGATED_PAYLOAD,QUARANTINE,Q15A,F24
fed06a26ebcf,AIC-PKPD,ID-DEFINED,TIME-DEFINED,DOSE-DEFINED,ADDL-ACTUAL-CONFLICT,BIOANALYTICAL-FINAL-FLAG-MISSING,COVARIATE-BASELINE-ONLY,SUBJECT-LEVEL-COVARIATE,MULTI-CMT-DEFINED,REANALYSIS-NONE,SEMI-STRUCTURED-LEGACY-FLAG,ADC,PK_CONCENTRATION,,QUARANTINE,Q15A,F24
dcfd9efe5928,AIC-PKPD,ID-DEFINED,TIME-DEFINED,DOSE-DEFINED,ADDL-ACTUAL-CONFLICT,BIOANALYTICAL-FINAL-FLAG-MISSING,COVARIATE-BASELINE-ONLY,SUBJECT-LEVEL-COVARIATE,DDI-VICTIM-PERPETRATOR,REANALYSIS-NONE,STRUCTURED,ADC,PK_CONCENTRATION,TOTAL_ANTIBODY|CONJUGATED_ADC|UNCONJUGATED_PAYLOAD,QUARANTINE,Q15A,F22
e77fa775f319,AIC-PKPD,ID-DEFINED,TIME-DEFINED,DOSE-DEFINED,ADDL-ACTUAL-CONFLICT,BIOANALYTICAL-FINAL-FLAG-MISSING,COVARIATE-BASELINE-ONLY,SUBJECT-LEVEL-COVARIATE,DDI-VICTIM-PERPETRATOR,REANALYSIS-NONE,STRUCTURED,ADC,PK_CONCENTRATION,,QUARANTINE,Q15A,F22
f24e165e4ee7,AIC-PKPD,ID-DEFINED,TIME-DEFINED,DOSE-DEFINED,ADDL-ACTUAL-CONFLICT,BIOANALYTICAL-FINAL-FLAG-MISSING,COVARIATE-BASELINE-ONLY,SUBJECT-LEVEL-COVARIATE,DDI-VICTIM-PERPETRATOR,REANALYSIS-NONE,SEMI-STRUCTURED-LEGACY-FLAG,ADC,PK_CONCENTRATION,TOTAL_ANTIBODY|CONJUGATED_ADC|UNCONJUGATED_PAYLOAD,QUARANTINE,Q15A,F22
89a35cefca21,AIC-PKPD,ID-DEFINED,TIME-DEFINED,DOSE-DEFINED,ADDL-ACTUAL-CONFLICT,BIOANALYTICAL-FINAL-FLAG-MISSING,COVARIATE-BASELINE-ONLY,SUBJECT-LEVEL-COVARIATE,DDI-VICTIM-PERPETRATOR,REANALYSIS-NONE,SEMI-STRUCTURED-LEGACY-FLAG,ADC,PK_CONCENTRATION,,QUARANTINE,Q15A,F22
9807524c0d22,AIC-PKPD,ID-DEFINED,TIME-DEFINED,DOSE-DEFINED,REGIMEN-FIXED,BIOANALYTICAL-FINAL,COVARIATE-BASELINE-ONLY,SUBJECT-LEVEL-COVARIATE,SINGLE-ANALYTE,REANALYSIS-NONE,STRUCTURED,BISPECIFIC,PK_CONCENTRATION,,AUTO,,F01
34b92aa32aa6,AIC-PKPD,ID-DEFINED,TIME-DEFINED,DOSE-DEFINED,REGIMEN-FIXED,BIOANALYTICAL-FINAL,COVARIATE-BASELINE-ONLY,SUBJECT-LEVEL-COVARIATE,SINGLE-ANALYTE,REANALYSIS-NONE,SEMI-STRUCTURED-LEGACY-FLAG,BISPECIFIC,PK_CONCENTRATION,,QUARANTINE,Q15B,F01
653e3ab0d3c7,AIC-PKPD,ID-DEFINED,TIME-DEFINED,DOSE-DEFINED,REGIMEN-FIXED,BIOANALYTICAL-FINAL,COVARIATE-BASELINE-ONLY,SUBJECT-LEVEL-COVARIATE,MULTI-CMT-DEFINED,REANALYSIS-NONE,STRUCTURED,BISPECIFIC,PK_CONCENTRATION,PARENT|SOLUBLE_TARGET|DRUG_TARGET_COMPLEX,REPAIR,,F25
854ab969dd95,AIC-PKPD,ID-DEFINED,TIME-DEFINED,DOSE-DEFINED,REGIMEN-FIXED,BIOANALYTICAL-FINAL,COVARIATE-BASELINE-ONLY,SUBJECT-LEVEL-COVARIATE,MULTI-CMT-DEFINED,REANALYSIS-NONE,STRUCTURED,BISPECIFIC,PK_CONCENTRATION,,QUARANTINE,Q16,F25
10fbb56b055b,AIC-PKPD,ID-DEFINED,TIME-DEFINED,DOSE-DEFINED,REGIMEN-FIXED,BIOANALYTICAL-FINAL,COVARIATE-BASELINE-ONLY,SUBJECT-LEVEL-COVARIATE,MULTI-CMT-DEFINED,REANALYSIS-NONE,SEMI-STRUCTURED-LEGACY-FLAG,BISPECIFIC,PK_CONCENTRATION,PARENT|SOLUBLE_TARGET|DRUG_TARGET_COMPLEX,QUARANTINE,Q15B,F25
2e885f6b5933,AIC-PKPD,ID-DEFINED,TIME-DEFINED,DOSE-DEFINED,REGIMEN-FIXED,BIOANALYTICAL-FINAL,COVARIATE-BASELINE-ONLY,SUBJECT-LEVEL-COVARIATE,MULTI-CMT-DEFINED,REANALYSIS-NONE,SEMI-STRUCTURED-LEGACY-FLAG,BISPECIFIC,PK_CONCENTRATION,,QUARANTINE,Q16,F25
5021d5039db4,AIC-PKPD,ID-DEFINED,TIME-DEFINED,DOSE-DEFINED,REGIMEN-FIXED,BIOANALYTICAL-FINAL,COVARIATE-BASELINE-ONLY,SUBJECT-LEVEL-COVARIATE,DDI-VICTIM-PERPETRATOR,REANALYSIS-NONE,STRUCTURED,BISPECIFIC,PK_CONCENTRATION,PARENT|SOLUBLE_TARGET|DRUG_TARGET_COMPLEX,REPAIR,,F22
9369f2579cff,AIC-PKPD,ID-DEFINED,TIME-DEFINED,DOSE-DEFINED,REGIMEN-FIXED,BIOANALYTICAL-FINAL,COVARIATE-BASELINE-ONLY,SUBJECT-LEVEL-COVARIATE,DDI-VICTIM-PERPETRATOR,REANALYSIS-NONE,STRUCTURED,BISPECIFIC,PK_CONCENTRATION,,QUARANTINE,Q16,F22
6fb5210ad879,AIC-PKPD,ID-DEFINED,TIME-DEFINED,DOSE-DEFINED,REGIMEN-FIXED,BIOANALYTICAL-FINAL,COVARIATE-BASELINE-ONLY,SUBJECT-LEVEL-COVARIATE,DDI-VICTIM-PERPETRATOR,REANALYSIS-NONE,SEMI-STRUCTURED-LEGACY-FLAG,BISPECIFIC,PK_CONCENTRATION,PARENT|SOLUBLE_TARGET|DRUG_TARGET_COMPLEX,QUARANTINE,Q15B,F22
c73a5bc5257c,AIC-PKPD,ID-DEFINED,TIME-DEFINED,DOSE-DEFINED,REGIMEN-FIXED,BIOANALYTICAL-FINAL,COVARIATE-BASELINE-ONLY,SUBJECT-LEVEL-COVARIATE,DDI-VICTIM-PERPETRATOR,REANALYSIS-NONE,SEMI-STRUCTURED-LEGACY-FLAG,BISPECIFIC,PK_CONCENTRATION,,QUARANTINE,Q16,F22
5ff0e792f827,AIC-PKPD,ID-DEFINED,TIME-DEFINED,DOSE-DEFINED,REGIMEN-FIXED,BLQ-DEFINED-POLICY,COVARIATE-BASELINE-ONLY,SUBJECT-LEVEL-COVARIATE,SINGLE-ANALYTE,REANALYSIS-NONE,STRUCTURED,BISPECIFIC,PK_CONCENTRATION,,REPAIR,,F01
cac8793f8855,AIC-PKPD,ID-DEFINED,TIME-DEFINED,DOSE-DEFINED,REGIMEN-FIXED,BLQ-DEFINED-POLICY,COVARIATE-BASELINE-ONLY,SUBJECT-LEVEL-COVARIATE,SINGLE-ANALYTE,REANALYSIS-NONE,SEMI-STRUCTURED-LEGACY-FLAG,BISPECIFIC,PK_CONCENTRATION,,QUARANTINE,Q15B,F01
1b0a296ff38a,AIC-PKPD,ID-DEFINED,TIME-DEFINED,DOSE-DEFINED,REGIMEN-FIXED,BLQ-DEFINED-POLICY,COVARIATE-BASELINE-ONLY,SUBJECT-LEVEL-COVARIATE,MULTI-CMT-DEFINED,REANALYSIS-NONE,STRUCTURED,BISPECIFIC,PK_CONCENTRATION,PARENT|SOLUBLE_TARGET|DRUG_TARGET_COMPLEX,REPAIR,,F25
3c7f80a090ad,AIC-PKPD,ID-DEFINED,TIME-DEFINED,DOSE-DEFINED,REGIMEN-FIXED,BLQ-DEFINED-POLICY,COVARIATE-BASELINE-ONLY,SUBJECT-LEVEL-COVARIATE,MULTI-CMT-DEFINED,REANALYSIS-NONE,STRUCTURED,BISPECIFIC,PK_CONCENTRATION,,QUARANTINE,Q16,F25
11703630b574,AIC-PKPD,ID-DEFINED,TIME-DEFINED,DOSE-DEFINED,REGIMEN-FIXED,BLQ-DEFINED-POLICY,COVARIATE-BASELINE-ONLY,SUBJECT-LEVEL-COVARIATE,MULTI-CMT-DEFINED,REANALYSIS-NONE,SEMI-STRUCTURED-LEGACY-FLAG,BISPECIFIC,PK_CONCENTRATION,PARENT|SOLUBLE_TARGET|DRUG_TARGET_COMPLEX,QUARANTINE,Q15B,F25
3e73ed010d28,AIC-PKPD,ID-DEFINED,TIME-DEFINED,DOSE-DEFINED,REGIMEN-FIXED,BLQ-DEFINED-POLICY,COVARIATE-BASELINE-ONLY,SUBJECT-LEVEL-COVARIATE,MULTI-CMT-DEFINED,REANALYSIS-NONE,SEMI-STRUCTURED-LEGACY-FLAG,BISPECIFIC,PK_CONCENTRATION,,QUARANTINE,Q16,F25
e1601bc6f418,AIC-PKPD,ID-DEFINED,TIME-DEFINED,DOSE-DEFINED,REGIMEN-FIXED,BLQ-DEFINED-POLICY,COVARIATE-BASELINE-ONLY,SUBJECT-LEVEL-COVARIATE,DDI-VICTIM-PERPETRATOR,REANALYSIS-NONE,STRUCTURED,BISPECIFIC,PK_CONCENTRATION,PARENT|SOLUBLE_TARGET|DRUG_TARGET_COMPLEX,REPAIR,,F22
a822f6e066e9,AIC-PKPD,ID-DEFINED,TIME-DEFINED,DOSE-DEFINED,REGIMEN-FIXED,BLQ-DEFINED-POLICY,COVARIATE-BASELINE-ONLY,SUBJECT-LEVEL-COVARIATE,DDI-VICTIM-PERPETRATOR,REANALYSIS-NONE,STRUCTURED,BISPECIFIC,PK_CONCENTRATION,,QUARANTINE,Q16,F22
e6bb9df5bd89,AIC-PKPD,ID-DEFINED,TIME-DEFINED,DOSE-DEFINED,REGIMEN-FIXED,BLQ-DEFINED-POLICY,COVARIATE-BASELINE-ONLY,SUBJECT-LEVEL-COVARIATE,DDI-VICTIM-PERPETRATOR,REANALYSIS-NONE,SEMI-STRUCTURED-LEGACY-FLAG,BISPECIFIC,PK_CONCENTRATION,PARENT|SOLUBLE_TARGET|DRUG_TARGET_COMPLEX,QUARANTINE,Q15B,F22
dcb722333592,AIC-PKPD,ID-DEFINED,TIME-DEFINED,DOSE-DEFINED,REGIMEN-FIXED,BLQ-DEFINED-POLICY,COVARIATE-BASELINE-ONLY,SUBJECT-LEVEL-COVARIATE,DDI-VICTIM-PERPETRATOR,REANALYSIS-NONE,SEMI-STRUCTURED-LEGACY-FLAG,BISPECIFIC,PK_CONCENTRATION,,QUARANTINE,Q16,F22
0d3febceaea1,AIC-PKPD,ID-DEFINED,TIME-DEFINED,DOSE-DEFINED,REGIMEN-FIXED,BIOANALYTICAL-FINAL-FLAG-MISSING,COVARIATE-BASELINE-ONLY,SUBJECT-LEVEL-COVARIATE,SINGLE-ANALYTE,REANALYSIS-NONE,STRUCTURED,BISPECIFIC,PK_CONCENTRATION,,QUARANTINE,Q15A,F01
fb44b0b353ec,AIC-PKPD,ID-DEFINED,TIME-DEFINED,DOSE-DEFINED,REGIMEN-FIXED,BIOANALYTICAL-FINAL-FLAG-MISSING,COVARIATE-BASELINE-ONLY,SUBJECT-LEVEL-COVARIATE,SINGLE-ANALYTE,REANALYSIS-NONE,SEMI-STRUCTURED-LEGACY-FLAG,BISPECIFIC,PK_CONCENTRATION,,QUARANTINE,Q15A,F01
86b01dd09434,AIC-PKPD,ID-DEFINED,TIME-DEFINED,DOSE-DEFINED,REGIMEN-FIXED,BIOANALYTICAL-FINAL-FLAG-MISSING,COVARIATE-BASELINE-ONLY,SUBJECT-LEVEL-COVARIATE,MULTI-CMT-DEFINED,REANALYSIS-NONE,STRUCTURED,BISPECIFIC,PK_CONCENTRATION,PARENT|SOLUBLE_TARGET|DRUG_TARGET_COMPLEX,QUARANTINE,Q15A,F25
3027cfe3863e,AIC-PKPD,ID-DEFINED,TIME-DEFINED,DOSE-DEFINED,REGIMEN-FIXED,BIOANALYTICAL-FINAL-FLAG-MISSING,COVARIATE-BASELINE-ONLY,SUBJECT-LEVEL-COVARIATE,MULTI-CMT-DEFINED,REANALYSIS-NONE,STRUCTURED,BISPECIFIC,PK_CONCENTRATION,,QUARANTINE,Q15A,F25
82d64fee9878,AIC-PKPD,ID-DEFINED,TIME-DEFINED,DOSE-DEFINED,REGIMEN-FIXED,BIOANALYTICAL-FINAL-FLAG-MISSING,COVARIATE-BASELINE-ONLY,SUBJECT-LEVEL-COVARIATE,MULTI-CMT-DEFINED,REANALYSIS-NONE,SEMI-STRUCTURED-LEGACY-FLAG,BISPECIFIC,PK_CONCENTRATION,PARENT|SOLUBLE_TARGET|DRUG_TARGET_COMPLEX,QUARANTINE,Q15A,F25
a7c02add4601,AIC-PKPD,ID-DEFINED,TIME-DEFINED,DOSE-DEFINED,REGIMEN-FIXED,BIOANALYTICAL-FINAL-FLAG-MISSING,COVARIATE-BASELINE-ONLY,SUBJECT-LEVEL-COVARIATE,MULTI-CMT-DEFINED,REANALYSIS-NONE,SEMI-STRUCTURED-LEGACY-FLAG,BISPECIFIC,PK_CONCENTRATION,,QUARANTINE,Q15A,F25
c33fad01e053,AIC-PKPD,ID-DEFINED,TIME-DEFINED,DOSE-DEFINED,REGIMEN-FIXED,BIOANALYTICAL-FINAL-FLAG-MISSING,COVARIATE-BASELINE-ONLY,SUBJECT-LEVEL-COVARIATE,DDI-VICTIM-PERPETRATOR,REANALYSIS-NONE,STRUCTURED,BISPECIFIC,PK_CONCENTRATION,PARENT|SOLUBLE_TARGET|DRUG_TARGET_COMPLEX,QUARANTINE,Q15A,F22
184cba5db8b1,AIC-PKPD,ID-DEFINED,TIME-DEFINED,DOSE-DEFINED,REGIMEN-FIXED,BIOANALYTICAL-FINAL-FLAG-MISSING,COVARIATE-BASELINE-ONLY,SUBJECT-LEVEL-COVARIATE,DDI-VICTIM-PERPETRATOR,REANALYSIS-NONE,STRUCTURED,BISPECIFIC,PK_CONCENTRATION,,QUARANTINE,Q15A,F22
4293d3375f26,AIC-PKPD,ID-DEFINED,TIME-DEFINED,DOSE-DEFINED,REGIMEN-FIXED,BIOANALYTICAL-FINAL-FLAG-MISSING,COVARIATE-BASELINE-ONLY,SUBJECT-LEVEL-COVARIATE,DDI-VICTIM-PERPETRATOR,REANALYSIS-NONE,SEMI-STRUCTURED-LEGACY-FLAG,BISPECIFIC,PK_CONCENTRATION,PARENT|SOLUBLE_TARGET|DRUG_TARGET_COMPLEX,QUARANTINE,Q15A,F22
f55d04f32b68,AIC-PKPD,ID-DEFINED,TIME-DEFINED,DOSE-DEFINED,REGIMEN-FIXED,BIOANALYTICAL-FINAL-FLAG-MISSING,COVARIATE-BASELINE-ONLY,SUBJECT-LEVEL-COVARIATE,DDI-VICTIM-PERPETRATOR,REANALYSIS-NONE,SEMI-STRUCTURED-LEGACY-FLAG,BISPECIFIC,PK_CONCENTRATION,,QUARANTINE,Q15A,F22
d15bbdce024c,AIC-PKPD,ID-DEFINED,TIME-DEFINED,DOSE-DEFINED,ADDL-ACTUAL-CONFLICT,BIOANALYTICAL-FINAL,COVARIATE-BASELINE-ONLY,SUBJECT-LEVEL-COVARIATE,SINGLE-ANALYTE,REANALYSIS-NONE,STRUCTURED,BISPECIFIC,PK_CONCENTRATION,,AUTO,,F01
17e3ed0a9134,AIC-PKPD,ID-DEFINED,TIME-DEFINED,DOSE-DEFINED,ADDL-ACTUAL-CONFLICT,BIOANALYTICAL-FINAL,COVARIATE-BASELINE-ONLY,SUBJECT-LEVEL-COVARIATE,SINGLE-ANALYTE,REANALYSIS-NONE,SEMI-STRUCTURED-LEGACY-FLAG,BISPECIFIC,PK_CONCENTRATION,,QUARANTINE,Q15B,F01
155d8d2cdd9b,AIC-PKPD,ID-DEFINED,TIME-DEFINED,DOSE-DEFINED,ADDL-ACTUAL-CONFLICT,BIOANALYTICAL-FINAL,COVARIATE-BASELINE-ONLY,SUBJECT-LEVEL-COVARIATE,MULTI-CMT-DEFINED,REANALYSIS-NONE,STRUCTURED,BISPECIFIC,PK_CONCENTRATION,PARENT|SOLUBLE_TARGET|DRUG_TARGET_COMPLEX,REPAIR,,F25
fe5b95bf89d3,AIC-PKPD,ID-DEFINED,TIME-DEFINED,DOSE-DEFINED,ADDL-ACTUAL-CONFLICT,BIOANALYTICAL-FINAL,COVARIATE-BASELINE-ONLY,SUBJECT-LEVEL-COVARIATE,MULTI-CMT-DEFINED,REANALYSIS-NONE,STRUCTURED,BISPECIFIC,PK_CONCENTRATION,,QUARANTINE,Q16,F25
ec7f4b2e7ecf,AIC-PKPD,ID-DEFINED,TIME-DEFINED,DOSE-DEFINED,ADDL-ACTUAL-CONFLICT,BIOANALYTICAL-FINAL,COVARIATE-BASELINE-ONLY,SUBJECT-LEVEL-COVARIATE,MULTI-CMT-DEFINED,REANALYSIS-NONE,SEMI-STRUCTURED-LEGACY-FLAG,BISPECIFIC,PK_CONCENTRATION,PARENT|SOLUBLE_TARGET|DRUG_TARGET_COMPLEX,QUARANTINE,Q15B,F25
843237a20002,AIC-PKPD,ID-DEFINED,TIME-DEFINED,DOSE-DEFINED,ADDL-ACTUAL-CONFLICT,BIOANALYTICAL-FINAL,COVARIATE-BASELINE-ONLY,SUBJECT-LEVEL-COVARIATE,MULTI-CMT-DEFINED,REANALYSIS-NONE,SEMI-STRUCTURED-LEGACY-FLAG,BISPECIFIC,PK_CONCENTRATION,,QUARANTINE,Q16,F25
2b91ed46c983,AIC-PKPD,ID-DEFINED,TIME-DEFINED,DOSE-DEFINED,ADDL-ACTUAL-CONFLICT,BIOANALYTICAL-FINAL,COVARIATE-BASELINE-ONLY,SUBJECT-LEVEL-COVARIATE,DDI-VICTIM-PERPETRATOR,REANALYSIS-NONE,STRUCTURED,BISPECIFIC,PK_CONCENTRATION,PARENT|SOLUBLE_TARGET|DRUG_TARGET_COMPLEX,REPAIR,,F22
833d18cb774a,AIC-PKPD,ID-DEFINED,TIME-DEFINED,DOSE-DEFINED,ADDL-ACTUAL-CONFLICT,BIOANALYTICAL-FINAL,COVARIATE-BASELINE-ONLY,SUBJECT-LEVEL-COVARIATE,DDI-VICTIM-PERPETRATOR,REANALYSIS-NONE,STRUCTURED,BISPECIFIC,PK_CONCENTRATION,,QUARANTINE,Q16,F22
a52adf3a199c,AIC-PKPD,ID-DEFINED,TIME-DEFINED,DOSE-DEFINED,ADDL-ACTUAL-CONFLICT,BIOANALYTICAL-FINAL,COVARIATE-BASELINE-ONLY,SUBJECT-LEVEL-COVARIATE,DDI-VICTIM-PERPETRATOR,REANALYSIS-NONE,SEMI-STRUCTURED-LEGACY-FLAG,BISPECIFIC,PK_CONCENTRATION,PARENT|SOLUBLE_TARGET|DRUG_TARGET_COMPLEX,QUARANTINE,Q15B,F22
d50d6684f007,AIC-PKPD,ID-DEFINED,TIME-DEFINED,DOSE-DEFINED,ADDL-ACTUAL-CONFLICT,BIOANALYTICAL-FINAL,COVARIATE-BASELINE-ONLY,SUBJECT-LEVEL-COVARIATE,DDI-VICTIM-PERPETRATOR,REANALYSIS-NONE,SEMI-STRUCTURED-LEGACY-FLAG,BISPECIFIC,PK_CONCENTRATION,,QUARANTINE,Q16,F22
2530e6f2c4e5,AIC-PKPD,ID-DEFINED,TIME-DEFINED,DOSE-DEFINED,ADDL-ACTUAL-CONFLICT,BLQ-DEFINED-POLICY,COVARIATE-BASELINE-ONLY,SUBJECT-LEVEL-COVARIATE,SINGLE-ANALYTE,REANALYSIS-NONE,STRUCTURED,BISPECIFIC,PK_CONCENTRATION,,REPAIR,,F01
bc1103ef2800,AIC-PKPD,ID-DEFINED,TIME-DEFINED,DOSE-DEFINED,ADDL-ACTUAL-CONFLICT,BLQ-DEFINED-POLICY,COVARIATE-BASELINE-ONLY,SUBJECT-LEVEL-COVARIATE,SINGLE-ANALYTE,REANALYSIS-NONE,SEMI-STRUCTURED-LEGACY-FLAG,BISPECIFIC,PK_CONCENTRATION,,QUARANTINE,Q15B,F01
9dc88d667c8a,AIC-PKPD,ID-DEFINED,TIME-DEFINED,DOSE-DEFINED,ADDL-ACTUAL-CONFLICT,BLQ-DEFINED-POLICY,COVARIATE-BASELINE-ONLY,SUBJECT-LEVEL-COVARIATE,MULTI-CMT-DEFINED,REANALYSIS-NONE,STRUCTURED,BISPECIFIC,PK_CONCENTRATION,PARENT|SOLUBLE_TARGET|DRUG_TARGET_COMPLEX,REPAIR,,F25
a9ac405de6b8,AIC-PKPD,ID-DEFINED,TIME-DEFINED,DOSE-DEFINED,ADDL-ACTUAL-CONFLICT,BLQ-DEFINED-POLICY,COVARIATE-BASELINE-ONLY,SUBJECT-LEVEL-COVARIATE,MULTI-CMT-DEFINED,REANALYSIS-NONE,STRUCTURED,BISPECIFIC,PK_CONCENTRATION,,QUARANTINE,Q16,F25
790abaf5be21,AIC-PKPD,ID-DEFINED,TIME-DEFINED,DOSE-DEFINED,ADDL-ACTUAL-CONFLICT,BLQ-DEFINED-POLICY,COVARIATE-BASELINE-ONLY,SUBJECT-LEVEL-COVARIATE,MULTI-CMT-DEFINED,REANALYSIS-NONE,SEMI-STRUCTURED-LEGACY-FLAG,BISPECIFIC,PK_CONCENTRATION,PARENT|SOLUBLE_TARGET|DRUG_TARGET_COMPLEX,QUARANTINE,Q15B,F25
812291caa7a3,AIC-PKPD,ID-DEFINED,TIME-DEFINED,DOSE-DEFINED,ADDL-ACTUAL-CONFLICT,BLQ-DEFINED-POLICY,COVARIATE-BASELINE-ONLY,SUBJECT-LEVEL-COVARIATE,MULTI-CMT-DEFINED,REANALYSIS-NONE,SEMI-STRUCTURED-LEGACY-FLAG,BISPECIFIC,PK_CONCENTRATION,,QUARANTINE,Q16,F25
d6c1ffbe4d27,AIC-PKPD,ID-DEFINED,TIME-DEFINED,DOSE-DEFINED,ADDL-ACTUAL-CONFLICT,BLQ-DEFINED-POLICY,COVARIATE-BASELINE-ONLY,SUBJECT-LEVEL-COVARIATE,DDI-VICTIM-PERPETRATOR,REANALYSIS-NONE,STRUCTURED,BISPECIFIC,PK_CONCENTRATION,PARENT|SOLUBLE_TARGET|DRUG_TARGET_COMPLEX,REPAIR,,F22
bcf6be7348ca,AIC-PKPD,ID-DEFINED,TIME-DEFINED,DOSE-DEFINED,ADDL-ACTUAL-CONFLICT,BLQ-DEFINED-POLICY,COVARIATE-BASELINE-ONLY,SUBJECT-LEVEL-COVARIATE,DDI-VICTIM-PERPETRATOR,REANALYSIS-NONE,STRUCTURED,BISPECIFIC,PK_CONCENTRATION,,QUARANTINE,Q16,F22
78bb5aee7342,AIC-PKPD,ID-DEFINED,TIME-DEFINED,DOSE-DEFINED,ADDL-ACTUAL-CONFLICT,BLQ-DEFINED-POLICY,COVARIATE-BASELINE-ONLY,SUBJECT-LEVEL-COVARIATE,DDI-VICTIM-PERPETRATOR,REANALYSIS-NONE,SEMI-STRUCTURED-LEGACY-FLAG,BISPECIFIC,PK_CONCENTRATION,PARENT|SOLUBLE_TARGET|DRUG_TARGET_COMPLEX,QUARANTINE,Q15B,F22
1d149b16914b,AIC-PKPD,ID-DEFINED,TIME-DEFINED,DOSE-DEFINED,ADDL-ACTUAL-CONFLICT,BLQ-DEFINED-POLICY,COVARIATE-BASELINE-ONLY,SUBJECT-LEVEL-COVARIATE,DDI-VICTIM-PERPETRATOR,REANALYSIS-NONE,SEMI-STRUCTURED-LEGACY-FLAG,BISPECIFIC,PK_CONCENTRATION,,QUARANTINE,Q16,F22
ea9913ff1b47,AIC-PKPD,ID-DEFINED,TIME-DEFINED,DOSE-DEFINED,ADDL-ACTUAL-CONFLICT,BIOANALYTICAL-FINAL-FLAG-MISSING,COVARIATE-BASELINE-ONLY,SUBJECT-LEVEL-COVARIATE,SINGLE-ANALYTE,REANALYSIS-NONE,STRUCTURED,BISPECIFIC,PK_CONCENTRATION,,QUARANTINE,Q15A,F01
f4f71ffb051f,AIC-PKPD,ID-DEFINED,TIME-DEFINED,DOSE-DEFINED,ADDL-ACTUAL-CONFLICT,BIOANALYTICAL-FINAL-FLAG-MISSING,COVARIATE-BASELINE-ONLY,SUBJECT-LEVEL-COVARIATE,SINGLE-ANALYTE,REANALYSIS-NONE,SEMI-STRUCTURED-LEGACY-FLAG,BISPECIFIC,PK_CONCENTRATION,,QUARANTINE,Q15A,F01
66610223548e,AIC-PKPD,ID-DEFINED,TIME-DEFINED,DOSE-DEFINED,ADDL-ACTUAL-CONFLICT,BIOANALYTICAL-FINAL-FLAG-MISSING,COVARIATE-BASELINE-ONLY,SUBJECT-LEVEL-COVARIATE,MULTI-CMT-DEFINED,REANALYSIS-NONE,STRUCTURED,BISPECIFIC,PK_CONCENTRATION,PARENT|SOLUBLE_TARGET|DRUG_TARGET_COMPLEX,QUARANTINE,Q15A,F25
38b09918b7dc,AIC-PKPD,ID-DEFINED,TIME-DEFINED,DOSE-DEFINED,ADDL-ACTUAL-CONFLICT,BIOANALYTICAL-FINAL-FLAG-MISSING,COVARIATE-BASELINE-ONLY,SUBJECT-LEVEL-COVARIATE,MULTI-CMT-DEFINED,REANALYSIS-NONE,STRUCTURED,BISPECIFIC,PK_CONCENTRATION,,QUARANTINE,Q15A,F25
26120033fedb,AIC-PKPD,ID-DEFINED,TIME-DEFINED,DOSE-DEFINED,ADDL-ACTUAL-CONFLICT,BIOANALYTICAL-FINAL-FLAG-MISSING,COVARIATE-BASELINE-ONLY,SUBJECT-LEVEL-COVARIATE,MULTI-CMT-DEFINED,REANALYSIS-NONE,SEMI-STRUCTURED-LEGACY-FLAG,BISPECIFIC,PK_CONCENTRATION,PARENT|SOLUBLE_TARGET|DRUG_TARGET_COMPLEX,QUARANTINE,Q15A,F25
f4b1a8640048,AIC-PKPD,ID-DEFINED,TIME-DEFINED,DOSE-DEFINED,ADDL-ACTUAL-CONFLICT,BIOANALYTICAL-FINAL-FLAG-MISSING,COVARIATE-BASELINE-ONLY,SUBJECT-LEVEL-COVARIATE,MULTI-CMT-DEFINED,REANALYSIS-NONE,SEMI-STRUCTURED-LEGACY-FLAG,BISPECIFIC,PK_CONCENTRATION,,QUARANTINE,Q15A,F25
b347fbe644a5,AIC-PKPD,ID-DEFINED,TIME-DEFINED,DOSE-DEFINED,ADDL-ACTUAL-CONFLICT,BIOANALYTICAL-FINAL-FLAG-MISSING,COVARIATE-BASELINE-ONLY,SUBJECT-LEVEL-COVARIATE,DDI-VICTIM-PERPETRATOR,REANALYSIS-NONE,STRUCTURED,BISPECIFIC,PK_CONCENTRATION,PARENT|SOLUBLE_TARGET|DRUG_TARGET_COMPLEX,QUARANTINE,Q15A,F22
816c4103eb04,AIC-PKPD,ID-DEFINED,TIME-DEFINED,DOSE-DEFINED,ADDL-ACTUAL-CONFLICT,BIOANALYTICAL-FINAL-FLAG-MISSING,COVARIATE-BASELINE-ONLY,SUBJECT-LEVEL-COVARIATE,DDI-VICTIM-PERPETRATOR,REANALYSIS-NONE,STRUCTURED,BISPECIFIC,PK_CONCENTRATION,,QUARANTINE,Q15A,F22
d9d42188ffcb,AIC-PKPD,ID-DEFINED,TIME-DEFINED,DOSE-DEFINED,ADDL-ACTUAL-CONFLICT,BIOANALYTICAL-FINAL-FLAG-MISSING,COVARIATE-BASELINE-ONLY,SUBJECT-LEVEL-COVARIATE,DDI-VICTIM-PERPETRATOR,REANALYSIS-NONE,SEMI-STRUCTURED-LEGACY-FLAG,BISPECIFIC,PK_CONCENTRATION,PARENT|SOLUBLE_TARGET|DRUG_TARGET_COMPLEX,QUARANTINE,Q15A,F22
c7fe6dd0da59,AIC-PKPD,ID-DEFINED,TIME-DEFINED,DOSE-DEFINED,ADDL-ACTUAL-CONFLICT,BIOANALYTICAL-FINAL-FLAG-MISSING,COVARIATE-BASELINE-ONLY,SUBJECT-LEVEL-COVARIATE,DDI-VICTIM-PERPETRATOR,REANALYSIS-NONE,SEMI-STRUCTURED-LEGACY-FLAG,BISPECIFIC,PK_CONCENTRATION,,QUARANTINE,Q15A,F22
ced00fa40f33,AIC-PKPD,ID-DEFINED,TIME-DEFINED,DOSE-DEFINED,REGIMEN-FIXED,BIOANALYTICAL-FINAL,COVARIATE-BASELINE-ONLY,SUBJECT-LEVEL-COVARIATE,SINGLE-ANALYTE,REANALYSIS-NONE,STRUCTURED,CELL_THERAPY,PK_CONCENTRATION,,AUTO,,F01
60304fbe86c6,AIC-PKPD,ID-DEFINED,TIME-DEFINED,DOSE-DEFINED,REGIMEN-FIXED,BIOANALYTICAL-FINAL,COVARIATE-BASELINE-ONLY,SUBJECT-LEVEL-COVARIATE,SINGLE-ANALYTE,REANALYSIS-NONE,SEMI-STRUCTURED-LEGACY-FLAG,CELL_THERAPY,PK_CONCENTRATION,,QUARANTINE,Q15B,F01
cf85241cc80d,AIC-PKPD,ID-DEFINED,TIME-DEFINED,DOSE-DEFINED,REGIMEN-FIXED,BIOANALYTICAL-FINAL,COVARIATE-BASELINE-ONLY,SUBJECT-LEVEL-COVARIATE,MULTI-CMT-DEFINED,REANALYSIS-NONE,STRUCTURED,CELL_THERAPY,PK_CONCENTRATION,VECTOR_COPY|CAR_POSITIVE_CELL,REPAIR,,F01
42f7ae3f0105,AIC-PKPD,ID-DEFINED,TIME-DEFINED,DOSE-DEFINED,REGIMEN-FIXED,BIOANALYTICAL-FINAL,COVARIATE-BASELINE-ONLY,SUBJECT-LEVEL-COVARIATE,MULTI-CMT-DEFINED,REANALYSIS-NONE,STRUCTURED,CELL_THERAPY,PK_CONCENTRATION,,QUARANTINE,Q16,F01
2ad23dc8b10f,AIC-PKPD,ID-DEFINED,TIME-DEFINED,DOSE-DEFINED,REGIMEN-FIXED,BIOANALYTICAL-FINAL,COVARIATE-BASELINE-ONLY,SUBJECT-LEVEL-COVARIATE,MULTI-CMT-DEFINED,REANALYSIS-NONE,SEMI-STRUCTURED-LEGACY-FLAG,CELL_THERAPY,PK_CONCENTRATION,VECTOR_COPY|CAR_POSITIVE_CELL,QUARANTINE,Q15B,F01
c76d4f5dd2a2,AIC-PKPD,ID-DEFINED,TIME-DEFINED,DOSE-DEFINED,REGIMEN-FIXED,BIOANALYTICAL-FINAL,COVARIATE-BASELINE-ONLY,SUBJECT-LEVEL-COVARIATE,MULTI-CMT-DEFINED,REANALYSIS-NONE,SEMI-STRUCTURED-LEGACY-FLAG,CELL_THERAPY,PK_CONCENTRATION,,QUARANTINE,Q16,F01
baa2e2cb2568,AIC-PKPD,ID-DEFINED,TIME-DEFINED,DOSE-DEFINED,REGIMEN-FIXED,BIOANALYTICAL-FINAL,COVARIATE-BASELINE-ONLY,SUBJECT-LEVEL-COVARIATE,DDI-VICTIM-PERPETRATOR,REANALYSIS-NONE,STRUCTURED,CELL_THERAPY,PK_CONCENTRATION,VECTOR_COPY|CAR_POSITIVE_CELL,REPAIR,,F22
7bd7ec5df31c,AIC-PKPD,ID-DEFINED,TIME-DEFINED,DOSE-DEFINED,REGIMEN-FIXED,BIOANALYTICAL-FINAL,COVARIATE-BASELINE-ONLY,SUBJECT-LEVEL-COVARIATE,DDI-VICTIM-PERPETRATOR,REANALYSIS-NONE,STRUCTURED,CELL_THERAPY,PK_CONCENTRATION,,QUARANTINE,Q16,F22
e71cfa70917e,AIC-PKPD,ID-DEFINED,TIME-DEFINED,DOSE-DEFINED,REGIMEN-FIXED,BIOANALYTICAL-FINAL,COVARIATE-BASELINE-ONLY,SUBJECT-LEVEL-COVARIATE,DDI-VICTIM-PERPETRATOR,REANALYSIS-NONE,SEMI-STRUCTURED-LEGACY-FLAG,CELL_THERAPY,PK_CONCENTRATION,VECTOR_COPY|CAR_POSITIVE_CELL,QUARANTINE,Q15B,F22
aae5973b228a,AIC-PKPD,ID-DEFINED,TIME-DEFINED,DOSE-DEFINED,REGIMEN-FIXED,BIOANALYTICAL-FINAL,COVARIATE-BASELINE-ONLY,SUBJECT-LEVEL-COVARIATE,DDI-VICTIM-PERPETRATOR,REANALYSIS-NONE,SEMI-STRUCTURED-LEGACY-FLAG,CELL_THERAPY,PK_CONCENTRATION,,QUARANTINE,Q16,F22
4d063a4fcfea,AIC-PKPD,ID-DEFINED,TIME-DEFINED,DOSE-DEFINED,REGIMEN-FIXED,BLQ-DEFINED-POLICY,COVARIATE-BASELINE-ONLY,SUBJECT-LEVEL-COVARIATE,SINGLE-ANALYTE,REANALYSIS-NONE,STRUCTURED,CELL_THERAPY,PK_CONCENTRATION,,REPAIR,,F01
9d95c68b6fd1,AIC-PKPD,ID-DEFINED,TIME-DEFINED,DOSE-DEFINED,REGIMEN-FIXED,BLQ-DEFINED-POLICY,COVARIATE-BASELINE-ONLY,SUBJECT-LEVEL-COVARIATE,SINGLE-ANALYTE,REANALYSIS-NONE,SEMI-STRUCTURED-LEGACY-FLAG,CELL_THERAPY,PK_CONCENTRATION,,QUARANTINE,Q15B,F01
a3a471e87ae5,AIC-PKPD,ID-DEFINED,TIME-DEFINED,DOSE-DEFINED,REGIMEN-FIXED,BLQ-DEFINED-POLICY,COVARIATE-BASELINE-ONLY,SUBJECT-LEVEL-COVARIATE,MULTI-CMT-DEFINED,REANALYSIS-NONE,STRUCTURED,CELL_THERAPY,PK_CONCENTRATION,VECTOR_COPY|CAR_POSITIVE_CELL,REPAIR,,F01
a5cf9f80cd32,AIC-PKPD,ID-DEFINED,TIME-DEFINED,DOSE-DEFINED,REGIMEN-FIXED,BLQ-DEFINED-POLICY,COVARIATE-BASELINE-ONLY,SUBJECT-LEVEL-COVARIATE,MULTI-CMT-DEFINED,REANALYSIS-NONE,STRUCTURED,CELL_THERAPY,PK_CONCENTRATION,,QUARANTINE,Q16,F01
b31631ffbe4f,AIC-PKPD,ID-DEFINED,TIME-DEFINED,DOSE-DEFINED,REGIMEN-FIXED,BLQ-DEFINED-POLICY,COVARIATE-BASELINE-ONLY,SUBJECT-LEVEL-COVARIATE,MULTI-CMT-DEFINED,REANALYSIS-NONE,SEMI-STRUCTURED-LEGACY-FLAG,CELL_THERAPY,PK_CONCENTRATION,VECTOR_COPY|CAR_POSITIVE_CELL,QUARANTINE,Q15B,F01
5cd84700224a,AIC-PKPD,ID-DEFINED,TIME-DEFINED,DOSE-DEFINED,REGIMEN-FIXED,BLQ-DEFINED-POLICY,COVARIATE-BASELINE-ONLY,SUBJECT-LEVEL-COVARIATE,MULTI-CMT-DEFINED,REANALYSIS-NONE,SEMI-STRUCTURED-LEGACY-FLAG,CELL_THERAPY,PK_CONCENTRATION,,QUARANTINE,Q16,F01
b638ac6deeeb,AIC-PKPD,ID-DEFINED,TIME-DEFINED,DOSE-DEFINED,REGIMEN-FIXED,BLQ-DEFINED-POLICY,COVARIATE-BASELINE-ONLY,SUBJECT-LEVEL-COVARIATE,DDI-VICTIM-PERPETRATOR,REANALYSIS-NONE,STRUCTURED,CELL_THERAPY,PK_CONCENTRATION,VECTOR_COPY|CAR_POSITIVE_CELL,REPAIR,,F22
1d10d518e1ed,AIC-PKPD,ID-DEFINED,TIME-DEFINED,DOSE-DEFINED,REGIMEN-FIXED,BLQ-DEFINED-POLICY,COVARIATE-BASELINE-ONLY,SUBJECT-LEVEL-COVARIATE,DDI-VICTIM-PERPETRATOR,REANALYSIS-NONE,STRUCTURED,CELL_THERAPY,PK_CONCENTRATION,,QUARANTINE,Q16,F22
d39a68dedbd7,AIC-PKPD,ID-DEFINED,TIME-DEFINED,DOSE-DEFINED,REGIMEN-FIXED,BLQ-DEFINED-POLICY,COVARIATE-BASELINE-ONLY,SUBJECT-LEVEL-COVARIATE,DDI-VICTIM-PERPETRATOR,REANALYSIS-NONE,SEMI-STRUCTURED-LEGACY-FLAG,CELL_THERAPY,PK_CONCENTRATION,VECTOR_COPY|CAR_POSITIVE_CELL,QUARANTINE,Q15B,F22
125efaf2a189,AIC-PKPD,ID-DEFINED,TIME-DEFINED,DOSE-DEFINED,REGIMEN-FIXED,BLQ-DEFINED-POLICY,COVARIATE-BASELINE-ONLY,SUBJECT-LEVEL-COVARIATE,DDI-VICTIM-PERPETRATOR,REANALYSIS-NONE,SEMI-STRUCTURED-LEGACY-FLAG,CELL_THERAPY,PK_CONCENTRATION,,QUARANTINE,Q16,F22
17b8c4fa8a63,AIC-PKPD,ID-DEFINED,TIME-DEFINED,DOSE-DEFINED,REGIMEN-FIXED,BIOANALYTICAL-FINAL-FLAG-MISSING,COVARIATE-BASELINE-ONLY,SUBJECT-LEVEL-COVARIATE,SINGLE-ANALYTE,REANALYSIS-NONE,STRUCTURED,CELL_THERAPY,PK_CONCENTRATION,,QUARANTINE,Q15A,F01
8c8689192339,AIC-PKPD,ID-DEFINED,TIME-DEFINED,DOSE-DEFINED,REGIMEN-FIXED,BIOANALYTICAL-FINAL-FLAG-MISSING,COVARIATE-BASELINE-ONLY,SUBJECT-LEVEL-COVARIATE,SINGLE-ANALYTE,REANALYSIS-NONE,SEMI-STRUCTURED-LEGACY-FLAG,CELL_THERAPY,PK_CONCENTRATION,,QUARANTINE,Q15A,F01
c7d3140f848b,AIC-PKPD,ID-DEFINED,TIME-DEFINED,DOSE-DEFINED,REGIMEN-FIXED,BIOANALYTICAL-FINAL-FLAG-MISSING,COVARIATE-BASELINE-ONLY,SUBJECT-LEVEL-COVARIATE,MULTI-CMT-DEFINED,REANALYSIS-NONE,STRUCTURED,CELL_THERAPY,PK_CONCENTRATION,VECTOR_COPY|CAR_POSITIVE_CELL,QUARANTINE,Q15A,F01
476d7c619a3e,AIC-PKPD,ID-DEFINED,TIME-DEFINED,DOSE-DEFINED,REGIMEN-FIXED,BIOANALYTICAL-FINAL-FLAG-MISSING,COVARIATE-BASELINE-ONLY,SUBJECT-LEVEL-COVARIATE,MULTI-CMT-DEFINED,REANALYSIS-NONE,STRUCTURED,CELL_THERAPY,PK_CONCENTRATION,,QUARANTINE,Q15A,F01
55b6b4038079,AIC-PKPD,ID-DEFINED,TIME-DEFINED,DOSE-DEFINED,REGIMEN-FIXED,BIOANALYTICAL-FINAL-FLAG-MISSING,COVARIATE-BASELINE-ONLY,SUBJECT-LEVEL-COVARIATE,MULTI-CMT-DEFINED,REANALYSIS-NONE,SEMI-STRUCTURED-LEGACY-FLAG,CELL_THERAPY,PK_CONCENTRATION,VECTOR_COPY|CAR_POSITIVE_CELL,QUARANTINE,Q15A,F01
b9c922cd58df,AIC-PKPD,ID-DEFINED,TIME-DEFINED,DOSE-DEFINED,REGIMEN-FIXED,BIOANALYTICAL-FINAL-FLAG-MISSING,COVARIATE-BASELINE-ONLY,SUBJECT-LEVEL-COVARIATE,MULTI-CMT-DEFINED,REANALYSIS-NONE,SEMI-STRUCTURED-LEGACY-FLAG,CELL_THERAPY,PK_CONCENTRATION,,QUARANTINE,Q15A,F01
30f3b6c60152,AIC-PKPD,ID-DEFINED,TIME-DEFINED,DOSE-DEFINED,REGIMEN-FIXED,BIOANALYTICAL-FINAL-FLAG-MISSING,COVARIATE-BASELINE-ONLY,SUBJECT-LEVEL-COVARIATE,DDI-VICTIM-PERPETRATOR,REANALYSIS-NONE,STRUCTURED,CELL_THERAPY,PK_CONCENTRATION,VECTOR_COPY|CAR_POSITIVE_CELL,QUARANTINE,Q15A,F22
4701c5e7d884,AIC-PKPD,ID-DEFINED,TIME-DEFINED,DOSE-DEFINED,REGIMEN-FIXED,BIOANALYTICAL-FINAL-FLAG-MISSING,COVARIATE-BASELINE-ONLY,SUBJECT-LEVEL-COVARIATE,DDI-VICTIM-PERPETRATOR,REANALYSIS-NONE,STRUCTURED,CELL_THERAPY,PK_CONCENTRATION,,QUARANTINE,Q15A,F22
f10b6f2daf39,AIC-PKPD,ID-DEFINED,TIME-DEFINED,DOSE-DEFINED,REGIMEN-FIXED,BIOANALYTICAL-FINAL-FLAG-MISSING,COVARIATE-BASELINE-ONLY,SUBJECT-LEVEL-COVARIATE,DDI-VICTIM-PERPETRATOR,REANALYSIS-NONE,SEMI-STRUCTURED-LEGACY-FLAG,CELL_THERAPY,PK_CONCENTRATION,VECTOR_COPY|CAR_POSITIVE_CELL,QUARANTINE,Q15A,F22
3d5b1466fa80,AIC-PKPD,ID-DEFINED,TIME-DEFINED,DOSE-DEFINED,REGIMEN-FIXED,BIOANALYTICAL-FINAL-FLAG-MISSING,COVARIATE-BASELINE-ONLY,SUBJECT-LEVEL-COVARIATE,DDI-VICTIM-PERPETRATOR,REANALYSIS-NONE,SEMI-STRUCTURED-LEGACY-FLAG,CELL_THERAPY,PK_CONCENTRATION,,QUARANTINE,Q15A,F22
3088763cbe14,AIC-PKPD,ID-DEFINED,TIME-DEFINED,DOSE-DEFINED,ADDL-ACTUAL-CONFLICT,BIOANALYTICAL-FINAL,COVARIATE-BASELINE-ONLY,SUBJECT-LEVEL-COVARIATE,SINGLE-ANALYTE,REANALYSIS-NONE,STRUCTURED,CELL_THERAPY,PK_CONCENTRATION,,AUTO,,F01
6baa73e49464,AIC-PKPD,ID-DEFINED,TIME-DEFINED,DOSE-DEFINED,ADDL-ACTUAL-CONFLICT,BIOANALYTICAL-FINAL,COVARIATE-BASELINE-ONLY,SUBJECT-LEVEL-COVARIATE,SINGLE-ANALYTE,REANALYSIS-NONE,SEMI-STRUCTURED-LEGACY-FLAG,CELL_THERAPY,PK_CONCENTRATION,,QUARANTINE,Q15B,F01
4ce07cebfc35,AIC-PKPD,ID-DEFINED,TIME-DEFINED,DOSE-DEFINED,ADDL-ACTUAL-CONFLICT,BIOANALYTICAL-FINAL,COVARIATE-BASELINE-ONLY,SUBJECT-LEVEL-COVARIATE,MULTI-CMT-DEFINED,REANALYSIS-NONE,STRUCTURED,CELL_THERAPY,PK_CONCENTRATION,VECTOR_COPY|CAR_POSITIVE_CELL,REPAIR,,F01
36a50f540f57,AIC-PKPD,ID-DEFINED,TIME-DEFINED,DOSE-DEFINED,ADDL-ACTUAL-CONFLICT,BIOANALYTICAL-FINAL,COVARIATE-BASELINE-ONLY,SUBJECT-LEVEL-COVARIATE,MULTI-CMT-DEFINED,REANALYSIS-NONE,STRUCTURED,CELL_THERAPY,PK_CONCENTRATION,,QUARANTINE,Q16,F01
61d8725a9baf,AIC-PKPD,ID-DEFINED,TIME-DEFINED,DOSE-DEFINED,ADDL-ACTUAL-CONFLICT,BIOANALYTICAL-FINAL,COVARIATE-BASELINE-ONLY,SUBJECT-LEVEL-COVARIATE,MULTI-CMT-DEFINED,REANALYSIS-NONE,SEMI-STRUCTURED-LEGACY-FLAG,CELL_THERAPY,PK_CONCENTRATION,VECTOR_COPY|CAR_POSITIVE_CELL,QUARANTINE,Q15B,F01
b282fc96fc63,AIC-PKPD,ID-DEFINED,TIME-DEFINED,DOSE-DEFINED,ADDL-ACTUAL-CONFLICT,BIOANALYTICAL-FINAL,COVARIATE-BASELINE-ONLY,SUBJECT-LEVEL-COVARIATE,MULTI-CMT-DEFINED,REANALYSIS-NONE,SEMI-STRUCTURED-LEGACY-FLAG,CELL_THERAPY,PK_CONCENTRATION,,QUARANTINE,Q16,F01
9fc8e40afe43,AIC-PKPD,ID-DEFINED,TIME-DEFINED,DOSE-DEFINED,ADDL-ACTUAL-CONFLICT,BIOANALYTICAL-FINAL,COVARIATE-BASELINE-ONLY,SUBJECT-LEVEL-COVARIATE,DDI-VICTIM-PERPETRATOR,REANALYSIS-NONE,STRUCTURED,CELL_THERAPY,PK_CONCENTRATION,VECTOR_COPY|CAR_POSITIVE_CELL,REPAIR,,F22
4264f2648674,AIC-PKPD,ID-DEFINED,TIME-DEFINED,DOSE-DEFINED,ADDL-ACTUAL-CONFLICT,BIOANALYTICAL-FINAL,COVARIATE-BASELINE-ONLY,SUBJECT-LEVEL-COVARIATE,DDI-VICTIM-PERPETRATOR,REANALYSIS-NONE,STRUCTURED,CELL_THERAPY,PK_CONCENTRATION,,QUARANTINE,Q16,F22
2719dd707417,AIC-PKPD,ID-DEFINED,TIME-DEFINED,DOSE-DEFINED,ADDL-ACTUAL-CONFLICT,BIOANALYTICAL-FINAL,COVARIATE-BASELINE-ONLY,SUBJECT-LEVEL-COVARIATE,DDI-VICTIM-PERPETRATOR,REANALYSIS-NONE,SEMI-STRUCTURED-LEGACY-FLAG,CELL_THERAPY,PK_CONCENTRATION,VECTOR_COPY|CAR_POSITIVE_CELL,QUARANTINE,Q15B,F22
6c34881afc18,AIC-PKPD,ID-DEFINED,TIME-DEFINED,DOSE-DEFINED,ADDL-ACTUAL-CONFLICT,BIOANALYTICAL-FINAL,COVARIATE-BASELINE-ONLY,SUBJECT-LEVEL-COVARIATE,DDI-VICTIM-PERPETRATOR,REANALYSIS-NONE,SEMI-STRUCTURED-LEGACY-FLAG,CELL_THERAPY,PK_CONCENTRATION,,QUARANTINE,Q16,F22
2e915b0f4889,AIC-PKPD,ID-DEFINED,TIME-DEFINED,DOSE-DEFINED,ADDL-ACTUAL-CONFLICT,BLQ-DEFINED-POLICY,COVARIATE-BASELINE-ONLY,SUBJECT-LEVEL-COVARIATE,SINGLE-ANALYTE,REANALYSIS-NONE,STRUCTURED,CELL_THERAPY,PK_CONCENTRATION,,REPAIR,,F01
2ea40f5b617d,AIC-PKPD,ID-DEFINED,TIME-DEFINED,DOSE-DEFINED,ADDL-ACTUAL-CONFLICT,BLQ-DEFINED-POLICY,COVARIATE-BASELINE-ONLY,SUBJECT-LEVEL-COVARIATE,SINGLE-ANALYTE,REANALYSIS-NONE,SEMI-STRUCTURED-LEGACY-FLAG,CELL_THERAPY,PK_CONCENTRATION,,QUARANTINE,Q15B,F01
d7ea9814ca1e,AIC-PKPD,ID-DEFINED,TIME-DEFINED,DOSE-DEFINED,ADDL-ACTUAL-CONFLICT,BLQ-DEFINED-POLICY,COVARIATE-BASELINE-ONLY,SUBJECT-LEVEL-COVARIATE,MULTI-CMT-DEFINED,REANALYSIS-NONE,STRUCTURED,CELL_THERAPY,PK_CONCENTRATION,VECTOR_COPY|CAR_POSITIVE_CELL,REPAIR,,F01
8fd3dbee7b19,AIC-PKPD,ID-DEFINED,TIME-DEFINED,DOSE-DEFINED,ADDL-ACTUAL-CONFLICT,BLQ-DEFINED-POLICY,COVARIATE-BASELINE-ONLY,SUBJECT-LEVEL-COVARIATE,MULTI-CMT-DEFINED,REANALYSIS-NONE,STRUCTURED,CELL_THERAPY,PK_CONCENTRATION,,QUARANTINE,Q16,F01
a9c873d5ad93,AIC-PKPD,ID-DEFINED,TIME-DEFINED,DOSE-DEFINED,ADDL-ACTUAL-CONFLICT,BLQ-DEFINED-POLICY,COVARIATE-BASELINE-ONLY,SUBJECT-LEVEL-COVARIATE,MULTI-CMT-DEFINED,REANALYSIS-NONE,SEMI-STRUCTURED-LEGACY-FLAG,CELL_THERAPY,PK_CONCENTRATION,VECTOR_COPY|CAR_POSITIVE_CELL,QUARANTINE,Q15B,F01
88d340cc6d3b,AIC-PKPD,ID-DEFINED,TIME-DEFINED,DOSE-DEFINED,ADDL-ACTUAL-CONFLICT,BLQ-DEFINED-POLICY,COVARIATE-BASELINE-ONLY,SUBJECT-LEVEL-COVARIATE,MULTI-CMT-DEFINED,REANALYSIS-NONE,SEMI-STRUCTURED-LEGACY-FLAG,CELL_THERAPY,PK_CONCENTRATION,,QUARANTINE,Q16,F01
233a0333f540,AIC-PKPD,ID-DEFINED,TIME-DEFINED,DOSE-DEFINED,ADDL-ACTUAL-CONFLICT,BLQ-DEFINED-POLICY,COVARIATE-BASELINE-ONLY,SUBJECT-LEVEL-COVARIATE,DDI-VICTIM-PERPETRATOR,REANALYSIS-NONE,STRUCTURED,CELL_THERAPY,PK_CONCENTRATION,VECTOR_COPY|CAR_POSITIVE_CELL,REPAIR,,F22
8b6ecf4b7419,AIC-PKPD,ID-DEFINED,TIME-DEFINED,DOSE-DEFINED,ADDL-ACTUAL-CONFLICT,BLQ-DEFINED-POLICY,COVARIATE-BASELINE-ONLY,SUBJECT-LEVEL-COVARIATE,DDI-VICTIM-PERPETRATOR,REANALYSIS-NONE,STRUCTURED,CELL_THERAPY,PK_CONCENTRATION,,QUARANTINE,Q16,F22
0fb8395aae11,AIC-PKPD,ID-DEFINED,TIME-DEFINED,DOSE-DEFINED,ADDL-ACTUAL-CONFLICT,BLQ-DEFINED-POLICY,COVARIATE-BASELINE-ONLY,SUBJECT-LEVEL-COVARIATE,DDI-VICTIM-PERPETRATOR,REANALYSIS-NONE,SEMI-STRUCTURED-LEGACY-FLAG,CELL_THERAPY,PK_CONCENTRATION,VECTOR_COPY|CAR_POSITIVE_CELL,QUARANTINE,Q15B,F22
8257266a46aa,AIC-PKPD,ID-DEFINED,TIME-DEFINED,DOSE-DEFINED,ADDL-ACTUAL-CONFLICT,BLQ-DEFINED-POLICY,COVARIATE-BASELINE-ONLY,SUBJECT-LEVEL-COVARIATE,DDI-VICTIM-PERPETRATOR,REANALYSIS-NONE,SEMI-STRUCTURED-LEGACY-FLAG,CELL_THERAPY,PK_CONCENTRATION,,QUARANTINE,Q16,F22
1a7cb493e00e,AIC-PKPD,ID-DEFINED,TIME-DEFINED,DOSE-DEFINED,ADDL-ACTUAL-CONFLICT,BIOANALYTICAL-FINAL-FLAG-MISSING,COVARIATE-BASELINE-ONLY,SUBJECT-LEVEL-COVARIATE,SINGLE-ANALYTE,REANALYSIS-NONE,STRUCTURED,CELL_THERAPY,PK_CONCENTRATION,,QUARANTINE,Q15A,F01
e7212ecc876a,AIC-PKPD,ID-DEFINED,TIME-DEFINED,DOSE-DEFINED,ADDL-ACTUAL-CONFLICT,BIOANALYTICAL-FINAL-FLAG-MISSING,COVARIATE-BASELINE-ONLY,SUBJECT-LEVEL-COVARIATE,SINGLE-ANALYTE,REANALYSIS-NONE,SEMI-STRUCTURED-LEGACY-FLAG,CELL_THERAPY,PK_CONCENTRATION,,QUARANTINE,Q15A,F01
bc25bc0318a2,AIC-PKPD,ID-DEFINED,TIME-DEFINED,DOSE-DEFINED,ADDL-ACTUAL-CONFLICT,BIOANALYTICAL-FINAL-FLAG-MISSING,COVARIATE-BASELINE-ONLY,SUBJECT-LEVEL-COVARIATE,MULTI-CMT-DEFINED,REANALYSIS-NONE,STRUCTURED,CELL_THERAPY,PK_CONCENTRATION,VECTOR_COPY|CAR_POSITIVE_CELL,QUARANTINE,Q15A,F01
ea151c4e3cf6,AIC-PKPD,ID-DEFINED,TIME-DEFINED,DOSE-DEFINED,ADDL-ACTUAL-CONFLICT,BIOANALYTICAL-FINAL-FLAG-MISSING,COVARIATE-BASELINE-ONLY,SUBJECT-LEVEL-COVARIATE,MULTI-CMT-DEFINED,REANALYSIS-NONE,STRUCTURED,CELL_THERAPY,PK_CONCENTRATION,,QUARANTINE,Q15A,F01
680ddf0286a8,AIC-PKPD,ID-DEFINED,TIME-DEFINED,DOSE-DEFINED,ADDL-ACTUAL-CONFLICT,BIOANALYTICAL-FINAL-FLAG-MISSING,COVARIATE-BASELINE-ONLY,SUBJECT-LEVEL-COVARIATE,MULTI-CMT-DEFINED,REANALYSIS-NONE,SEMI-STRUCTURED-LEGACY-FLAG,CELL_THERAPY,PK_CONCENTRATION,VECTOR_COPY|CAR_POSITIVE_CELL,QUARANTINE,Q15A,F01
7714a16bb354,AIC-PKPD,ID-DEFINED,TIME-DEFINED,DOSE-DEFINED,ADDL-ACTUAL-CONFLICT,BIOANALYTICAL-FINAL-FLAG-MISSING,COVARIATE-BASELINE-ONLY,SUBJECT-LEVEL-COVARIATE,MULTI-CMT-DEFINED,REANALYSIS-NONE,SEMI-STRUCTURED-LEGACY-FLAG,CELL_THERAPY,PK_CONCENTRATION,,QUARANTINE,Q15A,F01
516ebec12f6e,AIC-PKPD,ID-DEFINED,TIME-DEFINED,DOSE-DEFINED,ADDL-ACTUAL-CONFLICT,BIOANALYTICAL-FINAL-FLAG-MISSING,COVARIATE-BASELINE-ONLY,SUBJECT-LEVEL-COVARIATE,DDI-VICTIM-PERPETRATOR,REANALYSIS-NONE,STRUCTURED,CELL_THERAPY,PK_CONCENTRATION,VECTOR_COPY|CAR_POSITIVE_CELL,QUARANTINE,Q15A,F22
09aaf83db61b,AIC-PKPD,ID-DEFINED,TIME-DEFINED,DOSE-DEFINED,ADDL-ACTUAL-CONFLICT,BIOANALYTICAL-FINAL-FLAG-MISSING,COVARIATE-BASELINE-ONLY,SUBJECT-LEVEL-COVARIATE,DDI-VICTIM-PERPETRATOR,REANALYSIS-NONE,STRUCTURED,CELL_THERAPY,PK_CONCENTRATION,,QUARANTINE,Q15A,F22
4730c0f700f9,AIC-PKPD,ID-DEFINED,TIME-DEFINED,DOSE-DEFINED,ADDL-ACTUAL-CONFLICT,BIOANALYTICAL-FINAL-FLAG-MISSING,COVARIATE-BASELINE-ONLY,SUBJECT-LEVEL-COVARIATE,DDI-VICTIM-PERPETRATOR,REANALYSIS-NONE,SEMI-STRUCTURED-LEGACY-FLAG,CELL_THERAPY,PK_CONCENTRATION,VECTOR_COPY|CAR_POSITIVE_CELL,QUARANTINE,Q15A,F22
d6b6d5ea05ff,AIC-PKPD,ID-DEFINED,TIME-DEFINED,DOSE-DEFINED,ADDL-ACTUAL-CONFLICT,BIOANALYTICAL-FINAL-FLAG-MISSING,COVARIATE-BASELINE-ONLY,SUBJECT-LEVEL-COVARIATE,DDI-VICTIM-PERPETRATOR,REANALYSIS-NONE,SEMI-STRUCTURED-LEGACY-FLAG,CELL_THERAPY,PK_CONCENTRATION,,QUARANTINE,Q15A,F22
070af25ab3b1,AIC-PKPD,ID-DEFINED,TIME-DEFINED,DOSE-DEFINED,REGIMEN-FIXED,BIOANALYTICAL-FINAL,COVARIATE-BASELINE-ONLY,SUBJECT-LEVEL-COVARIATE,SINGLE-ANALYTE,REANALYSIS-NONE,STRUCTURED,MRNA,PK_CONCENTRATION,,AUTO,,F27
8fcbc16c021d,AIC-PKPD,ID-DEFINED,TIME-DEFINED,DOSE-DEFINED,REGIMEN-FIXED,BIOANALYTICAL-FINAL,COVARIATE-BASELINE-ONLY,SUBJECT-LEVEL-COVARIATE,SINGLE-ANALYTE,REANALYSIS-NONE,SEMI-STRUCTURED-LEGACY-FLAG,MRNA,PK_CONCENTRATION,,QUARANTINE,Q15B,F27
9e7c7c674363,AIC-PKPD,ID-DEFINED,TIME-DEFINED,DOSE-DEFINED,REGIMEN-FIXED,BIOANALYTICAL-FINAL,COVARIATE-BASELINE-ONLY,SUBJECT-LEVEL-COVARIATE,MULTI-CMT-DEFINED,REANALYSIS-NONE,STRUCTURED,MRNA,PK_CONCENTRATION,,REPAIR,,F27
f41bcd0c29ee,AIC-PKPD,ID-DEFINED,TIME-DEFINED,DOSE-DEFINED,REGIMEN-FIXED,BIOANALYTICAL-FINAL,COVARIATE-BASELINE-ONLY,SUBJECT-LEVEL-COVARIATE,MULTI-CMT-DEFINED,REANALYSIS-NONE,SEMI-STRUCTURED-LEGACY-FLAG,MRNA,PK_CONCENTRATION,,QUARANTINE,Q15B,F27
2df321583058,AIC-PKPD,ID-DEFINED,TIME-DEFINED,DOSE-DEFINED,REGIMEN-FIXED,BIOANALYTICAL-FINAL,COVARIATE-BASELINE-ONLY,SUBJECT-LEVEL-COVARIATE,DDI-VICTIM-PERPETRATOR,REANALYSIS-NONE,STRUCTURED,MRNA,PK_CONCENTRATION,,REPAIR,,F27
d616af00ddf7,AIC-PKPD,ID-DEFINED,TIME-DEFINED,DOSE-DEFINED,REGIMEN-FIXED,BIOANALYTICAL-FINAL,COVARIATE-BASELINE-ONLY,SUBJECT-LEVEL-COVARIATE,DDI-VICTIM-PERPETRATOR,REANALYSIS-NONE,SEMI-STRUCTURED-LEGACY-FLAG,MRNA,PK_CONCENTRATION,,QUARANTINE,Q15B,F27
beb43ce50f58,AIC-PKPD,ID-DEFINED,TIME-DEFINED,DOSE-DEFINED,REGIMEN-FIXED,BLQ-DEFINED-POLICY,COVARIATE-BASELINE-ONLY,SUBJECT-LEVEL-COVARIATE,SINGLE-ANALYTE,REANALYSIS-NONE,STRUCTURED,MRNA,PK_CONCENTRATION,,REPAIR,,F27
b48f3def1290,AIC-PKPD,ID-DEFINED,TIME-DEFINED,DOSE-DEFINED,REGIMEN-FIXED,BLQ-DEFINED-POLICY,COVARIATE-BASELINE-ONLY,SUBJECT-LEVEL-COVARIATE,SINGLE-ANALYTE,REANALYSIS-NONE,SEMI-STRUCTURED-LEGACY-FLAG,MRNA,PK_CONCENTRATION,,QUARANTINE,Q15B,F27
74ef18bdcaf2,AIC-PKPD,ID-DEFINED,TIME-DEFINED,DOSE-DEFINED,REGIMEN-FIXED,BLQ-DEFINED-POLICY,COVARIATE-BASELINE-ONLY,SUBJECT-LEVEL-COVARIATE,MULTI-CMT-DEFINED,REANALYSIS-NONE,STRUCTURED,MRNA,PK_CONCENTRATION,,REPAIR,,F27
3228dc0da85c,AIC-PKPD,ID-DEFINED,TIME-DEFINED,DOSE-DEFINED,REGIMEN-FIXED,BLQ-DEFINED-POLICY,COVARIATE-BASELINE-ONLY,SUBJECT-LEVEL-COVARIATE,MULTI-CMT-DEFINED,REANALYSIS-NONE,SEMI-STRUCTURED-LEGACY-FLAG,MRNA,PK_CONCENTRATION,,QUARANTINE,Q15B,F27
3efa4974f82b,AIC-PKPD,ID-DEFINED,TIME-DEFINED,DOSE-DEFINED,REGIMEN-FIXED,BLQ-DEFINED-POLICY,COVARIATE-BASELINE-ONLY,SUBJECT-LEVEL-COVARIATE,DDI-VICTIM-PERPETRATOR,REANALYSIS-NONE,STRUCTURED,MRNA,PK_CONCENTRATION,,REPAIR,,F27
876bca0157c6,AIC-PKPD,ID-DEFINED,TIME-DEFINED,DOSE-DEFINED,REGIMEN-FIXED,BLQ-DEFINED-POLICY,COVARIATE-BASELINE-ONLY,SUBJECT-LEVEL-COVARIATE,DDI-VICTIM-PERPETRATOR,REANALYSIS-NONE,SEMI-STRUCTURED-LEGACY-FLAG,MRNA,PK_CONCENTRATION,,QUARANTINE,Q15B,F27
f5c47157c6ed,AIC-PKPD,ID-DEFINED,TIME-DEFINED,DOSE-DEFINED,REGIMEN-FIXED,BIOANALYTICAL-FINAL-FLAG-MISSING,COVARIATE-BASELINE-ONLY,SUBJECT-LEVEL-COVARIATE,SINGLE-ANALYTE,REANALYSIS-NONE,STRUCTURED,MRNA,PK_CONCENTRATION,,QUARANTINE,Q15A,F27
f51aa4f56121,AIC-PKPD,ID-DEFINED,TIME-DEFINED,DOSE-DEFINED,REGIMEN-FIXED,BIOANALYTICAL-FINAL-FLAG-MISSING,COVARIATE-BASELINE-ONLY,SUBJECT-LEVEL-COVARIATE,SINGLE-ANALYTE,REANALYSIS-NONE,SEMI-STRUCTURED-LEGACY-FLAG,MRNA,PK_CONCENTRATION,,QUARANTINE,Q15A,F27
b2dd808a0811,AIC-PKPD,ID-DEFINED,TIME-DEFINED,DOSE-DEFINED,REGIMEN-FIXED,BIOANALYTICAL-FINAL-FLAG-MISSING,COVARIATE-BASELINE-ONLY,SUBJECT-LEVEL-COVARIATE,MULTI-CMT-DEFINED,REANALYSIS-NONE,STRUCTURED,MRNA,PK_CONCENTRATION,,QUARANTINE,Q15A,F27
8bbd9e739409,AIC-PKPD,ID-DEFINED,TIME-DEFINED,DOSE-DEFINED,REGIMEN-FIXED,BIOANALYTICAL-FINAL-FLAG-MISSING,COVARIATE-BASELINE-ONLY,SUBJECT-LEVEL-COVARIATE,MULTI-CMT-DEFINED,REANALYSIS-NONE,SEMI-STRUCTURED-LEGACY-FLAG,MRNA,PK_CONCENTRATION,,QUARANTINE,Q15A,F27
45bf7e0cef2d,AIC-PKPD,ID-DEFINED,TIME-DEFINED,DOSE-DEFINED,REGIMEN-FIXED,BIOANALYTICAL-FINAL-FLAG-MISSING,COVARIATE-BASELINE-ONLY,SUBJECT-LEVEL-COVARIATE,DDI-VICTIM-PERPETRATOR,REANALYSIS-NONE,STRUCTURED,MRNA,PK_CONCENTRATION,,QUARANTINE,Q15A,F27
eec431449f29,AIC-PKPD,ID-DEFINED,TIME-DEFINED,DOSE-DEFINED,REGIMEN-FIXED,BIOANALYTICAL-FINAL-FLAG-MISSING,COVARIATE-BASELINE-ONLY,SUBJECT-LEVEL-COVARIATE,DDI-VICTIM-PERPETRATOR,REANALYSIS-NONE,SEMI-STRUCTURED-LEGACY-FLAG,MRNA,PK_CONCENTRATION,,QUARANTINE,Q15A,F27
0af492e9ab6c,AIC-PKPD,ID-DEFINED,TIME-DEFINED,DOSE-DEFINED,ADDL-ACTUAL-CONFLICT,BIOANALYTICAL-FINAL,COVARIATE-BASELINE-ONLY,SUBJECT-LEVEL-COVARIATE,SINGLE-ANALYTE,REANALYSIS-NONE,STRUCTURED,MRNA,PK_CONCENTRATION,,AUTO,,F27
48651ce8800b,AIC-PKPD,ID-DEFINED,TIME-DEFINED,DOSE-DEFINED,ADDL-ACTUAL-CONFLICT,BIOANALYTICAL-FINAL,COVARIATE-BASELINE-ONLY,SUBJECT-LEVEL-COVARIATE,SINGLE-ANALYTE,REANALYSIS-NONE,SEMI-STRUCTURED-LEGACY-FLAG,MRNA,PK_CONCENTRATION,,QUARANTINE,Q15B,F27
05fbc4e08b7b,AIC-PKPD,ID-DEFINED,TIME-DEFINED,DOSE-DEFINED,ADDL-ACTUAL-CONFLICT,BIOANALYTICAL-FINAL,COVARIATE-BASELINE-ONLY,SUBJECT-LEVEL-COVARIATE,MULTI-CMT-DEFINED,REANALYSIS-NONE,STRUCTURED,MRNA,PK_CONCENTRATION,,REPAIR,,F27
b05ff2fc1f9d,AIC-PKPD,ID-DEFINED,TIME-DEFINED,DOSE-DEFINED,ADDL-ACTUAL-CONFLICT,BIOANALYTICAL-FINAL,COVARIATE-BASELINE-ONLY,SUBJECT-LEVEL-COVARIATE,MULTI-CMT-DEFINED,REANALYSIS-NONE,SEMI-STRUCTURED-LEGACY-FLAG,MRNA,PK_CONCENTRATION,,QUARANTINE,Q15B,F27
6b0f057b7dd3,AIC-PKPD,ID-DEFINED,TIME-DEFINED,DOSE-DEFINED,ADDL-ACTUAL-CONFLICT,BIOANALYTICAL-FINAL,COVARIATE-BASELINE-ONLY,SUBJECT-LEVEL-COVARIATE,DDI-VICTIM-PERPETRATOR,REANALYSIS-NONE,STRUCTURED,MRNA,PK_CONCENTRATION,,REPAIR,,F27
7c0e5405c045,AIC-PKPD,ID-DEFINED,TIME-DEFINED,DOSE-DEFINED,ADDL-ACTUAL-CONFLICT,BIOANALYTICAL-FINAL,COVARIATE-BASELINE-ONLY,SUBJECT-LEVEL-COVARIATE,DDI-VICTIM-PERPETRATOR,REANALYSIS-NONE,SEMI-STRUCTURED-LEGACY-FLAG,MRNA,PK_CONCENTRATION,,QUARANTINE,Q15B,F27
adf44c50ebd3,AIC-PKPD,ID-DEFINED,TIME-DEFINED,DOSE-DEFINED,ADDL-ACTUAL-CONFLICT,BLQ-DEFINED-POLICY,COVARIATE-BASELINE-ONLY,SUBJECT-LEVEL-COVARIATE,SINGLE-ANALYTE,REANALYSIS-NONE,STRUCTURED,MRNA,PK_CONCENTRATION,,REPAIR,,F27
fab32ff4cc7b,AIC-PKPD,ID-DEFINED,TIME-DEFINED,DOSE-DEFINED,ADDL-ACTUAL-CONFLICT,BLQ-DEFINED-POLICY,COVARIATE-BASELINE-ONLY,SUBJECT-LEVEL-COVARIATE,SINGLE-ANALYTE,REANALYSIS-NONE,SEMI-STRUCTURED-LEGACY-FLAG,MRNA,PK_CONCENTRATION,,QUARANTINE,Q15B,F27
e1fb36121c45,AIC-PKPD,ID-DEFINED,TIME-DEFINED,DOSE-DEFINED,ADDL-ACTUAL-CONFLICT,BLQ-DEFINED-POLICY,COVARIATE-BASELINE-ONLY,SUBJECT-LEVEL-COVARIATE,MULTI-CMT-DEFINED,REANALYSIS-NONE,STRUCTURED,MRNA,PK_CONCENTRATION,,REPAIR,,F27
9a147eca178b,AIC-PKPD,ID-DEFINED,TIME-DEFINED,DOSE-DEFINED,ADDL-ACTUAL-CONFLICT,BLQ-DEFINED-POLICY,COVARIATE-BASELINE-ONLY,SUBJECT-LEVEL-COVARIATE,MULTI-CMT-DEFINED,REANALYSIS-NONE,SEMI-STRUCTURED-LEGACY-FLAG,MRNA,PK_CONCENTRATION,,QUARANTINE,Q15B,F27
4b443bc530ca,AIC-PKPD,ID-DEFINED,TIME-DEFINED,DOSE-DEFINED,ADDL-ACTUAL-CONFLICT,BLQ-DEFINED-POLICY,COVARIATE-BASELINE-ONLY,SUBJECT-LEVEL-COVARIATE,DDI-VICTIM-PERPETRATOR,REANALYSIS-NONE,STRUCTURED,MRNA,PK_CONCENTRATION,,REPAIR,,F27
86e8a10da755,AIC-PKPD,ID-DEFINED,TIME-DEFINED,DOSE-DEFINED,ADDL-ACTUAL-CONFLICT,BLQ-DEFINED-POLICY,COVARIATE-BASELINE-ONLY,SUBJECT-LEVEL-COVARIATE,DDI-VICTIM-PERPETRATOR,REANALYSIS-NONE,SEMI-STRUCTURED-LEGACY-FLAG,MRNA,PK_CONCENTRATION,,QUARANTINE,Q15B,F27
a55af78a1563,AIC-PKPD,ID-DEFINED,TIME-DEFINED,DOSE-DEFINED,ADDL-ACTUAL-CONFLICT,BIOANALYTICAL-FINAL-FLAG-MISSING,COVARIATE-BASELINE-ONLY,SUBJECT-LEVEL-COVARIATE,SINGLE-ANALYTE,REANALYSIS-NONE,STRUCTURED,MRNA,PK_CONCENTRATION,,QUARANTINE,Q15A,F27
144afc6717a4,AIC-PKPD,ID-DEFINED,TIME-DEFINED,DOSE-DEFINED,ADDL-ACTUAL-CONFLICT,BIOANALYTICAL-FINAL-FLAG-MISSING,COVARIATE-BASELINE-ONLY,SUBJECT-LEVEL-COVARIATE,SINGLE-ANALYTE,REANALYSIS-NONE,SEMI-STRUCTURED-LEGACY-FLAG,MRNA,PK_CONCENTRATION,,QUARANTINE,Q15A,F27
68c4639c9432,AIC-PKPD,ID-DEFINED,TIME-DEFINED,DOSE-DEFINED,ADDL-ACTUAL-CONFLICT,BIOANALYTICAL-FINAL-FLAG-MISSING,COVARIATE-BASELINE-ONLY,SUBJECT-LEVEL-COVARIATE,MULTI-CMT-DEFINED,REANALYSIS-NONE,STRUCTURED,MRNA,PK_CONCENTRATION,,QUARANTINE,Q15A,F27
1a07a33f43f2,AIC-PKPD,ID-DEFINED,TIME-DEFINED,DOSE-DEFINED,ADDL-ACTUAL-CONFLICT,BIOANALYTICAL-FINAL-FLAG-MISSING,COVARIATE-BASELINE-ONLY,SUBJECT-LEVEL-COVARIATE,MULTI-CMT-DEFINED,REANALYSIS-NONE,SEMI-STRUCTURED-LEGACY-FLAG,MRNA,PK_CONCENTRATION,,QUARANTINE,Q15A,F27
e89bebb9d340,AIC-PKPD,ID-DEFINED,TIME-DEFINED,DOSE-DEFINED,ADDL-ACTUAL-CONFLICT,BIOANALYTICAL-FINAL-FLAG-MISSING,COVARIATE-BASELINE-ONLY,SUBJECT-LEVEL-COVARIATE,DDI-VICTIM-PERPETRATOR,REANALYSIS-NONE,STRUCTURED,MRNA,PK_CONCENTRATION,,QUARANTINE,Q15A,F27
c07a7b1ab211,AIC-PKPD,ID-DEFINED,TIME-DEFINED,DOSE-DEFINED,ADDL-ACTUAL-CONFLICT,BIOANALYTICAL-FINAL-FLAG-MISSING,COVARIATE-BASELINE-ONLY,SUBJECT-LEVEL-COVARIATE,DDI-VICTIM-PERPETRATOR,REANALYSIS-NONE,SEMI-STRUCTURED-LEGACY-FLAG,MRNA,PK_CONCENTRATION,,QUARANTINE,Q15A,F27
7f6f675d0039,AIC-PKPD,ID-DEFINED,TIME-DEFINED,DOSE-DEFINED,REGIMEN-FIXED,BIOANALYTICAL-FINAL,COVARIATE-BASELINE-ONLY,SUBJECT-LEVEL-COVARIATE,SINGLE-ANALYTE,REANALYSIS-NONE,STRUCTURED,SMALL_MOLECULE,CONTINUOUS_PD,,AUTO,,F01
ff6bded0a42b,AIC-PKPD,ID-DEFINED,TIME-DEFINED,DOSE-DEFINED,REGIMEN-FIXED,BIOANALYTICAL-FINAL,COVARIATE-BASELINE-ONLY,SUBJECT-LEVEL-COVARIATE,SINGLE-ANALYTE,REANALYSIS-NONE,SEMI-STRUCTURED-LEGACY-FLAG,SMALL_MOLECULE,CONTINUOUS_PD,,QUARANTINE,Q15B,F01
e6886b7748f7,AIC-PKPD,ID-DEFINED,TIME-DEFINED,DOSE-DEFINED,REGIMEN-FIXED,BIOANALYTICAL-FINAL,COVARIATE-BASELINE-ONLY,SUBJECT-LEVEL-COVARIATE,MULTI-CMT-DEFINED,REANALYSIS-NONE,STRUCTURED,SMALL_MOLECULE,CONTINUOUS_PD,,REPAIR,,F01
3e0ceaba4f5e,AIC-PKPD,ID-DEFINED,TIME-DEFINED,DOSE-DEFINED,REGIMEN-FIXED,BIOANALYTICAL-FINAL,COVARIATE-BASELINE-ONLY,SUBJECT-LEVEL-COVARIATE,MULTI-CMT-DEFINED,REANALYSIS-NONE,SEMI-STRUCTURED-LEGACY-FLAG,SMALL_MOLECULE,CONTINUOUS_PD,,QUARANTINE,Q15B,F01
086cbf5001e5,AIC-PKPD,ID-DEFINED,TIME-DEFINED,DOSE-DEFINED,REGIMEN-FIXED,BIOANALYTICAL-FINAL,COVARIATE-BASELINE-ONLY,SUBJECT-LEVEL-COVARIATE,DDI-VICTIM-PERPETRATOR,REANALYSIS-NONE,STRUCTURED,SMALL_MOLECULE,CONTINUOUS_PD,,REPAIR,,F22
3376329576d4,AIC-PKPD,ID-DEFINED,TIME-DEFINED,DOSE-DEFINED,REGIMEN-FIXED,BIOANALYTICAL-FINAL,COVARIATE-BASELINE-ONLY,SUBJECT-LEVEL-COVARIATE,DDI-VICTIM-PERPETRATOR,REANALYSIS-NONE,SEMI-STRUCTURED-LEGACY-FLAG,SMALL_MOLECULE,CONTINUOUS_PD,,QUARANTINE,Q15B,F22
e38333abdf0f,AIC-PKPD,ID-DEFINED,TIME-DEFINED,DOSE-DEFINED,REGIMEN-FIXED,BLQ-DEFINED-POLICY,COVARIATE-BASELINE-ONLY,SUBJECT-LEVEL-COVARIATE,SINGLE-ANALYTE,REANALYSIS-NONE,STRUCTURED,SMALL_MOLECULE,CONTINUOUS_PD,,REPAIR,,F01
57f964c5776e,AIC-PKPD,ID-DEFINED,TIME-DEFINED,DOSE-DEFINED,REGIMEN-FIXED,BLQ-DEFINED-POLICY,COVARIATE-BASELINE-ONLY,SUBJECT-LEVEL-COVARIATE,SINGLE-ANALYTE,REANALYSIS-NONE,SEMI-STRUCTURED-LEGACY-FLAG,SMALL_MOLECULE,CONTINUOUS_PD,,QUARANTINE,Q15B,F01
fbdeeea74917,AIC-PKPD,ID-DEFINED,TIME-DEFINED,DOSE-DEFINED,REGIMEN-FIXED,BLQ-DEFINED-POLICY,COVARIATE-BASELINE-ONLY,SUBJECT-LEVEL-COVARIATE,MULTI-CMT-DEFINED,REANALYSIS-NONE,STRUCTURED,SMALL_MOLECULE,CONTINUOUS_PD,,REPAIR,,F01
04893b342473,AIC-PKPD,ID-DEFINED,TIME-DEFINED,DOSE-DEFINED,REGIMEN-FIXED,BLQ-DEFINED-POLICY,COVARIATE-BASELINE-ONLY,SUBJECT-LEVEL-COVARIATE,MULTI-CMT-DEFINED,REANALYSIS-NONE,SEMI-STRUCTURED-LEGACY-FLAG,SMALL_MOLECULE,CONTINUOUS_PD,,QUARANTINE,Q15B,F01
712a60329dfe,AIC-PKPD,ID-DEFINED,TIME-DEFINED,DOSE-DEFINED,REGIMEN-FIXED,BLQ-DEFINED-POLICY,COVARIATE-BASELINE-ONLY,SUBJECT-LEVEL-COVARIATE,DDI-VICTIM-PERPETRATOR,REANALYSIS-NONE,STRUCTURED,SMALL_MOLECULE,CONTINUOUS_PD,,REPAIR,,F22
36ed08c54d03,AIC-PKPD,ID-DEFINED,TIME-DEFINED,DOSE-DEFINED,REGIMEN-FIXED,BLQ-DEFINED-POLICY,COVARIATE-BASELINE-ONLY,SUBJECT-LEVEL-COVARIATE,DDI-VICTIM-PERPETRATOR,REANALYSIS-NONE,SEMI-STRUCTURED-LEGACY-FLAG,SMALL_MOLECULE,CONTINUOUS_PD,,QUARANTINE,Q15B,F22
c94673a36f2b,AIC-PKPD,ID-DEFINED,TIME-DEFINED,DOSE-DEFINED,REGIMEN-FIXED,BIOANALYTICAL-FINAL-FLAG-MISSING,COVARIATE-BASELINE-ONLY,SUBJECT-LEVEL-COVARIATE,SINGLE-ANALYTE,REANALYSIS-NONE,STRUCTURED,SMALL_MOLECULE,CONTINUOUS_PD,,QUARANTINE,Q15A,F01
8e2a19a57ee1,AIC-PKPD,ID-DEFINED,TIME-DEFINED,DOSE-DEFINED,REGIMEN-FIXED,BIOANALYTICAL-FINAL-FLAG-MISSING,COVARIATE-BASELINE-ONLY,SUBJECT-LEVEL-COVARIATE,SINGLE-ANALYTE,REANALYSIS-NONE,SEMI-STRUCTURED-LEGACY-FLAG,SMALL_MOLECULE,CONTINUOUS_PD,,QUARANTINE,Q15A,F01
c6581ef6401c,AIC-PKPD,ID-DEFINED,TIME-DEFINED,DOSE-DEFINED,REGIMEN-FIXED,BIOANALYTICAL-FINAL-FLAG-MISSING,COVARIATE-BASELINE-ONLY,SUBJECT-LEVEL-COVARIATE,MULTI-CMT-DEFINED,REANALYSIS-NONE,STRUCTURED,SMALL_MOLECULE,CONTINUOUS_PD,,QUARANTINE,Q15A,F01
a38d2b150025,AIC-PKPD,ID-DEFINED,TIME-DEFINED,DOSE-DEFINED,REGIMEN-FIXED,BIOANALYTICAL-FINAL-FLAG-MISSING,COVARIATE-BASELINE-ONLY,SUBJECT-LEVEL-COVARIATE,MULTI-CMT-DEFINED,REANALYSIS-NONE,SEMI-STRUCTURED-LEGACY-FLAG,SMALL_MOLECULE,CONTINUOUS_PD,,QUARANTINE,Q15A,F01
072de2b3fc8e,AIC-PKPD,ID-DEFINED,TIME-DEFINED,DOSE-DEFINED,REGIMEN-FIXED,BIOANALYTICAL-FINAL-FLAG-MISSING,COVARIATE-BASELINE-ONLY,SUBJECT-LEVEL-COVARIATE,DDI-VICTIM-PERPETRATOR,REANALYSIS-NONE,STRUCTURED,SMALL_MOLECULE,CONTINUOUS_PD,,QUARANTINE,Q15A,F22
13490187d614,AIC-PKPD,ID-DEFINED,TIME-DEFINED,DOSE-DEFINED,REGIMEN-FIXED,BIOANALYTICAL-FINAL-FLAG-MISSING,COVARIATE-BASELINE-ONLY,SUBJECT-LEVEL-COVARIATE,DDI-VICTIM-PERPETRATOR,REANALYSIS-NONE,SEMI-STRUCTURED-LEGACY-FLAG,SMALL_MOLECULE,CONTINUOUS_PD,,QUARANTINE,Q15A,F22
05e2b338e051,AIC-PKPD,ID-DEFINED,TIME-DEFINED,DOSE-DEFINED,ADDL-ACTUAL-CONFLICT,BIOANALYTICAL-FINAL,COVARIATE-BASELINE-ONLY,SUBJECT-LEVEL-COVARIATE,SINGLE-ANALYTE,REANALYSIS-NONE,STRUCTURED,SMALL_MOLECULE,CONTINUOUS_PD,,AUTO,,F01
c8fe7d08f7cc,AIC-PKPD,ID-DEFINED,TIME-DEFINED,DOSE-DEFINED,ADDL-ACTUAL-CONFLICT,BIOANALYTICAL-FINAL,COVARIATE-BASELINE-ONLY,SUBJECT-LEVEL-COVARIATE,SINGLE-ANALYTE,REANALYSIS-NONE,SEMI-STRUCTURED-LEGACY-FLAG,SMALL_MOLECULE,CONTINUOUS_PD,,QUARANTINE,Q15B,F01
863562c22869,AIC-PKPD,ID-DEFINED,TIME-DEFINED,DOSE-DEFINED,ADDL-ACTUAL-CONFLICT,BIOANALYTICAL-FINAL,COVARIATE-BASELINE-ONLY,SUBJECT-LEVEL-COVARIATE,MULTI-CMT-DEFINED,REANALYSIS-NONE,STRUCTURED,SMALL_MOLECULE,CONTINUOUS_PD,,REPAIR,,F01
5ce9f06c6ae3,AIC-PKPD,ID-DEFINED,TIME-DEFINED,DOSE-DEFINED,ADDL-ACTUAL-CONFLICT,BIOANALYTICAL-FINAL,COVARIATE-BASELINE-ONLY,SUBJECT-LEVEL-COVARIATE,MULTI-CMT-DEFINED,REANALYSIS-NONE,SEMI-STRUCTURED-LEGACY-FLAG,SMALL_MOLECULE,CONTINUOUS_PD,,QUARANTINE,Q15B,F01
714dd49437bf,AIC-PKPD,ID-DEFINED,TIME-DEFINED,DOSE-DEFINED,ADDL-ACTUAL-CONFLICT,BIOANALYTICAL-FINAL,COVARIATE-BASELINE-ONLY,SUBJECT-LEVEL-COVARIATE,DDI-VICTIM-PERPETRATOR,REANALYSIS-NONE,STRUCTURED,SMALL_MOLECULE,CONTINUOUS_PD,,REPAIR,,F22
d5da9f8e51b6,AIC-PKPD,ID-DEFINED,TIME-DEFINED,DOSE-DEFINED,ADDL-ACTUAL-CONFLICT,BIOANALYTICAL-FINAL,COVARIATE-BASELINE-ONLY,SUBJECT-LEVEL-COVARIATE,DDI-VICTIM-PERPETRATOR,REANALYSIS-NONE,SEMI-STRUCTURED-LEGACY-FLAG,SMALL_MOLECULE,CONTINUOUS_PD,,QUARANTINE,Q15B,F22
57aa0b297f75,AIC-PKPD,ID-DEFINED,TIME-DEFINED,DOSE-DEFINED,ADDL-ACTUAL-CONFLICT,BLQ-DEFINED-POLICY,COVARIATE-BASELINE-ONLY,SUBJECT-LEVEL-COVARIATE,SINGLE-ANALYTE,REANALYSIS-NONE,STRUCTURED,SMALL_MOLECULE,CONTINUOUS_PD,,REPAIR,,F01
99ee3b7e2aa9,AIC-PKPD,ID-DEFINED,TIME-DEFINED,DOSE-DEFINED,ADDL-ACTUAL-CONFLICT,BLQ-DEFINED-POLICY,COVARIATE-BASELINE-ONLY,SUBJECT-LEVEL-COVARIATE,SINGLE-ANALYTE,REANALYSIS-NONE,SEMI-STRUCTURED-LEGACY-FLAG,SMALL_MOLECULE,CONTINUOUS_PD,,QUARANTINE,Q15B,F01
9afc6681069f,AIC-PKPD,ID-DEFINED,TIME-DEFINED,DOSE-DEFINED,ADDL-ACTUAL-CONFLICT,BLQ-DEFINED-POLICY,COVARIATE-BASELINE-ONLY,SUBJECT-LEVEL-COVARIATE,MULTI-CMT-DEFINED,REANALYSIS-NONE,STRUCTURED,SMALL_MOLECULE,CONTINUOUS_PD,,REPAIR,,F01
0f7ef0ebf5ca,AIC-PKPD,ID-DEFINED,TIME-DEFINED,DOSE-DEFINED,ADDL-ACTUAL-CONFLICT,BLQ-DEFINED-POLICY,COVARIATE-BASELINE-ONLY,SUBJECT-LEVEL-COVARIATE,MULTI-CMT-DEFINED,REANALYSIS-NONE,SEMI-STRUCTURED-LEGACY-FLAG,SMALL_MOLECULE,CONTINUOUS_PD,,QUARANTINE,Q15B,F01
adf02930d6fa,AIC-PKPD,ID-DEFINED,TIME-DEFINED,DOSE-DEFINED,ADDL-ACTUAL-CONFLICT,BLQ-DEFINED-POLICY,COVARIATE-BASELINE-ONLY,SUBJECT-LEVEL-COVARIATE,DDI-VICTIM-PERPETRATOR,REANALYSIS-NONE,STRUCTURED,SMALL_MOLECULE,CONTINUOUS_PD,,REPAIR,,F22
c4e6b1080cd5,AIC-PKPD,ID-DEFINED,TIME-DEFINED,DOSE-DEFINED,ADDL-ACTUAL-CONFLICT,BLQ-DEFINED-POLICY,COVARIATE-BASELINE-ONLY,SUBJECT-LEVEL-COVARIATE,DDI-VICTIM-PERPETRATOR,REANALYSIS-NONE,SEMI-STRUCTURED-LEGACY-FLAG,SMALL_MOLECULE,CONTINUOUS_PD,,QUARANTINE,Q15B,F22
4b32137f6b07,AIC-PKPD,ID-DEFINED,TIME-DEFINED,DOSE-DEFINED,ADDL-ACTUAL-CONFLICT,BIOANALYTICAL-FINAL-FLAG-MISSING,COVARIATE-BASELINE-ONLY,SUBJECT-LEVEL-COVARIATE,SINGLE-ANALYTE,REANALYSIS-NONE,STRUCTURED,SMALL_MOLECULE,CONTINUOUS_PD,,QUARANTINE,Q15A,F01
25d6f898c44e,AIC-PKPD,ID-DEFINED,TIME-DEFINED,DOSE-DEFINED,ADDL-ACTUAL-CONFLICT,BIOANALYTICAL-FINAL-FLAG-MISSING,COVARIATE-BASELINE-ONLY,SUBJECT-LEVEL-COVARIATE,SINGLE-ANALYTE,REANALYSIS-NONE,SEMI-STRUCTURED-LEGACY-FLAG,SMALL_MOLECULE,CONTINUOUS_PD,,QUARANTINE,Q15A,F01
bc727d6bee60,AIC-PKPD,ID-DEFINED,TIME-DEFINED,DOSE-DEFINED,ADDL-ACTUAL-CONFLICT,BIOANALYTICAL-FINAL-FLAG-MISSING,COVARIATE-BASELINE-ONLY,SUBJECT-LEVEL-COVARIATE,MULTI-CMT-DEFINED,REANALYSIS-NONE,STRUCTURED,SMALL_MOLECULE,CONTINUOUS_PD,,QUARANTINE,Q15A,F01
38a031850ecf,AIC-PKPD,ID-DEFINED,TIME-DEFINED,DOSE-DEFINED,ADDL-ACTUAL-CONFLICT,BIOANALYTICAL-FINAL-FLAG-MISSING,COVARIATE-BASELINE-ONLY,SUBJECT-LEVEL-COVARIATE,MULTI-CMT-DEFINED,REANALYSIS-NONE,SEMI-STRUCTURED-LEGACY-FLAG,SMALL_MOLECULE,CONTINUOUS_PD,,QUARANTINE,Q15A,F01
35fc712ac5e8,AIC-PKPD,ID-DEFINED,TIME-DEFINED,DOSE-DEFINED,ADDL-ACTUAL-CONFLICT,BIOANALYTICAL-FINAL-FLAG-MISSING,COVARIATE-BASELINE-ONLY,SUBJECT-LEVEL-COVARIATE,DDI-VICTIM-PERPETRATOR,REANALYSIS-NONE,STRUCTURED,SMALL_MOLECULE,CONTINUOUS_PD,,QUARANTINE,Q15A,F22
7a0dbcd3f3a8,AIC-PKPD,ID-DEFINED,TIME-DEFINED,DOSE-DEFINED,ADDL-ACTUAL-CONFLICT,BIOANALYTICAL-FINAL-FLAG-MISSING,COVARIATE-BASELINE-ONLY,SUBJECT-LEVEL-COVARIATE,DDI-VICTIM-PERPETRATOR,REANALYSIS-NONE,SEMI-STRUCTURED-LEGACY-FLAG,SMALL_MOLECULE,CONTINUOUS_PD,,QUARANTINE,Q15A,F22
a212a80f4b07,AIC-PKPD,ID-DEFINED,TIME-DEFINED,DOSE-DEFINED,REGIMEN-FIXED,BIOANALYTICAL-FINAL,COVARIATE-BASELINE-ONLY,SUBJECT-LEVEL-COVARIATE,SINGLE-ANALYTE,REANALYSIS-NONE,STRUCTURED,MAB,CONTINUOUS_PD,,AUTO,,F01
d1031b1c1128,AIC-PKPD,ID-DEFINED,TIME-DEFINED,DOSE-DEFINED,REGIMEN-FIXED,BIOANALYTICAL-FINAL,COVARIATE-BASELINE-ONLY,SUBJECT-LEVEL-COVARIATE,SINGLE-ANALYTE,REANALYSIS-NONE,SEMI-STRUCTURED-LEGACY-FLAG,MAB,CONTINUOUS_PD,,QUARANTINE,Q15B,F01
549432b72dc1,AIC-PKPD,ID-DEFINED,TIME-DEFINED,DOSE-DEFINED,REGIMEN-FIXED,BIOANALYTICAL-FINAL,COVARIATE-BASELINE-ONLY,SUBJECT-LEVEL-COVARIATE,MULTI-CMT-DEFINED,REANALYSIS-NONE,STRUCTURED,MAB,CONTINUOUS_PD,,REPAIR,,F01
77651dcc1874,AIC-PKPD,ID-DEFINED,TIME-DEFINED,DOSE-DEFINED,REGIMEN-FIXED,BIOANALYTICAL-FINAL,COVARIATE-BASELINE-ONLY,SUBJECT-LEVEL-COVARIATE,MULTI-CMT-DEFINED,REANALYSIS-NONE,SEMI-STRUCTURED-LEGACY-FLAG,MAB,CONTINUOUS_PD,,QUARANTINE,Q15B,F01
e1885246fb65,AIC-PKPD,ID-DEFINED,TIME-DEFINED,DOSE-DEFINED,REGIMEN-FIXED,BIOANALYTICAL-FINAL,COVARIATE-BASELINE-ONLY,SUBJECT-LEVEL-COVARIATE,DDI-VICTIM-PERPETRATOR,REANALYSIS-NONE,STRUCTURED,MAB,CONTINUOUS_PD,,REPAIR,,F22
f0b13204521b,AIC-PKPD,ID-DEFINED,TIME-DEFINED,DOSE-DEFINED,REGIMEN-FIXED,BIOANALYTICAL-FINAL,COVARIATE-BASELINE-ONLY,SUBJECT-LEVEL-COVARIATE,DDI-VICTIM-PERPETRATOR,REANALYSIS-NONE,SEMI-STRUCTURED-LEGACY-FLAG,MAB,CONTINUOUS_PD,,QUARANTINE,Q15B,F22
03e18303b722,AIC-PKPD,ID-DEFINED,TIME-DEFINED,DOSE-DEFINED,REGIMEN-FIXED,BLQ-DEFINED-POLICY,COVARIATE-BASELINE-ONLY,SUBJECT-LEVEL-COVARIATE,SINGLE-ANALYTE,REANALYSIS-NONE,STRUCTURED,MAB,CONTINUOUS_PD,,REPAIR,,F01
56c7ff0ff76d,AIC-PKPD,ID-DEFINED,TIME-DEFINED,DOSE-DEFINED,REGIMEN-FIXED,BLQ-DEFINED-POLICY,COVARIATE-BASELINE-ONLY,SUBJECT-LEVEL-COVARIATE,SINGLE-ANALYTE,REANALYSIS-NONE,SEMI-STRUCTURED-LEGACY-FLAG,MAB,CONTINUOUS_PD,,QUARANTINE,Q15B,F01
42768965238b,AIC-PKPD,ID-DEFINED,TIME-DEFINED,DOSE-DEFINED,REGIMEN-FIXED,BLQ-DEFINED-POLICY,COVARIATE-BASELINE-ONLY,SUBJECT-LEVEL-COVARIATE,MULTI-CMT-DEFINED,REANALYSIS-NONE,STRUCTURED,MAB,CONTINUOUS_PD,,REPAIR,,F01
6abb7048b8eb,AIC-PKPD,ID-DEFINED,TIME-DEFINED,DOSE-DEFINED,REGIMEN-FIXED,BLQ-DEFINED-POLICY,COVARIATE-BASELINE-ONLY,SUBJECT-LEVEL-COVARIATE,MULTI-CMT-DEFINED,REANALYSIS-NONE,SEMI-STRUCTURED-LEGACY-FLAG,MAB,CONTINUOUS_PD,,QUARANTINE,Q15B,F01
2b522e144593,AIC-PKPD,ID-DEFINED,TIME-DEFINED,DOSE-DEFINED,REGIMEN-FIXED,BLQ-DEFINED-POLICY,COVARIATE-BASELINE-ONLY,SUBJECT-LEVEL-COVARIATE,DDI-VICTIM-PERPETRATOR,REANALYSIS-NONE,STRUCTURED,MAB,CONTINUOUS_PD,,REPAIR,,F22
bc786eaf3a98,AIC-PKPD,ID-DEFINED,TIME-DEFINED,DOSE-DEFINED,REGIMEN-FIXED,BLQ-DEFINED-POLICY,COVARIATE-BASELINE-ONLY,SUBJECT-LEVEL-COVARIATE,DDI-VICTIM-PERPETRATOR,REANALYSIS-NONE,SEMI-STRUCTURED-LEGACY-FLAG,MAB,CONTINUOUS_PD,,QUARANTINE,Q15B,F22
addc4ed410bb,AIC-PKPD,ID-DEFINED,TIME-DEFINED,DOSE-DEFINED,REGIMEN-FIXED,BIOANALYTICAL-FINAL-FLAG-MISSING,COVARIATE-BASELINE-ONLY,SUBJECT-LEVEL-COVARIATE,SINGLE-ANALYTE,REANALYSIS-NONE,STRUCTURED,MAB,CONTINUOUS_PD,,QUARANTINE,Q15A,F01
d8fce4c5b5e0,AIC-PKPD,ID-DEFINED,TIME-DEFINED,DOSE-DEFINED,REGIMEN-FIXED,BIOANALYTICAL-FINAL-FLAG-MISSING,COVARIATE-BASELINE-ONLY,SUBJECT-LEVEL-COVARIATE,SINGLE-ANALYTE,REANALYSIS-NONE,SEMI-STRUCTURED-LEGACY-FLAG,MAB,CONTINUOUS_PD,,QUARANTINE,Q15A,F01
71072448af7b,AIC-PKPD,ID-DEFINED,TIME-DEFINED,DOSE-DEFINED,REGIMEN-FIXED,BIOANALYTICAL-FINAL-FLAG-MISSING,COVARIATE-BASELINE-ONLY,SUBJECT-LEVEL-COVARIATE,MULTI-CMT-DEFINED,REANALYSIS-NONE,STRUCTURED,MAB,CONTINUOUS_PD,,QUARANTINE,Q15A,F01
9c9922d5da49,AIC-PKPD,ID-DEFINED,TIME-DEFINED,DOSE-DEFINED,REGIMEN-FIXED,BIOANALYTICAL-FINAL-FLAG-MISSING,COVARIATE-BASELINE-ONLY,SUBJECT-LEVEL-COVARIATE,MULTI-CMT-DEFINED,REANALYSIS-NONE,SEMI-STRUCTURED-LEGACY-FLAG,MAB,CONTINUOUS_PD,,QUARANTINE,Q15A,F01
4928f4455048,AIC-PKPD,ID-DEFINED,TIME-DEFINED,DOSE-DEFINED,REGIMEN-FIXED,BIOANALYTICAL-FINAL-FLAG-MISSING,COVARIATE-BASELINE-ONLY,SUBJECT-LEVEL-COVARIATE,DDI-VICTIM-PERPETRATOR,REANALYSIS-NONE,STRUCTURED,MAB,CONTINUOUS_PD,,QUARANTINE,Q15A,F22
7696ad9be9c5,AIC-PKPD,ID-DEFINED,TIME-DEFINED,DOSE-DEFINED,REGIMEN-FIXED,BIOANALYTICAL-FINAL-FLAG-MISSING,COVARIATE-BASELINE-ONLY,SUBJECT-LEVEL-COVARIATE,DDI-VICTIM-PERPETRATOR,REANALYSIS-NONE,SEMI-STRUCTURED-LEGACY-FLAG,MAB,CONTINUOUS_PD,,QUARANTINE,Q15A,F22
d0b3c3a9f488,AIC-PKPD,ID-DEFINED,TIME-DEFINED,DOSE-DEFINED,ADDL-ACTUAL-CONFLICT,BIOANALYTICAL-FINAL,COVARIATE-BASELINE-ONLY,SUBJECT-LEVEL-COVARIATE,SINGLE-ANALYTE,REANALYSIS-NONE,STRUCTURED,MAB,CONTINUOUS_PD,,AUTO,,F01
9e5a26df95b4,AIC-PKPD,ID-DEFINED,TIME-DEFINED,DOSE-DEFINED,ADDL-ACTUAL-CONFLICT,BIOANALYTICAL-FINAL,COVARIATE-BASELINE-ONLY,SUBJECT-LEVEL-COVARIATE,SINGLE-ANALYTE,REANALYSIS-NONE,SEMI-STRUCTURED-LEGACY-FLAG,MAB,CONTINUOUS_PD,,QUARANTINE,Q15B,F01
39829d51ace7,AIC-PKPD,ID-DEFINED,TIME-DEFINED,DOSE-DEFINED,ADDL-ACTUAL-CONFLICT,BIOANALYTICAL-FINAL,COVARIATE-BASELINE-ONLY,SUBJECT-LEVEL-COVARIATE,MULTI-CMT-DEFINED,REANALYSIS-NONE,STRUCTURED,MAB,CONTINUOUS_PD,,REPAIR,,F01
1048feba78b3,AIC-PKPD,ID-DEFINED,TIME-DEFINED,DOSE-DEFINED,ADDL-ACTUAL-CONFLICT,BIOANALYTICAL-FINAL,COVARIATE-BASELINE-ONLY,SUBJECT-LEVEL-COVARIATE,MULTI-CMT-DEFINED,REANALYSIS-NONE,SEMI-STRUCTURED-LEGACY-FLAG,MAB,CONTINUOUS_PD,,QUARANTINE,Q15B,F01
7ac7a46f231e,AIC-PKPD,ID-DEFINED,TIME-DEFINED,DOSE-DEFINED,ADDL-ACTUAL-CONFLICT,BIOANALYTICAL-FINAL,COVARIATE-BASELINE-ONLY,SUBJECT-LEVEL-COVARIATE,DDI-VICTIM-PERPETRATOR,REANALYSIS-NONE,STRUCTURED,MAB,CONTINUOUS_PD,,REPAIR,,F22
439c4ad2e043,AIC-PKPD,ID-DEFINED,TIME-DEFINED,DOSE-DEFINED,ADDL-ACTUAL-CONFLICT,BIOANALYTICAL-FINAL,COVARIATE-BASELINE-ONLY,SUBJECT-LEVEL-COVARIATE,DDI-VICTIM-PERPETRATOR,REANALYSIS-NONE,SEMI-STRUCTURED-LEGACY-FLAG,MAB,CONTINUOUS_PD,,QUARANTINE,Q15B,F22
6929aa77fceb,AIC-PKPD,ID-DEFINED,TIME-DEFINED,DOSE-DEFINED,ADDL-ACTUAL-CONFLICT,BLQ-DEFINED-POLICY,COVARIATE-BASELINE-ONLY,SUBJECT-LEVEL-COVARIATE,SINGLE-ANALYTE,REANALYSIS-NONE,STRUCTURED,MAB,CONTINUOUS_PD,,REPAIR,,F01
6c809522d5ef,AIC-PKPD,ID-DEFINED,TIME-DEFINED,DOSE-DEFINED,ADDL-ACTUAL-CONFLICT,BLQ-DEFINED-POLICY,COVARIATE-BASELINE-ONLY,SUBJECT-LEVEL-COVARIATE,SINGLE-ANALYTE,REANALYSIS-NONE,SEMI-STRUCTURED-LEGACY-FLAG,MAB,CONTINUOUS_PD,,QUARANTINE,Q15B,F01
bd1de3095d26,AIC-PKPD,ID-DEFINED,TIME-DEFINED,DOSE-DEFINED,ADDL-ACTUAL-CONFLICT,BLQ-DEFINED-POLICY,COVARIATE-BASELINE-ONLY,SUBJECT-LEVEL-COVARIATE,MULTI-CMT-DEFINED,REANALYSIS-NONE,STRUCTURED,MAB,CONTINUOUS_PD,,REPAIR,,F01
2b196b384bf4,AIC-PKPD,ID-DEFINED,TIME-DEFINED,DOSE-DEFINED,ADDL-ACTUAL-CONFLICT,BLQ-DEFINED-POLICY,COVARIATE-BASELINE-ONLY,SUBJECT-LEVEL-COVARIATE,MULTI-CMT-DEFINED,REANALYSIS-NONE,SEMI-STRUCTURED-LEGACY-FLAG,MAB,CONTINUOUS_PD,,QUARANTINE,Q15B,F01
1a116ef989a6,AIC-PKPD,ID-DEFINED,TIME-DEFINED,DOSE-DEFINED,ADDL-ACTUAL-CONFLICT,BLQ-DEFINED-POLICY,COVARIATE-BASELINE-ONLY,SUBJECT-LEVEL-COVARIATE,DDI-VICTIM-PERPETRATOR,REANALYSIS-NONE,STRUCTURED,MAB,CONTINUOUS_PD,,REPAIR,,F22
7b9bfacbf1aa,AIC-PKPD,ID-DEFINED,TIME-DEFINED,DOSE-DEFINED,ADDL-ACTUAL-CONFLICT,BLQ-DEFINED-POLICY,COVARIATE-BASELINE-ONLY,SUBJECT-LEVEL-COVARIATE,DDI-VICTIM-PERPETRATOR,REANALYSIS-NONE,SEMI-STRUCTURED-LEGACY-FLAG,MAB,CONTINUOUS_PD,,QUARANTINE,Q15B,F22
7e8477372b1f,AIC-PKPD,ID-DEFINED,TIME-DEFINED,DOSE-DEFINED,ADDL-ACTUAL-CONFLICT,BIOANALYTICAL-FINAL-FLAG-MISSING,COVARIATE-BASELINE-ONLY,SUBJECT-LEVEL-COVARIATE,SINGLE-ANALYTE,REANALYSIS-NONE,STRUCTURED,MAB,CONTINUOUS_PD,,QUARANTINE,Q15A,F01
ad34f2763336,AIC-PKPD,ID-DEFINED,TIME-DEFINED,DOSE-DEFINED,ADDL-ACTUAL-CONFLICT,BIOANALYTICAL-FINAL-FLAG-MISSING,COVARIATE-BASELINE-ONLY,SUBJECT-LEVEL-COVARIATE,SINGLE-ANALYTE,REANALYSIS-NONE,SEMI-STRUCTURED-LEGACY-FLAG,MAB,CONTINUOUS_PD,,QUARANTINE,Q15A,F01
20666b5650b4,AIC-PKPD,ID-DEFINED,TIME-DEFINED,DOSE-DEFINED,ADDL-ACTUAL-CONFLICT,BIOANALYTICAL-FINAL-FLAG-MISSING,COVARIATE-BASELINE-ONLY,SUBJECT-LEVEL-COVARIATE,MULTI-CMT-DEFINED,REANALYSIS-NONE,STRUCTURED,MAB,CONTINUOUS_PD,,QUARANTINE,Q15A,F01
557f561711f8,AIC-PKPD,ID-DEFINED,TIME-DEFINED,DOSE-DEFINED,ADDL-ACTUAL-CONFLICT,BIOANALYTICAL-FINAL-FLAG-MISSING,COVARIATE-BASELINE-ONLY,SUBJECT-LEVEL-COVARIATE,MULTI-CMT-DEFINED,REANALYSIS-NONE,SEMI-STRUCTURED-LEGACY-FLAG,MAB,CONTINUOUS_PD,,QUARANTINE,Q15A,F01
2cb0e25f2548,AIC-PKPD,ID-DEFINED,TIME-DEFINED,DOSE-DEFINED,ADDL-ACTUAL-CONFLICT,BIOANALYTICAL-FINAL-FLAG-MISSING,COVARIATE-BASELINE-ONLY,SUBJECT-LEVEL-COVARIATE,DDI-VICTIM-PERPETRATOR,REANALYSIS-NONE,STRUCTURED,MAB,CONTINUOUS_PD,,QUARANTINE,Q15A,F22
fb619423666d,AIC-PKPD,ID-DEFINED,TIME-DEFINED,DOSE-DEFINED,ADDL-ACTUAL-CONFLICT,BIOANALYTICAL-FINAL-FLAG-MISSING,COVARIATE-BASELINE-ONLY,SUBJECT-LEVEL-COVARIATE,DDI-VICTIM-PERPETRATOR,REANALYSIS-NONE,SEMI-STRUCTURED-LEGACY-FLAG,MAB,CONTINUOUS_PD,,QUARANTINE,Q15A,F22
994d2d78e747,AIC-PKPD,ID-DEFINED,TIME-DEFINED,DOSE-DEFINED,REGIMEN-FIXED,BIOANALYTICAL-FINAL,COVARIATE-BASELINE-ONLY,SUBJECT-LEVEL-COVARIATE,SINGLE-ANALYTE,REANALYSIS-NONE,STRUCTURED,ADC,CONTINUOUS_PD,,AUTO,,F01
10ac07fd7147,AIC-PKPD,ID-DEFINED,TIME-DEFINED,DOSE-DEFINED,REGIMEN-FIXED,BIOANALYTICAL-FINAL,COVARIATE-BASELINE-ONLY,SUBJECT-LEVEL-COVARIATE,SINGLE-ANALYTE,REANALYSIS-NONE,SEMI-STRUCTURED-LEGACY-FLAG,ADC,CONTINUOUS_PD,,QUARANTINE,Q15B,F01
b56b221bed0a,AIC-PKPD,ID-DEFINED,TIME-DEFINED,DOSE-DEFINED,REGIMEN-FIXED,BIOANALYTICAL-FINAL,COVARIATE-BASELINE-ONLY,SUBJECT-LEVEL-COVARIATE,MULTI-CMT-DEFINED,REANALYSIS-NONE,STRUCTURED,ADC,CONTINUOUS_PD,TOTAL_ANTIBODY|CONJUGATED_ADC|UNCONJUGATED_PAYLOAD,REPAIR,,F24
24e966d4b125,AIC-PKPD,ID-DEFINED,TIME-DEFINED,DOSE-DEFINED,REGIMEN-FIXED,BIOANALYTICAL-FINAL,COVARIATE-BASELINE-ONLY,SUBJECT-LEVEL-COVARIATE,MULTI-CMT-DEFINED,REANALYSIS-NONE,STRUCTURED,ADC,CONTINUOUS_PD,,QUARANTINE,Q16,F24
6f5333b41466,AIC-PKPD,ID-DEFINED,TIME-DEFINED,DOSE-DEFINED,REGIMEN-FIXED,BIOANALYTICAL-FINAL,COVARIATE-BASELINE-ONLY,SUBJECT-LEVEL-COVARIATE,MULTI-CMT-DEFINED,REANALYSIS-NONE,SEMI-STRUCTURED-LEGACY-FLAG,ADC,CONTINUOUS_PD,TOTAL_ANTIBODY|CONJUGATED_ADC|UNCONJUGATED_PAYLOAD,QUARANTINE,Q15B,F24
bc8f8577461d,AIC-PKPD,ID-DEFINED,TIME-DEFINED,DOSE-DEFINED,REGIMEN-FIXED,BIOANALYTICAL-FINAL,COVARIATE-BASELINE-ONLY,SUBJECT-LEVEL-COVARIATE,MULTI-CMT-DEFINED,REANALYSIS-NONE,SEMI-STRUCTURED-LEGACY-FLAG,ADC,CONTINUOUS_PD,,QUARANTINE,Q16,F24
819311e03fea,AIC-PKPD,ID-DEFINED,TIME-DEFINED,DOSE-DEFINED,REGIMEN-FIXED,BIOANALYTICAL-FINAL,COVARIATE-BASELINE-ONLY,SUBJECT-LEVEL-COVARIATE,DDI-VICTIM-PERPETRATOR,REANALYSIS-NONE,STRUCTURED,ADC,CONTINUOUS_PD,TOTAL_ANTIBODY|CONJUGATED_ADC|UNCONJUGATED_PAYLOAD,REPAIR,,F22
a0376fb8aaa1,AIC-PKPD,ID-DEFINED,TIME-DEFINED,DOSE-DEFINED,REGIMEN-FIXED,BIOANALYTICAL-FINAL,COVARIATE-BASELINE-ONLY,SUBJECT-LEVEL-COVARIATE,DDI-VICTIM-PERPETRATOR,REANALYSIS-NONE,STRUCTURED,ADC,CONTINUOUS_PD,,QUARANTINE,Q16,F22
714ab94f7ade,AIC-PKPD,ID-DEFINED,TIME-DEFINED,DOSE-DEFINED,REGIMEN-FIXED,BIOANALYTICAL-FINAL,COVARIATE-BASELINE-ONLY,SUBJECT-LEVEL-COVARIATE,DDI-VICTIM-PERPETRATOR,REANALYSIS-NONE,SEMI-STRUCTURED-LEGACY-FLAG,ADC,CONTINUOUS_PD,TOTAL_ANTIBODY|CONJUGATED_ADC|UNCONJUGATED_PAYLOAD,QUARANTINE,Q15B,F22
2af87448025f,AIC-PKPD,ID-DEFINED,TIME-DEFINED,DOSE-DEFINED,REGIMEN-FIXED,BIOANALYTICAL-FINAL,COVARIATE-BASELINE-ONLY,SUBJECT-LEVEL-COVARIATE,DDI-VICTIM-PERPETRATOR,REANALYSIS-NONE,SEMI-STRUCTURED-LEGACY-FLAG,ADC,CONTINUOUS_PD,,QUARANTINE,Q16,F22
84236623cb91,AIC-PKPD,ID-DEFINED,TIME-DEFINED,DOSE-DEFINED,REGIMEN-FIXED,BLQ-DEFINED-POLICY,COVARIATE-BASELINE-ONLY,SUBJECT-LEVEL-COVARIATE,SINGLE-ANALYTE,REANALYSIS-NONE,STRUCTURED,ADC,CONTINUOUS_PD,,REPAIR,,F01
2ee99d0edc00,AIC-PKPD,ID-DEFINED,TIME-DEFINED,DOSE-DEFINED,REGIMEN-FIXED,BLQ-DEFINED-POLICY,COVARIATE-BASELINE-ONLY,SUBJECT-LEVEL-COVARIATE,SINGLE-ANALYTE,REANALYSIS-NONE,SEMI-STRUCTURED-LEGACY-FLAG,ADC,CONTINUOUS_PD,,QUARANTINE,Q15B,F01
ef634aab678c,AIC-PKPD,ID-DEFINED,TIME-DEFINED,DOSE-DEFINED,REGIMEN-FIXED,BLQ-DEFINED-POLICY,COVARIATE-BASELINE-ONLY,SUBJECT-LEVEL-COVARIATE,MULTI-CMT-DEFINED,REANALYSIS-NONE,STRUCTURED,ADC,CONTINUOUS_PD,TOTAL_ANTIBODY|CONJUGATED_ADC|UNCONJUGATED_PAYLOAD,REPAIR,,F24
4612c809bddf,AIC-PKPD,ID-DEFINED,TIME-DEFINED,DOSE-DEFINED,REGIMEN-FIXED,BLQ-DEFINED-POLICY,COVARIATE-BASELINE-ONLY,SUBJECT-LEVEL-COVARIATE,MULTI-CMT-DEFINED,REANALYSIS-NONE,STRUCTURED,ADC,CONTINUOUS_PD,,QUARANTINE,Q16,F24
2a5a5dbe2db8,AIC-PKPD,ID-DEFINED,TIME-DEFINED,DOSE-DEFINED,REGIMEN-FIXED,BLQ-DEFINED-POLICY,COVARIATE-BASELINE-ONLY,SUBJECT-LEVEL-COVARIATE,MULTI-CMT-DEFINED,REANALYSIS-NONE,SEMI-STRUCTURED-LEGACY-FLAG,ADC,CONTINUOUS_PD,TOTAL_ANTIBODY|CONJUGATED_ADC|UNCONJUGATED_PAYLOAD,QUARANTINE,Q15B,F24
899b94a3117d,AIC-PKPD,ID-DEFINED,TIME-DEFINED,DOSE-DEFINED,REGIMEN-FIXED,BLQ-DEFINED-POLICY,COVARIATE-BASELINE-ONLY,SUBJECT-LEVEL-COVARIATE,MULTI-CMT-DEFINED,REANALYSIS-NONE,SEMI-STRUCTURED-LEGACY-FLAG,ADC,CONTINUOUS_PD,,QUARANTINE,Q16,F24
0c07e4b29ac1,AIC-PKPD,ID-DEFINED,TIME-DEFINED,DOSE-DEFINED,REGIMEN-FIXED,BLQ-DEFINED-POLICY,COVARIATE-BASELINE-ONLY,SUBJECT-LEVEL-COVARIATE,DDI-VICTIM-PERPETRATOR,REANALYSIS-NONE,STRUCTURED,ADC,CONTINUOUS_PD,TOTAL_ANTIBODY|CONJUGATED_ADC|UNCONJUGATED_PAYLOAD,REPAIR,,F22
637cfb5c4e48,AIC-PKPD,ID-DEFINED,TIME-DEFINED,DOSE-DEFINED,REGIMEN-FIXED,BLQ-DEFINED-POLICY,COVARIATE-BASELINE-ONLY,SUBJECT-LEVEL-COVARIATE,DDI-VICTIM-PERPETRATOR,REANALYSIS-NONE,STRUCTURED,ADC,CONTINUOUS_PD,,QUARANTINE,Q16,F22
45802fcfeb95,AIC-PKPD,ID-DEFINED,TIME-DEFINED,DOSE-DEFINED,REGIMEN-FIXED,BLQ-DEFINED-POLICY,COVARIATE-BASELINE-ONLY,SUBJECT-LEVEL-COVARIATE,DDI-VICTIM-PERPETRATOR,REANALYSIS-NONE,SEMI-STRUCTURED-LEGACY-FLAG,ADC,CONTINUOUS_PD,TOTAL_ANTIBODY|CONJUGATED_ADC|UNCONJUGATED_PAYLOAD,QUARANTINE,Q15B,F22
19d5dde446e4,AIC-PKPD,ID-DEFINED,TIME-DEFINED,DOSE-DEFINED,REGIMEN-FIXED,BLQ-DEFINED-POLICY,COVARIATE-BASELINE-ONLY,SUBJECT-LEVEL-COVARIATE,DDI-VICTIM-PERPETRATOR,REANALYSIS-NONE,SEMI-STRUCTURED-LEGACY-FLAG,ADC,CONTINUOUS_PD,,QUARANTINE,Q16,F22
5455c0f2a137,AIC-PKPD,ID-DEFINED,TIME-DEFINED,DOSE-DEFINED,REGIMEN-FIXED,BIOANALYTICAL-FINAL-FLAG-MISSING,COVARIATE-BASELINE-ONLY,SUBJECT-LEVEL-COVARIATE,SINGLE-ANALYTE,REANALYSIS-NONE,STRUCTURED,ADC,CONTINUOUS_PD,,QUARANTINE,Q15A,F01
e9ccfe2648a0,AIC-PKPD,ID-DEFINED,TIME-DEFINED,DOSE-DEFINED,REGIMEN-FIXED,BIOANALYTICAL-FINAL-FLAG-MISSING,COVARIATE-BASELINE-ONLY,SUBJECT-LEVEL-COVARIATE,SINGLE-ANALYTE,REANALYSIS-NONE,SEMI-STRUCTURED-LEGACY-FLAG,ADC,CONTINUOUS_PD,,QUARANTINE,Q15A,F01
ec959084f568,AIC-PKPD,ID-DEFINED,TIME-DEFINED,DOSE-DEFINED,REGIMEN-FIXED,BIOANALYTICAL-FINAL-FLAG-MISSING,COVARIATE-BASELINE-ONLY,SUBJECT-LEVEL-COVARIATE,MULTI-CMT-DEFINED,REANALYSIS-NONE,STRUCTURED,ADC,CONTINUOUS_PD,TOTAL_ANTIBODY|CONJUGATED_ADC|UNCONJUGATED_PAYLOAD,QUARANTINE,Q15A,F24
196d06ef4b74,AIC-PKPD,ID-DEFINED,TIME-DEFINED,DOSE-DEFINED,REGIMEN-FIXED,BIOANALYTICAL-FINAL-FLAG-MISSING,COVARIATE-BASELINE-ONLY,SUBJECT-LEVEL-COVARIATE,MULTI-CMT-DEFINED,REANALYSIS-NONE,STRUCTURED,ADC,CONTINUOUS_PD,,QUARANTINE,Q15A,F24
5ea68f5873de,AIC-PKPD,ID-DEFINED,TIME-DEFINED,DOSE-DEFINED,REGIMEN-FIXED,BIOANALYTICAL-FINAL-FLAG-MISSING,COVARIATE-BASELINE-ONLY,SUBJECT-LEVEL-COVARIATE,MULTI-CMT-DEFINED,REANALYSIS-NONE,SEMI-STRUCTURED-LEGACY-FLAG,ADC,CONTINUOUS_PD,TOTAL_ANTIBODY|CONJUGATED_ADC|UNCONJUGATED_PAYLOAD,QUARANTINE,Q15A,F24
dce04490165a,AIC-PKPD,ID-DEFINED,TIME-DEFINED,DOSE-DEFINED,REGIMEN-FIXED,BIOANALYTICAL-FINAL-FLAG-MISSING,COVARIATE-BASELINE-ONLY,SUBJECT-LEVEL-COVARIATE,MULTI-CMT-DEFINED,REANALYSIS-NONE,SEMI-STRUCTURED-LEGACY-FLAG,ADC,CONTINUOUS_PD,,QUARANTINE,Q15A,F24
022963155878,AIC-PKPD,ID-DEFINED,TIME-DEFINED,DOSE-DEFINED,REGIMEN-FIXED,BIOANALYTICAL-FINAL-FLAG-MISSING,COVARIATE-BASELINE-ONLY,SUBJECT-LEVEL-COVARIATE,DDI-VICTIM-PERPETRATOR,REANALYSIS-NONE,STRUCTURED,ADC,CONTINUOUS_PD,TOTAL_ANTIBODY|CONJUGATED_ADC|UNCONJUGATED_PAYLOAD,QUARANTINE,Q15A,F22
c8278c46b6dc,AIC-PKPD,ID-DEFINED,TIME-DEFINED,DOSE-DEFINED,REGIMEN-FIXED,BIOANALYTICAL-FINAL-FLAG-MISSING,COVARIATE-BASELINE-ONLY,SUBJECT-LEVEL-COVARIATE,DDI-VICTIM-PERPETRATOR,REANALYSIS-NONE,STRUCTURED,ADC,CONTINUOUS_PD,,QUARANTINE,Q15A,F22
f65ce3b9e55f,AIC-PKPD,ID-DEFINED,TIME-DEFINED,DOSE-DEFINED,REGIMEN-FIXED,BIOANALYTICAL-FINAL-FLAG-MISSING,COVARIATE-BASELINE-ONLY,SUBJECT-LEVEL-COVARIATE,DDI-VICTIM-PERPETRATOR,REANALYSIS-NONE,SEMI-STRUCTURED-LEGACY-FLAG,ADC,CONTINUOUS_PD,TOTAL_ANTIBODY|CONJUGATED_ADC|UNCONJUGATED_PAYLOAD,QUARANTINE,Q15A,F22
78d5df6c3169,AIC-PKPD,ID-DEFINED,TIME-DEFINED,DOSE-DEFINED,REGIMEN-FIXED,BIOANALYTICAL-FINAL-FLAG-MISSING,COVARIATE-BASELINE-ONLY,SUBJECT-LEVEL-COVARIATE,DDI-VICTIM-PERPETRATOR,REANALYSIS-NONE,SEMI-STRUCTURED-LEGACY-FLAG,ADC,CONTINUOUS_PD,,QUARANTINE,Q15A,F22
6742fdeb8e28,AIC-PKPD,ID-DEFINED,TIME-DEFINED,DOSE-DEFINED,ADDL-ACTUAL-CONFLICT,BIOANALYTICAL-FINAL,COVARIATE-BASELINE-ONLY,SUBJECT-LEVEL-COVARIATE,SINGLE-ANALYTE,REANALYSIS-NONE,STRUCTURED,ADC,CONTINUOUS_PD,,AUTO,,F01
47319b073b04,AIC-PKPD,ID-DEFINED,TIME-DEFINED,DOSE-DEFINED,ADDL-ACTUAL-CONFLICT,BIOANALYTICAL-FINAL,COVARIATE-BASELINE-ONLY,SUBJECT-LEVEL-COVARIATE,SINGLE-ANALYTE,REANALYSIS-NONE,SEMI-STRUCTURED-LEGACY-FLAG,ADC,CONTINUOUS_PD,,QUARANTINE,Q15B,F01
ba63d76d8900,AIC-PKPD,ID-DEFINED,TIME-DEFINED,DOSE-DEFINED,ADDL-ACTUAL-CONFLICT,BIOANALYTICAL-FINAL,COVARIATE-BASELINE-ONLY,SUBJECT-LEVEL-COVARIATE,MULTI-CMT-DEFINED,REANALYSIS-NONE,STRUCTURED,ADC,CONTINUOUS_PD,TOTAL_ANTIBODY|CONJUGATED_ADC|UNCONJUGATED_PAYLOAD,REPAIR,,F24
5fddeaf56b11,AIC-PKPD,ID-DEFINED,TIME-DEFINED,DOSE-DEFINED,ADDL-ACTUAL-CONFLICT,BIOANALYTICAL-FINAL,COVARIATE-BASELINE-ONLY,SUBJECT-LEVEL-COVARIATE,MULTI-CMT-DEFINED,REANALYSIS-NONE,STRUCTURED,ADC,CONTINUOUS_PD,,QUARANTINE,Q16,F24
11d3d06a7b0f,AIC-PKPD,ID-DEFINED,TIME-DEFINED,DOSE-DEFINED,ADDL-ACTUAL-CONFLICT,BIOANALYTICAL-FINAL,COVARIATE-BASELINE-ONLY,SUBJECT-LEVEL-COVARIATE,MULTI-CMT-DEFINED,REANALYSIS-NONE,SEMI-STRUCTURED-LEGACY-FLAG,ADC,CONTINUOUS_PD,TOTAL_ANTIBODY|CONJUGATED_ADC|UNCONJUGATED_PAYLOAD,QUARANTINE,Q15B,F24
2aca0ab552ed,AIC-PKPD,ID-DEFINED,TIME-DEFINED,DOSE-DEFINED,ADDL-ACTUAL-CONFLICT,BIOANALYTICAL-FINAL,COVARIATE-BASELINE-ONLY,SUBJECT-LEVEL-COVARIATE,MULTI-CMT-DEFINED,REANALYSIS-NONE,SEMI-STRUCTURED-LEGACY-FLAG,ADC,CONTINUOUS_PD,,QUARANTINE,Q16,F24
fcfae4a50522,AIC-PKPD,ID-DEFINED,TIME-DEFINED,DOSE-DEFINED,ADDL-ACTUAL-CONFLICT,BIOANALYTICAL-FINAL,COVARIATE-BASELINE-ONLY,SUBJECT-LEVEL-COVARIATE,DDI-VICTIM-PERPETRATOR,REANALYSIS-NONE,STRUCTURED,ADC,CONTINUOUS_PD,TOTAL_ANTIBODY|CONJUGATED_ADC|UNCONJUGATED_PAYLOAD,REPAIR,,F22
00cb59870607,AIC-PKPD,ID-DEFINED,TIME-DEFINED,DOSE-DEFINED,ADDL-ACTUAL-CONFLICT,BIOANALYTICAL-FINAL,COVARIATE-BASELINE-ONLY,SUBJECT-LEVEL-COVARIATE,DDI-VICTIM-PERPETRATOR,REANALYSIS-NONE,STRUCTURED,ADC,CONTINUOUS_PD,,QUARANTINE,Q16,F22
9fc9d0f0de8a,AIC-PKPD,ID-DEFINED,TIME-DEFINED,DOSE-DEFINED,ADDL-ACTUAL-CONFLICT,BIOANALYTICAL-FINAL,COVARIATE-BASELINE-ONLY,SUBJECT-LEVEL-COVARIATE,DDI-VICTIM-PERPETRATOR,REANALYSIS-NONE,SEMI-STRUCTURED-LEGACY-FLAG,ADC,CONTINUOUS_PD,TOTAL_ANTIBODY|CONJUGATED_ADC|UNCONJUGATED_PAYLOAD,QUARANTINE,Q15B,F22
c52c385da104,AIC-PKPD,ID-DEFINED,TIME-DEFINED,DOSE-DEFINED,ADDL-ACTUAL-CONFLICT,BIOANALYTICAL-FINAL,COVARIATE-BASELINE-ONLY,SUBJECT-LEVEL-COVARIATE,DDI-VICTIM-PERPETRATOR,REANALYSIS-NONE,SEMI-STRUCTURED-LEGACY-FLAG,ADC,CONTINUOUS_PD,,QUARANTINE,Q16,F22
3416216925e4,AIC-PKPD,ID-DEFINED,TIME-DEFINED,DOSE-DEFINED,ADDL-ACTUAL-CONFLICT,BLQ-DEFINED-POLICY,COVARIATE-BASELINE-ONLY,SUBJECT-LEVEL-COVARIATE,SINGLE-ANALYTE,REANALYSIS-NONE,STRUCTURED,ADC,CONTINUOUS_PD,,REPAIR,,F01
994166a722cf,AIC-PKPD,ID-DEFINED,TIME-DEFINED,DOSE-DEFINED,ADDL-ACTUAL-CONFLICT,BLQ-DEFINED-POLICY,COVARIATE-BASELINE-ONLY,SUBJECT-LEVEL-COVARIATE,SINGLE-ANALYTE,REANALYSIS-NONE,SEMI-STRUCTURED-LEGACY-FLAG,ADC,CONTINUOUS_PD,,QUARANTINE,Q15B,F01
63c3ab3a1bea,AIC-PKPD,ID-DEFINED,TIME-DEFINED,DOSE-DEFINED,ADDL-ACTUAL-CONFLICT,BLQ-DEFINED-POLICY,COVARIATE-BASELINE-ONLY,SUBJECT-LEVEL-COVARIATE,MULTI-CMT-DEFINED,REANALYSIS-NONE,STRUCTURED,ADC,CONTINUOUS_PD,TOTAL_ANTIBODY|CONJUGATED_ADC|UNCONJUGATED_PAYLOAD,REPAIR,,F24
b097f7eb5b66,AIC-PKPD,ID-DEFINED,TIME-DEFINED,DOSE-DEFINED,ADDL-ACTUAL-CONFLICT,BLQ-DEFINED-POLICY,COVARIATE-BASELINE-ONLY,SUBJECT-LEVEL-COVARIATE,MULTI-CMT-DEFINED,REANALYSIS-NONE,STRUCTURED,ADC,CONTINUOUS_PD,,QUARANTINE,Q16,F24
687bfb28d40f,AIC-PKPD,ID-DEFINED,TIME-DEFINED,DOSE-DEFINED,ADDL-ACTUAL-CONFLICT,BLQ-DEFINED-POLICY,COVARIATE-BASELINE-ONLY,SUBJECT-LEVEL-COVARIATE,MULTI-CMT-DEFINED,REANALYSIS-NONE,SEMI-STRUCTURED-LEGACY-FLAG,ADC,CONTINUOUS_PD,TOTAL_ANTIBODY|CONJUGATED_ADC|UNCONJUGATED_PAYLOAD,QUARANTINE,Q15B,F24
95702599e0b1,AIC-PKPD,ID-DEFINED,TIME-DEFINED,DOSE-DEFINED,ADDL-ACTUAL-CONFLICT,BLQ-DEFINED-POLICY,COVARIATE-BASELINE-ONLY,SUBJECT-LEVEL-COVARIATE,MULTI-CMT-DEFINED,REANALYSIS-NONE,SEMI-STRUCTURED-LEGACY-FLAG,ADC,CONTINUOUS_PD,,QUARANTINE,Q16,F24
bea5b6dbd586,AIC-PKPD,ID-DEFINED,TIME-DEFINED,DOSE-DEFINED,ADDL-ACTUAL-CONFLICT,BLQ-DEFINED-POLICY,COVARIATE-BASELINE-ONLY,SUBJECT-LEVEL-COVARIATE,DDI-VICTIM-PERPETRATOR,REANALYSIS-NONE,STRUCTURED,ADC,CONTINUOUS_PD,TOTAL_ANTIBODY|CONJUGATED_ADC|UNCONJUGATED_PAYLOAD,REPAIR,,F22
1b38f5e4ff57,AIC-PKPD,ID-DEFINED,TIME-DEFINED,DOSE-DEFINED,ADDL-ACTUAL-CONFLICT,BLQ-DEFINED-POLICY,COVARIATE-BASELINE-ONLY,SUBJECT-LEVEL-COVARIATE,DDI-VICTIM-PERPETRATOR,REANALYSIS-NONE,STRUCTURED,ADC,CONTINUOUS_PD,,QUARANTINE,Q16,F22
f14d19916bb9,AIC-PKPD,ID-DEFINED,TIME-DEFINED,DOSE-DEFINED,ADDL-ACTUAL-CONFLICT,BLQ-DEFINED-POLICY,COVARIATE-BASELINE-ONLY,SUBJECT-LEVEL-COVARIATE,DDI-VICTIM-PERPETRATOR,REANALYSIS-NONE,SEMI-STRUCTURED-LEGACY-FLAG,ADC,CONTINUOUS_PD,TOTAL_ANTIBODY|CONJUGATED_ADC|UNCONJUGATED_PAYLOAD,QUARANTINE,Q15B,F22
8e972e4a9b74,AIC-PKPD,ID-DEFINED,TIME-DEFINED,DOSE-DEFINED,ADDL-ACTUAL-CONFLICT,BLQ-DEFINED-POLICY,COVARIATE-BASELINE-ONLY,SUBJECT-LEVEL-COVARIATE,DDI-VICTIM-PERPETRATOR,REANALYSIS-NONE,SEMI-STRUCTURED-LEGACY-FLAG,ADC,CONTINUOUS_PD,,QUARANTINE,Q16,F22
b45f240ad4fc,AIC-PKPD,ID-DEFINED,TIME-DEFINED,DOSE-DEFINED,ADDL-ACTUAL-CONFLICT,BIOANALYTICAL-FINAL-FLAG-MISSING,COVARIATE-BASELINE-ONLY,SUBJECT-LEVEL-COVARIATE,SINGLE-ANALYTE,REANALYSIS-NONE,STRUCTURED,ADC,CONTINUOUS_PD,,QUARANTINE,Q15A,F01
1b9250f0235a,AIC-PKPD,ID-DEFINED,TIME-DEFINED,DOSE-DEFINED,ADDL-ACTUAL-CONFLICT,BIOANALYTICAL-FINAL-FLAG-MISSING,COVARIATE-BASELINE-ONLY,SUBJECT-LEVEL-COVARIATE,SINGLE-ANALYTE,REANALYSIS-NONE,SEMI-STRUCTURED-LEGACY-FLAG,ADC,CONTINUOUS_PD,,QUARANTINE,Q15A,F01
2853273b4425,AIC-PKPD,ID-DEFINED,TIME-DEFINED,DOSE-DEFINED,ADDL-ACTUAL-CONFLICT,BIOANALYTICAL-FINAL-FLAG-MISSING,COVARIATE-BASELINE-ONLY,SUBJECT-LEVEL-COVARIATE,MULTI-CMT-DEFINED,REANALYSIS-NONE,STRUCTURED,ADC,CONTINUOUS_PD,TOTAL_ANTIBODY|CONJUGATED_ADC|UNCONJUGATED_PAYLOAD,QUARANTINE,Q15A,F24
793098a98303,AIC-PKPD,ID-DEFINED,TIME-DEFINED,DOSE-DEFINED,ADDL-ACTUAL-CONFLICT,BIOANALYTICAL-FINAL-FLAG-MISSING,COVARIATE-BASELINE-ONLY,SUBJECT-LEVEL-COVARIATE,MULTI-CMT-DEFINED,REANALYSIS-NONE,STRUCTURED,ADC,CONTINUOUS_PD,,QUARANTINE,Q15A,F24
1e91132c7c45,AIC-PKPD,ID-DEFINED,TIME-DEFINED,DOSE-DEFINED,ADDL-ACTUAL-CONFLICT,BIOANALYTICAL-FINAL-FLAG-MISSING,COVARIATE-BASELINE-ONLY,SUBJECT-LEVEL-COVARIATE,MULTI-CMT-DEFINED,REANALYSIS-NONE,SEMI-STRUCTURED-LEGACY-FLAG,ADC,CONTINUOUS_PD,TOTAL_ANTIBODY|CONJUGATED_ADC|UNCONJUGATED_PAYLOAD,QUARANTINE,Q15A,F24
d54dcbd1a04f,AIC-PKPD,ID-DEFINED,TIME-DEFINED,DOSE-DEFINED,ADDL-ACTUAL-CONFLICT,BIOANALYTICAL-FINAL-FLAG-MISSING,COVARIATE-BASELINE-ONLY,SUBJECT-LEVEL-COVARIATE,MULTI-CMT-DEFINED,REANALYSIS-NONE,SEMI-STRUCTURED-LEGACY-FLAG,ADC,CONTINUOUS_PD,,QUARANTINE,Q15A,F24
f9c2ef7148f2,AIC-PKPD,ID-DEFINED,TIME-DEFINED,DOSE-DEFINED,ADDL-ACTUAL-CONFLICT,BIOANALYTICAL-FINAL-FLAG-MISSING,COVARIATE-BASELINE-ONLY,SUBJECT-LEVEL-COVARIATE,DDI-VICTIM-PERPETRATOR,REANALYSIS-NONE,STRUCTURED,ADC,CONTINUOUS_PD,TOTAL_ANTIBODY|CONJUGATED_ADC|UNCONJUGATED_PAYLOAD,QUARANTINE,Q15A,F22
cfb231e26e3b,AIC-PKPD,ID-DEFINED,TIME-DEFINED,DOSE-DEFINED,ADDL-ACTUAL-CONFLICT,BIOANALYTICAL-FINAL-FLAG-MISSING,COVARIATE-BASELINE-ONLY,SUBJECT-LEVEL-COVARIATE,DDI-VICTIM-PERPETRATOR,REANALYSIS-NONE,STRUCTURED,ADC,CONTINUOUS_PD,,QUARANTINE,Q15A,F22
eaf3f5c27e10,AIC-PKPD,ID-DEFINED,TIME-DEFINED,DOSE-DEFINED,ADDL-ACTUAL-CONFLICT,BIOANALYTICAL-FINAL-FLAG-MISSING,COVARIATE-BASELINE-ONLY,SUBJECT-LEVEL-COVARIATE,DDI-VICTIM-PERPETRATOR,REANALYSIS-NONE,SEMI-STRUCTURED-LEGACY-FLAG,ADC,CONTINUOUS_PD,TOTAL_ANTIBODY|CONJUGATED_ADC|UNCONJUGATED_PAYLOAD,QUARANTINE,Q15A,F22
c30d6e17b1c8,AIC-PKPD,ID-DEFINED,TIME-DEFINED,DOSE-DEFINED,ADDL-ACTUAL-CONFLICT,BIOANALYTICAL-FINAL-FLAG-MISSING,COVARIATE-BASELINE-ONLY,SUBJECT-LEVEL-COVARIATE,DDI-VICTIM-PERPETRATOR,REANALYSIS-NONE,SEMI-STRUCTURED-LEGACY-FLAG,ADC,CONTINUOUS_PD,,QUARANTINE,Q15A,F22
8b09b7e40f88,AIC-PKPD,ID-DEFINED,TIME-DEFINED,DOSE-DEFINED,REGIMEN-FIXED,BIOANALYTICAL-FINAL,COVARIATE-BASELINE-ONLY,SUBJECT-LEVEL-COVARIATE,SINGLE-ANALYTE,REANALYSIS-NONE,STRUCTURED,BISPECIFIC,CONTINUOUS_PD,,AUTO,,F01
c1b7042259e0,AIC-PKPD,ID-DEFINED,TIME-DEFINED,DOSE-DEFINED,REGIMEN-FIXED,BIOANALYTICAL-FINAL,COVARIATE-BASELINE-ONLY,SUBJECT-LEVEL-COVARIATE,SINGLE-ANALYTE,REANALYSIS-NONE,SEMI-STRUCTURED-LEGACY-FLAG,BISPECIFIC,CONTINUOUS_PD,,QUARANTINE,Q15B,F01
59a488747a6b,AIC-PKPD,ID-DEFINED,TIME-DEFINED,DOSE-DEFINED,REGIMEN-FIXED,BIOANALYTICAL-FINAL,COVARIATE-BASELINE-ONLY,SUBJECT-LEVEL-COVARIATE,MULTI-CMT-DEFINED,REANALYSIS-NONE,STRUCTURED,BISPECIFIC,CONTINUOUS_PD,PARENT|SOLUBLE_TARGET|DRUG_TARGET_COMPLEX,REPAIR,,F25
7ecef648fe30,AIC-PKPD,ID-DEFINED,TIME-DEFINED,DOSE-DEFINED,REGIMEN-FIXED,BIOANALYTICAL-FINAL,COVARIATE-BASELINE-ONLY,SUBJECT-LEVEL-COVARIATE,MULTI-CMT-DEFINED,REANALYSIS-NONE,STRUCTURED,BISPECIFIC,CONTINUOUS_PD,,QUARANTINE,Q16,F25
4ae116f261ad,AIC-PKPD,ID-DEFINED,TIME-DEFINED,DOSE-DEFINED,REGIMEN-FIXED,BIOANALYTICAL-FINAL,COVARIATE-BASELINE-ONLY,SUBJECT-LEVEL-COVARIATE,MULTI-CMT-DEFINED,REANALYSIS-NONE,SEMI-STRUCTURED-LEGACY-FLAG,BISPECIFIC,CONTINUOUS_PD,PARENT|SOLUBLE_TARGET|DRUG_TARGET_COMPLEX,QUARANTINE,Q15B,F25
857a04743afc,AIC-PKPD,ID-DEFINED,TIME-DEFINED,DOSE-DEFINED,REGIMEN-FIXED,BIOANALYTICAL-FINAL,COVARIATE-BASELINE-ONLY,SUBJECT-LEVEL-COVARIATE,MULTI-CMT-DEFINED,REANALYSIS-NONE,SEMI-STRUCTURED-LEGACY-FLAG,BISPECIFIC,CONTINUOUS_PD,,QUARANTINE,Q16,F25
23f4269c8fdc,AIC-PKPD,ID-DEFINED,TIME-DEFINED,DOSE-DEFINED,REGIMEN-FIXED,BIOANALYTICAL-FINAL,COVARIATE-BASELINE-ONLY,SUBJECT-LEVEL-COVARIATE,DDI-VICTIM-PERPETRATOR,REANALYSIS-NONE,STRUCTURED,BISPECIFIC,CONTINUOUS_PD,PARENT|SOLUBLE_TARGET|DRUG_TARGET_COMPLEX,REPAIR,,F22
d676a63f9acc,AIC-PKPD,ID-DEFINED,TIME-DEFINED,DOSE-DEFINED,REGIMEN-FIXED,BIOANALYTICAL-FINAL,COVARIATE-BASELINE-ONLY,SUBJECT-LEVEL-COVARIATE,DDI-VICTIM-PERPETRATOR,REANALYSIS-NONE,STRUCTURED,BISPECIFIC,CONTINUOUS_PD,,QUARANTINE,Q16,F22
716c5049cdc2,AIC-PKPD,ID-DEFINED,TIME-DEFINED,DOSE-DEFINED,REGIMEN-FIXED,BIOANALYTICAL-FINAL,COVARIATE-BASELINE-ONLY,SUBJECT-LEVEL-COVARIATE,DDI-VICTIM-PERPETRATOR,REANALYSIS-NONE,SEMI-STRUCTURED-LEGACY-FLAG,BISPECIFIC,CONTINUOUS_PD,PARENT|SOLUBLE_TARGET|DRUG_TARGET_COMPLEX,QUARANTINE,Q15B,F22
d419960fc7eb,AIC-PKPD,ID-DEFINED,TIME-DEFINED,DOSE-DEFINED,REGIMEN-FIXED,BIOANALYTICAL-FINAL,COVARIATE-BASELINE-ONLY,SUBJECT-LEVEL-COVARIATE,DDI-VICTIM-PERPETRATOR,REANALYSIS-NONE,SEMI-STRUCTURED-LEGACY-FLAG,BISPECIFIC,CONTINUOUS_PD,,QUARANTINE,Q16,F22
893f72b87308,AIC-PKPD,ID-DEFINED,TIME-DEFINED,DOSE-DEFINED,REGIMEN-FIXED,BLQ-DEFINED-POLICY,COVARIATE-BASELINE-ONLY,SUBJECT-LEVEL-COVARIATE,SINGLE-ANALYTE,REANALYSIS-NONE,STRUCTURED,BISPECIFIC,CONTINUOUS_PD,,REPAIR,,F01
96825e9ce483,AIC-PKPD,ID-DEFINED,TIME-DEFINED,DOSE-DEFINED,REGIMEN-FIXED,BLQ-DEFINED-POLICY,COVARIATE-BASELINE-ONLY,SUBJECT-LEVEL-COVARIATE,SINGLE-ANALYTE,REANALYSIS-NONE,SEMI-STRUCTURED-LEGACY-FLAG,BISPECIFIC,CONTINUOUS_PD,,QUARANTINE,Q15B,F01
3b31c5632dd7,AIC-PKPD,ID-DEFINED,TIME-DEFINED,DOSE-DEFINED,REGIMEN-FIXED,BLQ-DEFINED-POLICY,COVARIATE-BASELINE-ONLY,SUBJECT-LEVEL-COVARIATE,MULTI-CMT-DEFINED,REANALYSIS-NONE,STRUCTURED,BISPECIFIC,CONTINUOUS_PD,PARENT|SOLUBLE_TARGET|DRUG_TARGET_COMPLEX,REPAIR,,F25
ceebaff42388,AIC-PKPD,ID-DEFINED,TIME-DEFINED,DOSE-DEFINED,REGIMEN-FIXED,BLQ-DEFINED-POLICY,COVARIATE-BASELINE-ONLY,SUBJECT-LEVEL-COVARIATE,MULTI-CMT-DEFINED,REANALYSIS-NONE,STRUCTURED,BISPECIFIC,CONTINUOUS_PD,,QUARANTINE,Q16,F25
14c62f26b4be,AIC-PKPD,ID-DEFINED,TIME-DEFINED,DOSE-DEFINED,REGIMEN-FIXED,BLQ-DEFINED-POLICY,COVARIATE-BASELINE-ONLY,SUBJECT-LEVEL-COVARIATE,MULTI-CMT-DEFINED,REANALYSIS-NONE,SEMI-STRUCTURED-LEGACY-FLAG,BISPECIFIC,CONTINUOUS_PD,PARENT|SOLUBLE_TARGET|DRUG_TARGET_COMPLEX,QUARANTINE,Q15B,F25
78a4a6ed32c0,AIC-PKPD,ID-DEFINED,TIME-DEFINED,DOSE-DEFINED,REGIMEN-FIXED,BLQ-DEFINED-POLICY,COVARIATE-BASELINE-ONLY,SUBJECT-LEVEL-COVARIATE,MULTI-CMT-DEFINED,REANALYSIS-NONE,SEMI-STRUCTURED-LEGACY-FLAG,BISPECIFIC,CONTINUOUS_PD,,QUARANTINE,Q16,F25
3ef704a5f162,AIC-PKPD,ID-DEFINED,TIME-DEFINED,DOSE-DEFINED,REGIMEN-FIXED,BLQ-DEFINED-POLICY,COVARIATE-BASELINE-ONLY,SUBJECT-LEVEL-COVARIATE,DDI-VICTIM-PERPETRATOR,REANALYSIS-NONE,STRUCTURED,BISPECIFIC,CONTINUOUS_PD,PARENT|SOLUBLE_TARGET|DRUG_TARGET_COMPLEX,REPAIR,,F22
e1a35cf93bcf,AIC-PKPD,ID-DEFINED,TIME-DEFINED,DOSE-DEFINED,REGIMEN-FIXED,BLQ-DEFINED-POLICY,COVARIATE-BASELINE-ONLY,SUBJECT-LEVEL-COVARIATE,DDI-VICTIM-PERPETRATOR,REANALYSIS-NONE,STRUCTURED,BISPECIFIC,CONTINUOUS_PD,,QUARANTINE,Q16,F22
da7f19fb6bc5,AIC-PKPD,ID-DEFINED,TIME-DEFINED,DOSE-DEFINED,REGIMEN-FIXED,BLQ-DEFINED-POLICY,COVARIATE-BASELINE-ONLY,SUBJECT-LEVEL-COVARIATE,DDI-VICTIM-PERPETRATOR,REANALYSIS-NONE,SEMI-STRUCTURED-LEGACY-FLAG,BISPECIFIC,CONTINUOUS_PD,PARENT|SOLUBLE_TARGET|DRUG_TARGET_COMPLEX,QUARANTINE,Q15B,F22
09a15fed8aee,AIC-PKPD,ID-DEFINED,TIME-DEFINED,DOSE-DEFINED,REGIMEN-FIXED,BLQ-DEFINED-POLICY,COVARIATE-BASELINE-ONLY,SUBJECT-LEVEL-COVARIATE,DDI-VICTIM-PERPETRATOR,REANALYSIS-NONE,SEMI-STRUCTURED-LEGACY-FLAG,BISPECIFIC,CONTINUOUS_PD,,QUARANTINE,Q16,F22
ba34a272a29b,AIC-PKPD,ID-DEFINED,TIME-DEFINED,DOSE-DEFINED,REGIMEN-FIXED,BIOANALYTICAL-FINAL-FLAG-MISSING,COVARIATE-BASELINE-ONLY,SUBJECT-LEVEL-COVARIATE,SINGLE-ANALYTE,REANALYSIS-NONE,STRUCTURED,BISPECIFIC,CONTINUOUS_PD,,QUARANTINE,Q15A,F01
b624f750c4be,AIC-PKPD,ID-DEFINED,TIME-DEFINED,DOSE-DEFINED,REGIMEN-FIXED,BIOANALYTICAL-FINAL-FLAG-MISSING,COVARIATE-BASELINE-ONLY,SUBJECT-LEVEL-COVARIATE,SINGLE-ANALYTE,REANALYSIS-NONE,SEMI-STRUCTURED-LEGACY-FLAG,BISPECIFIC,CONTINUOUS_PD,,QUARANTINE,Q15A,F01
8f3dcc5656b6,AIC-PKPD,ID-DEFINED,TIME-DEFINED,DOSE-DEFINED,REGIMEN-FIXED,BIOANALYTICAL-FINAL-FLAG-MISSING,COVARIATE-BASELINE-ONLY,SUBJECT-LEVEL-COVARIATE,MULTI-CMT-DEFINED,REANALYSIS-NONE,STRUCTURED,BISPECIFIC,CONTINUOUS_PD,PARENT|SOLUBLE_TARGET|DRUG_TARGET_COMPLEX,QUARANTINE,Q15A,F25
c612e069ed0c,AIC-PKPD,ID-DEFINED,TIME-DEFINED,DOSE-DEFINED,REGIMEN-FIXED,BIOANALYTICAL-FINAL-FLAG-MISSING,COVARIATE-BASELINE-ONLY,SUBJECT-LEVEL-COVARIATE,MULTI-CMT-DEFINED,REANALYSIS-NONE,STRUCTURED,BISPECIFIC,CONTINUOUS_PD,,QUARANTINE,Q15A,F25
1ae1356123ce,AIC-PKPD,ID-DEFINED,TIME-DEFINED,DOSE-DEFINED,REGIMEN-FIXED,BIOANALYTICAL-FINAL-FLAG-MISSING,COVARIATE-BASELINE-ONLY,SUBJECT-LEVEL-COVARIATE,MULTI-CMT-DEFINED,REANALYSIS-NONE,SEMI-STRUCTURED-LEGACY-FLAG,BISPECIFIC,CONTINUOUS_PD,PARENT|SOLUBLE_TARGET|DRUG_TARGET_COMPLEX,QUARANTINE,Q15A,F25
5f6c0839b78e,AIC-PKPD,ID-DEFINED,TIME-DEFINED,DOSE-DEFINED,REGIMEN-FIXED,BIOANALYTICAL-FINAL-FLAG-MISSING,COVARIATE-BASELINE-ONLY,SUBJECT-LEVEL-COVARIATE,MULTI-CMT-DEFINED,REANALYSIS-NONE,SEMI-STRUCTURED-LEGACY-FLAG,BISPECIFIC,CONTINUOUS_PD,,QUARANTINE,Q15A,F25
52c27933cbf1,AIC-PKPD,ID-DEFINED,TIME-DEFINED,DOSE-DEFINED,REGIMEN-FIXED,BIOANALYTICAL-FINAL-FLAG-MISSING,COVARIATE-BASELINE-ONLY,SUBJECT-LEVEL-COVARIATE,DDI-VICTIM-PERPETRATOR,REANALYSIS-NONE,STRUCTURED,BISPECIFIC,CONTINUOUS_PD,PARENT|SOLUBLE_TARGET|DRUG_TARGET_COMPLEX,QUARANTINE,Q15A,F22
aa4f2e98c537,AIC-PKPD,ID-DEFINED,TIME-DEFINED,DOSE-DEFINED,REGIMEN-FIXED,BIOANALYTICAL-FINAL-FLAG-MISSING,COVARIATE-BASELINE-ONLY,SUBJECT-LEVEL-COVARIATE,DDI-VICTIM-PERPETRATOR,REANALYSIS-NONE,STRUCTURED,BISPECIFIC,CONTINUOUS_PD,,QUARANTINE,Q15A,F22
55cb33b3e42d,AIC-PKPD,ID-DEFINED,TIME-DEFINED,DOSE-DEFINED,REGIMEN-FIXED,BIOANALYTICAL-FINAL-FLAG-MISSING,COVARIATE-BASELINE-ONLY,SUBJECT-LEVEL-COVARIATE,DDI-VICTIM-PERPETRATOR,REANALYSIS-NONE,SEMI-STRUCTURED-LEGACY-FLAG,BISPECIFIC,CONTINUOUS_PD,PARENT|SOLUBLE_TARGET|DRUG_TARGET_COMPLEX,QUARANTINE,Q15A,F22
56053bb5dc0d,AIC-PKPD,ID-DEFINED,TIME-DEFINED,DOSE-DEFINED,REGIMEN-FIXED,BIOANALYTICAL-FINAL-FLAG-MISSING,COVARIATE-BASELINE-ONLY,SUBJECT-LEVEL-COVARIATE,DDI-VICTIM-PERPETRATOR,REANALYSIS-NONE,SEMI-STRUCTURED-LEGACY-FLAG,BISPECIFIC,CONTINUOUS_PD,,QUARANTINE,Q15A,F22
4f255d8fb4d9,AIC-PKPD,ID-DEFINED,TIME-DEFINED,DOSE-DEFINED,ADDL-ACTUAL-CONFLICT,BIOANALYTICAL-FINAL,COVARIATE-BASELINE-ONLY,SUBJECT-LEVEL-COVARIATE,SINGLE-ANALYTE,REANALYSIS-NONE,STRUCTURED,BISPECIFIC,CONTINUOUS_PD,,AUTO,,F01
f663ef355876,AIC-PKPD,ID-DEFINED,TIME-DEFINED,DOSE-DEFINED,ADDL-ACTUAL-CONFLICT,BIOANALYTICAL-FINAL,COVARIATE-BASELINE-ONLY,SUBJECT-LEVEL-COVARIATE,SINGLE-ANALYTE,REANALYSIS-NONE,SEMI-STRUCTURED-LEGACY-FLAG,BISPECIFIC,CONTINUOUS_PD,,QUARANTINE,Q15B,F01
03c4ac5449ed,AIC-PKPD,ID-DEFINED,TIME-DEFINED,DOSE-DEFINED,ADDL-ACTUAL-CONFLICT,BIOANALYTICAL-FINAL,COVARIATE-BASELINE-ONLY,SUBJECT-LEVEL-COVARIATE,MULTI-CMT-DEFINED,REANALYSIS-NONE,STRUCTURED,BISPECIFIC,CONTINUOUS_PD,PARENT|SOLUBLE_TARGET|DRUG_TARGET_COMPLEX,REPAIR,,F25
67f4b30072f5,AIC-PKPD,ID-DEFINED,TIME-DEFINED,DOSE-DEFINED,ADDL-ACTUAL-CONFLICT,BIOANALYTICAL-FINAL,COVARIATE-BASELINE-ONLY,SUBJECT-LEVEL-COVARIATE,MULTI-CMT-DEFINED,REANALYSIS-NONE,STRUCTURED,BISPECIFIC,CONTINUOUS_PD,,QUARANTINE,Q16,F25
ca5781960e29,AIC-PKPD,ID-DEFINED,TIME-DEFINED,DOSE-DEFINED,ADDL-ACTUAL-CONFLICT,BIOANALYTICAL-FINAL,COVARIATE-BASELINE-ONLY,SUBJECT-LEVEL-COVARIATE,MULTI-CMT-DEFINED,REANALYSIS-NONE,SEMI-STRUCTURED-LEGACY-FLAG,BISPECIFIC,CONTINUOUS_PD,PARENT|SOLUBLE_TARGET|DRUG_TARGET_COMPLEX,QUARANTINE,Q15B,F25
32e3cbc1622e,AIC-PKPD,ID-DEFINED,TIME-DEFINED,DOSE-DEFINED,ADDL-ACTUAL-CONFLICT,BIOANALYTICAL-FINAL,COVARIATE-BASELINE-ONLY,SUBJECT-LEVEL-COVARIATE,MULTI-CMT-DEFINED,REANALYSIS-NONE,SEMI-STRUCTURED-LEGACY-FLAG,BISPECIFIC,CONTINUOUS_PD,,QUARANTINE,Q16,F25
7a993d6e7ce3,AIC-PKPD,ID-DEFINED,TIME-DEFINED,DOSE-DEFINED,ADDL-ACTUAL-CONFLICT,BIOANALYTICAL-FINAL,COVARIATE-BASELINE-ONLY,SUBJECT-LEVEL-COVARIATE,DDI-VICTIM-PERPETRATOR,REANALYSIS-NONE,STRUCTURED,BISPECIFIC,CONTINUOUS_PD,PARENT|SOLUBLE_TARGET|DRUG_TARGET_COMPLEX,REPAIR,,F22
f823e66b4b61,AIC-PKPD,ID-DEFINED,TIME-DEFINED,DOSE-DEFINED,ADDL-ACTUAL-CONFLICT,BIOANALYTICAL-FINAL,COVARIATE-BASELINE-ONLY,SUBJECT-LEVEL-COVARIATE,DDI-VICTIM-PERPETRATOR,REANALYSIS-NONE,STRUCTURED,BISPECIFIC,CONTINUOUS_PD,,QUARANTINE,Q16,F22
d22afaaf16de,AIC-PKPD,ID-DEFINED,TIME-DEFINED,DOSE-DEFINED,ADDL-ACTUAL-CONFLICT,BIOANALYTICAL-FINAL,COVARIATE-BASELINE-ONLY,SUBJECT-LEVEL-COVARIATE,DDI-VICTIM-PERPETRATOR,REANALYSIS-NONE,SEMI-STRUCTURED-LEGACY-FLAG,BISPECIFIC,CONTINUOUS_PD,PARENT|SOLUBLE_TARGET|DRUG_TARGET_COMPLEX,QUARANTINE,Q15B,F22
781a7585194b,AIC-PKPD,ID-DEFINED,TIME-DEFINED,DOSE-DEFINED,ADDL-ACTUAL-CONFLICT,BIOANALYTICAL-FINAL,COVARIATE-BASELINE-ONLY,SUBJECT-LEVEL-COVARIATE,DDI-VICTIM-PERPETRATOR,REANALYSIS-NONE,SEMI-STRUCTURED-LEGACY-FLAG,BISPECIFIC,CONTINUOUS_PD,,QUARANTINE,Q16,F22
5c3caca4022f,AIC-PKPD,ID-DEFINED,TIME-DEFINED,DOSE-DEFINED,ADDL-ACTUAL-CONFLICT,BLQ-DEFINED-POLICY,COVARIATE-BASELINE-ONLY,SUBJECT-LEVEL-COVARIATE,SINGLE-ANALYTE,REANALYSIS-NONE,STRUCTURED,BISPECIFIC,CONTINUOUS_PD,,REPAIR,,F01
98e811b543a5,AIC-PKPD,ID-DEFINED,TIME-DEFINED,DOSE-DEFINED,ADDL-ACTUAL-CONFLICT,BLQ-DEFINED-POLICY,COVARIATE-BASELINE-ONLY,SUBJECT-LEVEL-COVARIATE,SINGLE-ANALYTE,REANALYSIS-NONE,SEMI-STRUCTURED-LEGACY-FLAG,BISPECIFIC,CONTINUOUS_PD,,QUARANTINE,Q15B,F01
a8fdc8616317,AIC-PKPD,ID-DEFINED,TIME-DEFINED,DOSE-DEFINED,ADDL-ACTUAL-CONFLICT,BLQ-DEFINED-POLICY,COVARIATE-BASELINE-ONLY,SUBJECT-LEVEL-COVARIATE,MULTI-CMT-DEFINED,REANALYSIS-NONE,STRUCTURED,BISPECIFIC,CONTINUOUS_PD,PARENT|SOLUBLE_TARGET|DRUG_TARGET_COMPLEX,REPAIR,,F25
611d1812e764,AIC-PKPD,ID-DEFINED,TIME-DEFINED,DOSE-DEFINED,ADDL-ACTUAL-CONFLICT,BLQ-DEFINED-POLICY,COVARIATE-BASELINE-ONLY,SUBJECT-LEVEL-COVARIATE,MULTI-CMT-DEFINED,REANALYSIS-NONE,STRUCTURED,BISPECIFIC,CONTINUOUS_PD,,QUARANTINE,Q16,F25
d25eb6c817cf,AIC-PKPD,ID-DEFINED,TIME-DEFINED,DOSE-DEFINED,ADDL-ACTUAL-CONFLICT,BLQ-DEFINED-POLICY,COVARIATE-BASELINE-ONLY,SUBJECT-LEVEL-COVARIATE,MULTI-CMT-DEFINED,REANALYSIS-NONE,SEMI-STRUCTURED-LEGACY-FLAG,BISPECIFIC,CONTINUOUS_PD,PARENT|SOLUBLE_TARGET|DRUG_TARGET_COMPLEX,QUARANTINE,Q15B,F25
ee9c4c3e3a08,AIC-PKPD,ID-DEFINED,TIME-DEFINED,DOSE-DEFINED,ADDL-ACTUAL-CONFLICT,BLQ-DEFINED-POLICY,COVARIATE-BASELINE-ONLY,SUBJECT-LEVEL-COVARIATE,MULTI-CMT-DEFINED,REANALYSIS-NONE,SEMI-STRUCTURED-LEGACY-FLAG,BISPECIFIC,CONTINUOUS_PD,,QUARANTINE,Q16,F25
d276621ca5e8,AIC-PKPD,ID-DEFINED,TIME-DEFINED,DOSE-DEFINED,ADDL-ACTUAL-CONFLICT,BLQ-DEFINED-POLICY,COVARIATE-BASELINE-ONLY,SUBJECT-LEVEL-COVARIATE,DDI-VICTIM-PERPETRATOR,REANALYSIS-NONE,STRUCTURED,BISPECIFIC,CONTINUOUS_PD,PARENT|SOLUBLE_TARGET|DRUG_TARGET_COMPLEX,REPAIR,,F22
cc3bfaa75c5d,AIC-PKPD,ID-DEFINED,TIME-DEFINED,DOSE-DEFINED,ADDL-ACTUAL-CONFLICT,BLQ-DEFINED-POLICY,COVARIATE-BASELINE-ONLY,SUBJECT-LEVEL-COVARIATE,DDI-VICTIM-PERPETRATOR,REANALYSIS-NONE,STRUCTURED,BISPECIFIC,CONTINUOUS_PD,,QUARANTINE,Q16,F22
13cfcbc9176b,AIC-PKPD,ID-DEFINED,TIME-DEFINED,DOSE-DEFINED,ADDL-ACTUAL-CONFLICT,BLQ-DEFINED-POLICY,COVARIATE-BASELINE-ONLY,SUBJECT-LEVEL-COVARIATE,DDI-VICTIM-PERPETRATOR,REANALYSIS-NONE,SEMI-STRUCTURED-LEGACY-FLAG,BISPECIFIC,CONTINUOUS_PD,PARENT|SOLUBLE_TARGET|DRUG_TARGET_COMPLEX,QUARANTINE,Q15B,F22
6bd6c7be5fd9,AIC-PKPD,ID-DEFINED,TIME-DEFINED,DOSE-DEFINED,ADDL-ACTUAL-CONFLICT,BLQ-DEFINED-POLICY,COVARIATE-BASELINE-ONLY,SUBJECT-LEVEL-COVARIATE,DDI-VICTIM-PERPETRATOR,REANALYSIS-NONE,SEMI-STRUCTURED-LEGACY-FLAG,BISPECIFIC,CONTINUOUS_PD,,QUARANTINE,Q16,F22
6ad08a4e2799,AIC-PKPD,ID-DEFINED,TIME-DEFINED,DOSE-DEFINED,ADDL-ACTUAL-CONFLICT,BIOANALYTICAL-FINAL-FLAG-MISSING,COVARIATE-BASELINE-ONLY,SUBJECT-LEVEL-COVARIATE,SINGLE-ANALYTE,REANALYSIS-NONE,STRUCTURED,BISPECIFIC,CONTINUOUS_PD,,QUARANTINE,Q15A,F01
9fd5c29d9974,AIC-PKPD,ID-DEFINED,TIME-DEFINED,DOSE-DEFINED,ADDL-ACTUAL-CONFLICT,BIOANALYTICAL-FINAL-FLAG-MISSING,COVARIATE-BASELINE-ONLY,SUBJECT-LEVEL-COVARIATE,SINGLE-ANALYTE,REANALYSIS-NONE,SEMI-STRUCTURED-LEGACY-FLAG,BISPECIFIC,CONTINUOUS_PD,,QUARANTINE,Q15A,F01
afa8da783378,AIC-PKPD,ID-DEFINED,TIME-DEFINED,DOSE-DEFINED,ADDL-ACTUAL-CONFLICT,BIOANALYTICAL-FINAL-FLAG-MISSING,COVARIATE-BASELINE-ONLY,SUBJECT-LEVEL-COVARIATE,MULTI-CMT-DEFINED,REANALYSIS-NONE,STRUCTURED,BISPECIFIC,CONTINUOUS_PD,PARENT|SOLUBLE_TARGET|DRUG_TARGET_COMPLEX,QUARANTINE,Q15A,F25
33df5381b4ac,AIC-PKPD,ID-DEFINED,TIME-DEFINED,DOSE-DEFINED,ADDL-ACTUAL-CONFLICT,BIOANALYTICAL-FINAL-FLAG-MISSING,COVARIATE-BASELINE-ONLY,SUBJECT-LEVEL-COVARIATE,MULTI-CMT-DEFINED,REANALYSIS-NONE,STRUCTURED,BISPECIFIC,CONTINUOUS_PD,,QUARANTINE,Q15A,F25
37cd8a2ae251,AIC-PKPD,ID-DEFINED,TIME-DEFINED,DOSE-DEFINED,ADDL-ACTUAL-CONFLICT,BIOANALYTICAL-FINAL-FLAG-MISSING,COVARIATE-BASELINE-ONLY,SUBJECT-LEVEL-COVARIATE,MULTI-CMT-DEFINED,REANALYSIS-NONE,SEMI-STRUCTURED-LEGACY-FLAG,BISPECIFIC,CONTINUOUS_PD,PARENT|SOLUBLE_TARGET|DRUG_TARGET_COMPLEX,QUARANTINE,Q15A,F25
b56220240a0b,AIC-PKPD,ID-DEFINED,TIME-DEFINED,DOSE-DEFINED,ADDL-ACTUAL-CONFLICT,BIOANALYTICAL-FINAL-FLAG-MISSING,COVARIATE-BASELINE-ONLY,SUBJECT-LEVEL-COVARIATE,MULTI-CMT-DEFINED,REANALYSIS-NONE,SEMI-STRUCTURED-LEGACY-FLAG,BISPECIFIC,CONTINUOUS_PD,,QUARANTINE,Q15A,F25
acb7401870e2,AIC-PKPD,ID-DEFINED,TIME-DEFINED,DOSE-DEFINED,ADDL-ACTUAL-CONFLICT,BIOANALYTICAL-FINAL-FLAG-MISSING,COVARIATE-BASELINE-ONLY,SUBJECT-LEVEL-COVARIATE,DDI-VICTIM-PERPETRATOR,REANALYSIS-NONE,STRUCTURED,BISPECIFIC,CONTINUOUS_PD,PARENT|SOLUBLE_TARGET|DRUG_TARGET_COMPLEX,QUARANTINE,Q15A,F22
f02259e911cc,AIC-PKPD,ID-DEFINED,TIME-DEFINED,DOSE-DEFINED,ADDL-ACTUAL-CONFLICT,BIOANALYTICAL-FINAL-FLAG-MISSING,COVARIATE-BASELINE-ONLY,SUBJECT-LEVEL-COVARIATE,DDI-VICTIM-PERPETRATOR,REANALYSIS-NONE,STRUCTURED,BISPECIFIC,CONTINUOUS_PD,,QUARANTINE,Q15A,F22
bc59fd1fd51c,AIC-PKPD,ID-DEFINED,TIME-DEFINED,DOSE-DEFINED,ADDL-ACTUAL-CONFLICT,BIOANALYTICAL-FINAL-FLAG-MISSING,COVARIATE-BASELINE-ONLY,SUBJECT-LEVEL-COVARIATE,DDI-VICTIM-PERPETRATOR,REANALYSIS-NONE,SEMI-STRUCTURED-LEGACY-FLAG,BISPECIFIC,CONTINUOUS_PD,PARENT|SOLUBLE_TARGET|DRUG_TARGET_COMPLEX,QUARANTINE,Q15A,F22
b3de4a047903,AIC-PKPD,ID-DEFINED,TIME-DEFINED,DOSE-DEFINED,ADDL-ACTUAL-CONFLICT,BIOANALYTICAL-FINAL-FLAG-MISSING,COVARIATE-BASELINE-ONLY,SUBJECT-LEVEL-COVARIATE,DDI-VICTIM-PERPETRATOR,REANALYSIS-NONE,SEMI-STRUCTURED-LEGACY-FLAG,BISPECIFIC,CONTINUOUS_PD,,QUARANTINE,Q15A,F22
b2c7a2d8b011,AIC-PKPD,ID-DEFINED,TIME-DEFINED,DOSE-DEFINED,REGIMEN-FIXED,BIOANALYTICAL-FINAL,COVARIATE-BASELINE-ONLY,SUBJECT-LEVEL-COVARIATE,SINGLE-ANALYTE,REANALYSIS-NONE,STRUCTURED,CELL_THERAPY,CONTINUOUS_PD,,AUTO,,F01
c3d9f9f71a9d,AIC-PKPD,ID-DEFINED,TIME-DEFINED,DOSE-DEFINED,REGIMEN-FIXED,BIOANALYTICAL-FINAL,COVARIATE-BASELINE-ONLY,SUBJECT-LEVEL-COVARIATE,SINGLE-ANALYTE,REANALYSIS-NONE,SEMI-STRUCTURED-LEGACY-FLAG,CELL_THERAPY,CONTINUOUS_PD,,QUARANTINE,Q15B,F01
7b9bc5a7c729,AIC-PKPD,ID-DEFINED,TIME-DEFINED,DOSE-DEFINED,REGIMEN-FIXED,BIOANALYTICAL-FINAL,COVARIATE-BASELINE-ONLY,SUBJECT-LEVEL-COVARIATE,MULTI-CMT-DEFINED,REANALYSIS-NONE,STRUCTURED,CELL_THERAPY,CONTINUOUS_PD,VECTOR_COPY|CAR_POSITIVE_CELL,REPAIR,,F01
1f2244881fb4,AIC-PKPD,ID-DEFINED,TIME-DEFINED,DOSE-DEFINED,REGIMEN-FIXED,BIOANALYTICAL-FINAL,COVARIATE-BASELINE-ONLY,SUBJECT-LEVEL-COVARIATE,MULTI-CMT-DEFINED,REANALYSIS-NONE,STRUCTURED,CELL_THERAPY,CONTINUOUS_PD,,QUARANTINE,Q16,F01
655c07b15445,AIC-PKPD,ID-DEFINED,TIME-DEFINED,DOSE-DEFINED,REGIMEN-FIXED,BIOANALYTICAL-FINAL,COVARIATE-BASELINE-ONLY,SUBJECT-LEVEL-COVARIATE,MULTI-CMT-DEFINED,REANALYSIS-NONE,SEMI-STRUCTURED-LEGACY-FLAG,CELL_THERAPY,CONTINUOUS_PD,VECTOR_COPY|CAR_POSITIVE_CELL,QUARANTINE,Q15B,F01
7dde2d825fef,AIC-PKPD,ID-DEFINED,TIME-DEFINED,DOSE-DEFINED,REGIMEN-FIXED,BIOANALYTICAL-FINAL,COVARIATE-BASELINE-ONLY,SUBJECT-LEVEL-COVARIATE,MULTI-CMT-DEFINED,REANALYSIS-NONE,SEMI-STRUCTURED-LEGACY-FLAG,CELL_THERAPY,CONTINUOUS_PD,,QUARANTINE,Q16,F01
a89c912559da,AIC-PKPD,ID-DEFINED,TIME-DEFINED,DOSE-DEFINED,REGIMEN-FIXED,BIOANALYTICAL-FINAL,COVARIATE-BASELINE-ONLY,SUBJECT-LEVEL-COVARIATE,DDI-VICTIM-PERPETRATOR,REANALYSIS-NONE,STRUCTURED,CELL_THERAPY,CONTINUOUS_PD,VECTOR_COPY|CAR_POSITIVE_CELL,REPAIR,,F22
7d412384a06d,AIC-PKPD,ID-DEFINED,TIME-DEFINED,DOSE-DEFINED,REGIMEN-FIXED,BIOANALYTICAL-FINAL,COVARIATE-BASELINE-ONLY,SUBJECT-LEVEL-COVARIATE,DDI-VICTIM-PERPETRATOR,REANALYSIS-NONE,STRUCTURED,CELL_THERAPY,CONTINUOUS_PD,,QUARANTINE,Q16,F22
8d58f4d063bf,AIC-PKPD,ID-DEFINED,TIME-DEFINED,DOSE-DEFINED,REGIMEN-FIXED,BIOANALYTICAL-FINAL,COVARIATE-BASELINE-ONLY,SUBJECT-LEVEL-COVARIATE,DDI-VICTIM-PERPETRATOR,REANALYSIS-NONE,SEMI-STRUCTURED-LEGACY-FLAG,CELL_THERAPY,CONTINUOUS_PD,VECTOR_COPY|CAR_POSITIVE_CELL,QUARANTINE,Q15B,F22
f791b7f8c5cd,AIC-PKPD,ID-DEFINED,TIME-DEFINED,DOSE-DEFINED,REGIMEN-FIXED,BIOANALYTICAL-FINAL,COVARIATE-BASELINE-ONLY,SUBJECT-LEVEL-COVARIATE,DDI-VICTIM-PERPETRATOR,REANALYSIS-NONE,SEMI-STRUCTURED-LEGACY-FLAG,CELL_THERAPY,CONTINUOUS_PD,,QUARANTINE,Q16,F22
938688c69627,AIC-PKPD,ID-DEFINED,TIME-DEFINED,DOSE-DEFINED,REGIMEN-FIXED,BLQ-DEFINED-POLICY,COVARIATE-BASELINE-ONLY,SUBJECT-LEVEL-COVARIATE,SINGLE-ANALYTE,REANALYSIS-NONE,STRUCTURED,CELL_THERAPY,CONTINUOUS_PD,,REPAIR,,F01
16ebc17d4999,AIC-PKPD,ID-DEFINED,TIME-DEFINED,DOSE-DEFINED,REGIMEN-FIXED,BLQ-DEFINED-POLICY,COVARIATE-BASELINE-ONLY,SUBJECT-LEVEL-COVARIATE,SINGLE-ANALYTE,REANALYSIS-NONE,SEMI-STRUCTURED-LEGACY-FLAG,CELL_THERAPY,CONTINUOUS_PD,,QUARANTINE,Q15B,F01
7b3a0478e756,AIC-PKPD,ID-DEFINED,TIME-DEFINED,DOSE-DEFINED,REGIMEN-FIXED,BLQ-DEFINED-POLICY,COVARIATE-BASELINE-ONLY,SUBJECT-LEVEL-COVARIATE,MULTI-CMT-DEFINED,REANALYSIS-NONE,STRUCTURED,CELL_THERAPY,CONTINUOUS_PD,VECTOR_COPY|CAR_POSITIVE_CELL,REPAIR,,F01
aacc75330772,AIC-PKPD,ID-DEFINED,TIME-DEFINED,DOSE-DEFINED,REGIMEN-FIXED,BLQ-DEFINED-POLICY,COVARIATE-BASELINE-ONLY,SUBJECT-LEVEL-COVARIATE,MULTI-CMT-DEFINED,REANALYSIS-NONE,STRUCTURED,CELL_THERAPY,CONTINUOUS_PD,,QUARANTINE,Q16,F01
3189200a5d52,AIC-PKPD,ID-DEFINED,TIME-DEFINED,DOSE-DEFINED,REGIMEN-FIXED,BLQ-DEFINED-POLICY,COVARIATE-BASELINE-ONLY,SUBJECT-LEVEL-COVARIATE,MULTI-CMT-DEFINED,REANALYSIS-NONE,SEMI-STRUCTURED-LEGACY-FLAG,CELL_THERAPY,CONTINUOUS_PD,VECTOR_COPY|CAR_POSITIVE_CELL,QUARANTINE,Q15B,F01
1740d7d087d3,AIC-PKPD,ID-DEFINED,TIME-DEFINED,DOSE-DEFINED,REGIMEN-FIXED,BLQ-DEFINED-POLICY,COVARIATE-BASELINE-ONLY,SUBJECT-LEVEL-COVARIATE,MULTI-CMT-DEFINED,REANALYSIS-NONE,SEMI-STRUCTURED-LEGACY-FLAG,CELL_THERAPY,CONTINUOUS_PD,,QUARANTINE,Q16,F01
d21fba3ec779,AIC-PKPD,ID-DEFINED,TIME-DEFINED,DOSE-DEFINED,REGIMEN-FIXED,BLQ-DEFINED-POLICY,COVARIATE-BASELINE-ONLY,SUBJECT-LEVEL-COVARIATE,DDI-VICTIM-PERPETRATOR,REANALYSIS-NONE,STRUCTURED,CELL_THERAPY,CONTINUOUS_PD,VECTOR_COPY|CAR_POSITIVE_CELL,REPAIR,,F22
41d196e186de,AIC-PKPD,ID-DEFINED,TIME-DEFINED,DOSE-DEFINED,REGIMEN-FIXED,BLQ-DEFINED-POLICY,COVARIATE-BASELINE-ONLY,SUBJECT-LEVEL-COVARIATE,DDI-VICTIM-PERPETRATOR,REANALYSIS-NONE,STRUCTURED,CELL_THERAPY,CONTINUOUS_PD,,QUARANTINE,Q16,F22
292debe78642,AIC-PKPD,ID-DEFINED,TIME-DEFINED,DOSE-DEFINED,REGIMEN-FIXED,BLQ-DEFINED-POLICY,COVARIATE-BASELINE-ONLY,SUBJECT-LEVEL-COVARIATE,DDI-VICTIM-PERPETRATOR,REANALYSIS-NONE,SEMI-STRUCTURED-LEGACY-FLAG,CELL_THERAPY,CONTINUOUS_PD,VECTOR_COPY|CAR_POSITIVE_CELL,QUARANTINE,Q15B,F22
c7344d563a8c,AIC-PKPD,ID-DEFINED,TIME-DEFINED,DOSE-DEFINED,REGIMEN-FIXED,BLQ-DEFINED-POLICY,COVARIATE-BASELINE-ONLY,SUBJECT-LEVEL-COVARIATE,DDI-VICTIM-PERPETRATOR,REANALYSIS-NONE,SEMI-STRUCTURED-LEGACY-FLAG,CELL_THERAPY,CONTINUOUS_PD,,QUARANTINE,Q16,F22
e25f2747b49d,AIC-PKPD,ID-DEFINED,TIME-DEFINED,DOSE-DEFINED,REGIMEN-FIXED,BIOANALYTICAL-FINAL-FLAG-MISSING,COVARIATE-BASELINE-ONLY,SUBJECT-LEVEL-COVARIATE,SINGLE-ANALYTE,REANALYSIS-NONE,STRUCTURED,CELL_THERAPY,CONTINUOUS_PD,,QUARANTINE,Q15A,F01
a9ed273b951b,AIC-PKPD,ID-DEFINED,TIME-DEFINED,DOSE-DEFINED,REGIMEN-FIXED,BIOANALYTICAL-FINAL-FLAG-MISSING,COVARIATE-BASELINE-ONLY,SUBJECT-LEVEL-COVARIATE,SINGLE-ANALYTE,REANALYSIS-NONE,SEMI-STRUCTURED-LEGACY-FLAG,CELL_THERAPY,CONTINUOUS_PD,,QUARANTINE,Q15A,F01
da5239a0da9b,AIC-PKPD,ID-DEFINED,TIME-DEFINED,DOSE-DEFINED,REGIMEN-FIXED,BIOANALYTICAL-FINAL-FLAG-MISSING,COVARIATE-BASELINE-ONLY,SUBJECT-LEVEL-COVARIATE,MULTI-CMT-DEFINED,REANALYSIS-NONE,STRUCTURED,CELL_THERAPY,CONTINUOUS_PD,VECTOR_COPY|CAR_POSITIVE_CELL,QUARANTINE,Q15A,F01
1206977b6cf5,AIC-PKPD,ID-DEFINED,TIME-DEFINED,DOSE-DEFINED,REGIMEN-FIXED,BIOANALYTICAL-FINAL-FLAG-MISSING,COVARIATE-BASELINE-ONLY,SUBJECT-LEVEL-COVARIATE,MULTI-CMT-DEFINED,REANALYSIS-NONE,STRUCTURED,CELL_THERAPY,CONTINUOUS_PD,,QUARANTINE,Q15A,F01
80c5f0e01556,AIC-PKPD,ID-DEFINED,TIME-DEFINED,DOSE-DEFINED,REGIMEN-FIXED,BIOANALYTICAL-FINAL-FLAG-MISSING,COVARIATE-BASELINE-ONLY,SUBJECT-LEVEL-COVARIATE,MULTI-CMT-DEFINED,REANALYSIS-NONE,SEMI-STRUCTURED-LEGACY-FLAG,CELL_THERAPY,CONTINUOUS_PD,VECTOR_COPY|CAR_POSITIVE_CELL,QUARANTINE,Q15A,F01
0f1579d8e259,AIC-PKPD,ID-DEFINED,TIME-DEFINED,DOSE-DEFINED,REGIMEN-FIXED,BIOANALYTICAL-FINAL-FLAG-MISSING,COVARIATE-BASELINE-ONLY,SUBJECT-LEVEL-COVARIATE,MULTI-CMT-DEFINED,REANALYSIS-NONE,SEMI-STRUCTURED-LEGACY-FLAG,CELL_THERAPY,CONTINUOUS_PD,,QUARANTINE,Q15A,F01
09d4c6fc386b,AIC-PKPD,ID-DEFINED,TIME-DEFINED,DOSE-DEFINED,REGIMEN-FIXED,BIOANALYTICAL-FINAL-FLAG-MISSING,COVARIATE-BASELINE-ONLY,SUBJECT-LEVEL-COVARIATE,DDI-VICTIM-PERPETRATOR,REANALYSIS-NONE,STRUCTURED,CELL_THERAPY,CONTINUOUS_PD,VECTOR_COPY|CAR_POSITIVE_CELL,QUARANTINE,Q15A,F22
b01f8abd318c,AIC-PKPD,ID-DEFINED,TIME-DEFINED,DOSE-DEFINED,REGIMEN-FIXED,BIOANALYTICAL-FINAL-FLAG-MISSING,COVARIATE-BASELINE-ONLY,SUBJECT-LEVEL-COVARIATE,DDI-VICTIM-PERPETRATOR,REANALYSIS-NONE,STRUCTURED,CELL_THERAPY,CONTINUOUS_PD,,QUARANTINE,Q15A,F22
1933893d71a3,AIC-PKPD,ID-DEFINED,TIME-DEFINED,DOSE-DEFINED,REGIMEN-FIXED,BIOANALYTICAL-FINAL-FLAG-MISSING,COVARIATE-BASELINE-ONLY,SUBJECT-LEVEL-COVARIATE,DDI-VICTIM-PERPETRATOR,REANALYSIS-NONE,SEMI-STRUCTURED-LEGACY-FLAG,CELL_THERAPY,CONTINUOUS_PD,VECTOR_COPY|CAR_POSITIVE_CELL,QUARANTINE,Q15A,F22
120334bcdde5,AIC-PKPD,ID-DEFINED,TIME-DEFINED,DOSE-DEFINED,REGIMEN-FIXED,BIOANALYTICAL-FINAL-FLAG-MISSING,COVARIATE-BASELINE-ONLY,SUBJECT-LEVEL-COVARIATE,DDI-VICTIM-PERPETRATOR,REANALYSIS-NONE,SEMI-STRUCTURED-LEGACY-FLAG,CELL_THERAPY,CONTINUOUS_PD,,QUARANTINE,Q15A,F22
ad1586411868,AIC-PKPD,ID-DEFINED,TIME-DEFINED,DOSE-DEFINED,ADDL-ACTUAL-CONFLICT,BIOANALYTICAL-FINAL,COVARIATE-BASELINE-ONLY,SUBJECT-LEVEL-COVARIATE,SINGLE-ANALYTE,REANALYSIS-NONE,STRUCTURED,CELL_THERAPY,CONTINUOUS_PD,,AUTO,,F01
b8790363bdeb,AIC-PKPD,ID-DEFINED,TIME-DEFINED,DOSE-DEFINED,ADDL-ACTUAL-CONFLICT,BIOANALYTICAL-FINAL,COVARIATE-BASELINE-ONLY,SUBJECT-LEVEL-COVARIATE,SINGLE-ANALYTE,REANALYSIS-NONE,SEMI-STRUCTURED-LEGACY-FLAG,CELL_THERAPY,CONTINUOUS_PD,,QUARANTINE,Q15B,F01
8f4b11f22b07,AIC-PKPD,ID-DEFINED,TIME-DEFINED,DOSE-DEFINED,ADDL-ACTUAL-CONFLICT,BIOANALYTICAL-FINAL,COVARIATE-BASELINE-ONLY,SUBJECT-LEVEL-COVARIATE,MULTI-CMT-DEFINED,REANALYSIS-NONE,STRUCTURED,CELL_THERAPY,CONTINUOUS_PD,VECTOR_COPY|CAR_POSITIVE_CELL,REPAIR,,F01
1f5d4c8ae703,AIC-PKPD,ID-DEFINED,TIME-DEFINED,DOSE-DEFINED,ADDL-ACTUAL-CONFLICT,BIOANALYTICAL-FINAL,COVARIATE-BASELINE-ONLY,SUBJECT-LEVEL-COVARIATE,MULTI-CMT-DEFINED,REANALYSIS-NONE,STRUCTURED,CELL_THERAPY,CONTINUOUS_PD,,QUARANTINE,Q16,F01
2f961abe289e,AIC-PKPD,ID-DEFINED,TIME-DEFINED,DOSE-DEFINED,ADDL-ACTUAL-CONFLICT,BIOANALYTICAL-FINAL,COVARIATE-BASELINE-ONLY,SUBJECT-LEVEL-COVARIATE,MULTI-CMT-DEFINED,REANALYSIS-NONE,SEMI-STRUCTURED-LEGACY-FLAG,CELL_THERAPY,CONTINUOUS_PD,VECTOR_COPY|CAR_POSITIVE_CELL,QUARANTINE,Q15B,F01
074d6d40a2bd,AIC-PKPD,ID-DEFINED,TIME-DEFINED,DOSE-DEFINED,ADDL-ACTUAL-CONFLICT,BIOANALYTICAL-FINAL,COVARIATE-BASELINE-ONLY,SUBJECT-LEVEL-COVARIATE,MULTI-CMT-DEFINED,REANALYSIS-NONE,SEMI-STRUCTURED-LEGACY-FLAG,CELL_THERAPY,CONTINUOUS_PD,,QUARANTINE,Q16,F01
a50e1c3a0bec,AIC-PKPD,ID-DEFINED,TIME-DEFINED,DOSE-DEFINED,ADDL-ACTUAL-CONFLICT,BIOANALYTICAL-FINAL,COVARIATE-BASELINE-ONLY,SUBJECT-LEVEL-COVARIATE,DDI-VICTIM-PERPETRATOR,REANALYSIS-NONE,STRUCTURED,CELL_THERAPY,CONTINUOUS_PD,VECTOR_COPY|CAR_POSITIVE_CELL,REPAIR,,F22
8d0eb1e6568d,AIC-PKPD,ID-DEFINED,TIME-DEFINED,DOSE-DEFINED,ADDL-ACTUAL-CONFLICT,BIOANALYTICAL-FINAL,COVARIATE-BASELINE-ONLY,SUBJECT-LEVEL-COVARIATE,DDI-VICTIM-PERPETRATOR,REANALYSIS-NONE,STRUCTURED,CELL_THERAPY,CONTINUOUS_PD,,QUARANTINE,Q16,F22
aa8d3e1aa91e,AIC-PKPD,ID-DEFINED,TIME-DEFINED,DOSE-DEFINED,ADDL-ACTUAL-CONFLICT,BIOANALYTICAL-FINAL,COVARIATE-BASELINE-ONLY,SUBJECT-LEVEL-COVARIATE,DDI-VICTIM-PERPETRATOR,REANALYSIS-NONE,SEMI-STRUCTURED-LEGACY-FLAG,CELL_THERAPY,CONTINUOUS_PD,VECTOR_COPY|CAR_POSITIVE_CELL,QUARANTINE,Q15B,F22
813516d2a18d,AIC-PKPD,ID-DEFINED,TIME-DEFINED,DOSE-DEFINED,ADDL-ACTUAL-CONFLICT,BIOANALYTICAL-FINAL,COVARIATE-BASELINE-ONLY,SUBJECT-LEVEL-COVARIATE,DDI-VICTIM-PERPETRATOR,REANALYSIS-NONE,SEMI-STRUCTURED-LEGACY-FLAG,CELL_THERAPY,CONTINUOUS_PD,,QUARANTINE,Q16,F22
07813c7bd929,AIC-PKPD,ID-DEFINED,TIME-DEFINED,DOSE-DEFINED,ADDL-ACTUAL-CONFLICT,BLQ-DEFINED-POLICY,COVARIATE-BASELINE-ONLY,SUBJECT-LEVEL-COVARIATE,SINGLE-ANALYTE,REANALYSIS-NONE,STRUCTURED,CELL_THERAPY,CONTINUOUS_PD,,REPAIR,,F01
b87bc643651e,AIC-PKPD,ID-DEFINED,TIME-DEFINED,DOSE-DEFINED,ADDL-ACTUAL-CONFLICT,BLQ-DEFINED-POLICY,COVARIATE-BASELINE-ONLY,SUBJECT-LEVEL-COVARIATE,SINGLE-ANALYTE,REANALYSIS-NONE,SEMI-STRUCTURED-LEGACY-FLAG,CELL_THERAPY,CONTINUOUS_PD,,QUARANTINE,Q15B,F01
7eb32ca1865b,AIC-PKPD,ID-DEFINED,TIME-DEFINED,DOSE-DEFINED,ADDL-ACTUAL-CONFLICT,BLQ-DEFINED-POLICY,COVARIATE-BASELINE-ONLY,SUBJECT-LEVEL-COVARIATE,MULTI-CMT-DEFINED,REANALYSIS-NONE,STRUCTURED,CELL_THERAPY,CONTINUOUS_PD,VECTOR_COPY|CAR_POSITIVE_CELL,REPAIR,,F01
bd6a2a7c9974,AIC-PKPD,ID-DEFINED,TIME-DEFINED,DOSE-DEFINED,ADDL-ACTUAL-CONFLICT,BLQ-DEFINED-POLICY,COVARIATE-BASELINE-ONLY,SUBJECT-LEVEL-COVARIATE,MULTI-CMT-DEFINED,REANALYSIS-NONE,STRUCTURED,CELL_THERAPY,CONTINUOUS_PD,,QUARANTINE,Q16,F01
3dd5041b00a6,AIC-PKPD,ID-DEFINED,TIME-DEFINED,DOSE-DEFINED,ADDL-ACTUAL-CONFLICT,BLQ-DEFINED-POLICY,COVARIATE-BASELINE-ONLY,SUBJECT-LEVEL-COVARIATE,MULTI-CMT-DEFINED,REANALYSIS-NONE,SEMI-STRUCTURED-LEGACY-FLAG,CELL_THERAPY,CONTINUOUS_PD,VECTOR_COPY|CAR_POSITIVE_CELL,QUARANTINE,Q15B,F01
fbccfb83ddfd,AIC-PKPD,ID-DEFINED,TIME-DEFINED,DOSE-DEFINED,ADDL-ACTUAL-CONFLICT,BLQ-DEFINED-POLICY,COVARIATE-BASELINE-ONLY,SUBJECT-LEVEL-COVARIATE,MULTI-CMT-DEFINED,REANALYSIS-NONE,SEMI-STRUCTURED-LEGACY-FLAG,CELL_THERAPY,CONTINUOUS_PD,,QUARANTINE,Q16,F01
be6417217a5c,AIC-PKPD,ID-DEFINED,TIME-DEFINED,DOSE-DEFINED,ADDL-ACTUAL-CONFLICT,BLQ-DEFINED-POLICY,COVARIATE-BASELINE-ONLY,SUBJECT-LEVEL-COVARIATE,DDI-VICTIM-PERPETRATOR,REANALYSIS-NONE,STRUCTURED,CELL_THERAPY,CONTINUOUS_PD,VECTOR_COPY|CAR_POSITIVE_CELL,REPAIR,,F22
9bb5c99640da,AIC-PKPD,ID-DEFINED,TIME-DEFINED,DOSE-DEFINED,ADDL-ACTUAL-CONFLICT,BLQ-DEFINED-POLICY,COVARIATE-BASELINE-ONLY,SUBJECT-LEVEL-COVARIATE,DDI-VICTIM-PERPETRATOR,REANALYSIS-NONE,STRUCTURED,CELL_THERAPY,CONTINUOUS_PD,,QUARANTINE,Q16,F22
79b7e58aa25c,AIC-PKPD,ID-DEFINED,TIME-DEFINED,DOSE-DEFINED,ADDL-ACTUAL-CONFLICT,BLQ-DEFINED-POLICY,COVARIATE-BASELINE-ONLY,SUBJECT-LEVEL-COVARIATE,DDI-VICTIM-PERPETRATOR,REANALYSIS-NONE,SEMI-STRUCTURED-LEGACY-FLAG,CELL_THERAPY,CONTINUOUS_PD,VECTOR_COPY|CAR_POSITIVE_CELL,QUARANTINE,Q15B,F22
51796382748a,AIC-PKPD,ID-DEFINED,TIME-DEFINED,DOSE-DEFINED,ADDL-ACTUAL-CONFLICT,BLQ-DEFINED-POLICY,COVARIATE-BASELINE-ONLY,SUBJECT-LEVEL-COVARIATE,DDI-VICTIM-PERPETRATOR,REANALYSIS-NONE,SEMI-STRUCTURED-LEGACY-FLAG,CELL_THERAPY,CONTINUOUS_PD,,QUARANTINE,Q16,F22
d229031be42e,AIC-PKPD,ID-DEFINED,TIME-DEFINED,DOSE-DEFINED,ADDL-ACTUAL-CONFLICT,BIOANALYTICAL-FINAL-FLAG-MISSING,COVARIATE-BASELINE-ONLY,SUBJECT-LEVEL-COVARIATE,SINGLE-ANALYTE,REANALYSIS-NONE,STRUCTURED,CELL_THERAPY,CONTINUOUS_PD,,QUARANTINE,Q15A,F01
346468e5d033,AIC-PKPD,ID-DEFINED,TIME-DEFINED,DOSE-DEFINED,ADDL-ACTUAL-CONFLICT,BIOANALYTICAL-FINAL-FLAG-MISSING,COVARIATE-BASELINE-ONLY,SUBJECT-LEVEL-COVARIATE,SINGLE-ANALYTE,REANALYSIS-NONE,SEMI-STRUCTURED-LEGACY-FLAG,CELL_THERAPY,CONTINUOUS_PD,,QUARANTINE,Q15A,F01
2e03e200aace,AIC-PKPD,ID-DEFINED,TIME-DEFINED,DOSE-DEFINED,ADDL-ACTUAL-CONFLICT,BIOANALYTICAL-FINAL-FLAG-MISSING,COVARIATE-BASELINE-ONLY,SUBJECT-LEVEL-COVARIATE,MULTI-CMT-DEFINED,REANALYSIS-NONE,STRUCTURED,CELL_THERAPY,CONTINUOUS_PD,VECTOR_COPY|CAR_POSITIVE_CELL,QUARANTINE,Q15A,F01
acc319dd690c,AIC-PKPD,ID-DEFINED,TIME-DEFINED,DOSE-DEFINED,ADDL-ACTUAL-CONFLICT,BIOANALYTICAL-FINAL-FLAG-MISSING,COVARIATE-BASELINE-ONLY,SUBJECT-LEVEL-COVARIATE,MULTI-CMT-DEFINED,REANALYSIS-NONE,STRUCTURED,CELL_THERAPY,CONTINUOUS_PD,,QUARANTINE,Q15A,F01
1eaec39c8db7,AIC-PKPD,ID-DEFINED,TIME-DEFINED,DOSE-DEFINED,ADDL-ACTUAL-CONFLICT,BIOANALYTICAL-FINAL-FLAG-MISSING,COVARIATE-BASELINE-ONLY,SUBJECT-LEVEL-COVARIATE,MULTI-CMT-DEFINED,REANALYSIS-NONE,SEMI-STRUCTURED-LEGACY-FLAG,CELL_THERAPY,CONTINUOUS_PD,VECTOR_COPY|CAR_POSITIVE_CELL,QUARANTINE,Q15A,F01
13ddd29229c6,AIC-PKPD,ID-DEFINED,TIME-DEFINED,DOSE-DEFINED,ADDL-ACTUAL-CONFLICT,BIOANALYTICAL-FINAL-FLAG-MISSING,COVARIATE-BASELINE-ONLY,SUBJECT-LEVEL-COVARIATE,MULTI-CMT-DEFINED,REANALYSIS-NONE,SEMI-STRUCTURED-LEGACY-FLAG,CELL_THERAPY,CONTINUOUS_PD,,QUARANTINE,Q15A,F01
10c084caed18,AIC-PKPD,ID-DEFINED,TIME-DEFINED,DOSE-DEFINED,ADDL-ACTUAL-CONFLICT,BIOANALYTICAL-FINAL-FLAG-MISSING,COVARIATE-BASELINE-ONLY,SUBJECT-LEVEL-COVARIATE,DDI-VICTIM-PERPETRATOR,REANALYSIS-NONE,STRUCTURED,CELL_THERAPY,CONTINUOUS_PD,VECTOR_COPY|CAR_POSITIVE_CELL,QUARANTINE,Q15A,F22
3ed9caf062c9,AIC-PKPD,ID-DEFINED,TIME-DEFINED,DOSE-DEFINED,ADDL-ACTUAL-CONFLICT,BIOANALYTICAL-FINAL-FLAG-MISSING,COVARIATE-BASELINE-ONLY,SUBJECT-LEVEL-COVARIATE,DDI-VICTIM-PERPETRATOR,REANALYSIS-NONE,STRUCTURED,CELL_THERAPY,CONTINUOUS_PD,,QUARANTINE,Q15A,F22
6664b3008d45,AIC-PKPD,ID-DEFINED,TIME-DEFINED,DOSE-DEFINED,ADDL-ACTUAL-CONFLICT,BIOANALYTICAL-FINAL-FLAG-MISSING,COVARIATE-BASELINE-ONLY,SUBJECT-LEVEL-COVARIATE,DDI-VICTIM-PERPETRATOR,REANALYSIS-NONE,SEMI-STRUCTURED-LEGACY-FLAG,CELL_THERAPY,CONTINUOUS_PD,VECTOR_COPY|CAR_POSITIVE_CELL,QUARANTINE,Q15A,F22
e3d75497df98,AIC-PKPD,ID-DEFINED,TIME-DEFINED,DOSE-DEFINED,ADDL-ACTUAL-CONFLICT,BIOANALYTICAL-FINAL-FLAG-MISSING,COVARIATE-BASELINE-ONLY,SUBJECT-LEVEL-COVARIATE,DDI-VICTIM-PERPETRATOR,REANALYSIS-NONE,SEMI-STRUCTURED-LEGACY-FLAG,CELL_THERAPY,CONTINUOUS_PD,,QUARANTINE,Q15A,F22
5197239d1073,AIC-PKPD,ID-DEFINED,TIME-DEFINED,DOSE-DEFINED,REGIMEN-FIXED,BIOANALYTICAL-FINAL,COVARIATE-BASELINE-ONLY,SUBJECT-LEVEL-COVARIATE,SINGLE-ANALYTE,REANALYSIS-NONE,STRUCTURED,MRNA,CONTINUOUS_PD,,AUTO,,F27
2beabe47bfd5,AIC-PKPD,ID-DEFINED,TIME-DEFINED,DOSE-DEFINED,REGIMEN-FIXED,BIOANALYTICAL-FINAL,COVARIATE-BASELINE-ONLY,SUBJECT-LEVEL-COVARIATE,SINGLE-ANALYTE,REANALYSIS-NONE,SEMI-STRUCTURED-LEGACY-FLAG,MRNA,CONTINUOUS_PD,,QUARANTINE,Q15B,F27
6f35205913b9,AIC-PKPD,ID-DEFINED,TIME-DEFINED,DOSE-DEFINED,REGIMEN-FIXED,BIOANALYTICAL-FINAL,COVARIATE-BASELINE-ONLY,SUBJECT-LEVEL-COVARIATE,MULTI-CMT-DEFINED,REANALYSIS-NONE,STRUCTURED,MRNA,CONTINUOUS_PD,,REPAIR,,F27
27a9edff3250,AIC-PKPD,ID-DEFINED,TIME-DEFINED,DOSE-DEFINED,REGIMEN-FIXED,BIOANALYTICAL-FINAL,COVARIATE-BASELINE-ONLY,SUBJECT-LEVEL-COVARIATE,MULTI-CMT-DEFINED,REANALYSIS-NONE,SEMI-STRUCTURED-LEGACY-FLAG,MRNA,CONTINUOUS_PD,,QUARANTINE,Q15B,F27
92252690e02b,AIC-PKPD,ID-DEFINED,TIME-DEFINED,DOSE-DEFINED,REGIMEN-FIXED,BIOANALYTICAL-FINAL,COVARIATE-BASELINE-ONLY,SUBJECT-LEVEL-COVARIATE,DDI-VICTIM-PERPETRATOR,REANALYSIS-NONE,STRUCTURED,MRNA,CONTINUOUS_PD,,REPAIR,,F27
54ae37972164,AIC-PKPD,ID-DEFINED,TIME-DEFINED,DOSE-DEFINED,REGIMEN-FIXED,BIOANALYTICAL-FINAL,COVARIATE-BASELINE-ONLY,SUBJECT-LEVEL-COVARIATE,DDI-VICTIM-PERPETRATOR,REANALYSIS-NONE,SEMI-STRUCTURED-LEGACY-FLAG,MRNA,CONTINUOUS_PD,,QUARANTINE,Q15B,F27
2e0d616cb7c9,AIC-PKPD,ID-DEFINED,TIME-DEFINED,DOSE-DEFINED,REGIMEN-FIXED,BLQ-DEFINED-POLICY,COVARIATE-BASELINE-ONLY,SUBJECT-LEVEL-COVARIATE,SINGLE-ANALYTE,REANALYSIS-NONE,STRUCTURED,MRNA,CONTINUOUS_PD,,REPAIR,,F27
d65f660b67de,AIC-PKPD,ID-DEFINED,TIME-DEFINED,DOSE-DEFINED,REGIMEN-FIXED,BLQ-DEFINED-POLICY,COVARIATE-BASELINE-ONLY,SUBJECT-LEVEL-COVARIATE,SINGLE-ANALYTE,REANALYSIS-NONE,SEMI-STRUCTURED-LEGACY-FLAG,MRNA,CONTINUOUS_PD,,QUARANTINE,Q15B,F27
146d339ebd8f,AIC-PKPD,ID-DEFINED,TIME-DEFINED,DOSE-DEFINED,REGIMEN-FIXED,BLQ-DEFINED-POLICY,COVARIATE-BASELINE-ONLY,SUBJECT-LEVEL-COVARIATE,MULTI-CMT-DEFINED,REANALYSIS-NONE,STRUCTURED,MRNA,CONTINUOUS_PD,,REPAIR,,F27
dd03ec83bb25,AIC-PKPD,ID-DEFINED,TIME-DEFINED,DOSE-DEFINED,REGIMEN-FIXED,BLQ-DEFINED-POLICY,COVARIATE-BASELINE-ONLY,SUBJECT-LEVEL-COVARIATE,MULTI-CMT-DEFINED,REANALYSIS-NONE,SEMI-STRUCTURED-LEGACY-FLAG,MRNA,CONTINUOUS_PD,,QUARANTINE,Q15B,F27
f5cc3c30df8f,AIC-PKPD,ID-DEFINED,TIME-DEFINED,DOSE-DEFINED,REGIMEN-FIXED,BLQ-DEFINED-POLICY,COVARIATE-BASELINE-ONLY,SUBJECT-LEVEL-COVARIATE,DDI-VICTIM-PERPETRATOR,REANALYSIS-NONE,STRUCTURED,MRNA,CONTINUOUS_PD,,REPAIR,,F27
17e698682a9e,AIC-PKPD,ID-DEFINED,TIME-DEFINED,DOSE-DEFINED,REGIMEN-FIXED,BLQ-DEFINED-POLICY,COVARIATE-BASELINE-ONLY,SUBJECT-LEVEL-COVARIATE,DDI-VICTIM-PERPETRATOR,REANALYSIS-NONE,SEMI-STRUCTURED-LEGACY-FLAG,MRNA,CONTINUOUS_PD,,QUARANTINE,Q15B,F27
211472a58ad9,AIC-PKPD,ID-DEFINED,TIME-DEFINED,DOSE-DEFINED,REGIMEN-FIXED,BIOANALYTICAL-FINAL-FLAG-MISSING,COVARIATE-BASELINE-ONLY,SUBJECT-LEVEL-COVARIATE,SINGLE-ANALYTE,REANALYSIS-NONE,STRUCTURED,MRNA,CONTINUOUS_PD,,QUARANTINE,Q15A,F27
cfdbf83b295d,AIC-PKPD,ID-DEFINED,TIME-DEFINED,DOSE-DEFINED,REGIMEN-FIXED,BIOANALYTICAL-FINAL-FLAG-MISSING,COVARIATE-BASELINE-ONLY,SUBJECT-LEVEL-COVARIATE,SINGLE-ANALYTE,REANALYSIS-NONE,SEMI-STRUCTURED-LEGACY-FLAG,MRNA,CONTINUOUS_PD,,QUARANTINE,Q15A,F27
6b52d7fa9afa,AIC-PKPD,ID-DEFINED,TIME-DEFINED,DOSE-DEFINED,REGIMEN-FIXED,BIOANALYTICAL-FINAL-FLAG-MISSING,COVARIATE-BASELINE-ONLY,SUBJECT-LEVEL-COVARIATE,MULTI-CMT-DEFINED,REANALYSIS-NONE,STRUCTURED,MRNA,CONTINUOUS_PD,,QUARANTINE,Q15A,F27
e8ea04387b84,AIC-PKPD,ID-DEFINED,TIME-DEFINED,DOSE-DEFINED,REGIMEN-FIXED,BIOANALYTICAL-FINAL-FLAG-MISSING,COVARIATE-BASELINE-ONLY,SUBJECT-LEVEL-COVARIATE,MULTI-CMT-DEFINED,REANALYSIS-NONE,SEMI-STRUCTURED-LEGACY-FLAG,MRNA,CONTINUOUS_PD,,QUARANTINE,Q15A,F27
16032671849d,AIC-PKPD,ID-DEFINED,TIME-DEFINED,DOSE-DEFINED,REGIMEN-FIXED,BIOANALYTICAL-FINAL-FLAG-MISSING,COVARIATE-BASELINE-ONLY,SUBJECT-LEVEL-COVARIATE,DDI-VICTIM-PERPETRATOR,REANALYSIS-NONE,STRUCTURED,MRNA,CONTINUOUS_PD,,QUARANTINE,Q15A,F27
e5db60cbef34,AIC-PKPD,ID-DEFINED,TIME-DEFINED,DOSE-DEFINED,REGIMEN-FIXED,BIOANALYTICAL-FINAL-FLAG-MISSING,COVARIATE-BASELINE-ONLY,SUBJECT-LEVEL-COVARIATE,DDI-VICTIM-PERPETRATOR,REANALYSIS-NONE,SEMI-STRUCTURED-LEGACY-FLAG,MRNA,CONTINUOUS_PD,,QUARANTINE,Q15A,F27
9eb512a43f15,AIC-PKPD,ID-DEFINED,TIME-DEFINED,DOSE-DEFINED,ADDL-ACTUAL-CONFLICT,BIOANALYTICAL-FINAL,COVARIATE-BASELINE-ONLY,SUBJECT-LEVEL-COVARIATE,SINGLE-ANALYTE,REANALYSIS-NONE,STRUCTURED,MRNA,CONTINUOUS_PD,,AUTO,,F27
26522f1fd485,AIC-PKPD,ID-DEFINED,TIME-DEFINED,DOSE-DEFINED,ADDL-ACTUAL-CONFLICT,BIOANALYTICAL-FINAL,COVARIATE-BASELINE-ONLY,SUBJECT-LEVEL-COVARIATE,SINGLE-ANALYTE,REANALYSIS-NONE,SEMI-STRUCTURED-LEGACY-FLAG,MRNA,CONTINUOUS_PD,,QUARANTINE,Q15B,F27
760f921286bd,AIC-PKPD,ID-DEFINED,TIME-DEFINED,DOSE-DEFINED,ADDL-ACTUAL-CONFLICT,BIOANALYTICAL-FINAL,COVARIATE-BASELINE-ONLY,SUBJECT-LEVEL-COVARIATE,MULTI-CMT-DEFINED,REANALYSIS-NONE,STRUCTURED,MRNA,CONTINUOUS_PD,,REPAIR,,F27
b9f2ef9d7c7a,AIC-PKPD,ID-DEFINED,TIME-DEFINED,DOSE-DEFINED,ADDL-ACTUAL-CONFLICT,BIOANALYTICAL-FINAL,COVARIATE-BASELINE-ONLY,SUBJECT-LEVEL-COVARIATE,MULTI-CMT-DEFINED,REANALYSIS-NONE,SEMI-STRUCTURED-LEGACY-FLAG,MRNA,CONTINUOUS_PD,,QUARANTINE,Q15B,F27
439344100c56,AIC-PKPD,ID-DEFINED,TIME-DEFINED,DOSE-DEFINED,ADDL-ACTUAL-CONFLICT,BIOANALYTICAL-FINAL,COVARIATE-BASELINE-ONLY,SUBJECT-LEVEL-COVARIATE,DDI-VICTIM-PERPETRATOR,REANALYSIS-NONE,STRUCTURED,MRNA,CONTINUOUS_PD,,REPAIR,,F27
8fa425540fdc,AIC-PKPD,ID-DEFINED,TIME-DEFINED,DOSE-DEFINED,ADDL-ACTUAL-CONFLICT,BIOANALYTICAL-FINAL,COVARIATE-BASELINE-ONLY,SUBJECT-LEVEL-COVARIATE,DDI-VICTIM-PERPETRATOR,REANALYSIS-NONE,SEMI-STRUCTURED-LEGACY-FLAG,MRNA,CONTINUOUS_PD,,QUARANTINE,Q15B,F27
4cf410ef34a3,AIC-PKPD,ID-DEFINED,TIME-DEFINED,DOSE-DEFINED,ADDL-ACTUAL-CONFLICT,BLQ-DEFINED-POLICY,COVARIATE-BASELINE-ONLY,SUBJECT-LEVEL-COVARIATE,SINGLE-ANALYTE,REANALYSIS-NONE,STRUCTURED,MRNA,CONTINUOUS_PD,,REPAIR,,F27
e4dc0460d71e,AIC-PKPD,ID-DEFINED,TIME-DEFINED,DOSE-DEFINED,ADDL-ACTUAL-CONFLICT,BLQ-DEFINED-POLICY,COVARIATE-BASELINE-ONLY,SUBJECT-LEVEL-COVARIATE,SINGLE-ANALYTE,REANALYSIS-NONE,SEMI-STRUCTURED-LEGACY-FLAG,MRNA,CONTINUOUS_PD,,QUARANTINE,Q15B,F27
43111566ac01,AIC-PKPD,ID-DEFINED,TIME-DEFINED,DOSE-DEFINED,ADDL-ACTUAL-CONFLICT,BLQ-DEFINED-POLICY,COVARIATE-BASELINE-ONLY,SUBJECT-LEVEL-COVARIATE,MULTI-CMT-DEFINED,REANALYSIS-NONE,STRUCTURED,MRNA,CONTINUOUS_PD,,REPAIR,,F27
671d7bb61d82,AIC-PKPD,ID-DEFINED,TIME-DEFINED,DOSE-DEFINED,ADDL-ACTUAL-CONFLICT,BLQ-DEFINED-POLICY,COVARIATE-BASELINE-ONLY,SUBJECT-LEVEL-COVARIATE,MULTI-CMT-DEFINED,REANALYSIS-NONE,SEMI-STRUCTURED-LEGACY-FLAG,MRNA,CONTINUOUS_PD,,QUARANTINE,Q15B,F27
8d48f68b803f,AIC-PKPD,ID-DEFINED,TIME-DEFINED,DOSE-DEFINED,ADDL-ACTUAL-CONFLICT,BLQ-DEFINED-POLICY,COVARIATE-BASELINE-ONLY,SUBJECT-LEVEL-COVARIATE,DDI-VICTIM-PERPETRATOR,REANALYSIS-NONE,STRUCTURED,MRNA,CONTINUOUS_PD,,REPAIR,,F27
b75f5e3e1e3a,AIC-PKPD,ID-DEFINED,TIME-DEFINED,DOSE-DEFINED,ADDL-ACTUAL-CONFLICT,BLQ-DEFINED-POLICY,COVARIATE-BASELINE-ONLY,SUBJECT-LEVEL-COVARIATE,DDI-VICTIM-PERPETRATOR,REANALYSIS-NONE,SEMI-STRUCTURED-LEGACY-FLAG,MRNA,CONTINUOUS_PD,,QUARANTINE,Q15B,F27
e0fbd153f0c9,AIC-PKPD,ID-DEFINED,TIME-DEFINED,DOSE-DEFINED,ADDL-ACTUAL-CONFLICT,BIOANALYTICAL-FINAL-FLAG-MISSING,COVARIATE-BASELINE-ONLY,SUBJECT-LEVEL-COVARIATE,SINGLE-ANALYTE,REANALYSIS-NONE,STRUCTURED,MRNA,CONTINUOUS_PD,,QUARANTINE,Q15A,F27
ff347dd3b1c4,AIC-PKPD,ID-DEFINED,TIME-DEFINED,DOSE-DEFINED,ADDL-ACTUAL-CONFLICT,BIOANALYTICAL-FINAL-FLAG-MISSING,COVARIATE-BASELINE-ONLY,SUBJECT-LEVEL-COVARIATE,SINGLE-ANALYTE,REANALYSIS-NONE,SEMI-STRUCTURED-LEGACY-FLAG,MRNA,CONTINUOUS_PD,,QUARANTINE,Q15A,F27
a7a75e693f8d,AIC-PKPD,ID-DEFINED,TIME-DEFINED,DOSE-DEFINED,ADDL-ACTUAL-CONFLICT,BIOANALYTICAL-FINAL-FLAG-MISSING,COVARIATE-BASELINE-ONLY,SUBJECT-LEVEL-COVARIATE,MULTI-CMT-DEFINED,REANALYSIS-NONE,STRUCTURED,MRNA,CONTINUOUS_PD,,QUARANTINE,Q15A,F27
8357bf89c282,AIC-PKPD,ID-DEFINED,TIME-DEFINED,DOSE-DEFINED,ADDL-ACTUAL-CONFLICT,BIOANALYTICAL-FINAL-FLAG-MISSING,COVARIATE-BASELINE-ONLY,SUBJECT-LEVEL-COVARIATE,MULTI-CMT-DEFINED,REANALYSIS-NONE,SEMI-STRUCTURED-LEGACY-FLAG,MRNA,CONTINUOUS_PD,,QUARANTINE,Q15A,F27
821f9bb0f09c,AIC-PKPD,ID-DEFINED,TIME-DEFINED,DOSE-DEFINED,ADDL-ACTUAL-CONFLICT,BIOANALYTICAL-FINAL-FLAG-MISSING,COVARIATE-BASELINE-ONLY,SUBJECT-LEVEL-COVARIATE,DDI-VICTIM-PERPETRATOR,REANALYSIS-NONE,STRUCTURED,MRNA,CONTINUOUS_PD,,QUARANTINE,Q15A,F27
f5a571c9ee4a,AIC-PKPD,ID-DEFINED,TIME-DEFINED,DOSE-DEFINED,ADDL-ACTUAL-CONFLICT,BIOANALYTICAL-FINAL-FLAG-MISSING,COVARIATE-BASELINE-ONLY,SUBJECT-LEVEL-COVARIATE,DDI-VICTIM-PERPETRATOR,REANALYSIS-NONE,SEMI-STRUCTURED-LEGACY-FLAG,MRNA,CONTINUOUS_PD,,QUARANTINE,Q15A,F27
d66b9ea2a2d0,AIC-ER,ID-DEFINED,TIME-DEFINED,DOSE-DEFINED,REGIMEN-FIXED,BIOANALYTICAL-FINAL,COVARIATE-BASELINE-ONLY,SUBJECT-LEVEL-COVARIATE,SINGLE-ANALYTE,REANALYSIS-NONE,STRUCTURED,SMALL_MOLECULE,EXPOSURE_METRIC,,AUTO,,F01
e2db9b27d5cc,AIC-ER,ID-DEFINED,TIME-DEFINED,DOSE-DEFINED,REGIMEN-FIXED,BIOANALYTICAL-FINAL,COVARIATE-BASELINE-ONLY,SUBJECT-LEVEL-COVARIATE,SINGLE-ANALYTE,REANALYSIS-NONE,SEMI-STRUCTURED-LEGACY-FLAG,SMALL_MOLECULE,EXPOSURE_METRIC,,QUARANTINE,Q15B,F01
2dd2e1e42fc2,AIC-ER,ID-DEFINED,TIME-DEFINED,DOSE-DEFINED,REGIMEN-FIXED,BIOANALYTICAL-FINAL,COVARIATE-BASELINE-ONLY,SUBJECT-LEVEL-COVARIATE,MULTI-CMT-DEFINED,REANALYSIS-NONE,STRUCTURED,SMALL_MOLECULE,EXPOSURE_METRIC,,REPAIR,,F01
b763bf67c154,AIC-ER,ID-DEFINED,TIME-DEFINED,DOSE-DEFINED,REGIMEN-FIXED,BIOANALYTICAL-FINAL,COVARIATE-BASELINE-ONLY,SUBJECT-LEVEL-COVARIATE,MULTI-CMT-DEFINED,REANALYSIS-NONE,SEMI-STRUCTURED-LEGACY-FLAG,SMALL_MOLECULE,EXPOSURE_METRIC,,QUARANTINE,Q15B,F01
677d692f8a82,AIC-ER,ID-DEFINED,TIME-DEFINED,DOSE-DEFINED,REGIMEN-FIXED,BIOANALYTICAL-FINAL,COVARIATE-BASELINE-ONLY,SUBJECT-LEVEL-COVARIATE,DDI-VICTIM-PERPETRATOR,REANALYSIS-NONE,STRUCTURED,SMALL_MOLECULE,EXPOSURE_METRIC,,REPAIR,,F22
5056d9b98490,AIC-ER,ID-DEFINED,TIME-DEFINED,DOSE-DEFINED,REGIMEN-FIXED,BIOANALYTICAL-FINAL,COVARIATE-BASELINE-ONLY,SUBJECT-LEVEL-COVARIATE,DDI-VICTIM-PERPETRATOR,REANALYSIS-NONE,SEMI-STRUCTURED-LEGACY-FLAG,SMALL_MOLECULE,EXPOSURE_METRIC,,QUARANTINE,Q15B,F22
6d7a6733490b,AIC-ER,ID-DEFINED,TIME-DEFINED,DOSE-DEFINED,REGIMEN-FIXED,BLQ-DEFINED-POLICY,COVARIATE-BASELINE-ONLY,SUBJECT-LEVEL-COVARIATE,SINGLE-ANALYTE,REANALYSIS-NONE,STRUCTURED,SMALL_MOLECULE,EXPOSURE_METRIC,,REPAIR,,F01
afbc7d102ba4,AIC-ER,ID-DEFINED,TIME-DEFINED,DOSE-DEFINED,REGIMEN-FIXED,BLQ-DEFINED-POLICY,COVARIATE-BASELINE-ONLY,SUBJECT-LEVEL-COVARIATE,SINGLE-ANALYTE,REANALYSIS-NONE,SEMI-STRUCTURED-LEGACY-FLAG,SMALL_MOLECULE,EXPOSURE_METRIC,,QUARANTINE,Q15B,F01
422af6706f11,AIC-ER,ID-DEFINED,TIME-DEFINED,DOSE-DEFINED,REGIMEN-FIXED,BLQ-DEFINED-POLICY,COVARIATE-BASELINE-ONLY,SUBJECT-LEVEL-COVARIATE,MULTI-CMT-DEFINED,REANALYSIS-NONE,STRUCTURED,SMALL_MOLECULE,EXPOSURE_METRIC,,REPAIR,,F01
cc0c0635fd90,AIC-ER,ID-DEFINED,TIME-DEFINED,DOSE-DEFINED,REGIMEN-FIXED,BLQ-DEFINED-POLICY,COVARIATE-BASELINE-ONLY,SUBJECT-LEVEL-COVARIATE,MULTI-CMT-DEFINED,REANALYSIS-NONE,SEMI-STRUCTURED-LEGACY-FLAG,SMALL_MOLECULE,EXPOSURE_METRIC,,QUARANTINE,Q15B,F01
51151840b05b,AIC-ER,ID-DEFINED,TIME-DEFINED,DOSE-DEFINED,REGIMEN-FIXED,BLQ-DEFINED-POLICY,COVARIATE-BASELINE-ONLY,SUBJECT-LEVEL-COVARIATE,DDI-VICTIM-PERPETRATOR,REANALYSIS-NONE,STRUCTURED,SMALL_MOLECULE,EXPOSURE_METRIC,,REPAIR,,F22
b33ff662ae14,AIC-ER,ID-DEFINED,TIME-DEFINED,DOSE-DEFINED,REGIMEN-FIXED,BLQ-DEFINED-POLICY,COVARIATE-BASELINE-ONLY,SUBJECT-LEVEL-COVARIATE,DDI-VICTIM-PERPETRATOR,REANALYSIS-NONE,SEMI-STRUCTURED-LEGACY-FLAG,SMALL_MOLECULE,EXPOSURE_METRIC,,QUARANTINE,Q15B,F22
5ef5dbc9e1f0,AIC-ER,ID-DEFINED,TIME-DEFINED,DOSE-DEFINED,REGIMEN-FIXED,BIOANALYTICAL-FINAL-FLAG-MISSING,COVARIATE-BASELINE-ONLY,SUBJECT-LEVEL-COVARIATE,SINGLE-ANALYTE,REANALYSIS-NONE,STRUCTURED,SMALL_MOLECULE,EXPOSURE_METRIC,,QUARANTINE,Q15A,F01
e062887c4bbd,AIC-ER,ID-DEFINED,TIME-DEFINED,DOSE-DEFINED,REGIMEN-FIXED,BIOANALYTICAL-FINAL-FLAG-MISSING,COVARIATE-BASELINE-ONLY,SUBJECT-LEVEL-COVARIATE,SINGLE-ANALYTE,REANALYSIS-NONE,SEMI-STRUCTURED-LEGACY-FLAG,SMALL_MOLECULE,EXPOSURE_METRIC,,QUARANTINE,Q15A,F01
cb7a6b33275a,AIC-ER,ID-DEFINED,TIME-DEFINED,DOSE-DEFINED,REGIMEN-FIXED,BIOANALYTICAL-FINAL-FLAG-MISSING,COVARIATE-BASELINE-ONLY,SUBJECT-LEVEL-COVARIATE,MULTI-CMT-DEFINED,REANALYSIS-NONE,STRUCTURED,SMALL_MOLECULE,EXPOSURE_METRIC,,QUARANTINE,Q15A,F01
d6037cf9d956,AIC-ER,ID-DEFINED,TIME-DEFINED,DOSE-DEFINED,REGIMEN-FIXED,BIOANALYTICAL-FINAL-FLAG-MISSING,COVARIATE-BASELINE-ONLY,SUBJECT-LEVEL-COVARIATE,MULTI-CMT-DEFINED,REANALYSIS-NONE,SEMI-STRUCTURED-LEGACY-FLAG,SMALL_MOLECULE,EXPOSURE_METRIC,,QUARANTINE,Q15A,F01
e24918cbc16d,AIC-ER,ID-DEFINED,TIME-DEFINED,DOSE-DEFINED,REGIMEN-FIXED,BIOANALYTICAL-FINAL-FLAG-MISSING,COVARIATE-BASELINE-ONLY,SUBJECT-LEVEL-COVARIATE,DDI-VICTIM-PERPETRATOR,REANALYSIS-NONE,STRUCTURED,SMALL_MOLECULE,EXPOSURE_METRIC,,QUARANTINE,Q15A,F22
a64c1ed80928,AIC-ER,ID-DEFINED,TIME-DEFINED,DOSE-DEFINED,REGIMEN-FIXED,BIOANALYTICAL-FINAL-FLAG-MISSING,COVARIATE-BASELINE-ONLY,SUBJECT-LEVEL-COVARIATE,DDI-VICTIM-PERPETRATOR,REANALYSIS-NONE,SEMI-STRUCTURED-LEGACY-FLAG,SMALL_MOLECULE,EXPOSURE_METRIC,,QUARANTINE,Q15A,F22
d7fd5cd9c01a,AIC-ER,ID-DEFINED,TIME-DEFINED,DOSE-DEFINED,ADDL-ACTUAL-CONFLICT,BIOANALYTICAL-FINAL,COVARIATE-BASELINE-ONLY,SUBJECT-LEVEL-COVARIATE,SINGLE-ANALYTE,REANALYSIS-NONE,STRUCTURED,SMALL_MOLECULE,EXPOSURE_METRIC,,AUTO,,F01
abcd1dc0463f,AIC-ER,ID-DEFINED,TIME-DEFINED,DOSE-DEFINED,ADDL-ACTUAL-CONFLICT,BIOANALYTICAL-FINAL,COVARIATE-BASELINE-ONLY,SUBJECT-LEVEL-COVARIATE,SINGLE-ANALYTE,REANALYSIS-NONE,SEMI-STRUCTURED-LEGACY-FLAG,SMALL_MOLECULE,EXPOSURE_METRIC,,QUARANTINE,Q15B,F01
12fcd8a5508c,AIC-ER,ID-DEFINED,TIME-DEFINED,DOSE-DEFINED,ADDL-ACTUAL-CONFLICT,BIOANALYTICAL-FINAL,COVARIATE-BASELINE-ONLY,SUBJECT-LEVEL-COVARIATE,MULTI-CMT-DEFINED,REANALYSIS-NONE,STRUCTURED,SMALL_MOLECULE,EXPOSURE_METRIC,,REPAIR,,F01
a4961d82b4bb,AIC-ER,ID-DEFINED,TIME-DEFINED,DOSE-DEFINED,ADDL-ACTUAL-CONFLICT,BIOANALYTICAL-FINAL,COVARIATE-BASELINE-ONLY,SUBJECT-LEVEL-COVARIATE,MULTI-CMT-DEFINED,REANALYSIS-NONE,SEMI-STRUCTURED-LEGACY-FLAG,SMALL_MOLECULE,EXPOSURE_METRIC,,QUARANTINE,Q15B,F01
330106a5d1c8,AIC-ER,ID-DEFINED,TIME-DEFINED,DOSE-DEFINED,ADDL-ACTUAL-CONFLICT,BIOANALYTICAL-FINAL,COVARIATE-BASELINE-ONLY,SUBJECT-LEVEL-COVARIATE,DDI-VICTIM-PERPETRATOR,REANALYSIS-NONE,STRUCTURED,SMALL_MOLECULE,EXPOSURE_METRIC,,REPAIR,,F22
a5de19410e35,AIC-ER,ID-DEFINED,TIME-DEFINED,DOSE-DEFINED,ADDL-ACTUAL-CONFLICT,BIOANALYTICAL-FINAL,COVARIATE-BASELINE-ONLY,SUBJECT-LEVEL-COVARIATE,DDI-VICTIM-PERPETRATOR,REANALYSIS-NONE,SEMI-STRUCTURED-LEGACY-FLAG,SMALL_MOLECULE,EXPOSURE_METRIC,,QUARANTINE,Q15B,F22
f44b18613370,AIC-ER,ID-DEFINED,TIME-DEFINED,DOSE-DEFINED,ADDL-ACTUAL-CONFLICT,BLQ-DEFINED-POLICY,COVARIATE-BASELINE-ONLY,SUBJECT-LEVEL-COVARIATE,SINGLE-ANALYTE,REANALYSIS-NONE,STRUCTURED,SMALL_MOLECULE,EXPOSURE_METRIC,,REPAIR,,F01
62fa9f76339f,AIC-ER,ID-DEFINED,TIME-DEFINED,DOSE-DEFINED,ADDL-ACTUAL-CONFLICT,BLQ-DEFINED-POLICY,COVARIATE-BASELINE-ONLY,SUBJECT-LEVEL-COVARIATE,SINGLE-ANALYTE,REANALYSIS-NONE,SEMI-STRUCTURED-LEGACY-FLAG,SMALL_MOLECULE,EXPOSURE_METRIC,,QUARANTINE,Q15B,F01
ff03a985e007,AIC-ER,ID-DEFINED,TIME-DEFINED,DOSE-DEFINED,ADDL-ACTUAL-CONFLICT,BLQ-DEFINED-POLICY,COVARIATE-BASELINE-ONLY,SUBJECT-LEVEL-COVARIATE,MULTI-CMT-DEFINED,REANALYSIS-NONE,STRUCTURED,SMALL_MOLECULE,EXPOSURE_METRIC,,REPAIR,,F01
83fcd627ca55,AIC-ER,ID-DEFINED,TIME-DEFINED,DOSE-DEFINED,ADDL-ACTUAL-CONFLICT,BLQ-DEFINED-POLICY,COVARIATE-BASELINE-ONLY,SUBJECT-LEVEL-COVARIATE,MULTI-CMT-DEFINED,REANALYSIS-NONE,SEMI-STRUCTURED-LEGACY-FLAG,SMALL_MOLECULE,EXPOSURE_METRIC,,QUARANTINE,Q15B,F01
e1ea47afa2f8,AIC-ER,ID-DEFINED,TIME-DEFINED,DOSE-DEFINED,ADDL-ACTUAL-CONFLICT,BLQ-DEFINED-POLICY,COVARIATE-BASELINE-ONLY,SUBJECT-LEVEL-COVARIATE,DDI-VICTIM-PERPETRATOR,REANALYSIS-NONE,STRUCTURED,SMALL_MOLECULE,EXPOSURE_METRIC,,REPAIR,,F22
484628185cce,AIC-ER,ID-DEFINED,TIME-DEFINED,DOSE-DEFINED,ADDL-ACTUAL-CONFLICT,BLQ-DEFINED-POLICY,COVARIATE-BASELINE-ONLY,SUBJECT-LEVEL-COVARIATE,DDI-VICTIM-PERPETRATOR,REANALYSIS-NONE,SEMI-STRUCTURED-LEGACY-FLAG,SMALL_MOLECULE,EXPOSURE_METRIC,,QUARANTINE,Q15B,F22
0644c2197c51,AIC-ER,ID-DEFINED,TIME-DEFINED,DOSE-DEFINED,ADDL-ACTUAL-CONFLICT,BIOANALYTICAL-FINAL-FLAG-MISSING,COVARIATE-BASELINE-ONLY,SUBJECT-LEVEL-COVARIATE,SINGLE-ANALYTE,REANALYSIS-NONE,STRUCTURED,SMALL_MOLECULE,EXPOSURE_METRIC,,QUARANTINE,Q15A,F01
1e2d1eb09362,AIC-ER,ID-DEFINED,TIME-DEFINED,DOSE-DEFINED,ADDL-ACTUAL-CONFLICT,BIOANALYTICAL-FINAL-FLAG-MISSING,COVARIATE-BASELINE-ONLY,SUBJECT-LEVEL-COVARIATE,SINGLE-ANALYTE,REANALYSIS-NONE,SEMI-STRUCTURED-LEGACY-FLAG,SMALL_MOLECULE,EXPOSURE_METRIC,,QUARANTINE,Q15A,F01
b2f22b758328,AIC-ER,ID-DEFINED,TIME-DEFINED,DOSE-DEFINED,ADDL-ACTUAL-CONFLICT,BIOANALYTICAL-FINAL-FLAG-MISSING,COVARIATE-BASELINE-ONLY,SUBJECT-LEVEL-COVARIATE,MULTI-CMT-DEFINED,REANALYSIS-NONE,STRUCTURED,SMALL_MOLECULE,EXPOSURE_METRIC,,QUARANTINE,Q15A,F01
2c9df9bfc267,AIC-ER,ID-DEFINED,TIME-DEFINED,DOSE-DEFINED,ADDL-ACTUAL-CONFLICT,BIOANALYTICAL-FINAL-FLAG-MISSING,COVARIATE-BASELINE-ONLY,SUBJECT-LEVEL-COVARIATE,MULTI-CMT-DEFINED,REANALYSIS-NONE,SEMI-STRUCTURED-LEGACY-FLAG,SMALL_MOLECULE,EXPOSURE_METRIC,,QUARANTINE,Q15A,F01
f041a99ed5dc,AIC-ER,ID-DEFINED,TIME-DEFINED,DOSE-DEFINED,ADDL-ACTUAL-CONFLICT,BIOANALYTICAL-FINAL-FLAG-MISSING,COVARIATE-BASELINE-ONLY,SUBJECT-LEVEL-COVARIATE,DDI-VICTIM-PERPETRATOR,REANALYSIS-NONE,STRUCTURED,SMALL_MOLECULE,EXPOSURE_METRIC,,QUARANTINE,Q15A,F22
7b1a432db5fa,AIC-ER,ID-DEFINED,TIME-DEFINED,DOSE-DEFINED,ADDL-ACTUAL-CONFLICT,BIOANALYTICAL-FINAL-FLAG-MISSING,COVARIATE-BASELINE-ONLY,SUBJECT-LEVEL-COVARIATE,DDI-VICTIM-PERPETRATOR,REANALYSIS-NONE,SEMI-STRUCTURED-LEGACY-FLAG,SMALL_MOLECULE,EXPOSURE_METRIC,,QUARANTINE,Q15A,F22
5fb4dc235017,AIC-ER,ID-DEFINED,TIME-DEFINED,DOSE-DEFINED,REGIMEN-FIXED,BIOANALYTICAL-FINAL,COVARIATE-BASELINE-ONLY,SUBJECT-LEVEL-COVARIATE,SINGLE-ANALYTE,REANALYSIS-NONE,STRUCTURED,MAB,EXPOSURE_METRIC,,AUTO,,F01
daabd515c59e,AIC-ER,ID-DEFINED,TIME-DEFINED,DOSE-DEFINED,REGIMEN-FIXED,BIOANALYTICAL-FINAL,COVARIATE-BASELINE-ONLY,SUBJECT-LEVEL-COVARIATE,SINGLE-ANALYTE,REANALYSIS-NONE,SEMI-STRUCTURED-LEGACY-FLAG,MAB,EXPOSURE_METRIC,,QUARANTINE,Q15B,F01
783040858a37,AIC-ER,ID-DEFINED,TIME-DEFINED,DOSE-DEFINED,REGIMEN-FIXED,BIOANALYTICAL-FINAL,COVARIATE-BASELINE-ONLY,SUBJECT-LEVEL-COVARIATE,MULTI-CMT-DEFINED,REANALYSIS-NONE,STRUCTURED,MAB,EXPOSURE_METRIC,,REPAIR,,F01
252fbcfac87d,AIC-ER,ID-DEFINED,TIME-DEFINED,DOSE-DEFINED,REGIMEN-FIXED,BIOANALYTICAL-FINAL,COVARIATE-BASELINE-ONLY,SUBJECT-LEVEL-COVARIATE,MULTI-CMT-DEFINED,REANALYSIS-NONE,SEMI-STRUCTURED-LEGACY-FLAG,MAB,EXPOSURE_METRIC,,QUARANTINE,Q15B,F01
9443c17d0a48,AIC-ER,ID-DEFINED,TIME-DEFINED,DOSE-DEFINED,REGIMEN-FIXED,BIOANALYTICAL-FINAL,COVARIATE-BASELINE-ONLY,SUBJECT-LEVEL-COVARIATE,DDI-VICTIM-PERPETRATOR,REANALYSIS-NONE,STRUCTURED,MAB,EXPOSURE_METRIC,,REPAIR,,F22
a59f904fbeed,AIC-ER,ID-DEFINED,TIME-DEFINED,DOSE-DEFINED,REGIMEN-FIXED,BIOANALYTICAL-FINAL,COVARIATE-BASELINE-ONLY,SUBJECT-LEVEL-COVARIATE,DDI-VICTIM-PERPETRATOR,REANALYSIS-NONE,SEMI-STRUCTURED-LEGACY-FLAG,MAB,EXPOSURE_METRIC,,QUARANTINE,Q15B,F22
c220f2cace04,AIC-ER,ID-DEFINED,TIME-DEFINED,DOSE-DEFINED,REGIMEN-FIXED,BLQ-DEFINED-POLICY,COVARIATE-BASELINE-ONLY,SUBJECT-LEVEL-COVARIATE,SINGLE-ANALYTE,REANALYSIS-NONE,STRUCTURED,MAB,EXPOSURE_METRIC,,REPAIR,,F01
8ec022153300,AIC-ER,ID-DEFINED,TIME-DEFINED,DOSE-DEFINED,REGIMEN-FIXED,BLQ-DEFINED-POLICY,COVARIATE-BASELINE-ONLY,SUBJECT-LEVEL-COVARIATE,SINGLE-ANALYTE,REANALYSIS-NONE,SEMI-STRUCTURED-LEGACY-FLAG,MAB,EXPOSURE_METRIC,,QUARANTINE,Q15B,F01
0e093f3a0d5d,AIC-ER,ID-DEFINED,TIME-DEFINED,DOSE-DEFINED,REGIMEN-FIXED,BLQ-DEFINED-POLICY,COVARIATE-BASELINE-ONLY,SUBJECT-LEVEL-COVARIATE,MULTI-CMT-DEFINED,REANALYSIS-NONE,STRUCTURED,MAB,EXPOSURE_METRIC,,REPAIR,,F01
a42bc53c09b9,AIC-ER,ID-DEFINED,TIME-DEFINED,DOSE-DEFINED,REGIMEN-FIXED,BLQ-DEFINED-POLICY,COVARIATE-BASELINE-ONLY,SUBJECT-LEVEL-COVARIATE,MULTI-CMT-DEFINED,REANALYSIS-NONE,SEMI-STRUCTURED-LEGACY-FLAG,MAB,EXPOSURE_METRIC,,QUARANTINE,Q15B,F01
b91e250578b6,AIC-ER,ID-DEFINED,TIME-DEFINED,DOSE-DEFINED,REGIMEN-FIXED,BLQ-DEFINED-POLICY,COVARIATE-BASELINE-ONLY,SUBJECT-LEVEL-COVARIATE,DDI-VICTIM-PERPETRATOR,REANALYSIS-NONE,STRUCTURED,MAB,EXPOSURE_METRIC,,REPAIR,,F22
291623639087,AIC-ER,ID-DEFINED,TIME-DEFINED,DOSE-DEFINED,REGIMEN-FIXED,BLQ-DEFINED-POLICY,COVARIATE-BASELINE-ONLY,SUBJECT-LEVEL-COVARIATE,DDI-VICTIM-PERPETRATOR,REANALYSIS-NONE,SEMI-STRUCTURED-LEGACY-FLAG,MAB,EXPOSURE_METRIC,,QUARANTINE,Q15B,F22
442ad0ae7d8a,AIC-ER,ID-DEFINED,TIME-DEFINED,DOSE-DEFINED,REGIMEN-FIXED,BIOANALYTICAL-FINAL-FLAG-MISSING,COVARIATE-BASELINE-ONLY,SUBJECT-LEVEL-COVARIATE,SINGLE-ANALYTE,REANALYSIS-NONE,STRUCTURED,MAB,EXPOSURE_METRIC,,QUARANTINE,Q15A,F01
69c0ac014255,AIC-ER,ID-DEFINED,TIME-DEFINED,DOSE-DEFINED,REGIMEN-FIXED,BIOANALYTICAL-FINAL-FLAG-MISSING,COVARIATE-BASELINE-ONLY,SUBJECT-LEVEL-COVARIATE,SINGLE-ANALYTE,REANALYSIS-NONE,SEMI-STRUCTURED-LEGACY-FLAG,MAB,EXPOSURE_METRIC,,QUARANTINE,Q15A,F01
92bca8eb28f4,AIC-ER,ID-DEFINED,TIME-DEFINED,DOSE-DEFINED,REGIMEN-FIXED,BIOANALYTICAL-FINAL-FLAG-MISSING,COVARIATE-BASELINE-ONLY,SUBJECT-LEVEL-COVARIATE,MULTI-CMT-DEFINED,REANALYSIS-NONE,STRUCTURED,MAB,EXPOSURE_METRIC,,QUARANTINE,Q15A,F01
16e42d25c7a4,AIC-ER,ID-DEFINED,TIME-DEFINED,DOSE-DEFINED,REGIMEN-FIXED,BIOANALYTICAL-FINAL-FLAG-MISSING,COVARIATE-BASELINE-ONLY,SUBJECT-LEVEL-COVARIATE,MULTI-CMT-DEFINED,REANALYSIS-NONE,SEMI-STRUCTURED-LEGACY-FLAG,MAB,EXPOSURE_METRIC,,QUARANTINE,Q15A,F01
90ba5c4c20a8,AIC-ER,ID-DEFINED,TIME-DEFINED,DOSE-DEFINED,REGIMEN-FIXED,BIOANALYTICAL-FINAL-FLAG-MISSING,COVARIATE-BASELINE-ONLY,SUBJECT-LEVEL-COVARIATE,DDI-VICTIM-PERPETRATOR,REANALYSIS-NONE,STRUCTURED,MAB,EXPOSURE_METRIC,,QUARANTINE,Q15A,F22
92bb541aaa50,AIC-ER,ID-DEFINED,TIME-DEFINED,DOSE-DEFINED,REGIMEN-FIXED,BIOANALYTICAL-FINAL-FLAG-MISSING,COVARIATE-BASELINE-ONLY,SUBJECT-LEVEL-COVARIATE,DDI-VICTIM-PERPETRATOR,REANALYSIS-NONE,SEMI-STRUCTURED-LEGACY-FLAG,MAB,EXPOSURE_METRIC,,QUARANTINE,Q15A,F22
7b12bb8f6954,AIC-ER,ID-DEFINED,TIME-DEFINED,DOSE-DEFINED,ADDL-ACTUAL-CONFLICT,BIOANALYTICAL-FINAL,COVARIATE-BASELINE-ONLY,SUBJECT-LEVEL-COVARIATE,SINGLE-ANALYTE,REANALYSIS-NONE,STRUCTURED,MAB,EXPOSURE_METRIC,,AUTO,,F01
015e3c9a4894,AIC-ER,ID-DEFINED,TIME-DEFINED,DOSE-DEFINED,ADDL-ACTUAL-CONFLICT,BIOANALYTICAL-FINAL,COVARIATE-BASELINE-ONLY,SUBJECT-LEVEL-COVARIATE,SINGLE-ANALYTE,REANALYSIS-NONE,SEMI-STRUCTURED-LEGACY-FLAG,MAB,EXPOSURE_METRIC,,QUARANTINE,Q15B,F01
d82e01da32da,AIC-ER,ID-DEFINED,TIME-DEFINED,DOSE-DEFINED,ADDL-ACTUAL-CONFLICT,BIOANALYTICAL-FINAL,COVARIATE-BASELINE-ONLY,SUBJECT-LEVEL-COVARIATE,MULTI-CMT-DEFINED,REANALYSIS-NONE,STRUCTURED,MAB,EXPOSURE_METRIC,,REPAIR,,F01
d476edde1f84,AIC-ER,ID-DEFINED,TIME-DEFINED,DOSE-DEFINED,ADDL-ACTUAL-CONFLICT,BIOANALYTICAL-FINAL,COVARIATE-BASELINE-ONLY,SUBJECT-LEVEL-COVARIATE,MULTI-CMT-DEFINED,REANALYSIS-NONE,SEMI-STRUCTURED-LEGACY-FLAG,MAB,EXPOSURE_METRIC,,QUARANTINE,Q15B,F01
67c5f8dc9d0b,AIC-ER,ID-DEFINED,TIME-DEFINED,DOSE-DEFINED,ADDL-ACTUAL-CONFLICT,BIOANALYTICAL-FINAL,COVARIATE-BASELINE-ONLY,SUBJECT-LEVEL-COVARIATE,DDI-VICTIM-PERPETRATOR,REANALYSIS-NONE,STRUCTURED,MAB,EXPOSURE_METRIC,,REPAIR,,F22
33b2b233acf9,AIC-ER,ID-DEFINED,TIME-DEFINED,DOSE-DEFINED,ADDL-ACTUAL-CONFLICT,BIOANALYTICAL-FINAL,COVARIATE-BASELINE-ONLY,SUBJECT-LEVEL-COVARIATE,DDI-VICTIM-PERPETRATOR,REANALYSIS-NONE,SEMI-STRUCTURED-LEGACY-FLAG,MAB,EXPOSURE_METRIC,,QUARANTINE,Q15B,F22
89240288ce44,AIC-ER,ID-DEFINED,TIME-DEFINED,DOSE-DEFINED,ADDL-ACTUAL-CONFLICT,BLQ-DEFINED-POLICY,COVARIATE-BASELINE-ONLY,SUBJECT-LEVEL-COVARIATE,SINGLE-ANALYTE,REANALYSIS-NONE,STRUCTURED,MAB,EXPOSURE_METRIC,,REPAIR,,F01
a9727028562e,AIC-ER,ID-DEFINED,TIME-DEFINED,DOSE-DEFINED,ADDL-ACTUAL-CONFLICT,BLQ-DEFINED-POLICY,COVARIATE-BASELINE-ONLY,SUBJECT-LEVEL-COVARIATE,SINGLE-ANALYTE,REANALYSIS-NONE,SEMI-STRUCTURED-LEGACY-FLAG,MAB,EXPOSURE_METRIC,,QUARANTINE,Q15B,F01
73bede925308,AIC-ER,ID-DEFINED,TIME-DEFINED,DOSE-DEFINED,ADDL-ACTUAL-CONFLICT,BLQ-DEFINED-POLICY,COVARIATE-BASELINE-ONLY,SUBJECT-LEVEL-COVARIATE,MULTI-CMT-DEFINED,REANALYSIS-NONE,STRUCTURED,MAB,EXPOSURE_METRIC,,REPAIR,,F01
79e80b995ca6,AIC-ER,ID-DEFINED,TIME-DEFINED,DOSE-DEFINED,ADDL-ACTUAL-CONFLICT,BLQ-DEFINED-POLICY,COVARIATE-BASELINE-ONLY,SUBJECT-LEVEL-COVARIATE,MULTI-CMT-DEFINED,REANALYSIS-NONE,SEMI-STRUCTURED-LEGACY-FLAG,MAB,EXPOSURE_METRIC,,QUARANTINE,Q15B,F01
67648b2ca782,AIC-ER,ID-DEFINED,TIME-DEFINED,DOSE-DEFINED,ADDL-ACTUAL-CONFLICT,BLQ-DEFINED-POLICY,COVARIATE-BASELINE-ONLY,SUBJECT-LEVEL-COVARIATE,DDI-VICTIM-PERPETRATOR,REANALYSIS-NONE,STRUCTURED,MAB,EXPOSURE_METRIC,,REPAIR,,F22
10b9cc069d15,AIC-ER,ID-DEFINED,TIME-DEFINED,DOSE-DEFINED,ADDL-ACTUAL-CONFLICT,BLQ-DEFINED-POLICY,COVARIATE-BASELINE-ONLY,SUBJECT-LEVEL-COVARIATE,DDI-VICTIM-PERPETRATOR,REANALYSIS-NONE,SEMI-STRUCTURED-LEGACY-FLAG,MAB,EXPOSURE_METRIC,,QUARANTINE,Q15B,F22
832703147128,AIC-ER,ID-DEFINED,TIME-DEFINED,DOSE-DEFINED,ADDL-ACTUAL-CONFLICT,BIOANALYTICAL-FINAL-FLAG-MISSING,COVARIATE-BASELINE-ONLY,SUBJECT-LEVEL-COVARIATE,SINGLE-ANALYTE,REANALYSIS-NONE,STRUCTURED,MAB,EXPOSURE_METRIC,,QUARANTINE,Q15A,F01
b462aba0dcee,AIC-ER,ID-DEFINED,TIME-DEFINED,DOSE-DEFINED,ADDL-ACTUAL-CONFLICT,BIOANALYTICAL-FINAL-FLAG-MISSING,COVARIATE-BASELINE-ONLY,SUBJECT-LEVEL-COVARIATE,SINGLE-ANALYTE,REANALYSIS-NONE,SEMI-STRUCTURED-LEGACY-FLAG,MAB,EXPOSURE_METRIC,,QUARANTINE,Q15A,F01
49dfd810e420,AIC-ER,ID-DEFINED,TIME-DEFINED,DOSE-DEFINED,ADDL-ACTUAL-CONFLICT,BIOANALYTICAL-FINAL-FLAG-MISSING,COVARIATE-BASELINE-ONLY,SUBJECT-LEVEL-COVARIATE,MULTI-CMT-DEFINED,REANALYSIS-NONE,STRUCTURED,MAB,EXPOSURE_METRIC,,QUARANTINE,Q15A,F01
50056cc9b1d1,AIC-ER,ID-DEFINED,TIME-DEFINED,DOSE-DEFINED,ADDL-ACTUAL-CONFLICT,BIOANALYTICAL-FINAL-FLAG-MISSING,COVARIATE-BASELINE-ONLY,SUBJECT-LEVEL-COVARIATE,MULTI-CMT-DEFINED,REANALYSIS-NONE,SEMI-STRUCTURED-LEGACY-FLAG,MAB,EXPOSURE_METRIC,,QUARANTINE,Q15A,F01
5188e616e0f0,AIC-ER,ID-DEFINED,TIME-DEFINED,DOSE-DEFINED,ADDL-ACTUAL-CONFLICT,BIOANALYTICAL-FINAL-FLAG-MISSING,COVARIATE-BASELINE-ONLY,SUBJECT-LEVEL-COVARIATE,DDI-VICTIM-PERPETRATOR,REANALYSIS-NONE,STRUCTURED,MAB,EXPOSURE_METRIC,,QUARANTINE,Q15A,F22
9e4c7c4953c4,AIC-ER,ID-DEFINED,TIME-DEFINED,DOSE-DEFINED,ADDL-ACTUAL-CONFLICT,BIOANALYTICAL-FINAL-FLAG-MISSING,COVARIATE-BASELINE-ONLY,SUBJECT-LEVEL-COVARIATE,DDI-VICTIM-PERPETRATOR,REANALYSIS-NONE,SEMI-STRUCTURED-LEGACY-FLAG,MAB,EXPOSURE_METRIC,,QUARANTINE,Q15A,F22
08e3b12e6cdf,AIC-ER,ID-DEFINED,TIME-DEFINED,DOSE-DEFINED,REGIMEN-FIXED,BIOANALYTICAL-FINAL,COVARIATE-BASELINE-ONLY,SUBJECT-LEVEL-COVARIATE,SINGLE-ANALYTE,REANALYSIS-NONE,STRUCTURED,ADC,EXPOSURE_METRIC,,AUTO,,F01
3e7eb4ab35dc,AIC-ER,ID-DEFINED,TIME-DEFINED,DOSE-DEFINED,REGIMEN-FIXED,BIOANALYTICAL-FINAL,COVARIATE-BASELINE-ONLY,SUBJECT-LEVEL-COVARIATE,SINGLE-ANALYTE,REANALYSIS-NONE,SEMI-STRUCTURED-LEGACY-FLAG,ADC,EXPOSURE_METRIC,,QUARANTINE,Q15B,F01
d698048dbb24,AIC-ER,ID-DEFINED,TIME-DEFINED,DOSE-DEFINED,REGIMEN-FIXED,BIOANALYTICAL-FINAL,COVARIATE-BASELINE-ONLY,SUBJECT-LEVEL-COVARIATE,MULTI-CMT-DEFINED,REANALYSIS-NONE,STRUCTURED,ADC,EXPOSURE_METRIC,TOTAL_ANTIBODY|CONJUGATED_ADC|UNCONJUGATED_PAYLOAD,REPAIR,,F24
2ccc39839582,AIC-ER,ID-DEFINED,TIME-DEFINED,DOSE-DEFINED,REGIMEN-FIXED,BIOANALYTICAL-FINAL,COVARIATE-BASELINE-ONLY,SUBJECT-LEVEL-COVARIATE,MULTI-CMT-DEFINED,REANALYSIS-NONE,STRUCTURED,ADC,EXPOSURE_METRIC,,QUARANTINE,Q16,F24
ea0fa69f63a3,AIC-ER,ID-DEFINED,TIME-DEFINED,DOSE-DEFINED,REGIMEN-FIXED,BIOANALYTICAL-FINAL,COVARIATE-BASELINE-ONLY,SUBJECT-LEVEL-COVARIATE,MULTI-CMT-DEFINED,REANALYSIS-NONE,SEMI-STRUCTURED-LEGACY-FLAG,ADC,EXPOSURE_METRIC,TOTAL_ANTIBODY|CONJUGATED_ADC|UNCONJUGATED_PAYLOAD,QUARANTINE,Q15B,F24
e3c3c0becd75,AIC-ER,ID-DEFINED,TIME-DEFINED,DOSE-DEFINED,REGIMEN-FIXED,BIOANALYTICAL-FINAL,COVARIATE-BASELINE-ONLY,SUBJECT-LEVEL-COVARIATE,MULTI-CMT-DEFINED,REANALYSIS-NONE,SEMI-STRUCTURED-LEGACY-FLAG,ADC,EXPOSURE_METRIC,,QUARANTINE,Q16,F24
147ad860f4fc,AIC-ER,ID-DEFINED,TIME-DEFINED,DOSE-DEFINED,REGIMEN-FIXED,BIOANALYTICAL-FINAL,COVARIATE-BASELINE-ONLY,SUBJECT-LEVEL-COVARIATE,DDI-VICTIM-PERPETRATOR,REANALYSIS-NONE,STRUCTURED,ADC,EXPOSURE_METRIC,TOTAL_ANTIBODY|CONJUGATED_ADC|UNCONJUGATED_PAYLOAD,REPAIR,,F22
76e4a6453a4c,AIC-ER,ID-DEFINED,TIME-DEFINED,DOSE-DEFINED,REGIMEN-FIXED,BIOANALYTICAL-FINAL,COVARIATE-BASELINE-ONLY,SUBJECT-LEVEL-COVARIATE,DDI-VICTIM-PERPETRATOR,REANALYSIS-NONE,STRUCTURED,ADC,EXPOSURE_METRIC,,QUARANTINE,Q16,F22
f47f534777af,AIC-ER,ID-DEFINED,TIME-DEFINED,DOSE-DEFINED,REGIMEN-FIXED,BIOANALYTICAL-FINAL,COVARIATE-BASELINE-ONLY,SUBJECT-LEVEL-COVARIATE,DDI-VICTIM-PERPETRATOR,REANALYSIS-NONE,SEMI-STRUCTURED-LEGACY-FLAG,ADC,EXPOSURE_METRIC,TOTAL_ANTIBODY|CONJUGATED_ADC|UNCONJUGATED_PAYLOAD,QUARANTINE,Q15B,F22
8c66a5255629,AIC-ER,ID-DEFINED,TIME-DEFINED,DOSE-DEFINED,REGIMEN-FIXED,BIOANALYTICAL-FINAL,COVARIATE-BASELINE-ONLY,SUBJECT-LEVEL-COVARIATE,DDI-VICTIM-PERPETRATOR,REANALYSIS-NONE,SEMI-STRUCTURED-LEGACY-FLAG,ADC,EXPOSURE_METRIC,,QUARANTINE,Q16,F22
e9e61f50e516,AIC-ER,ID-DEFINED,TIME-DEFINED,DOSE-DEFINED,REGIMEN-FIXED,BLQ-DEFINED-POLICY,COVARIATE-BASELINE-ONLY,SUBJECT-LEVEL-COVARIATE,SINGLE-ANALYTE,REANALYSIS-NONE,STRUCTURED,ADC,EXPOSURE_METRIC,,REPAIR,,F01
1740f983f281,AIC-ER,ID-DEFINED,TIME-DEFINED,DOSE-DEFINED,REGIMEN-FIXED,BLQ-DEFINED-POLICY,COVARIATE-BASELINE-ONLY,SUBJECT-LEVEL-COVARIATE,SINGLE-ANALYTE,REANALYSIS-NONE,SEMI-STRUCTURED-LEGACY-FLAG,ADC,EXPOSURE_METRIC,,QUARANTINE,Q15B,F01
8f0bcb280a28,AIC-ER,ID-DEFINED,TIME-DEFINED,DOSE-DEFINED,REGIMEN-FIXED,BLQ-DEFINED-POLICY,COVARIATE-BASELINE-ONLY,SUBJECT-LEVEL-COVARIATE,MULTI-CMT-DEFINED,REANALYSIS-NONE,STRUCTURED,ADC,EXPOSURE_METRIC,TOTAL_ANTIBODY|CONJUGATED_ADC|UNCONJUGATED_PAYLOAD,REPAIR,,F24
63cba9e2278e,AIC-ER,ID-DEFINED,TIME-DEFINED,DOSE-DEFINED,REGIMEN-FIXED,BLQ-DEFINED-POLICY,COVARIATE-BASELINE-ONLY,SUBJECT-LEVEL-COVARIATE,MULTI-CMT-DEFINED,REANALYSIS-NONE,STRUCTURED,ADC,EXPOSURE_METRIC,,QUARANTINE,Q16,F24
0e79bce4404f,AIC-ER,ID-DEFINED,TIME-DEFINED,DOSE-DEFINED,REGIMEN-FIXED,BLQ-DEFINED-POLICY,COVARIATE-BASELINE-ONLY,SUBJECT-LEVEL-COVARIATE,MULTI-CMT-DEFINED,REANALYSIS-NONE,SEMI-STRUCTURED-LEGACY-FLAG,ADC,EXPOSURE_METRIC,TOTAL_ANTIBODY|CONJUGATED_ADC|UNCONJUGATED_PAYLOAD,QUARANTINE,Q15B,F24
dcfa60445516,AIC-ER,ID-DEFINED,TIME-DEFINED,DOSE-DEFINED,REGIMEN-FIXED,BLQ-DEFINED-POLICY,COVARIATE-BASELINE-ONLY,SUBJECT-LEVEL-COVARIATE,MULTI-CMT-DEFINED,REANALYSIS-NONE,SEMI-STRUCTURED-LEGACY-FLAG,ADC,EXPOSURE_METRIC,,QUARANTINE,Q16,F24
21819f7e4d2a,AIC-ER,ID-DEFINED,TIME-DEFINED,DOSE-DEFINED,REGIMEN-FIXED,BLQ-DEFINED-POLICY,COVARIATE-BASELINE-ONLY,SUBJECT-LEVEL-COVARIATE,DDI-VICTIM-PERPETRATOR,REANALYSIS-NONE,STRUCTURED,ADC,EXPOSURE_METRIC,TOTAL_ANTIBODY|CONJUGATED_ADC|UNCONJUGATED_PAYLOAD,REPAIR,,F22
e1c41595e146,AIC-ER,ID-DEFINED,TIME-DEFINED,DOSE-DEFINED,REGIMEN-FIXED,BLQ-DEFINED-POLICY,COVARIATE-BASELINE-ONLY,SUBJECT-LEVEL-COVARIATE,DDI-VICTIM-PERPETRATOR,REANALYSIS-NONE,STRUCTURED,ADC,EXPOSURE_METRIC,,QUARANTINE,Q16,F22
41bec79245fd,AIC-ER,ID-DEFINED,TIME-DEFINED,DOSE-DEFINED,REGIMEN-FIXED,BLQ-DEFINED-POLICY,COVARIATE-BASELINE-ONLY,SUBJECT-LEVEL-COVARIATE,DDI-VICTIM-PERPETRATOR,REANALYSIS-NONE,SEMI-STRUCTURED-LEGACY-FLAG,ADC,EXPOSURE_METRIC,TOTAL_ANTIBODY|CONJUGATED_ADC|UNCONJUGATED_PAYLOAD,QUARANTINE,Q15B,F22
5d34ba15bde0,AIC-ER,ID-DEFINED,TIME-DEFINED,DOSE-DEFINED,REGIMEN-FIXED,BLQ-DEFINED-POLICY,COVARIATE-BASELINE-ONLY,SUBJECT-LEVEL-COVARIATE,DDI-VICTIM-PERPETRATOR,REANALYSIS-NONE,SEMI-STRUCTURED-LEGACY-FLAG,ADC,EXPOSURE_METRIC,,QUARANTINE,Q16,F22
592d0bd24f14,AIC-ER,ID-DEFINED,TIME-DEFINED,DOSE-DEFINED,REGIMEN-FIXED,BIOANALYTICAL-FINAL-FLAG-MISSING,COVARIATE-BASELINE-ONLY,SUBJECT-LEVEL-COVARIATE,SINGLE-ANALYTE,REANALYSIS-NONE,STRUCTURED,ADC,EXPOSURE_METRIC,,QUARANTINE,Q15A,F01
9af04cc6389f,AIC-ER,ID-DEFINED,TIME-DEFINED,DOSE-DEFINED,REGIMEN-FIXED,BIOANALYTICAL-FINAL-FLAG-MISSING,COVARIATE-BASELINE-ONLY,SUBJECT-LEVEL-COVARIATE,SINGLE-ANALYTE,REANALYSIS-NONE,SEMI-STRUCTURED-LEGACY-FLAG,ADC,EXPOSURE_METRIC,,QUARANTINE,Q15A,F01
223f15784e32,AIC-ER,ID-DEFINED,TIME-DEFINED,DOSE-DEFINED,REGIMEN-FIXED,BIOANALYTICAL-FINAL-FLAG-MISSING,COVARIATE-BASELINE-ONLY,SUBJECT-LEVEL-COVARIATE,MULTI-CMT-DEFINED,REANALYSIS-NONE,STRUCTURED,ADC,EXPOSURE_METRIC,TOTAL_ANTIBODY|CONJUGATED_ADC|UNCONJUGATED_PAYLOAD,QUARANTINE,Q15A,F24
710b4faa71b8,AIC-ER,ID-DEFINED,TIME-DEFINED,DOSE-DEFINED,REGIMEN-FIXED,BIOANALYTICAL-FINAL-FLAG-MISSING,COVARIATE-BASELINE-ONLY,SUBJECT-LEVEL-COVARIATE,MULTI-CMT-DEFINED,REANALYSIS-NONE,STRUCTURED,ADC,EXPOSURE_METRIC,,QUARANTINE,Q15A,F24
411492093c36,AIC-ER,ID-DEFINED,TIME-DEFINED,DOSE-DEFINED,REGIMEN-FIXED,BIOANALYTICAL-FINAL-FLAG-MISSING,COVARIATE-BASELINE-ONLY,SUBJECT-LEVEL-COVARIATE,MULTI-CMT-DEFINED,REANALYSIS-NONE,SEMI-STRUCTURED-LEGACY-FLAG,ADC,EXPOSURE_METRIC,TOTAL_ANTIBODY|CONJUGATED_ADC|UNCONJUGATED_PAYLOAD,QUARANTINE,Q15A,F24
9e633e66a728,AIC-ER,ID-DEFINED,TIME-DEFINED,DOSE-DEFINED,REGIMEN-FIXED,BIOANALYTICAL-FINAL-FLAG-MISSING,COVARIATE-BASELINE-ONLY,SUBJECT-LEVEL-COVARIATE,MULTI-CMT-DEFINED,REANALYSIS-NONE,SEMI-STRUCTURED-LEGACY-FLAG,ADC,EXPOSURE_METRIC,,QUARANTINE,Q15A,F24
f857a88c14f3,AIC-ER,ID-DEFINED,TIME-DEFINED,DOSE-DEFINED,REGIMEN-FIXED,BIOANALYTICAL-FINAL-FLAG-MISSING,COVARIATE-BASELINE-ONLY,SUBJECT-LEVEL-COVARIATE,DDI-VICTIM-PERPETRATOR,REANALYSIS-NONE,STRUCTURED,ADC,EXPOSURE_METRIC,TOTAL_ANTIBODY|CONJUGATED_ADC|UNCONJUGATED_PAYLOAD,QUARANTINE,Q15A,F22
89999df1bd53,AIC-ER,ID-DEFINED,TIME-DEFINED,DOSE-DEFINED,REGIMEN-FIXED,BIOANALYTICAL-FINAL-FLAG-MISSING,COVARIATE-BASELINE-ONLY,SUBJECT-LEVEL-COVARIATE,DDI-VICTIM-PERPETRATOR,REANALYSIS-NONE,STRUCTURED,ADC,EXPOSURE_METRIC,,QUARANTINE,Q15A,F22
4caa766418e0,AIC-ER,ID-DEFINED,TIME-DEFINED,DOSE-DEFINED,REGIMEN-FIXED,BIOANALYTICAL-FINAL-FLAG-MISSING,COVARIATE-BASELINE-ONLY,SUBJECT-LEVEL-COVARIATE,DDI-VICTIM-PERPETRATOR,REANALYSIS-NONE,SEMI-STRUCTURED-LEGACY-FLAG,ADC,EXPOSURE_METRIC,TOTAL_ANTIBODY|CONJUGATED_ADC|UNCONJUGATED_PAYLOAD,QUARANTINE,Q15A,F22
2a6c9d7bdd75,AIC-ER,ID-DEFINED,TIME-DEFINED,DOSE-DEFINED,REGIMEN-FIXED,BIOANALYTICAL-FINAL-FLAG-MISSING,COVARIATE-BASELINE-ONLY,SUBJECT-LEVEL-COVARIATE,DDI-VICTIM-PERPETRATOR,REANALYSIS-NONE,SEMI-STRUCTURED-LEGACY-FLAG,ADC,EXPOSURE_METRIC,,QUARANTINE,Q15A,F22
7a4e1866f7a6,AIC-ER,ID-DEFINED,TIME-DEFINED,DOSE-DEFINED,ADDL-ACTUAL-CONFLICT,BIOANALYTICAL-FINAL,COVARIATE-BASELINE-ONLY,SUBJECT-LEVEL-COVARIATE,SINGLE-ANALYTE,REANALYSIS-NONE,STRUCTURED,ADC,EXPOSURE_METRIC,,AUTO,,F01
7f520af68835,AIC-ER,ID-DEFINED,TIME-DEFINED,DOSE-DEFINED,ADDL-ACTUAL-CONFLICT,BIOANALYTICAL-FINAL,COVARIATE-BASELINE-ONLY,SUBJECT-LEVEL-COVARIATE,SINGLE-ANALYTE,REANALYSIS-NONE,SEMI-STRUCTURED-LEGACY-FLAG,ADC,EXPOSURE_METRIC,,QUARANTINE,Q15B,F01
2c17da0f197b,AIC-ER,ID-DEFINED,TIME-DEFINED,DOSE-DEFINED,ADDL-ACTUAL-CONFLICT,BIOANALYTICAL-FINAL,COVARIATE-BASELINE-ONLY,SUBJECT-LEVEL-COVARIATE,MULTI-CMT-DEFINED,REANALYSIS-NONE,STRUCTURED,ADC,EXPOSURE_METRIC,TOTAL_ANTIBODY|CONJUGATED_ADC|UNCONJUGATED_PAYLOAD,REPAIR,,F24
87727b515360,AIC-ER,ID-DEFINED,TIME-DEFINED,DOSE-DEFINED,ADDL-ACTUAL-CONFLICT,BIOANALYTICAL-FINAL,COVARIATE-BASELINE-ONLY,SUBJECT-LEVEL-COVARIATE,MULTI-CMT-DEFINED,REANALYSIS-NONE,STRUCTURED,ADC,EXPOSURE_METRIC,,QUARANTINE,Q16,F24
7b9b774b1fbf,AIC-ER,ID-DEFINED,TIME-DEFINED,DOSE-DEFINED,ADDL-ACTUAL-CONFLICT,BIOANALYTICAL-FINAL,COVARIATE-BASELINE-ONLY,SUBJECT-LEVEL-COVARIATE,MULTI-CMT-DEFINED,REANALYSIS-NONE,SEMI-STRUCTURED-LEGACY-FLAG,ADC,EXPOSURE_METRIC,TOTAL_ANTIBODY|CONJUGATED_ADC|UNCONJUGATED_PAYLOAD,QUARANTINE,Q15B,F24
848a6231b7c9,AIC-ER,ID-DEFINED,TIME-DEFINED,DOSE-DEFINED,ADDL-ACTUAL-CONFLICT,BIOANALYTICAL-FINAL,COVARIATE-BASELINE-ONLY,SUBJECT-LEVEL-COVARIATE,MULTI-CMT-DEFINED,REANALYSIS-NONE,SEMI-STRUCTURED-LEGACY-FLAG,ADC,EXPOSURE_METRIC,,QUARANTINE,Q16,F24
f00fa75eb415,AIC-ER,ID-DEFINED,TIME-DEFINED,DOSE-DEFINED,ADDL-ACTUAL-CONFLICT,BIOANALYTICAL-FINAL,COVARIATE-BASELINE-ONLY,SUBJECT-LEVEL-COVARIATE,DDI-VICTIM-PERPETRATOR,REANALYSIS-NONE,STRUCTURED,ADC,EXPOSURE_METRIC,TOTAL_ANTIBODY|CONJUGATED_ADC|UNCONJUGATED_PAYLOAD,REPAIR,,F22
3fe70efb174d,AIC-ER,ID-DEFINED,TIME-DEFINED,DOSE-DEFINED,ADDL-ACTUAL-CONFLICT,BIOANALYTICAL-FINAL,COVARIATE-BASELINE-ONLY,SUBJECT-LEVEL-COVARIATE,DDI-VICTIM-PERPETRATOR,REANALYSIS-NONE,STRUCTURED,ADC,EXPOSURE_METRIC,,QUARANTINE,Q16,F22
6b670148b382,AIC-ER,ID-DEFINED,TIME-DEFINED,DOSE-DEFINED,ADDL-ACTUAL-CONFLICT,BIOANALYTICAL-FINAL,COVARIATE-BASELINE-ONLY,SUBJECT-LEVEL-COVARIATE,DDI-VICTIM-PERPETRATOR,REANALYSIS-NONE,SEMI-STRUCTURED-LEGACY-FLAG,ADC,EXPOSURE_METRIC,TOTAL_ANTIBODY|CONJUGATED_ADC|UNCONJUGATED_PAYLOAD,QUARANTINE,Q15B,F22
fe433a560acc,AIC-ER,ID-DEFINED,TIME-DEFINED,DOSE-DEFINED,ADDL-ACTUAL-CONFLICT,BIOANALYTICAL-FINAL,COVARIATE-BASELINE-ONLY,SUBJECT-LEVEL-COVARIATE,DDI-VICTIM-PERPETRATOR,REANALYSIS-NONE,SEMI-STRUCTURED-LEGACY-FLAG,ADC,EXPOSURE_METRIC,,QUARANTINE,Q16,F22
0bd445ecfc85,AIC-ER,ID-DEFINED,TIME-DEFINED,DOSE-DEFINED,ADDL-ACTUAL-CONFLICT,BLQ-DEFINED-POLICY,COVARIATE-BASELINE-ONLY,SUBJECT-LEVEL-COVARIATE,SINGLE-ANALYTE,REANALYSIS-NONE,STRUCTURED,ADC,EXPOSURE_METRIC,,REPAIR,,F01
bba1247ef7fb,AIC-ER,ID-DEFINED,TIME-DEFINED,DOSE-DEFINED,ADDL-ACTUAL-CONFLICT,BLQ-DEFINED-POLICY,COVARIATE-BASELINE-ONLY,SUBJECT-LEVEL-COVARIATE,SINGLE-ANALYTE,REANALYSIS-NONE,SEMI-STRUCTURED-LEGACY-FLAG,ADC,EXPOSURE_METRIC,,QUARANTINE,Q15B,F01
df862bd37fd7,AIC-ER,ID-DEFINED,TIME-DEFINED,DOSE-DEFINED,ADDL-ACTUAL-CONFLICT,BLQ-DEFINED-POLICY,COVARIATE-BASELINE-ONLY,SUBJECT-LEVEL-COVARIATE,MULTI-CMT-DEFINED,REANALYSIS-NONE,STRUCTURED,ADC,EXPOSURE_METRIC,TOTAL_ANTIBODY|CONJUGATED_ADC|UNCONJUGATED_PAYLOAD,REPAIR,,F24
55689d1d1704,AIC-ER,ID-DEFINED,TIME-DEFINED,DOSE-DEFINED,ADDL-ACTUAL-CONFLICT,BLQ-DEFINED-POLICY,COVARIATE-BASELINE-ONLY,SUBJECT-LEVEL-COVARIATE,MULTI-CMT-DEFINED,REANALYSIS-NONE,STRUCTURED,ADC,EXPOSURE_METRIC,,QUARANTINE,Q16,F24
2b4da8bfe368,AIC-ER,ID-DEFINED,TIME-DEFINED,DOSE-DEFINED,ADDL-ACTUAL-CONFLICT,BLQ-DEFINED-POLICY,COVARIATE-BASELINE-ONLY,SUBJECT-LEVEL-COVARIATE,MULTI-CMT-DEFINED,REANALYSIS-NONE,SEMI-STRUCTURED-LEGACY-FLAG,ADC,EXPOSURE_METRIC,TOTAL_ANTIBODY|CONJUGATED_ADC|UNCONJUGATED_PAYLOAD,QUARANTINE,Q15B,F24
4f7646beec2d,AIC-ER,ID-DEFINED,TIME-DEFINED,DOSE-DEFINED,ADDL-ACTUAL-CONFLICT,BLQ-DEFINED-POLICY,COVARIATE-BASELINE-ONLY,SUBJECT-LEVEL-COVARIATE,MULTI-CMT-DEFINED,REANALYSIS-NONE,SEMI-STRUCTURED-LEGACY-FLAG,ADC,EXPOSURE_METRIC,,QUARANTINE,Q16,F24
3bce1fee2acd,AIC-ER,ID-DEFINED,TIME-DEFINED,DOSE-DEFINED,ADDL-ACTUAL-CONFLICT,BLQ-DEFINED-POLICY,COVARIATE-BASELINE-ONLY,SUBJECT-LEVEL-COVARIATE,DDI-VICTIM-PERPETRATOR,REANALYSIS-NONE,STRUCTURED,ADC,EXPOSURE_METRIC,TOTAL_ANTIBODY|CONJUGATED_ADC|UNCONJUGATED_PAYLOAD,REPAIR,,F22
fc995547785d,AIC-ER,ID-DEFINED,TIME-DEFINED,DOSE-DEFINED,ADDL-ACTUAL-CONFLICT,BLQ-DEFINED-POLICY,COVARIATE-BASELINE-ONLY,SUBJECT-LEVEL-COVARIATE,DDI-VICTIM-PERPETRATOR,REANALYSIS-NONE,STRUCTURED,ADC,EXPOSURE_METRIC,,QUARANTINE,Q16,F22
b240f858ae28,AIC-ER,ID-DEFINED,TIME-DEFINED,DOSE-DEFINED,ADDL-ACTUAL-CONFLICT,BLQ-DEFINED-POLICY,COVARIATE-BASELINE-ONLY,SUBJECT-LEVEL-COVARIATE,DDI-VICTIM-PERPETRATOR,REANALYSIS-NONE,SEMI-STRUCTURED-LEGACY-FLAG,ADC,EXPOSURE_METRIC,TOTAL_ANTIBODY|CONJUGATED_ADC|UNCONJUGATED_PAYLOAD,QUARANTINE,Q15B,F22
6f8a0084c5cd,AIC-ER,ID-DEFINED,TIME-DEFINED,DOSE-DEFINED,ADDL-ACTUAL-CONFLICT,BLQ-DEFINED-POLICY,COVARIATE-BASELINE-ONLY,SUBJECT-LEVEL-COVARIATE,DDI-VICTIM-PERPETRATOR,REANALYSIS-NONE,SEMI-STRUCTURED-LEGACY-FLAG,ADC,EXPOSURE_METRIC,,QUARANTINE,Q16,F22
5c9cc139976e,AIC-ER,ID-DEFINED,TIME-DEFINED,DOSE-DEFINED,ADDL-ACTUAL-CONFLICT,BIOANALYTICAL-FINAL-FLAG-MISSING,COVARIATE-BASELINE-ONLY,SUBJECT-LEVEL-COVARIATE,SINGLE-ANALYTE,REANALYSIS-NONE,STRUCTURED,ADC,EXPOSURE_METRIC,,QUARANTINE,Q15A,F01
8780faec719b,AIC-ER,ID-DEFINED,TIME-DEFINED,DOSE-DEFINED,ADDL-ACTUAL-CONFLICT,BIOANALYTICAL-FINAL-FLAG-MISSING,COVARIATE-BASELINE-ONLY,SUBJECT-LEVEL-COVARIATE,SINGLE-ANALYTE,REANALYSIS-NONE,SEMI-STRUCTURED-LEGACY-FLAG,ADC,EXPOSURE_METRIC,,QUARANTINE,Q15A,F01
d81df9ad7137,AIC-ER,ID-DEFINED,TIME-DEFINED,DOSE-DEFINED,ADDL-ACTUAL-CONFLICT,BIOANALYTICAL-FINAL-FLAG-MISSING,COVARIATE-BASELINE-ONLY,SUBJECT-LEVEL-COVARIATE,MULTI-CMT-DEFINED,REANALYSIS-NONE,STRUCTURED,ADC,EXPOSURE_METRIC,TOTAL_ANTIBODY|CONJUGATED_ADC|UNCONJUGATED_PAYLOAD,QUARANTINE,Q15A,F24
f57447c09496,AIC-ER,ID-DEFINED,TIME-DEFINED,DOSE-DEFINED,ADDL-ACTUAL-CONFLICT,BIOANALYTICAL-FINAL-FLAG-MISSING,COVARIATE-BASELINE-ONLY,SUBJECT-LEVEL-COVARIATE,MULTI-CMT-DEFINED,REANALYSIS-NONE,STRUCTURED,ADC,EXPOSURE_METRIC,,QUARANTINE,Q15A,F24
6b446d5cefb5,AIC-ER,ID-DEFINED,TIME-DEFINED,DOSE-DEFINED,ADDL-ACTUAL-CONFLICT,BIOANALYTICAL-FINAL-FLAG-MISSING,COVARIATE-BASELINE-ONLY,SUBJECT-LEVEL-COVARIATE,MULTI-CMT-DEFINED,REANALYSIS-NONE,SEMI-STRUCTURED-LEGACY-FLAG,ADC,EXPOSURE_METRIC,TOTAL_ANTIBODY|CONJUGATED_ADC|UNCONJUGATED_PAYLOAD,QUARANTINE,Q15A,F24
7e68ba77829c,AIC-ER,ID-DEFINED,TIME-DEFINED,DOSE-DEFINED,ADDL-ACTUAL-CONFLICT,BIOANALYTICAL-FINAL-FLAG-MISSING,COVARIATE-BASELINE-ONLY,SUBJECT-LEVEL-COVARIATE,MULTI-CMT-DEFINED,REANALYSIS-NONE,SEMI-STRUCTURED-LEGACY-FLAG,ADC,EXPOSURE_METRIC,,QUARANTINE,Q15A,F24
a6e7a49c176b,AIC-ER,ID-DEFINED,TIME-DEFINED,DOSE-DEFINED,ADDL-ACTUAL-CONFLICT,BIOANALYTICAL-FINAL-FLAG-MISSING,COVARIATE-BASELINE-ONLY,SUBJECT-LEVEL-COVARIATE,DDI-VICTIM-PERPETRATOR,REANALYSIS-NONE,STRUCTURED,ADC,EXPOSURE_METRIC,TOTAL_ANTIBODY|CONJUGATED_ADC|UNCONJUGATED_PAYLOAD,QUARANTINE,Q15A,F22
ff4114ec697a,AIC-ER,ID-DEFINED,TIME-DEFINED,DOSE-DEFINED,ADDL-ACTUAL-CONFLICT,BIOANALYTICAL-FINAL-FLAG-MISSING,COVARIATE-BASELINE-ONLY,SUBJECT-LEVEL-COVARIATE,DDI-VICTIM-PERPETRATOR,REANALYSIS-NONE,STRUCTURED,ADC,EXPOSURE_METRIC,,QUARANTINE,Q15A,F22
8a18824989e5,AIC-ER,ID-DEFINED,TIME-DEFINED,DOSE-DEFINED,ADDL-ACTUAL-CONFLICT,BIOANALYTICAL-FINAL-FLAG-MISSING,COVARIATE-BASELINE-ONLY,SUBJECT-LEVEL-COVARIATE,DDI-VICTIM-PERPETRATOR,REANALYSIS-NONE,SEMI-STRUCTURED-LEGACY-FLAG,ADC,EXPOSURE_METRIC,TOTAL_ANTIBODY|CONJUGATED_ADC|UNCONJUGATED_PAYLOAD,QUARANTINE,Q15A,F22
185d4506b74e,AIC-ER,ID-DEFINED,TIME-DEFINED,DOSE-DEFINED,ADDL-ACTUAL-CONFLICT,BIOANALYTICAL-FINAL-FLAG-MISSING,COVARIATE-BASELINE-ONLY,SUBJECT-LEVEL-COVARIATE,DDI-VICTIM-PERPETRATOR,REANALYSIS-NONE,SEMI-STRUCTURED-LEGACY-FLAG,ADC,EXPOSURE_METRIC,,QUARANTINE,Q15A,F22
7a7f6de4dfd7,AIC-ER,ID-DEFINED,TIME-DEFINED,DOSE-DEFINED,REGIMEN-FIXED,BIOANALYTICAL-FINAL,COVARIATE-BASELINE-ONLY,SUBJECT-LEVEL-COVARIATE,SINGLE-ANALYTE,REANALYSIS-NONE,STRUCTURED,BISPECIFIC,EXPOSURE_METRIC,,AUTO,,F01
411a88aa02f7,AIC-ER,ID-DEFINED,TIME-DEFINED,DOSE-DEFINED,REGIMEN-FIXED,BIOANALYTICAL-FINAL,COVARIATE-BASELINE-ONLY,SUBJECT-LEVEL-COVARIATE,SINGLE-ANALYTE,REANALYSIS-NONE,SEMI-STRUCTURED-LEGACY-FLAG,BISPECIFIC,EXPOSURE_METRIC,,QUARANTINE,Q15B,F01
2362617500a2,AIC-ER,ID-DEFINED,TIME-DEFINED,DOSE-DEFINED,REGIMEN-FIXED,BIOANALYTICAL-FINAL,COVARIATE-BASELINE-ONLY,SUBJECT-LEVEL-COVARIATE,MULTI-CMT-DEFINED,REANALYSIS-NONE,STRUCTURED,BISPECIFIC,EXPOSURE_METRIC,PARENT|SOLUBLE_TARGET|DRUG_TARGET_COMPLEX,REPAIR,,F25
8ca5bd83ecc1,AIC-ER,ID-DEFINED,TIME-DEFINED,DOSE-DEFINED,REGIMEN-FIXED,BIOANALYTICAL-FINAL,COVARIATE-BASELINE-ONLY,SUBJECT-LEVEL-COVARIATE,MULTI-CMT-DEFINED,REANALYSIS-NONE,STRUCTURED,BISPECIFIC,EXPOSURE_METRIC,,QUARANTINE,Q16,F25
99231afbf589,AIC-ER,ID-DEFINED,TIME-DEFINED,DOSE-DEFINED,REGIMEN-FIXED,BIOANALYTICAL-FINAL,COVARIATE-BASELINE-ONLY,SUBJECT-LEVEL-COVARIATE,MULTI-CMT-DEFINED,REANALYSIS-NONE,SEMI-STRUCTURED-LEGACY-FLAG,BISPECIFIC,EXPOSURE_METRIC,PARENT|SOLUBLE_TARGET|DRUG_TARGET_COMPLEX,QUARANTINE,Q15B,F25
9ab6cb2b042a,AIC-ER,ID-DEFINED,TIME-DEFINED,DOSE-DEFINED,REGIMEN-FIXED,BIOANALYTICAL-FINAL,COVARIATE-BASELINE-ONLY,SUBJECT-LEVEL-COVARIATE,MULTI-CMT-DEFINED,REANALYSIS-NONE,SEMI-STRUCTURED-LEGACY-FLAG,BISPECIFIC,EXPOSURE_METRIC,,QUARANTINE,Q16,F25
37d381d2b70f,AIC-ER,ID-DEFINED,TIME-DEFINED,DOSE-DEFINED,REGIMEN-FIXED,BIOANALYTICAL-FINAL,COVARIATE-BASELINE-ONLY,SUBJECT-LEVEL-COVARIATE,DDI-VICTIM-PERPETRATOR,REANALYSIS-NONE,STRUCTURED,BISPECIFIC,EXPOSURE_METRIC,PARENT|SOLUBLE_TARGET|DRUG_TARGET_COMPLEX,REPAIR,,F22
87a00e7f4a40,AIC-ER,ID-DEFINED,TIME-DEFINED,DOSE-DEFINED,REGIMEN-FIXED,BIOANALYTICAL-FINAL,COVARIATE-BASELINE-ONLY,SUBJECT-LEVEL-COVARIATE,DDI-VICTIM-PERPETRATOR,REANALYSIS-NONE,STRUCTURED,BISPECIFIC,EXPOSURE_METRIC,,QUARANTINE,Q16,F22
0daf2d14b909,AIC-ER,ID-DEFINED,TIME-DEFINED,DOSE-DEFINED,REGIMEN-FIXED,BIOANALYTICAL-FINAL,COVARIATE-BASELINE-ONLY,SUBJECT-LEVEL-COVARIATE,DDI-VICTIM-PERPETRATOR,REANALYSIS-NONE,SEMI-STRUCTURED-LEGACY-FLAG,BISPECIFIC,EXPOSURE_METRIC,PARENT|SOLUBLE_TARGET|DRUG_TARGET_COMPLEX,QUARANTINE,Q15B,F22
3b21d705d941,AIC-ER,ID-DEFINED,TIME-DEFINED,DOSE-DEFINED,REGIMEN-FIXED,BIOANALYTICAL-FINAL,COVARIATE-BASELINE-ONLY,SUBJECT-LEVEL-COVARIATE,DDI-VICTIM-PERPETRATOR,REANALYSIS-NONE,SEMI-STRUCTURED-LEGACY-FLAG,BISPECIFIC,EXPOSURE_METRIC,,QUARANTINE,Q16,F22
6940ee886da6,AIC-ER,ID-DEFINED,TIME-DEFINED,DOSE-DEFINED,REGIMEN-FIXED,BLQ-DEFINED-POLICY,COVARIATE-BASELINE-ONLY,SUBJECT-LEVEL-COVARIATE,SINGLE-ANALYTE,REANALYSIS-NONE,STRUCTURED,BISPECIFIC,EXPOSURE_METRIC,,REPAIR,,F01
8c8e49f78973,AIC-ER,ID-DEFINED,TIME-DEFINED,DOSE-DEFINED,REGIMEN-FIXED,BLQ-DEFINED-POLICY,COVARIATE-BASELINE-ONLY,SUBJECT-LEVEL-COVARIATE,SINGLE-ANALYTE,REANALYSIS-NONE,SEMI-STRUCTURED-LEGACY-FLAG,BISPECIFIC,EXPOSURE_METRIC,,QUARANTINE,Q15B,F01
69affe3fead9,AIC-ER,ID-DEFINED,TIME-DEFINED,DOSE-DEFINED,REGIMEN-FIXED,BLQ-DEFINED-POLICY,COVARIATE-BASELINE-ONLY,SUBJECT-LEVEL-COVARIATE,MULTI-CMT-DEFINED,REANALYSIS-NONE,STRUCTURED,BISPECIFIC,EXPOSURE_METRIC,PARENT|SOLUBLE_TARGET|DRUG_TARGET_COMPLEX,REPAIR,,F25
cba44ea0b55e,AIC-ER,ID-DEFINED,TIME-DEFINED,DOSE-DEFINED,REGIMEN-FIXED,BLQ-DEFINED-POLICY,COVARIATE-BASELINE-ONLY,SUBJECT-LEVEL-COVARIATE,MULTI-CMT-DEFINED,REANALYSIS-NONE,STRUCTURED,BISPECIFIC,EXPOSURE_METRIC,,QUARANTINE,Q16,F25
80bde611cdd7,AIC-ER,ID-DEFINED,TIME-DEFINED,DOSE-DEFINED,REGIMEN-FIXED,BLQ-DEFINED-POLICY,COVARIATE-BASELINE-ONLY,SUBJECT-LEVEL-COVARIATE,MULTI-CMT-DEFINED,REANALYSIS-NONE,SEMI-STRUCTURED-LEGACY-FLAG,BISPECIFIC,EXPOSURE_METRIC,PARENT|SOLUBLE_TARGET|DRUG_TARGET_COMPLEX,QUARANTINE,Q15B,F25
a6f825e1d2e5,AIC-ER,ID-DEFINED,TIME-DEFINED,DOSE-DEFINED,REGIMEN-FIXED,BLQ-DEFINED-POLICY,COVARIATE-BASELINE-ONLY,SUBJECT-LEVEL-COVARIATE,MULTI-CMT-DEFINED,REANALYSIS-NONE,SEMI-STRUCTURED-LEGACY-FLAG,BISPECIFIC,EXPOSURE_METRIC,,QUARANTINE,Q16,F25
a79d0df17d3d,AIC-ER,ID-DEFINED,TIME-DEFINED,DOSE-DEFINED,REGIMEN-FIXED,BLQ-DEFINED-POLICY,COVARIATE-BASELINE-ONLY,SUBJECT-LEVEL-COVARIATE,DDI-VICTIM-PERPETRATOR,REANALYSIS-NONE,STRUCTURED,BISPECIFIC,EXPOSURE_METRIC,PARENT|SOLUBLE_TARGET|DRUG_TARGET_COMPLEX,REPAIR,,F22
5289e7b8e1c1,AIC-ER,ID-DEFINED,TIME-DEFINED,DOSE-DEFINED,REGIMEN-FIXED,BLQ-DEFINED-POLICY,COVARIATE-BASELINE-ONLY,SUBJECT-LEVEL-COVARIATE,DDI-VICTIM-PERPETRATOR,REANALYSIS-NONE,STRUCTURED,BISPECIFIC,EXPOSURE_METRIC,,QUARANTINE,Q16,F22
4c99250a0ff2,AIC-ER,ID-DEFINED,TIME-DEFINED,DOSE-DEFINED,REGIMEN-FIXED,BLQ-DEFINED-POLICY,COVARIATE-BASELINE-ONLY,SUBJECT-LEVEL-COVARIATE,DDI-VICTIM-PERPETRATOR,REANALYSIS-NONE,SEMI-STRUCTURED-LEGACY-FLAG,BISPECIFIC,EXPOSURE_METRIC,PARENT|SOLUBLE_TARGET|DRUG_TARGET_COMPLEX,QUARANTINE,Q15B,F22
fdc20fee3ac6,AIC-ER,ID-DEFINED,TIME-DEFINED,DOSE-DEFINED,REGIMEN-FIXED,BLQ-DEFINED-POLICY,COVARIATE-BASELINE-ONLY,SUBJECT-LEVEL-COVARIATE,DDI-VICTIM-PERPETRATOR,REANALYSIS-NONE,SEMI-STRUCTURED-LEGACY-FLAG,BISPECIFIC,EXPOSURE_METRIC,,QUARANTINE,Q16,F22
58098c420a0c,AIC-ER,ID-DEFINED,TIME-DEFINED,DOSE-DEFINED,REGIMEN-FIXED,BIOANALYTICAL-FINAL-FLAG-MISSING,COVARIATE-BASELINE-ONLY,SUBJECT-LEVEL-COVARIATE,SINGLE-ANALYTE,REANALYSIS-NONE,STRUCTURED,BISPECIFIC,EXPOSURE_METRIC,,QUARANTINE,Q15A,F01
16b343fd770d,AIC-ER,ID-DEFINED,TIME-DEFINED,DOSE-DEFINED,REGIMEN-FIXED,BIOANALYTICAL-FINAL-FLAG-MISSING,COVARIATE-BASELINE-ONLY,SUBJECT-LEVEL-COVARIATE,SINGLE-ANALYTE,REANALYSIS-NONE,SEMI-STRUCTURED-LEGACY-FLAG,BISPECIFIC,EXPOSURE_METRIC,,QUARANTINE,Q15A,F01
643c4ad97d4e,AIC-ER,ID-DEFINED,TIME-DEFINED,DOSE-DEFINED,REGIMEN-FIXED,BIOANALYTICAL-FINAL-FLAG-MISSING,COVARIATE-BASELINE-ONLY,SUBJECT-LEVEL-COVARIATE,MULTI-CMT-DEFINED,REANALYSIS-NONE,STRUCTURED,BISPECIFIC,EXPOSURE_METRIC,PARENT|SOLUBLE_TARGET|DRUG_TARGET_COMPLEX,QUARANTINE,Q15A,F25
b4ce3bca2a5b,AIC-ER,ID-DEFINED,TIME-DEFINED,DOSE-DEFINED,REGIMEN-FIXED,BIOANALYTICAL-FINAL-FLAG-MISSING,COVARIATE-BASELINE-ONLY,SUBJECT-LEVEL-COVARIATE,MULTI-CMT-DEFINED,REANALYSIS-NONE,STRUCTURED,BISPECIFIC,EXPOSURE_METRIC,,QUARANTINE,Q15A,F25
ecff1ab2135d,AIC-ER,ID-DEFINED,TIME-DEFINED,DOSE-DEFINED,REGIMEN-FIXED,BIOANALYTICAL-FINAL-FLAG-MISSING,COVARIATE-BASELINE-ONLY,SUBJECT-LEVEL-COVARIATE,MULTI-CMT-DEFINED,REANALYSIS-NONE,SEMI-STRUCTURED-LEGACY-FLAG,BISPECIFIC,EXPOSURE_METRIC,PARENT|SOLUBLE_TARGET|DRUG_TARGET_COMPLEX,QUARANTINE,Q15A,F25
6ca3a5d1d932,AIC-ER,ID-DEFINED,TIME-DEFINED,DOSE-DEFINED,REGIMEN-FIXED,BIOANALYTICAL-FINAL-FLAG-MISSING,COVARIATE-BASELINE-ONLY,SUBJECT-LEVEL-COVARIATE,MULTI-CMT-DEFINED,REANALYSIS-NONE,SEMI-STRUCTURED-LEGACY-FLAG,BISPECIFIC,EXPOSURE_METRIC,,QUARANTINE,Q15A,F25
69dbfabb6b5a,AIC-ER,ID-DEFINED,TIME-DEFINED,DOSE-DEFINED,REGIMEN-FIXED,BIOANALYTICAL-FINAL-FLAG-MISSING,COVARIATE-BASELINE-ONLY,SUBJECT-LEVEL-COVARIATE,DDI-VICTIM-PERPETRATOR,REANALYSIS-NONE,STRUCTURED,BISPECIFIC,EXPOSURE_METRIC,PARENT|SOLUBLE_TARGET|DRUG_TARGET_COMPLEX,QUARANTINE,Q15A,F22
3b4252cdece3,AIC-ER,ID-DEFINED,TIME-DEFINED,DOSE-DEFINED,REGIMEN-FIXED,BIOANALYTICAL-FINAL-FLAG-MISSING,COVARIATE-BASELINE-ONLY,SUBJECT-LEVEL-COVARIATE,DDI-VICTIM-PERPETRATOR,REANALYSIS-NONE,STRUCTURED,BISPECIFIC,EXPOSURE_METRIC,,QUARANTINE,Q15A,F22
e8073ff32423,AIC-ER,ID-DEFINED,TIME-DEFINED,DOSE-DEFINED,REGIMEN-FIXED,BIOANALYTICAL-FINAL-FLAG-MISSING,COVARIATE-BASELINE-ONLY,SUBJECT-LEVEL-COVARIATE,DDI-VICTIM-PERPETRATOR,REANALYSIS-NONE,SEMI-STRUCTURED-LEGACY-FLAG,BISPECIFIC,EXPOSURE_METRIC,PARENT|SOLUBLE_TARGET|DRUG_TARGET_COMPLEX,QUARANTINE,Q15A,F22
c1ffa36538dc,AIC-ER,ID-DEFINED,TIME-DEFINED,DOSE-DEFINED,REGIMEN-FIXED,BIOANALYTICAL-FINAL-FLAG-MISSING,COVARIATE-BASELINE-ONLY,SUBJECT-LEVEL-COVARIATE,DDI-VICTIM-PERPETRATOR,REANALYSIS-NONE,SEMI-STRUCTURED-LEGACY-FLAG,BISPECIFIC,EXPOSURE_METRIC,,QUARANTINE,Q15A,F22
8dd94465259b,AIC-ER,ID-DEFINED,TIME-DEFINED,DOSE-DEFINED,ADDL-ACTUAL-CONFLICT,BIOANALYTICAL-FINAL,COVARIATE-BASELINE-ONLY,SUBJECT-LEVEL-COVARIATE,SINGLE-ANALYTE,REANALYSIS-NONE,STRUCTURED,BISPECIFIC,EXPOSURE_METRIC,,AUTO,,F01
f6211f5612e0,AIC-ER,ID-DEFINED,TIME-DEFINED,DOSE-DEFINED,ADDL-ACTUAL-CONFLICT,BIOANALYTICAL-FINAL,COVARIATE-BASELINE-ONLY,SUBJECT-LEVEL-COVARIATE,SINGLE-ANALYTE,REANALYSIS-NONE,SEMI-STRUCTURED-LEGACY-FLAG,BISPECIFIC,EXPOSURE_METRIC,,QUARANTINE,Q15B,F01
6c37d1d8c41f,AIC-ER,ID-DEFINED,TIME-DEFINED,DOSE-DEFINED,ADDL-ACTUAL-CONFLICT,BIOANALYTICAL-FINAL,COVARIATE-BASELINE-ONLY,SUBJECT-LEVEL-COVARIATE,MULTI-CMT-DEFINED,REANALYSIS-NONE,STRUCTURED,BISPECIFIC,EXPOSURE_METRIC,PARENT|SOLUBLE_TARGET|DRUG_TARGET_COMPLEX,REPAIR,,F25
c0f43aca1597,AIC-ER,ID-DEFINED,TIME-DEFINED,DOSE-DEFINED,ADDL-ACTUAL-CONFLICT,BIOANALYTICAL-FINAL,COVARIATE-BASELINE-ONLY,SUBJECT-LEVEL-COVARIATE,MULTI-CMT-DEFINED,REANALYSIS-NONE,STRUCTURED,BISPECIFIC,EXPOSURE_METRIC,,QUARANTINE,Q16,F25
b0e8ea55d26b,AIC-ER,ID-DEFINED,TIME-DEFINED,DOSE-DEFINED,ADDL-ACTUAL-CONFLICT,BIOANALYTICAL-FINAL,COVARIATE-BASELINE-ONLY,SUBJECT-LEVEL-COVARIATE,MULTI-CMT-DEFINED,REANALYSIS-NONE,SEMI-STRUCTURED-LEGACY-FLAG,BISPECIFIC,EXPOSURE_METRIC,PARENT|SOLUBLE_TARGET|DRUG_TARGET_COMPLEX,QUARANTINE,Q15B,F25
58b09d49b58e,AIC-ER,ID-DEFINED,TIME-DEFINED,DOSE-DEFINED,ADDL-ACTUAL-CONFLICT,BIOANALYTICAL-FINAL,COVARIATE-BASELINE-ONLY,SUBJECT-LEVEL-COVARIATE,MULTI-CMT-DEFINED,REANALYSIS-NONE,SEMI-STRUCTURED-LEGACY-FLAG,BISPECIFIC,EXPOSURE_METRIC,,QUARANTINE,Q16,F25
f1c3b7deb36d,AIC-ER,ID-DEFINED,TIME-DEFINED,DOSE-DEFINED,ADDL-ACTUAL-CONFLICT,BIOANALYTICAL-FINAL,COVARIATE-BASELINE-ONLY,SUBJECT-LEVEL-COVARIATE,DDI-VICTIM-PERPETRATOR,REANALYSIS-NONE,STRUCTURED,BISPECIFIC,EXPOSURE_METRIC,PARENT|SOLUBLE_TARGET|DRUG_TARGET_COMPLEX,REPAIR,,F22
e87c382e6706,AIC-ER,ID-DEFINED,TIME-DEFINED,DOSE-DEFINED,ADDL-ACTUAL-CONFLICT,BIOANALYTICAL-FINAL,COVARIATE-BASELINE-ONLY,SUBJECT-LEVEL-COVARIATE,DDI-VICTIM-PERPETRATOR,REANALYSIS-NONE,STRUCTURED,BISPECIFIC,EXPOSURE_METRIC,,QUARANTINE,Q16,F22
effaf39afe42,AIC-ER,ID-DEFINED,TIME-DEFINED,DOSE-DEFINED,ADDL-ACTUAL-CONFLICT,BIOANALYTICAL-FINAL,COVARIATE-BASELINE-ONLY,SUBJECT-LEVEL-COVARIATE,DDI-VICTIM-PERPETRATOR,REANALYSIS-NONE,SEMI-STRUCTURED-LEGACY-FLAG,BISPECIFIC,EXPOSURE_METRIC,PARENT|SOLUBLE_TARGET|DRUG_TARGET_COMPLEX,QUARANTINE,Q15B,F22
f8a6a174dd4f,AIC-ER,ID-DEFINED,TIME-DEFINED,DOSE-DEFINED,ADDL-ACTUAL-CONFLICT,BIOANALYTICAL-FINAL,COVARIATE-BASELINE-ONLY,SUBJECT-LEVEL-COVARIATE,DDI-VICTIM-PERPETRATOR,REANALYSIS-NONE,SEMI-STRUCTURED-LEGACY-FLAG,BISPECIFIC,EXPOSURE_METRIC,,QUARANTINE,Q16,F22
6baa68f380d3,AIC-ER,ID-DEFINED,TIME-DEFINED,DOSE-DEFINED,ADDL-ACTUAL-CONFLICT,BLQ-DEFINED-POLICY,COVARIATE-BASELINE-ONLY,SUBJECT-LEVEL-COVARIATE,SINGLE-ANALYTE,REANALYSIS-NONE,STRUCTURED,BISPECIFIC,EXPOSURE_METRIC,,REPAIR,,F01
af28a4232edf,AIC-ER,ID-DEFINED,TIME-DEFINED,DOSE-DEFINED,ADDL-ACTUAL-CONFLICT,BLQ-DEFINED-POLICY,COVARIATE-BASELINE-ONLY,SUBJECT-LEVEL-COVARIATE,SINGLE-ANALYTE,REANALYSIS-NONE,SEMI-STRUCTURED-LEGACY-FLAG,BISPECIFIC,EXPOSURE_METRIC,,QUARANTINE,Q15B,F01
05e546372914,AIC-ER,ID-DEFINED,TIME-DEFINED,DOSE-DEFINED,ADDL-ACTUAL-CONFLICT,BLQ-DEFINED-POLICY,COVARIATE-BASELINE-ONLY,SUBJECT-LEVEL-COVARIATE,MULTI-CMT-DEFINED,REANALYSIS-NONE,STRUCTURED,BISPECIFIC,EXPOSURE_METRIC,PARENT|SOLUBLE_TARGET|DRUG_TARGET_COMPLEX,REPAIR,,F25
a8f32ea0bbf8,AIC-ER,ID-DEFINED,TIME-DEFINED,DOSE-DEFINED,ADDL-ACTUAL-CONFLICT,BLQ-DEFINED-POLICY,COVARIATE-BASELINE-ONLY,SUBJECT-LEVEL-COVARIATE,MULTI-CMT-DEFINED,REANALYSIS-NONE,STRUCTURED,BISPECIFIC,EXPOSURE_METRIC,,QUARANTINE,Q16,F25
5edf7bdcff04,AIC-ER,ID-DEFINED,TIME-DEFINED,DOSE-DEFINED,ADDL-ACTUAL-CONFLICT,BLQ-DEFINED-POLICY,COVARIATE-BASELINE-ONLY,SUBJECT-LEVEL-COVARIATE,MULTI-CMT-DEFINED,REANALYSIS-NONE,SEMI-STRUCTURED-LEGACY-FLAG,BISPECIFIC,EXPOSURE_METRIC,PARENT|SOLUBLE_TARGET|DRUG_TARGET_COMPLEX,QUARANTINE,Q15B,F25
1a0b55190187,AIC-ER,ID-DEFINED,TIME-DEFINED,DOSE-DEFINED,ADDL-ACTUAL-CONFLICT,BLQ-DEFINED-POLICY,COVARIATE-BASELINE-ONLY,SUBJECT-LEVEL-COVARIATE,MULTI-CMT-DEFINED,REANALYSIS-NONE,SEMI-STRUCTURED-LEGACY-FLAG,BISPECIFIC,EXPOSURE_METRIC,,QUARANTINE,Q16,F25
6a4f0231135a,AIC-ER,ID-DEFINED,TIME-DEFINED,DOSE-DEFINED,ADDL-ACTUAL-CONFLICT,BLQ-DEFINED-POLICY,COVARIATE-BASELINE-ONLY,SUBJECT-LEVEL-COVARIATE,DDI-VICTIM-PERPETRATOR,REANALYSIS-NONE,STRUCTURED,BISPECIFIC,EXPOSURE_METRIC,PARENT|SOLUBLE_TARGET|DRUG_TARGET_COMPLEX,REPAIR,,F22
c49d35585837,AIC-ER,ID-DEFINED,TIME-DEFINED,DOSE-DEFINED,ADDL-ACTUAL-CONFLICT,BLQ-DEFINED-POLICY,COVARIATE-BASELINE-ONLY,SUBJECT-LEVEL-COVARIATE,DDI-VICTIM-PERPETRATOR,REANALYSIS-NONE,STRUCTURED,BISPECIFIC,EXPOSURE_METRIC,,QUARANTINE,Q16,F22
192053da55d3,AIC-ER,ID-DEFINED,TIME-DEFINED,DOSE-DEFINED,ADDL-ACTUAL-CONFLICT,BLQ-DEFINED-POLICY,COVARIATE-BASELINE-ONLY,SUBJECT-LEVEL-COVARIATE,DDI-VICTIM-PERPETRATOR,REANALYSIS-NONE,SEMI-STRUCTURED-LEGACY-FLAG,BISPECIFIC,EXPOSURE_METRIC,PARENT|SOLUBLE_TARGET|DRUG_TARGET_COMPLEX,QUARANTINE,Q15B,F22
73551f7d0556,AIC-ER,ID-DEFINED,TIME-DEFINED,DOSE-DEFINED,ADDL-ACTUAL-CONFLICT,BLQ-DEFINED-POLICY,COVARIATE-BASELINE-ONLY,SUBJECT-LEVEL-COVARIATE,DDI-VICTIM-PERPETRATOR,REANALYSIS-NONE,SEMI-STRUCTURED-LEGACY-FLAG,BISPECIFIC,EXPOSURE_METRIC,,QUARANTINE,Q16,F22
785b04434ce4,AIC-ER,ID-DEFINED,TIME-DEFINED,DOSE-DEFINED,ADDL-ACTUAL-CONFLICT,BIOANALYTICAL-FINAL-FLAG-MISSING,COVARIATE-BASELINE-ONLY,SUBJECT-LEVEL-COVARIATE,SINGLE-ANALYTE,REANALYSIS-NONE,STRUCTURED,BISPECIFIC,EXPOSURE_METRIC,,QUARANTINE,Q15A,F01
f08d0c3d925c,AIC-ER,ID-DEFINED,TIME-DEFINED,DOSE-DEFINED,ADDL-ACTUAL-CONFLICT,BIOANALYTICAL-FINAL-FLAG-MISSING,COVARIATE-BASELINE-ONLY,SUBJECT-LEVEL-COVARIATE,SINGLE-ANALYTE,REANALYSIS-NONE,SEMI-STRUCTURED-LEGACY-FLAG,BISPECIFIC,EXPOSURE_METRIC,,QUARANTINE,Q15A,F01
5377b7e8134d,AIC-ER,ID-DEFINED,TIME-DEFINED,DOSE-DEFINED,ADDL-ACTUAL-CONFLICT,BIOANALYTICAL-FINAL-FLAG-MISSING,COVARIATE-BASELINE-ONLY,SUBJECT-LEVEL-COVARIATE,MULTI-CMT-DEFINED,REANALYSIS-NONE,STRUCTURED,BISPECIFIC,EXPOSURE_METRIC,PARENT|SOLUBLE_TARGET|DRUG_TARGET_COMPLEX,QUARANTINE,Q15A,F25
dce4518b19b0,AIC-ER,ID-DEFINED,TIME-DEFINED,DOSE-DEFINED,ADDL-ACTUAL-CONFLICT,BIOANALYTICAL-FINAL-FLAG-MISSING,COVARIATE-BASELINE-ONLY,SUBJECT-LEVEL-COVARIATE,MULTI-CMT-DEFINED,REANALYSIS-NONE,STRUCTURED,BISPECIFIC,EXPOSURE_METRIC,,QUARANTINE,Q15A,F25
1ddb25790d6c,AIC-ER,ID-DEFINED,TIME-DEFINED,DOSE-DEFINED,ADDL-ACTUAL-CONFLICT,BIOANALYTICAL-FINAL-FLAG-MISSING,COVARIATE-BASELINE-ONLY,SUBJECT-LEVEL-COVARIATE,MULTI-CMT-DEFINED,REANALYSIS-NONE,SEMI-STRUCTURED-LEGACY-FLAG,BISPECIFIC,EXPOSURE_METRIC,PARENT|SOLUBLE_TARGET|DRUG_TARGET_COMPLEX,QUARANTINE,Q15A,F25
03843ca73b4d,AIC-ER,ID-DEFINED,TIME-DEFINED,DOSE-DEFINED,ADDL-ACTUAL-CONFLICT,BIOANALYTICAL-FINAL-FLAG-MISSING,COVARIATE-BASELINE-ONLY,SUBJECT-LEVEL-COVARIATE,MULTI-CMT-DEFINED,REANALYSIS-NONE,SEMI-STRUCTURED-LEGACY-FLAG,BISPECIFIC,EXPOSURE_METRIC,,QUARANTINE,Q15A,F25
9ac2b80f89d7,AIC-ER,ID-DEFINED,TIME-DEFINED,DOSE-DEFINED,ADDL-ACTUAL-CONFLICT,BIOANALYTICAL-FINAL-FLAG-MISSING,COVARIATE-BASELINE-ONLY,SUBJECT-LEVEL-COVARIATE,DDI-VICTIM-PERPETRATOR,REANALYSIS-NONE,STRUCTURED,BISPECIFIC,EXPOSURE_METRIC,PARENT|SOLUBLE_TARGET|DRUG_TARGET_COMPLEX,QUARANTINE,Q15A,F22
1db1f466dda9,AIC-ER,ID-DEFINED,TIME-DEFINED,DOSE-DEFINED,ADDL-ACTUAL-CONFLICT,BIOANALYTICAL-FINAL-FLAG-MISSING,COVARIATE-BASELINE-ONLY,SUBJECT-LEVEL-COVARIATE,DDI-VICTIM-PERPETRATOR,REANALYSIS-NONE,STRUCTURED,BISPECIFIC,EXPOSURE_METRIC,,QUARANTINE,Q15A,F22
5f6510939fc2,AIC-ER,ID-DEFINED,TIME-DEFINED,DOSE-DEFINED,ADDL-ACTUAL-CONFLICT,BIOANALYTICAL-FINAL-FLAG-MISSING,COVARIATE-BASELINE-ONLY,SUBJECT-LEVEL-COVARIATE,DDI-VICTIM-PERPETRATOR,REANALYSIS-NONE,SEMI-STRUCTURED-LEGACY-FLAG,BISPECIFIC,EXPOSURE_METRIC,PARENT|SOLUBLE_TARGET|DRUG_TARGET_COMPLEX,QUARANTINE,Q15A,F22
31aea211adbb,AIC-ER,ID-DEFINED,TIME-DEFINED,DOSE-DEFINED,ADDL-ACTUAL-CONFLICT,BIOANALYTICAL-FINAL-FLAG-MISSING,COVARIATE-BASELINE-ONLY,SUBJECT-LEVEL-COVARIATE,DDI-VICTIM-PERPETRATOR,REANALYSIS-NONE,SEMI-STRUCTURED-LEGACY-FLAG,BISPECIFIC,EXPOSURE_METRIC,,QUARANTINE,Q15A,F22
70c58b162212,AIC-ER,ID-DEFINED,TIME-DEFINED,DOSE-DEFINED,REGIMEN-FIXED,BIOANALYTICAL-FINAL,COVARIATE-BASELINE-ONLY,SUBJECT-LEVEL-COVARIATE,SINGLE-ANALYTE,REANALYSIS-NONE,STRUCTURED,CELL_THERAPY,EXPOSURE_METRIC,,AUTO,,F01
08db681c25c1,AIC-ER,ID-DEFINED,TIME-DEFINED,DOSE-DEFINED,REGIMEN-FIXED,BIOANALYTICAL-FINAL,COVARIATE-BASELINE-ONLY,SUBJECT-LEVEL-COVARIATE,SINGLE-ANALYTE,REANALYSIS-NONE,SEMI-STRUCTURED-LEGACY-FLAG,CELL_THERAPY,EXPOSURE_METRIC,,QUARANTINE,Q15B,F01
5e4a588bad3d,AIC-ER,ID-DEFINED,TIME-DEFINED,DOSE-DEFINED,REGIMEN-FIXED,BIOANALYTICAL-FINAL,COVARIATE-BASELINE-ONLY,SUBJECT-LEVEL-COVARIATE,MULTI-CMT-DEFINED,REANALYSIS-NONE,STRUCTURED,CELL_THERAPY,EXPOSURE_METRIC,VECTOR_COPY|CAR_POSITIVE_CELL,REPAIR,,F01
2f4a3dc9b9b3,AIC-ER,ID-DEFINED,TIME-DEFINED,DOSE-DEFINED,REGIMEN-FIXED,BIOANALYTICAL-FINAL,COVARIATE-BASELINE-ONLY,SUBJECT-LEVEL-COVARIATE,MULTI-CMT-DEFINED,REANALYSIS-NONE,STRUCTURED,CELL_THERAPY,EXPOSURE_METRIC,,QUARANTINE,Q16,F01
7efc9447ad20,AIC-ER,ID-DEFINED,TIME-DEFINED,DOSE-DEFINED,REGIMEN-FIXED,BIOANALYTICAL-FINAL,COVARIATE-BASELINE-ONLY,SUBJECT-LEVEL-COVARIATE,MULTI-CMT-DEFINED,REANALYSIS-NONE,SEMI-STRUCTURED-LEGACY-FLAG,CELL_THERAPY,EXPOSURE_METRIC,VECTOR_COPY|CAR_POSITIVE_CELL,QUARANTINE,Q15B,F01
64fdfe0fae25,AIC-ER,ID-DEFINED,TIME-DEFINED,DOSE-DEFINED,REGIMEN-FIXED,BIOANALYTICAL-FINAL,COVARIATE-BASELINE-ONLY,SUBJECT-LEVEL-COVARIATE,MULTI-CMT-DEFINED,REANALYSIS-NONE,SEMI-STRUCTURED-LEGACY-FLAG,CELL_THERAPY,EXPOSURE_METRIC,,QUARANTINE,Q16,F01
12353857088d,AIC-ER,ID-DEFINED,TIME-DEFINED,DOSE-DEFINED,REGIMEN-FIXED,BIOANALYTICAL-FINAL,COVARIATE-BASELINE-ONLY,SUBJECT-LEVEL-COVARIATE,DDI-VICTIM-PERPETRATOR,REANALYSIS-NONE,STRUCTURED,CELL_THERAPY,EXPOSURE_METRIC,VECTOR_COPY|CAR_POSITIVE_CELL,REPAIR,,F22
44332d2845a0,AIC-ER,ID-DEFINED,TIME-DEFINED,DOSE-DEFINED,REGIMEN-FIXED,BIOANALYTICAL-FINAL,COVARIATE-BASELINE-ONLY,SUBJECT-LEVEL-COVARIATE,DDI-VICTIM-PERPETRATOR,REANALYSIS-NONE,STRUCTURED,CELL_THERAPY,EXPOSURE_METRIC,,QUARANTINE,Q16,F22
561fdcf67c55,AIC-ER,ID-DEFINED,TIME-DEFINED,DOSE-DEFINED,REGIMEN-FIXED,BIOANALYTICAL-FINAL,COVARIATE-BASELINE-ONLY,SUBJECT-LEVEL-COVARIATE,DDI-VICTIM-PERPETRATOR,REANALYSIS-NONE,SEMI-STRUCTURED-LEGACY-FLAG,CELL_THERAPY,EXPOSURE_METRIC,VECTOR_COPY|CAR_POSITIVE_CELL,QUARANTINE,Q15B,F22
09a9d6dcfffc,AIC-ER,ID-DEFINED,TIME-DEFINED,DOSE-DEFINED,REGIMEN-FIXED,BIOANALYTICAL-FINAL,COVARIATE-BASELINE-ONLY,SUBJECT-LEVEL-COVARIATE,DDI-VICTIM-PERPETRATOR,REANALYSIS-NONE,SEMI-STRUCTURED-LEGACY-FLAG,CELL_THERAPY,EXPOSURE_METRIC,,QUARANTINE,Q16,F22
8a18846bcf35,AIC-ER,ID-DEFINED,TIME-DEFINED,DOSE-DEFINED,REGIMEN-FIXED,BLQ-DEFINED-POLICY,COVARIATE-BASELINE-ONLY,SUBJECT-LEVEL-COVARIATE,SINGLE-ANALYTE,REANALYSIS-NONE,STRUCTURED,CELL_THERAPY,EXPOSURE_METRIC,,REPAIR,,F01
c8d2df8ba397,AIC-ER,ID-DEFINED,TIME-DEFINED,DOSE-DEFINED,REGIMEN-FIXED,BLQ-DEFINED-POLICY,COVARIATE-BASELINE-ONLY,SUBJECT-LEVEL-COVARIATE,SINGLE-ANALYTE,REANALYSIS-NONE,SEMI-STRUCTURED-LEGACY-FLAG,CELL_THERAPY,EXPOSURE_METRIC,,QUARANTINE,Q15B,F01
7284b80e632f,AIC-ER,ID-DEFINED,TIME-DEFINED,DOSE-DEFINED,REGIMEN-FIXED,BLQ-DEFINED-POLICY,COVARIATE-BASELINE-ONLY,SUBJECT-LEVEL-COVARIATE,MULTI-CMT-DEFINED,REANALYSIS-NONE,STRUCTURED,CELL_THERAPY,EXPOSURE_METRIC,VECTOR_COPY|CAR_POSITIVE_CELL,REPAIR,,F01
505df1fffc98,AIC-ER,ID-DEFINED,TIME-DEFINED,DOSE-DEFINED,REGIMEN-FIXED,BLQ-DEFINED-POLICY,COVARIATE-BASELINE-ONLY,SUBJECT-LEVEL-COVARIATE,MULTI-CMT-DEFINED,REANALYSIS-NONE,STRUCTURED,CELL_THERAPY,EXPOSURE_METRIC,,QUARANTINE,Q16,F01
3bac99d8c200,AIC-ER,ID-DEFINED,TIME-DEFINED,DOSE-DEFINED,REGIMEN-FIXED,BLQ-DEFINED-POLICY,COVARIATE-BASELINE-ONLY,SUBJECT-LEVEL-COVARIATE,MULTI-CMT-DEFINED,REANALYSIS-NONE,SEMI-STRUCTURED-LEGACY-FLAG,CELL_THERAPY,EXPOSURE_METRIC,VECTOR_COPY|CAR_POSITIVE_CELL,QUARANTINE,Q15B,F01
69bced371419,AIC-ER,ID-DEFINED,TIME-DEFINED,DOSE-DEFINED,REGIMEN-FIXED,BLQ-DEFINED-POLICY,COVARIATE-BASELINE-ONLY,SUBJECT-LEVEL-COVARIATE,MULTI-CMT-DEFINED,REANALYSIS-NONE,SEMI-STRUCTURED-LEGACY-FLAG,CELL_THERAPY,EXPOSURE_METRIC,,QUARANTINE,Q16,F01
ddd594ee61b0,AIC-ER,ID-DEFINED,TIME-DEFINED,DOSE-DEFINED,REGIMEN-FIXED,BLQ-DEFINED-POLICY,COVARIATE-BASELINE-ONLY,SUBJECT-LEVEL-COVARIATE,DDI-VICTIM-PERPETRATOR,REANALYSIS-NONE,STRUCTURED,CELL_THERAPY,EXPOSURE_METRIC,VECTOR_COPY|CAR_POSITIVE_CELL,REPAIR,,F22
906bb5a6e9ac,AIC-ER,ID-DEFINED,TIME-DEFINED,DOSE-DEFINED,REGIMEN-FIXED,BLQ-DEFINED-POLICY,COVARIATE-BASELINE-ONLY,SUBJECT-LEVEL-COVARIATE,DDI-VICTIM-PERPETRATOR,REANALYSIS-NONE,STRUCTURED,CELL_THERAPY,EXPOSURE_METRIC,,QUARANTINE,Q16,F22
a1f6ab56fd5c,AIC-ER,ID-DEFINED,TIME-DEFINED,DOSE-DEFINED,REGIMEN-FIXED,BLQ-DEFINED-POLICY,COVARIATE-BASELINE-ONLY,SUBJECT-LEVEL-COVARIATE,DDI-VICTIM-PERPETRATOR,REANALYSIS-NONE,SEMI-STRUCTURED-LEGACY-FLAG,CELL_THERAPY,EXPOSURE_METRIC,VECTOR_COPY|CAR_POSITIVE_CELL,QUARANTINE,Q15B,F22
4163781e58d5,AIC-ER,ID-DEFINED,TIME-DEFINED,DOSE-DEFINED,REGIMEN-FIXED,BLQ-DEFINED-POLICY,COVARIATE-BASELINE-ONLY,SUBJECT-LEVEL-COVARIATE,DDI-VICTIM-PERPETRATOR,REANALYSIS-NONE,SEMI-STRUCTURED-LEGACY-FLAG,CELL_THERAPY,EXPOSURE_METRIC,,QUARANTINE,Q16,F22
592b25e4472b,AIC-ER,ID-DEFINED,TIME-DEFINED,DOSE-DEFINED,REGIMEN-FIXED,BIOANALYTICAL-FINAL-FLAG-MISSING,COVARIATE-BASELINE-ONLY,SUBJECT-LEVEL-COVARIATE,SINGLE-ANALYTE,REANALYSIS-NONE,STRUCTURED,CELL_THERAPY,EXPOSURE_METRIC,,QUARANTINE,Q15A,F01
647768e2e699,AIC-ER,ID-DEFINED,TIME-DEFINED,DOSE-DEFINED,REGIMEN-FIXED,BIOANALYTICAL-FINAL-FLAG-MISSING,COVARIATE-BASELINE-ONLY,SUBJECT-LEVEL-COVARIATE,SINGLE-ANALYTE,REANALYSIS-NONE,SEMI-STRUCTURED-LEGACY-FLAG,CELL_THERAPY,EXPOSURE_METRIC,,QUARANTINE,Q15A,F01
46d1e62c2cdc,AIC-ER,ID-DEFINED,TIME-DEFINED,DOSE-DEFINED,REGIMEN-FIXED,BIOANALYTICAL-FINAL-FLAG-MISSING,COVARIATE-BASELINE-ONLY,SUBJECT-LEVEL-COVARIATE,MULTI-CMT-DEFINED,REANALYSIS-NONE,STRUCTURED,CELL_THERAPY,EXPOSURE_METRIC,VECTOR_COPY|CAR_POSITIVE_CELL,QUARANTINE,Q15A,F01
199d2cd21658,AIC-ER,ID-DEFINED,TIME-DEFINED,DOSE-DEFINED,REGIMEN-FIXED,BIOANALYTICAL-FINAL-FLAG-MISSING,COVARIATE-BASELINE-ONLY,SUBJECT-LEVEL-COVARIATE,MULTI-CMT-DEFINED,REANALYSIS-NONE,STRUCTURED,CELL_THERAPY,EXPOSURE_METRIC,,QUARANTINE,Q15A,F01
ad0f7bea3776,AIC-ER,ID-DEFINED,TIME-DEFINED,DOSE-DEFINED,REGIMEN-FIXED,BIOANALYTICAL-FINAL-FLAG-MISSING,COVARIATE-BASELINE-ONLY,SUBJECT-LEVEL-COVARIATE,MULTI-CMT-DEFINED,REANALYSIS-NONE,SEMI-STRUCTURED-LEGACY-FLAG,CELL_THERAPY,EXPOSURE_METRIC,VECTOR_COPY|CAR_POSITIVE_CELL,QUARANTINE,Q15A,F01
ca4bec390930,AIC-ER,ID-DEFINED,TIME-DEFINED,DOSE-DEFINED,REGIMEN-FIXED,BIOANALYTICAL-FINAL-FLAG-MISSING,COVARIATE-BASELINE-ONLY,SUBJECT-LEVEL-COVARIATE,MULTI-CMT-DEFINED,REANALYSIS-NONE,SEMI-STRUCTURED-LEGACY-FLAG,CELL_THERAPY,EXPOSURE_METRIC,,QUARANTINE,Q15A,F01
b80b3cae4a77,AIC-ER,ID-DEFINED,TIME-DEFINED,DOSE-DEFINED,REGIMEN-FIXED,BIOANALYTICAL-FINAL-FLAG-MISSING,COVARIATE-BASELINE-ONLY,SUBJECT-LEVEL-COVARIATE,DDI-VICTIM-PERPETRATOR,REANALYSIS-NONE,STRUCTURED,CELL_THERAPY,EXPOSURE_METRIC,VECTOR_COPY|CAR_POSITIVE_CELL,QUARANTINE,Q15A,F22
c38097d19fa4,AIC-ER,ID-DEFINED,TIME-DEFINED,DOSE-DEFINED,REGIMEN-FIXED,BIOANALYTICAL-FINAL-FLAG-MISSING,COVARIATE-BASELINE-ONLY,SUBJECT-LEVEL-COVARIATE,DDI-VICTIM-PERPETRATOR,REANALYSIS-NONE,STRUCTURED,CELL_THERAPY,EXPOSURE_METRIC,,QUARANTINE,Q15A,F22
11acd0f73371,AIC-ER,ID-DEFINED,TIME-DEFINED,DOSE-DEFINED,REGIMEN-FIXED,BIOANALYTICAL-FINAL-FLAG-MISSING,COVARIATE-BASELINE-ONLY,SUBJECT-LEVEL-COVARIATE,DDI-VICTIM-PERPETRATOR,REANALYSIS-NONE,SEMI-STRUCTURED-LEGACY-FLAG,CELL_THERAPY,EXPOSURE_METRIC,VECTOR_COPY|CAR_POSITIVE_CELL,QUARANTINE,Q15A,F22
4e0825137bee,AIC-ER,ID-DEFINED,TIME-DEFINED,DOSE-DEFINED,REGIMEN-FIXED,BIOANALYTICAL-FINAL-FLAG-MISSING,COVARIATE-BASELINE-ONLY,SUBJECT-LEVEL-COVARIATE,DDI-VICTIM-PERPETRATOR,REANALYSIS-NONE,SEMI-STRUCTURED-LEGACY-FLAG,CELL_THERAPY,EXPOSURE_METRIC,,QUARANTINE,Q15A,F22
3da2a217e809,AIC-ER,ID-DEFINED,TIME-DEFINED,DOSE-DEFINED,ADDL-ACTUAL-CONFLICT,BIOANALYTICAL-FINAL,COVARIATE-BASELINE-ONLY,SUBJECT-LEVEL-COVARIATE,SINGLE-ANALYTE,REANALYSIS-NONE,STRUCTURED,CELL_THERAPY,EXPOSURE_METRIC,,AUTO,,F01
6742183685d1,AIC-ER,ID-DEFINED,TIME-DEFINED,DOSE-DEFINED,ADDL-ACTUAL-CONFLICT,BIOANALYTICAL-FINAL,COVARIATE-BASELINE-ONLY,SUBJECT-LEVEL-COVARIATE,SINGLE-ANALYTE,REANALYSIS-NONE,SEMI-STRUCTURED-LEGACY-FLAG,CELL_THERAPY,EXPOSURE_METRIC,,QUARANTINE,Q15B,F01
63561b3c0671,AIC-ER,ID-DEFINED,TIME-DEFINED,DOSE-DEFINED,ADDL-ACTUAL-CONFLICT,BIOANALYTICAL-FINAL,COVARIATE-BASELINE-ONLY,SUBJECT-LEVEL-COVARIATE,MULTI-CMT-DEFINED,REANALYSIS-NONE,STRUCTURED,CELL_THERAPY,EXPOSURE_METRIC,VECTOR_COPY|CAR_POSITIVE_CELL,REPAIR,,F01
6cd7f7acb161,AIC-ER,ID-DEFINED,TIME-DEFINED,DOSE-DEFINED,ADDL-ACTUAL-CONFLICT,BIOANALYTICAL-FINAL,COVARIATE-BASELINE-ONLY,SUBJECT-LEVEL-COVARIATE,MULTI-CMT-DEFINED,REANALYSIS-NONE,STRUCTURED,CELL_THERAPY,EXPOSURE_METRIC,,QUARANTINE,Q16,F01
f6a798136588,AIC-ER,ID-DEFINED,TIME-DEFINED,DOSE-DEFINED,ADDL-ACTUAL-CONFLICT,BIOANALYTICAL-FINAL,COVARIATE-BASELINE-ONLY,SUBJECT-LEVEL-COVARIATE,MULTI-CMT-DEFINED,REANALYSIS-NONE,SEMI-STRUCTURED-LEGACY-FLAG,CELL_THERAPY,EXPOSURE_METRIC,VECTOR_COPY|CAR_POSITIVE_CELL,QUARANTINE,Q15B,F01
3fd35ddfeb01,AIC-ER,ID-DEFINED,TIME-DEFINED,DOSE-DEFINED,ADDL-ACTUAL-CONFLICT,BIOANALYTICAL-FINAL,COVARIATE-BASELINE-ONLY,SUBJECT-LEVEL-COVARIATE,MULTI-CMT-DEFINED,REANALYSIS-NONE,SEMI-STRUCTURED-LEGACY-FLAG,CELL_THERAPY,EXPOSURE_METRIC,,QUARANTINE,Q16,F01
59be2726803f,AIC-ER,ID-DEFINED,TIME-DEFINED,DOSE-DEFINED,ADDL-ACTUAL-CONFLICT,BIOANALYTICAL-FINAL,COVARIATE-BASELINE-ONLY,SUBJECT-LEVEL-COVARIATE,DDI-VICTIM-PERPETRATOR,REANALYSIS-NONE,STRUCTURED,CELL_THERAPY,EXPOSURE_METRIC,VECTOR_COPY|CAR_POSITIVE_CELL,REPAIR,,F22
ba14927e90f6,AIC-ER,ID-DEFINED,TIME-DEFINED,DOSE-DEFINED,ADDL-ACTUAL-CONFLICT,BIOANALYTICAL-FINAL,COVARIATE-BASELINE-ONLY,SUBJECT-LEVEL-COVARIATE,DDI-VICTIM-PERPETRATOR,REANALYSIS-NONE,STRUCTURED,CELL_THERAPY,EXPOSURE_METRIC,,QUARANTINE,Q16,F22
e23d923608f6,AIC-ER,ID-DEFINED,TIME-DEFINED,DOSE-DEFINED,ADDL-ACTUAL-CONFLICT,BIOANALYTICAL-FINAL,COVARIATE-BASELINE-ONLY,SUBJECT-LEVEL-COVARIATE,DDI-VICTIM-PERPETRATOR,REANALYSIS-NONE,SEMI-STRUCTURED-LEGACY-FLAG,CELL_THERAPY,EXPOSURE_METRIC,VECTOR_COPY|CAR_POSITIVE_CELL,QUARANTINE,Q15B,F22
8709b80e2ced,AIC-ER,ID-DEFINED,TIME-DEFINED,DOSE-DEFINED,ADDL-ACTUAL-CONFLICT,BIOANALYTICAL-FINAL,COVARIATE-BASELINE-ONLY,SUBJECT-LEVEL-COVARIATE,DDI-VICTIM-PERPETRATOR,REANALYSIS-NONE,SEMI-STRUCTURED-LEGACY-FLAG,CELL_THERAPY,EXPOSURE_METRIC,,QUARANTINE,Q16,F22
9cfdfd8bdbeb,AIC-ER,ID-DEFINED,TIME-DEFINED,DOSE-DEFINED,ADDL-ACTUAL-CONFLICT,BLQ-DEFINED-POLICY,COVARIATE-BASELINE-ONLY,SUBJECT-LEVEL-COVARIATE,SINGLE-ANALYTE,REANALYSIS-NONE,STRUCTURED,CELL_THERAPY,EXPOSURE_METRIC,,REPAIR,,F01
cc433a8bde07,AIC-ER,ID-DEFINED,TIME-DEFINED,DOSE-DEFINED,ADDL-ACTUAL-CONFLICT,BLQ-DEFINED-POLICY,COVARIATE-BASELINE-ONLY,SUBJECT-LEVEL-COVARIATE,SINGLE-ANALYTE,REANALYSIS-NONE,SEMI-STRUCTURED-LEGACY-FLAG,CELL_THERAPY,EXPOSURE_METRIC,,QUARANTINE,Q15B,F01
54a7a1bacc02,AIC-ER,ID-DEFINED,TIME-DEFINED,DOSE-DEFINED,ADDL-ACTUAL-CONFLICT,BLQ-DEFINED-POLICY,COVARIATE-BASELINE-ONLY,SUBJECT-LEVEL-COVARIATE,MULTI-CMT-DEFINED,REANALYSIS-NONE,STRUCTURED,CELL_THERAPY,EXPOSURE_METRIC,VECTOR_COPY|CAR_POSITIVE_CELL,REPAIR,,F01
b4491bf6388c,AIC-ER,ID-DEFINED,TIME-DEFINED,DOSE-DEFINED,ADDL-ACTUAL-CONFLICT,BLQ-DEFINED-POLICY,COVARIATE-BASELINE-ONLY,SUBJECT-LEVEL-COVARIATE,MULTI-CMT-DEFINED,REANALYSIS-NONE,STRUCTURED,CELL_THERAPY,EXPOSURE_METRIC,,QUARANTINE,Q16,F01
d53bce04ca52,AIC-ER,ID-DEFINED,TIME-DEFINED,DOSE-DEFINED,ADDL-ACTUAL-CONFLICT,BLQ-DEFINED-POLICY,COVARIATE-BASELINE-ONLY,SUBJECT-LEVEL-COVARIATE,MULTI-CMT-DEFINED,REANALYSIS-NONE,SEMI-STRUCTURED-LEGACY-FLAG,CELL_THERAPY,EXPOSURE_METRIC,VECTOR_COPY|CAR_POSITIVE_CELL,QUARANTINE,Q15B,F01
f204ea8dafc8,AIC-ER,ID-DEFINED,TIME-DEFINED,DOSE-DEFINED,ADDL-ACTUAL-CONFLICT,BLQ-DEFINED-POLICY,COVARIATE-BASELINE-ONLY,SUBJECT-LEVEL-COVARIATE,MULTI-CMT-DEFINED,REANALYSIS-NONE,SEMI-STRUCTURED-LEGACY-FLAG,CELL_THERAPY,EXPOSURE_METRIC,,QUARANTINE,Q16,F01
d47fda4774e4,AIC-ER,ID-DEFINED,TIME-DEFINED,DOSE-DEFINED,ADDL-ACTUAL-CONFLICT,BLQ-DEFINED-POLICY,COVARIATE-BASELINE-ONLY,SUBJECT-LEVEL-COVARIATE,DDI-VICTIM-PERPETRATOR,REANALYSIS-NONE,STRUCTURED,CELL_THERAPY,EXPOSURE_METRIC,VECTOR_COPY|CAR_POSITIVE_CELL,REPAIR,,F22
a6650818d5ae,AIC-ER,ID-DEFINED,TIME-DEFINED,DOSE-DEFINED,ADDL-ACTUAL-CONFLICT,BLQ-DEFINED-POLICY,COVARIATE-BASELINE-ONLY,SUBJECT-LEVEL-COVARIATE,DDI-VICTIM-PERPETRATOR,REANALYSIS-NONE,STRUCTURED,CELL_THERAPY,EXPOSURE_METRIC,,QUARANTINE,Q16,F22
a39eca9399ac,AIC-ER,ID-DEFINED,TIME-DEFINED,DOSE-DEFINED,ADDL-ACTUAL-CONFLICT,BLQ-DEFINED-POLICY,COVARIATE-BASELINE-ONLY,SUBJECT-LEVEL-COVARIATE,DDI-VICTIM-PERPETRATOR,REANALYSIS-NONE,SEMI-STRUCTURED-LEGACY-FLAG,CELL_THERAPY,EXPOSURE_METRIC,VECTOR_COPY|CAR_POSITIVE_CELL,QUARANTINE,Q15B,F22
c1dfc5573f20,AIC-ER,ID-DEFINED,TIME-DEFINED,DOSE-DEFINED,ADDL-ACTUAL-CONFLICT,BLQ-DEFINED-POLICY,COVARIATE-BASELINE-ONLY,SUBJECT-LEVEL-COVARIATE,DDI-VICTIM-PERPETRATOR,REANALYSIS-NONE,SEMI-STRUCTURED-LEGACY-FLAG,CELL_THERAPY,EXPOSURE_METRIC,,QUARANTINE,Q16,F22
91d299e1e053,AIC-ER,ID-DEFINED,TIME-DEFINED,DOSE-DEFINED,ADDL-ACTUAL-CONFLICT,BIOANALYTICAL-FINAL-FLAG-MISSING,COVARIATE-BASELINE-ONLY,SUBJECT-LEVEL-COVARIATE,SINGLE-ANALYTE,REANALYSIS-NONE,STRUCTURED,CELL_THERAPY,EXPOSURE_METRIC,,QUARANTINE,Q15A,F01
d7d4f1586169,AIC-ER,ID-DEFINED,TIME-DEFINED,DOSE-DEFINED,ADDL-ACTUAL-CONFLICT,BIOANALYTICAL-FINAL-FLAG-MISSING,COVARIATE-BASELINE-ONLY,SUBJECT-LEVEL-COVARIATE,SINGLE-ANALYTE,REANALYSIS-NONE,SEMI-STRUCTURED-LEGACY-FLAG,CELL_THERAPY,EXPOSURE_METRIC,,QUARANTINE,Q15A,F01
460d7b93a5c7,AIC-ER,ID-DEFINED,TIME-DEFINED,DOSE-DEFINED,ADDL-ACTUAL-CONFLICT,BIOANALYTICAL-FINAL-FLAG-MISSING,COVARIATE-BASELINE-ONLY,SUBJECT-LEVEL-COVARIATE,MULTI-CMT-DEFINED,REANALYSIS-NONE,STRUCTURED,CELL_THERAPY,EXPOSURE_METRIC,VECTOR_COPY|CAR_POSITIVE_CELL,QUARANTINE,Q15A,F01
9f473c5b9982,AIC-ER,ID-DEFINED,TIME-DEFINED,DOSE-DEFINED,ADDL-ACTUAL-CONFLICT,BIOANALYTICAL-FINAL-FLAG-MISSING,COVARIATE-BASELINE-ONLY,SUBJECT-LEVEL-COVARIATE,MULTI-CMT-DEFINED,REANALYSIS-NONE,STRUCTURED,CELL_THERAPY,EXPOSURE_METRIC,,QUARANTINE,Q15A,F01
5a3b96fdcb27,AIC-ER,ID-DEFINED,TIME-DEFINED,DOSE-DEFINED,ADDL-ACTUAL-CONFLICT,BIOANALYTICAL-FINAL-FLAG-MISSING,COVARIATE-BASELINE-ONLY,SUBJECT-LEVEL-COVARIATE,MULTI-CMT-DEFINED,REANALYSIS-NONE,SEMI-STRUCTURED-LEGACY-FLAG,CELL_THERAPY,EXPOSURE_METRIC,VECTOR_COPY|CAR_POSITIVE_CELL,QUARANTINE,Q15A,F01
a1703e21526c,AIC-ER,ID-DEFINED,TIME-DEFINED,DOSE-DEFINED,ADDL-ACTUAL-CONFLICT,BIOANALYTICAL-FINAL-FLAG-MISSING,COVARIATE-BASELINE-ONLY,SUBJECT-LEVEL-COVARIATE,MULTI-CMT-DEFINED,REANALYSIS-NONE,SEMI-STRUCTURED-LEGACY-FLAG,CELL_THERAPY,EXPOSURE_METRIC,,QUARANTINE,Q15A,F01
7e7d4ad0d7bf,AIC-ER,ID-DEFINED,TIME-DEFINED,DOSE-DEFINED,ADDL-ACTUAL-CONFLICT,BIOANALYTICAL-FINAL-FLAG-MISSING,COVARIATE-BASELINE-ONLY,SUBJECT-LEVEL-COVARIATE,DDI-VICTIM-PERPETRATOR,REANALYSIS-NONE,STRUCTURED,CELL_THERAPY,EXPOSURE_METRIC,VECTOR_COPY|CAR_POSITIVE_CELL,QUARANTINE,Q15A,F22
5d02f89b6b9c,AIC-ER,ID-DEFINED,TIME-DEFINED,DOSE-DEFINED,ADDL-ACTUAL-CONFLICT,BIOANALYTICAL-FINAL-FLAG-MISSING,COVARIATE-BASELINE-ONLY,SUBJECT-LEVEL-COVARIATE,DDI-VICTIM-PERPETRATOR,REANALYSIS-NONE,STRUCTURED,CELL_THERAPY,EXPOSURE_METRIC,,QUARANTINE,Q15A,F22
8a96f51de2e3,AIC-ER,ID-DEFINED,TIME-DEFINED,DOSE-DEFINED,ADDL-ACTUAL-CONFLICT,BIOANALYTICAL-FINAL-FLAG-MISSING,COVARIATE-BASELINE-ONLY,SUBJECT-LEVEL-COVARIATE,DDI-VICTIM-PERPETRATOR,REANALYSIS-NONE,SEMI-STRUCTURED-LEGACY-FLAG,CELL_THERAPY,EXPOSURE_METRIC,VECTOR_COPY|CAR_POSITIVE_CELL,QUARANTINE,Q15A,F22
7c7c9e6ff5c3,AIC-ER,ID-DEFINED,TIME-DEFINED,DOSE-DEFINED,ADDL-ACTUAL-CONFLICT,BIOANALYTICAL-FINAL-FLAG-MISSING,COVARIATE-BASELINE-ONLY,SUBJECT-LEVEL-COVARIATE,DDI-VICTIM-PERPETRATOR,REANALYSIS-NONE,SEMI-STRUCTURED-LEGACY-FLAG,CELL_THERAPY,EXPOSURE_METRIC,,QUARANTINE,Q15A,F22
b32552493514,AIC-ER,ID-DEFINED,TIME-DEFINED,DOSE-DEFINED,REGIMEN-FIXED,BIOANALYTICAL-FINAL,COVARIATE-BASELINE-ONLY,SUBJECT-LEVEL-COVARIATE,SINGLE-ANALYTE,REANALYSIS-NONE,STRUCTURED,MRNA,EXPOSURE_METRIC,,AUTO,,F27
8076eecad762,AIC-ER,ID-DEFINED,TIME-DEFINED,DOSE-DEFINED,REGIMEN-FIXED,BIOANALYTICAL-FINAL,COVARIATE-BASELINE-ONLY,SUBJECT-LEVEL-COVARIATE,SINGLE-ANALYTE,REANALYSIS-NONE,SEMI-STRUCTURED-LEGACY-FLAG,MRNA,EXPOSURE_METRIC,,QUARANTINE,Q15B,F27
f62b79422317,AIC-ER,ID-DEFINED,TIME-DEFINED,DOSE-DEFINED,REGIMEN-FIXED,BIOANALYTICAL-FINAL,COVARIATE-BASELINE-ONLY,SUBJECT-LEVEL-COVARIATE,MULTI-CMT-DEFINED,REANALYSIS-NONE,STRUCTURED,MRNA,EXPOSURE_METRIC,,REPAIR,,F27
53a5940e30ad,AIC-ER,ID-DEFINED,TIME-DEFINED,DOSE-DEFINED,REGIMEN-FIXED,BIOANALYTICAL-FINAL,COVARIATE-BASELINE-ONLY,SUBJECT-LEVEL-COVARIATE,MULTI-CMT-DEFINED,REANALYSIS-NONE,SEMI-STRUCTURED-LEGACY-FLAG,MRNA,EXPOSURE_METRIC,,QUARANTINE,Q15B,F27
8c706f2e1a03,AIC-ER,ID-DEFINED,TIME-DEFINED,DOSE-DEFINED,REGIMEN-FIXED,BIOANALYTICAL-FINAL,COVARIATE-BASELINE-ONLY,SUBJECT-LEVEL-COVARIATE,DDI-VICTIM-PERPETRATOR,REANALYSIS-NONE,STRUCTURED,MRNA,EXPOSURE_METRIC,,REPAIR,,F27
0163c0c056a2,AIC-ER,ID-DEFINED,TIME-DEFINED,DOSE-DEFINED,REGIMEN-FIXED,BIOANALYTICAL-FINAL,COVARIATE-BASELINE-ONLY,SUBJECT-LEVEL-COVARIATE,DDI-VICTIM-PERPETRATOR,REANALYSIS-NONE,SEMI-STRUCTURED-LEGACY-FLAG,MRNA,EXPOSURE_METRIC,,QUARANTINE,Q15B,F27
071598f602d8,AIC-ER,ID-DEFINED,TIME-DEFINED,DOSE-DEFINED,REGIMEN-FIXED,BLQ-DEFINED-POLICY,COVARIATE-BASELINE-ONLY,SUBJECT-LEVEL-COVARIATE,SINGLE-ANALYTE,REANALYSIS-NONE,STRUCTURED,MRNA,EXPOSURE_METRIC,,REPAIR,,F27
82c9da65c188,AIC-ER,ID-DEFINED,TIME-DEFINED,DOSE-DEFINED,REGIMEN-FIXED,BLQ-DEFINED-POLICY,COVARIATE-BASELINE-ONLY,SUBJECT-LEVEL-COVARIATE,SINGLE-ANALYTE,REANALYSIS-NONE,SEMI-STRUCTURED-LEGACY-FLAG,MRNA,EXPOSURE_METRIC,,QUARANTINE,Q15B,F27
4dd0a2ade781,AIC-ER,ID-DEFINED,TIME-DEFINED,DOSE-DEFINED,REGIMEN-FIXED,BLQ-DEFINED-POLICY,COVARIATE-BASELINE-ONLY,SUBJECT-LEVEL-COVARIATE,MULTI-CMT-DEFINED,REANALYSIS-NONE,STRUCTURED,MRNA,EXPOSURE_METRIC,,REPAIR,,F27
de059b39b9b8,AIC-ER,ID-DEFINED,TIME-DEFINED,DOSE-DEFINED,REGIMEN-FIXED,BLQ-DEFINED-POLICY,COVARIATE-BASELINE-ONLY,SUBJECT-LEVEL-COVARIATE,MULTI-CMT-DEFINED,REANALYSIS-NONE,SEMI-STRUCTURED-LEGACY-FLAG,MRNA,EXPOSURE_METRIC,,QUARANTINE,Q15B,F27
0aad07a8486d,AIC-ER,ID-DEFINED,TIME-DEFINED,DOSE-DEFINED,REGIMEN-FIXED,BLQ-DEFINED-POLICY,COVARIATE-BASELINE-ONLY,SUBJECT-LEVEL-COVARIATE,DDI-VICTIM-PERPETRATOR,REANALYSIS-NONE,STRUCTURED,MRNA,EXPOSURE_METRIC,,REPAIR,,F27
49196d4095f9,AIC-ER,ID-DEFINED,TIME-DEFINED,DOSE-DEFINED,REGIMEN-FIXED,BLQ-DEFINED-POLICY,COVARIATE-BASELINE-ONLY,SUBJECT-LEVEL-COVARIATE,DDI-VICTIM-PERPETRATOR,REANALYSIS-NONE,SEMI-STRUCTURED-LEGACY-FLAG,MRNA,EXPOSURE_METRIC,,QUARANTINE,Q15B,F27
ba5ca0ed1efa,AIC-ER,ID-DEFINED,TIME-DEFINED,DOSE-DEFINED,REGIMEN-FIXED,BIOANALYTICAL-FINAL-FLAG-MISSING,COVARIATE-BASELINE-ONLY,SUBJECT-LEVEL-COVARIATE,SINGLE-ANALYTE,REANALYSIS-NONE,STRUCTURED,MRNA,EXPOSURE_METRIC,,QUARANTINE,Q15A,F27
f54048f06783,AIC-ER,ID-DEFINED,TIME-DEFINED,DOSE-DEFINED,REGIMEN-FIXED,BIOANALYTICAL-FINAL-FLAG-MISSING,COVARIATE-BASELINE-ONLY,SUBJECT-LEVEL-COVARIATE,SINGLE-ANALYTE,REANALYSIS-NONE,SEMI-STRUCTURED-LEGACY-FLAG,MRNA,EXPOSURE_METRIC,,QUARANTINE,Q15A,F27
33ad3c8dd234,AIC-ER,ID-DEFINED,TIME-DEFINED,DOSE-DEFINED,REGIMEN-FIXED,BIOANALYTICAL-FINAL-FLAG-MISSING,COVARIATE-BASELINE-ONLY,SUBJECT-LEVEL-COVARIATE,MULTI-CMT-DEFINED,REANALYSIS-NONE,STRUCTURED,MRNA,EXPOSURE_METRIC,,QUARANTINE,Q15A,F27
52d2e2482399,AIC-ER,ID-DEFINED,TIME-DEFINED,DOSE-DEFINED,REGIMEN-FIXED,BIOANALYTICAL-FINAL-FLAG-MISSING,COVARIATE-BASELINE-ONLY,SUBJECT-LEVEL-COVARIATE,MULTI-CMT-DEFINED,REANALYSIS-NONE,SEMI-STRUCTURED-LEGACY-FLAG,MRNA,EXPOSURE_METRIC,,QUARANTINE,Q15A,F27
8c16a67c4093,AIC-ER,ID-DEFINED,TIME-DEFINED,DOSE-DEFINED,REGIMEN-FIXED,BIOANALYTICAL-FINAL-FLAG-MISSING,COVARIATE-BASELINE-ONLY,SUBJECT-LEVEL-COVARIATE,DDI-VICTIM-PERPETRATOR,REANALYSIS-NONE,STRUCTURED,MRNA,EXPOSURE_METRIC,,QUARANTINE,Q15A,F27
07b94771490e,AIC-ER,ID-DEFINED,TIME-DEFINED,DOSE-DEFINED,REGIMEN-FIXED,BIOANALYTICAL-FINAL-FLAG-MISSING,COVARIATE-BASELINE-ONLY,SUBJECT-LEVEL-COVARIATE,DDI-VICTIM-PERPETRATOR,REANALYSIS-NONE,SEMI-STRUCTURED-LEGACY-FLAG,MRNA,EXPOSURE_METRIC,,QUARANTINE,Q15A,F27
1e24a2ad2445,AIC-ER,ID-DEFINED,TIME-DEFINED,DOSE-DEFINED,ADDL-ACTUAL-CONFLICT,BIOANALYTICAL-FINAL,COVARIATE-BASELINE-ONLY,SUBJECT-LEVEL-COVARIATE,SINGLE-ANALYTE,REANALYSIS-NONE,STRUCTURED,MRNA,EXPOSURE_METRIC,,AUTO,,F27
9396251999c1,AIC-ER,ID-DEFINED,TIME-DEFINED,DOSE-DEFINED,ADDL-ACTUAL-CONFLICT,BIOANALYTICAL-FINAL,COVARIATE-BASELINE-ONLY,SUBJECT-LEVEL-COVARIATE,SINGLE-ANALYTE,REANALYSIS-NONE,SEMI-STRUCTURED-LEGACY-FLAG,MRNA,EXPOSURE_METRIC,,QUARANTINE,Q15B,F27
cd65567869ec,AIC-ER,ID-DEFINED,TIME-DEFINED,DOSE-DEFINED,ADDL-ACTUAL-CONFLICT,BIOANALYTICAL-FINAL,COVARIATE-BASELINE-ONLY,SUBJECT-LEVEL-COVARIATE,MULTI-CMT-DEFINED,REANALYSIS-NONE,STRUCTURED,MRNA,EXPOSURE_METRIC,,REPAIR,,F27
060a16a6041a,AIC-ER,ID-DEFINED,TIME-DEFINED,DOSE-DEFINED,ADDL-ACTUAL-CONFLICT,BIOANALYTICAL-FINAL,COVARIATE-BASELINE-ONLY,SUBJECT-LEVEL-COVARIATE,MULTI-CMT-DEFINED,REANALYSIS-NONE,SEMI-STRUCTURED-LEGACY-FLAG,MRNA,EXPOSURE_METRIC,,QUARANTINE,Q15B,F27
8c535ce4239d,AIC-ER,ID-DEFINED,TIME-DEFINED,DOSE-DEFINED,ADDL-ACTUAL-CONFLICT,BIOANALYTICAL-FINAL,COVARIATE-BASELINE-ONLY,SUBJECT-LEVEL-COVARIATE,DDI-VICTIM-PERPETRATOR,REANALYSIS-NONE,STRUCTURED,MRNA,EXPOSURE_METRIC,,REPAIR,,F27
a8772ef2165d,AIC-ER,ID-DEFINED,TIME-DEFINED,DOSE-DEFINED,ADDL-ACTUAL-CONFLICT,BIOANALYTICAL-FINAL,COVARIATE-BASELINE-ONLY,SUBJECT-LEVEL-COVARIATE,DDI-VICTIM-PERPETRATOR,REANALYSIS-NONE,SEMI-STRUCTURED-LEGACY-FLAG,MRNA,EXPOSURE_METRIC,,QUARANTINE,Q15B,F27
583ad976b43e,AIC-ER,ID-DEFINED,TIME-DEFINED,DOSE-DEFINED,ADDL-ACTUAL-CONFLICT,BLQ-DEFINED-POLICY,COVARIATE-BASELINE-ONLY,SUBJECT-LEVEL-COVARIATE,SINGLE-ANALYTE,REANALYSIS-NONE,STRUCTURED,MRNA,EXPOSURE_METRIC,,REPAIR,,F27
4447c95e1897,AIC-ER,ID-DEFINED,TIME-DEFINED,DOSE-DEFINED,ADDL-ACTUAL-CONFLICT,BLQ-DEFINED-POLICY,COVARIATE-BASELINE-ONLY,SUBJECT-LEVEL-COVARIATE,SINGLE-ANALYTE,REANALYSIS-NONE,SEMI-STRUCTURED-LEGACY-FLAG,MRNA,EXPOSURE_METRIC,,QUARANTINE,Q15B,F27
1118e2d0920e,AIC-ER,ID-DEFINED,TIME-DEFINED,DOSE-DEFINED,ADDL-ACTUAL-CONFLICT,BLQ-DEFINED-POLICY,COVARIATE-BASELINE-ONLY,SUBJECT-LEVEL-COVARIATE,MULTI-CMT-DEFINED,REANALYSIS-NONE,STRUCTURED,MRNA,EXPOSURE_METRIC,,REPAIR,,F27
e817f7cc2bb1,AIC-ER,ID-DEFINED,TIME-DEFINED,DOSE-DEFINED,ADDL-ACTUAL-CONFLICT,BLQ-DEFINED-POLICY,COVARIATE-BASELINE-ONLY,SUBJECT-LEVEL-COVARIATE,MULTI-CMT-DEFINED,REANALYSIS-NONE,SEMI-STRUCTURED-LEGACY-FLAG,MRNA,EXPOSURE_METRIC,,QUARANTINE,Q15B,F27
dadd4342b6b1,AIC-ER,ID-DEFINED,TIME-DEFINED,DOSE-DEFINED,ADDL-ACTUAL-CONFLICT,BLQ-DEFINED-POLICY,COVARIATE-BASELINE-ONLY,SUBJECT-LEVEL-COVARIATE,DDI-VICTIM-PERPETRATOR,REANALYSIS-NONE,STRUCTURED,MRNA,EXPOSURE_METRIC,,REPAIR,,F27
d803beb470ca,AIC-ER,ID-DEFINED,TIME-DEFINED,DOSE-DEFINED,ADDL-ACTUAL-CONFLICT,BLQ-DEFINED-POLICY,COVARIATE-BASELINE-ONLY,SUBJECT-LEVEL-COVARIATE,DDI-VICTIM-PERPETRATOR,REANALYSIS-NONE,SEMI-STRUCTURED-LEGACY-FLAG,MRNA,EXPOSURE_METRIC,,QUARANTINE,Q15B,F27
77dc363b7e6f,AIC-ER,ID-DEFINED,TIME-DEFINED,DOSE-DEFINED,ADDL-ACTUAL-CONFLICT,BIOANALYTICAL-FINAL-FLAG-MISSING,COVARIATE-BASELINE-ONLY,SUBJECT-LEVEL-COVARIATE,SINGLE-ANALYTE,REANALYSIS-NONE,STRUCTURED,MRNA,EXPOSURE_METRIC,,QUARANTINE,Q15A,F27
68174c0be4fe,AIC-ER,ID-DEFINED,TIME-DEFINED,DOSE-DEFINED,ADDL-ACTUAL-CONFLICT,BIOANALYTICAL-FINAL-FLAG-MISSING,COVARIATE-BASELINE-ONLY,SUBJECT-LEVEL-COVARIATE,SINGLE-ANALYTE,REANALYSIS-NONE,SEMI-STRUCTURED-LEGACY-FLAG,MRNA,EXPOSURE_METRIC,,QUARANTINE,Q15A,F27
9de4fce8fd89,AIC-ER,ID-DEFINED,TIME-DEFINED,DOSE-DEFINED,ADDL-ACTUAL-CONFLICT,BIOANALYTICAL-FINAL-FLAG-MISSING,COVARIATE-BASELINE-ONLY,SUBJECT-LEVEL-COVARIATE,MULTI-CMT-DEFINED,REANALYSIS-NONE,STRUCTURED,MRNA,EXPOSURE_METRIC,,QUARANTINE,Q15A,F27
89e73f0439a7,AIC-ER,ID-DEFINED,TIME-DEFINED,DOSE-DEFINED,ADDL-ACTUAL-CONFLICT,BIOANALYTICAL-FINAL-FLAG-MISSING,COVARIATE-BASELINE-ONLY,SUBJECT-LEVEL-COVARIATE,MULTI-CMT-DEFINED,REANALYSIS-NONE,SEMI-STRUCTURED-LEGACY-FLAG,MRNA,EXPOSURE_METRIC,,QUARANTINE,Q15A,F27
dbb0e2774dfb,AIC-ER,ID-DEFINED,TIME-DEFINED,DOSE-DEFINED,ADDL-ACTUAL-CONFLICT,BIOANALYTICAL-FINAL-FLAG-MISSING,COVARIATE-BASELINE-ONLY,SUBJECT-LEVEL-COVARIATE,DDI-VICTIM-PERPETRATOR,REANALYSIS-NONE,STRUCTURED,MRNA,EXPOSURE_METRIC,,QUARANTINE,Q15A,F27
c8b4b612f3dc,AIC-ER,ID-DEFINED,TIME-DEFINED,DOSE-DEFINED,ADDL-ACTUAL-CONFLICT,BIOANALYTICAL-FINAL-FLAG-MISSING,COVARIATE-BASELINE-ONLY,SUBJECT-LEVEL-COVARIATE,DDI-VICTIM-PERPETRATOR,REANALYSIS-NONE,SEMI-STRUCTURED-LEGACY-FLAG,MRNA,EXPOSURE_METRIC,,QUARANTINE,Q15A,F27
55c48b1ffcb9,AIC-TTE,ID-DEFINED,TIME-DEFINED,DOSE-DEFINED,REGIMEN-FIXED,BIOANALYTICAL-FINAL,COVARIATE-BASELINE-ONLY,SUBJECT-LEVEL-COVARIATE,SINGLE-ANALYTE,REANALYSIS-NONE,STRUCTURED,SMALL_MOLECULE,TTE_EVENT,,AUTO,,F15
e64d821aa48d,AIC-TTE,ID-DEFINED,TIME-DEFINED,DOSE-DEFINED,REGIMEN-FIXED,BIOANALYTICAL-FINAL,COVARIATE-BASELINE-ONLY,SUBJECT-LEVEL-COVARIATE,SINGLE-ANALYTE,REANALYSIS-NONE,SEMI-STRUCTURED-LEGACY-FLAG,SMALL_MOLECULE,TTE_EVENT,,QUARANTINE,Q15B,F15
b66b23b020c8,AIC-TTE,ID-DEFINED,TIME-DEFINED,DOSE-DEFINED,REGIMEN-FIXED,BIOANALYTICAL-FINAL,COVARIATE-BASELINE-ONLY,SUBJECT-LEVEL-COVARIATE,MULTI-CMT-DEFINED,REANALYSIS-NONE,STRUCTURED,SMALL_MOLECULE,TTE_EVENT,,REPAIR,,F15
4311c7e30a41,AIC-TTE,ID-DEFINED,TIME-DEFINED,DOSE-DEFINED,REGIMEN-FIXED,BIOANALYTICAL-FINAL,COVARIATE-BASELINE-ONLY,SUBJECT-LEVEL-COVARIATE,MULTI-CMT-DEFINED,REANALYSIS-NONE,SEMI-STRUCTURED-LEGACY-FLAG,SMALL_MOLECULE,TTE_EVENT,,QUARANTINE,Q15B,F15
962767abace3,AIC-TTE,ID-DEFINED,TIME-DEFINED,DOSE-DEFINED,REGIMEN-FIXED,BIOANALYTICAL-FINAL,COVARIATE-BASELINE-ONLY,SUBJECT-LEVEL-COVARIATE,DDI-VICTIM-PERPETRATOR,REANALYSIS-NONE,STRUCTURED,SMALL_MOLECULE,TTE_EVENT,,REPAIR,,F22
ba7847db0def,AIC-TTE,ID-DEFINED,TIME-DEFINED,DOSE-DEFINED,REGIMEN-FIXED,BIOANALYTICAL-FINAL,COVARIATE-BASELINE-ONLY,SUBJECT-LEVEL-COVARIATE,DDI-VICTIM-PERPETRATOR,REANALYSIS-NONE,SEMI-STRUCTURED-LEGACY-FLAG,SMALL_MOLECULE,TTE_EVENT,,QUARANTINE,Q15B,F22
a3c1c5e92cb5,AIC-TTE,ID-DEFINED,TIME-DEFINED,DOSE-DEFINED,REGIMEN-FIXED,BLQ-DEFINED-POLICY,COVARIATE-BASELINE-ONLY,SUBJECT-LEVEL-COVARIATE,SINGLE-ANALYTE,REANALYSIS-NONE,STRUCTURED,SMALL_MOLECULE,TTE_EVENT,,REPAIR,,F15
3db910fe9c97,AIC-TTE,ID-DEFINED,TIME-DEFINED,DOSE-DEFINED,REGIMEN-FIXED,BLQ-DEFINED-POLICY,COVARIATE-BASELINE-ONLY,SUBJECT-LEVEL-COVARIATE,SINGLE-ANALYTE,REANALYSIS-NONE,SEMI-STRUCTURED-LEGACY-FLAG,SMALL_MOLECULE,TTE_EVENT,,QUARANTINE,Q15B,F15
90a49f837d80,AIC-TTE,ID-DEFINED,TIME-DEFINED,DOSE-DEFINED,REGIMEN-FIXED,BLQ-DEFINED-POLICY,COVARIATE-BASELINE-ONLY,SUBJECT-LEVEL-COVARIATE,MULTI-CMT-DEFINED,REANALYSIS-NONE,STRUCTURED,SMALL_MOLECULE,TTE_EVENT,,REPAIR,,F15
c62b50ad63db,AIC-TTE,ID-DEFINED,TIME-DEFINED,DOSE-DEFINED,REGIMEN-FIXED,BLQ-DEFINED-POLICY,COVARIATE-BASELINE-ONLY,SUBJECT-LEVEL-COVARIATE,MULTI-CMT-DEFINED,REANALYSIS-NONE,SEMI-STRUCTURED-LEGACY-FLAG,SMALL_MOLECULE,TTE_EVENT,,QUARANTINE,Q15B,F15
a42d0cd9ca8f,AIC-TTE,ID-DEFINED,TIME-DEFINED,DOSE-DEFINED,REGIMEN-FIXED,BLQ-DEFINED-POLICY,COVARIATE-BASELINE-ONLY,SUBJECT-LEVEL-COVARIATE,DDI-VICTIM-PERPETRATOR,REANALYSIS-NONE,STRUCTURED,SMALL_MOLECULE,TTE_EVENT,,REPAIR,,F22
1145c5679d82,AIC-TTE,ID-DEFINED,TIME-DEFINED,DOSE-DEFINED,REGIMEN-FIXED,BLQ-DEFINED-POLICY,COVARIATE-BASELINE-ONLY,SUBJECT-LEVEL-COVARIATE,DDI-VICTIM-PERPETRATOR,REANALYSIS-NONE,SEMI-STRUCTURED-LEGACY-FLAG,SMALL_MOLECULE,TTE_EVENT,,QUARANTINE,Q15B,F22
494e891d3031,AIC-TTE,ID-DEFINED,TIME-DEFINED,DOSE-DEFINED,REGIMEN-FIXED,BIOANALYTICAL-FINAL-FLAG-MISSING,COVARIATE-BASELINE-ONLY,SUBJECT-LEVEL-COVARIATE,SINGLE-ANALYTE,REANALYSIS-NONE,STRUCTURED,SMALL_MOLECULE,TTE_EVENT,,QUARANTINE,Q15A,F15
43c550a030e9,AIC-TTE,ID-DEFINED,TIME-DEFINED,DOSE-DEFINED,REGIMEN-FIXED,BIOANALYTICAL-FINAL-FLAG-MISSING,COVARIATE-BASELINE-ONLY,SUBJECT-LEVEL-COVARIATE,SINGLE-ANALYTE,REANALYSIS-NONE,SEMI-STRUCTURED-LEGACY-FLAG,SMALL_MOLECULE,TTE_EVENT,,QUARANTINE,Q15A,F15
ede18aee9b3e,AIC-TTE,ID-DEFINED,TIME-DEFINED,DOSE-DEFINED,REGIMEN-FIXED,BIOANALYTICAL-FINAL-FLAG-MISSING,COVARIATE-BASELINE-ONLY,SUBJECT-LEVEL-COVARIATE,MULTI-CMT-DEFINED,REANALYSIS-NONE,STRUCTURED,SMALL_MOLECULE,TTE_EVENT,,QUARANTINE,Q15A,F15
d9ac6d42e220,AIC-TTE,ID-DEFINED,TIME-DEFINED,DOSE-DEFINED,REGIMEN-FIXED,BIOANALYTICAL-FINAL-FLAG-MISSING,COVARIATE-BASELINE-ONLY,SUBJECT-LEVEL-COVARIATE,MULTI-CMT-DEFINED,REANALYSIS-NONE,SEMI-STRUCTURED-LEGACY-FLAG,SMALL_MOLECULE,TTE_EVENT,,QUARANTINE,Q15A,F15
71aad64813ac,AIC-TTE,ID-DEFINED,TIME-DEFINED,DOSE-DEFINED,REGIMEN-FIXED,BIOANALYTICAL-FINAL-FLAG-MISSING,COVARIATE-BASELINE-ONLY,SUBJECT-LEVEL-COVARIATE,DDI-VICTIM-PERPETRATOR,REANALYSIS-NONE,STRUCTURED,SMALL_MOLECULE,TTE_EVENT,,QUARANTINE,Q15A,F22
a4f95f3de258,AIC-TTE,ID-DEFINED,TIME-DEFINED,DOSE-DEFINED,REGIMEN-FIXED,BIOANALYTICAL-FINAL-FLAG-MISSING,COVARIATE-BASELINE-ONLY,SUBJECT-LEVEL-COVARIATE,DDI-VICTIM-PERPETRATOR,REANALYSIS-NONE,SEMI-STRUCTURED-LEGACY-FLAG,SMALL_MOLECULE,TTE_EVENT,,QUARANTINE,Q15A,F22
c472a6f847f0,AIC-TTE,ID-DEFINED,TIME-DEFINED,DOSE-DEFINED,ADDL-ACTUAL-CONFLICT,BIOANALYTICAL-FINAL,COVARIATE-BASELINE-ONLY,SUBJECT-LEVEL-COVARIATE,SINGLE-ANALYTE,REANALYSIS-NONE,STRUCTURED,SMALL_MOLECULE,TTE_EVENT,,AUTO,,F15
227c9464928d,AIC-TTE,ID-DEFINED,TIME-DEFINED,DOSE-DEFINED,ADDL-ACTUAL-CONFLICT,BIOANALYTICAL-FINAL,COVARIATE-BASELINE-ONLY,SUBJECT-LEVEL-COVARIATE,SINGLE-ANALYTE,REANALYSIS-NONE,SEMI-STRUCTURED-LEGACY-FLAG,SMALL_MOLECULE,TTE_EVENT,,QUARANTINE,Q15B,F15
1b012461dd0d,AIC-TTE,ID-DEFINED,TIME-DEFINED,DOSE-DEFINED,ADDL-ACTUAL-CONFLICT,BIOANALYTICAL-FINAL,COVARIATE-BASELINE-ONLY,SUBJECT-LEVEL-COVARIATE,MULTI-CMT-DEFINED,REANALYSIS-NONE,STRUCTURED,SMALL_MOLECULE,TTE_EVENT,,REPAIR,,F15
16af12542598,AIC-TTE,ID-DEFINED,TIME-DEFINED,DOSE-DEFINED,ADDL-ACTUAL-CONFLICT,BIOANALYTICAL-FINAL,COVARIATE-BASELINE-ONLY,SUBJECT-LEVEL-COVARIATE,MULTI-CMT-DEFINED,REANALYSIS-NONE,SEMI-STRUCTURED-LEGACY-FLAG,SMALL_MOLECULE,TTE_EVENT,,QUARANTINE,Q15B,F15
61f28be826c1,AIC-TTE,ID-DEFINED,TIME-DEFINED,DOSE-DEFINED,ADDL-ACTUAL-CONFLICT,BIOANALYTICAL-FINAL,COVARIATE-BASELINE-ONLY,SUBJECT-LEVEL-COVARIATE,DDI-VICTIM-PERPETRATOR,REANALYSIS-NONE,STRUCTURED,SMALL_MOLECULE,TTE_EVENT,,REPAIR,,F22
cb1f625f6b67,AIC-TTE,ID-DEFINED,TIME-DEFINED,DOSE-DEFINED,ADDL-ACTUAL-CONFLICT,BIOANALYTICAL-FINAL,COVARIATE-BASELINE-ONLY,SUBJECT-LEVEL-COVARIATE,DDI-VICTIM-PERPETRATOR,REANALYSIS-NONE,SEMI-STRUCTURED-LEGACY-FLAG,SMALL_MOLECULE,TTE_EVENT,,QUARANTINE,Q15B,F22
74a0ca0ce83a,AIC-TTE,ID-DEFINED,TIME-DEFINED,DOSE-DEFINED,ADDL-ACTUAL-CONFLICT,BLQ-DEFINED-POLICY,COVARIATE-BASELINE-ONLY,SUBJECT-LEVEL-COVARIATE,SINGLE-ANALYTE,REANALYSIS-NONE,STRUCTURED,SMALL_MOLECULE,TTE_EVENT,,REPAIR,,F15
dc70b26ddba5,AIC-TTE,ID-DEFINED,TIME-DEFINED,DOSE-DEFINED,ADDL-ACTUAL-CONFLICT,BLQ-DEFINED-POLICY,COVARIATE-BASELINE-ONLY,SUBJECT-LEVEL-COVARIATE,SINGLE-ANALYTE,REANALYSIS-NONE,SEMI-STRUCTURED-LEGACY-FLAG,SMALL_MOLECULE,TTE_EVENT,,QUARANTINE,Q15B,F15
5c42cdd31b37,AIC-TTE,ID-DEFINED,TIME-DEFINED,DOSE-DEFINED,ADDL-ACTUAL-CONFLICT,BLQ-DEFINED-POLICY,COVARIATE-BASELINE-ONLY,SUBJECT-LEVEL-COVARIATE,MULTI-CMT-DEFINED,REANALYSIS-NONE,STRUCTURED,SMALL_MOLECULE,TTE_EVENT,,REPAIR,,F15
8afa021c8653,AIC-TTE,ID-DEFINED,TIME-DEFINED,DOSE-DEFINED,ADDL-ACTUAL-CONFLICT,BLQ-DEFINED-POLICY,COVARIATE-BASELINE-ONLY,SUBJECT-LEVEL-COVARIATE,MULTI-CMT-DEFINED,REANALYSIS-NONE,SEMI-STRUCTURED-LEGACY-FLAG,SMALL_MOLECULE,TTE_EVENT,,QUARANTINE,Q15B,F15
7f47b00c991b,AIC-TTE,ID-DEFINED,TIME-DEFINED,DOSE-DEFINED,ADDL-ACTUAL-CONFLICT,BLQ-DEFINED-POLICY,COVARIATE-BASELINE-ONLY,SUBJECT-LEVEL-COVARIATE,DDI-VICTIM-PERPETRATOR,REANALYSIS-NONE,STRUCTURED,SMALL_MOLECULE,TTE_EVENT,,REPAIR,,F22
efe2baa9d789,AIC-TTE,ID-DEFINED,TIME-DEFINED,DOSE-DEFINED,ADDL-ACTUAL-CONFLICT,BLQ-DEFINED-POLICY,COVARIATE-BASELINE-ONLY,SUBJECT-LEVEL-COVARIATE,DDI-VICTIM-PERPETRATOR,REANALYSIS-NONE,SEMI-STRUCTURED-LEGACY-FLAG,SMALL_MOLECULE,TTE_EVENT,,QUARANTINE,Q15B,F22
124c01eb804c,AIC-TTE,ID-DEFINED,TIME-DEFINED,DOSE-DEFINED,ADDL-ACTUAL-CONFLICT,BIOANALYTICAL-FINAL-FLAG-MISSING,COVARIATE-BASELINE-ONLY,SUBJECT-LEVEL-COVARIATE,SINGLE-ANALYTE,REANALYSIS-NONE,STRUCTURED,SMALL_MOLECULE,TTE_EVENT,,QUARANTINE,Q15A,F15
9f45e989f635,AIC-TTE,ID-DEFINED,TIME-DEFINED,DOSE-DEFINED,ADDL-ACTUAL-CONFLICT,BIOANALYTICAL-FINAL-FLAG-MISSING,COVARIATE-BASELINE-ONLY,SUBJECT-LEVEL-COVARIATE,SINGLE-ANALYTE,REANALYSIS-NONE,SEMI-STRUCTURED-LEGACY-FLAG,SMALL_MOLECULE,TTE_EVENT,,QUARANTINE,Q15A,F15
43e3a8180ffb,AIC-TTE,ID-DEFINED,TIME-DEFINED,DOSE-DEFINED,ADDL-ACTUAL-CONFLICT,BIOANALYTICAL-FINAL-FLAG-MISSING,COVARIATE-BASELINE-ONLY,SUBJECT-LEVEL-COVARIATE,MULTI-CMT-DEFINED,REANALYSIS-NONE,STRUCTURED,SMALL_MOLECULE,TTE_EVENT,,QUARANTINE,Q15A,F15
15d06b1e4628,AIC-TTE,ID-DEFINED,TIME-DEFINED,DOSE-DEFINED,ADDL-ACTUAL-CONFLICT,BIOANALYTICAL-FINAL-FLAG-MISSING,COVARIATE-BASELINE-ONLY,SUBJECT-LEVEL-COVARIATE,MULTI-CMT-DEFINED,REANALYSIS-NONE,SEMI-STRUCTURED-LEGACY-FLAG,SMALL_MOLECULE,TTE_EVENT,,QUARANTINE,Q15A,F15
e674894967ea,AIC-TTE,ID-DEFINED,TIME-DEFINED,DOSE-DEFINED,ADDL-ACTUAL-CONFLICT,BIOANALYTICAL-FINAL-FLAG-MISSING,COVARIATE-BASELINE-ONLY,SUBJECT-LEVEL-COVARIATE,DDI-VICTIM-PERPETRATOR,REANALYSIS-NONE,STRUCTURED,SMALL_MOLECULE,TTE_EVENT,,QUARANTINE,Q15A,F22
a234a0d633f2,AIC-TTE,ID-DEFINED,TIME-DEFINED,DOSE-DEFINED,ADDL-ACTUAL-CONFLICT,BIOANALYTICAL-FINAL-FLAG-MISSING,COVARIATE-BASELINE-ONLY,SUBJECT-LEVEL-COVARIATE,DDI-VICTIM-PERPETRATOR,REANALYSIS-NONE,SEMI-STRUCTURED-LEGACY-FLAG,SMALL_MOLECULE,TTE_EVENT,,QUARANTINE,Q15A,F22
08865c86abc4,AIC-TTE,ID-DEFINED,TIME-DEFINED,DOSE-DEFINED,REGIMEN-FIXED,BIOANALYTICAL-FINAL,COVARIATE-BASELINE-ONLY,SUBJECT-LEVEL-COVARIATE,SINGLE-ANALYTE,REANALYSIS-NONE,STRUCTURED,MAB,TTE_EVENT,,AUTO,,F15
511c449c4fed,AIC-TTE,ID-DEFINED,TIME-DEFINED,DOSE-DEFINED,REGIMEN-FIXED,BIOANALYTICAL-FINAL,COVARIATE-BASELINE-ONLY,SUBJECT-LEVEL-COVARIATE,SINGLE-ANALYTE,REANALYSIS-NONE,SEMI-STRUCTURED-LEGACY-FLAG,MAB,TTE_EVENT,,QUARANTINE,Q15B,F15
503faa381d26,AIC-TTE,ID-DEFINED,TIME-DEFINED,DOSE-DEFINED,REGIMEN-FIXED,BIOANALYTICAL-FINAL,COVARIATE-BASELINE-ONLY,SUBJECT-LEVEL-COVARIATE,MULTI-CMT-DEFINED,REANALYSIS-NONE,STRUCTURED,MAB,TTE_EVENT,,REPAIR,,F15
68d95fe05a66,AIC-TTE,ID-DEFINED,TIME-DEFINED,DOSE-DEFINED,REGIMEN-FIXED,BIOANALYTICAL-FINAL,COVARIATE-BASELINE-ONLY,SUBJECT-LEVEL-COVARIATE,MULTI-CMT-DEFINED,REANALYSIS-NONE,SEMI-STRUCTURED-LEGACY-FLAG,MAB,TTE_EVENT,,QUARANTINE,Q15B,F15
4e83a014c154,AIC-TTE,ID-DEFINED,TIME-DEFINED,DOSE-DEFINED,REGIMEN-FIXED,BIOANALYTICAL-FINAL,COVARIATE-BASELINE-ONLY,SUBJECT-LEVEL-COVARIATE,DDI-VICTIM-PERPETRATOR,REANALYSIS-NONE,STRUCTURED,MAB,TTE_EVENT,,REPAIR,,F22
99ba1a5b7bfe,AIC-TTE,ID-DEFINED,TIME-DEFINED,DOSE-DEFINED,REGIMEN-FIXED,BIOANALYTICAL-FINAL,COVARIATE-BASELINE-ONLY,SUBJECT-LEVEL-COVARIATE,DDI-VICTIM-PERPETRATOR,REANALYSIS-NONE,SEMI-STRUCTURED-LEGACY-FLAG,MAB,TTE_EVENT,,QUARANTINE,Q15B,F22
f17f276c7b54,AIC-TTE,ID-DEFINED,TIME-DEFINED,DOSE-DEFINED,REGIMEN-FIXED,BLQ-DEFINED-POLICY,COVARIATE-BASELINE-ONLY,SUBJECT-LEVEL-COVARIATE,SINGLE-ANALYTE,REANALYSIS-NONE,STRUCTURED,MAB,TTE_EVENT,,REPAIR,,F15
a629439cf1ab,AIC-TTE,ID-DEFINED,TIME-DEFINED,DOSE-DEFINED,REGIMEN-FIXED,BLQ-DEFINED-POLICY,COVARIATE-BASELINE-ONLY,SUBJECT-LEVEL-COVARIATE,SINGLE-ANALYTE,REANALYSIS-NONE,SEMI-STRUCTURED-LEGACY-FLAG,MAB,TTE_EVENT,,QUARANTINE,Q15B,F15
ff3d0e44c878,AIC-TTE,ID-DEFINED,TIME-DEFINED,DOSE-DEFINED,REGIMEN-FIXED,BLQ-DEFINED-POLICY,COVARIATE-BASELINE-ONLY,SUBJECT-LEVEL-COVARIATE,MULTI-CMT-DEFINED,REANALYSIS-NONE,STRUCTURED,MAB,TTE_EVENT,,REPAIR,,F15
795d8c229007,AIC-TTE,ID-DEFINED,TIME-DEFINED,DOSE-DEFINED,REGIMEN-FIXED,BLQ-DEFINED-POLICY,COVARIATE-BASELINE-ONLY,SUBJECT-LEVEL-COVARIATE,MULTI-CMT-DEFINED,REANALYSIS-NONE,SEMI-STRUCTURED-LEGACY-FLAG,MAB,TTE_EVENT,,QUARANTINE,Q15B,F15
869a63c9958b,AIC-TTE,ID-DEFINED,TIME-DEFINED,DOSE-DEFINED,REGIMEN-FIXED,BLQ-DEFINED-POLICY,COVARIATE-BASELINE-ONLY,SUBJECT-LEVEL-COVARIATE,DDI-VICTIM-PERPETRATOR,REANALYSIS-NONE,STRUCTURED,MAB,TTE_EVENT,,REPAIR,,F22
1ff40a5b64ed,AIC-TTE,ID-DEFINED,TIME-DEFINED,DOSE-DEFINED,REGIMEN-FIXED,BLQ-DEFINED-POLICY,COVARIATE-BASELINE-ONLY,SUBJECT-LEVEL-COVARIATE,DDI-VICTIM-PERPETRATOR,REANALYSIS-NONE,SEMI-STRUCTURED-LEGACY-FLAG,MAB,TTE_EVENT,,QUARANTINE,Q15B,F22
3bb42e79de0e,AIC-TTE,ID-DEFINED,TIME-DEFINED,DOSE-DEFINED,REGIMEN-FIXED,BIOANALYTICAL-FINAL-FLAG-MISSING,COVARIATE-BASELINE-ONLY,SUBJECT-LEVEL-COVARIATE,SINGLE-ANALYTE,REANALYSIS-NONE,STRUCTURED,MAB,TTE_EVENT,,QUARANTINE,Q15A,F15
31df1e18d1d4,AIC-TTE,ID-DEFINED,TIME-DEFINED,DOSE-DEFINED,REGIMEN-FIXED,BIOANALYTICAL-FINAL-FLAG-MISSING,COVARIATE-BASELINE-ONLY,SUBJECT-LEVEL-COVARIATE,SINGLE-ANALYTE,REANALYSIS-NONE,SEMI-STRUCTURED-LEGACY-FLAG,MAB,TTE_EVENT,,QUARANTINE,Q15A,F15
b3e1b08e0f2e,AIC-TTE,ID-DEFINED,TIME-DEFINED,DOSE-DEFINED,REGIMEN-FIXED,BIOANALYTICAL-FINAL-FLAG-MISSING,COVARIATE-BASELINE-ONLY,SUBJECT-LEVEL-COVARIATE,MULTI-CMT-DEFINED,REANALYSIS-NONE,STRUCTURED,MAB,TTE_EVENT,,QUARANTINE,Q15A,F15
b064ffa81a31,AIC-TTE,ID-DEFINED,TIME-DEFINED,DOSE-DEFINED,REGIMEN-FIXED,BIOANALYTICAL-FINAL-FLAG-MISSING,COVARIATE-BASELINE-ONLY,SUBJECT-LEVEL-COVARIATE,MULTI-CMT-DEFINED,REANALYSIS-NONE,SEMI-STRUCTURED-LEGACY-FLAG,MAB,TTE_EVENT,,QUARANTINE,Q15A,F15
8d30d05af794,AIC-TTE,ID-DEFINED,TIME-DEFINED,DOSE-DEFINED,REGIMEN-FIXED,BIOANALYTICAL-FINAL-FLAG-MISSING,COVARIATE-BASELINE-ONLY,SUBJECT-LEVEL-COVARIATE,DDI-VICTIM-PERPETRATOR,REANALYSIS-NONE,STRUCTURED,MAB,TTE_EVENT,,QUARANTINE,Q15A,F22
dc46bcd92335,AIC-TTE,ID-DEFINED,TIME-DEFINED,DOSE-DEFINED,REGIMEN-FIXED,BIOANALYTICAL-FINAL-FLAG-MISSING,COVARIATE-BASELINE-ONLY,SUBJECT-LEVEL-COVARIATE,DDI-VICTIM-PERPETRATOR,REANALYSIS-NONE,SEMI-STRUCTURED-LEGACY-FLAG,MAB,TTE_EVENT,,QUARANTINE,Q15A,F22
968ebf9d8158,AIC-TTE,ID-DEFINED,TIME-DEFINED,DOSE-DEFINED,ADDL-ACTUAL-CONFLICT,BIOANALYTICAL-FINAL,COVARIATE-BASELINE-ONLY,SUBJECT-LEVEL-COVARIATE,SINGLE-ANALYTE,REANALYSIS-NONE,STRUCTURED,MAB,TTE_EVENT,,AUTO,,F15
7bd51abb9c65,AIC-TTE,ID-DEFINED,TIME-DEFINED,DOSE-DEFINED,ADDL-ACTUAL-CONFLICT,BIOANALYTICAL-FINAL,COVARIATE-BASELINE-ONLY,SUBJECT-LEVEL-COVARIATE,SINGLE-ANALYTE,REANALYSIS-NONE,SEMI-STRUCTURED-LEGACY-FLAG,MAB,TTE_EVENT,,QUARANTINE,Q15B,F15
7597474d423c,AIC-TTE,ID-DEFINED,TIME-DEFINED,DOSE-DEFINED,ADDL-ACTUAL-CONFLICT,BIOANALYTICAL-FINAL,COVARIATE-BASELINE-ONLY,SUBJECT-LEVEL-COVARIATE,MULTI-CMT-DEFINED,REANALYSIS-NONE,STRUCTURED,MAB,TTE_EVENT,,REPAIR,,F15
a890530f8ffb,AIC-TTE,ID-DEFINED,TIME-DEFINED,DOSE-DEFINED,ADDL-ACTUAL-CONFLICT,BIOANALYTICAL-FINAL,COVARIATE-BASELINE-ONLY,SUBJECT-LEVEL-COVARIATE,MULTI-CMT-DEFINED,REANALYSIS-NONE,SEMI-STRUCTURED-LEGACY-FLAG,MAB,TTE_EVENT,,QUARANTINE,Q15B,F15
b6766d615636,AIC-TTE,ID-DEFINED,TIME-DEFINED,DOSE-DEFINED,ADDL-ACTUAL-CONFLICT,BIOANALYTICAL-FINAL,COVARIATE-BASELINE-ONLY,SUBJECT-LEVEL-COVARIATE,DDI-VICTIM-PERPETRATOR,REANALYSIS-NONE,STRUCTURED,MAB,TTE_EVENT,,REPAIR,,F22
0d891fef93bd,AIC-TTE,ID-DEFINED,TIME-DEFINED,DOSE-DEFINED,ADDL-ACTUAL-CONFLICT,BIOANALYTICAL-FINAL,COVARIATE-BASELINE-ONLY,SUBJECT-LEVEL-COVARIATE,DDI-VICTIM-PERPETRATOR,REANALYSIS-NONE,SEMI-STRUCTURED-LEGACY-FLAG,MAB,TTE_EVENT,,QUARANTINE,Q15B,F22
fa493f1b4efd,AIC-TTE,ID-DEFINED,TIME-DEFINED,DOSE-DEFINED,ADDL-ACTUAL-CONFLICT,BLQ-DEFINED-POLICY,COVARIATE-BASELINE-ONLY,SUBJECT-LEVEL-COVARIATE,SINGLE-ANALYTE,REANALYSIS-NONE,STRUCTURED,MAB,TTE_EVENT,,REPAIR,,F15
d33cbc1493e4,AIC-TTE,ID-DEFINED,TIME-DEFINED,DOSE-DEFINED,ADDL-ACTUAL-CONFLICT,BLQ-DEFINED-POLICY,COVARIATE-BASELINE-ONLY,SUBJECT-LEVEL-COVARIATE,SINGLE-ANALYTE,REANALYSIS-NONE,SEMI-STRUCTURED-LEGACY-FLAG,MAB,TTE_EVENT,,QUARANTINE,Q15B,F15
d5a2dfb46bf3,AIC-TTE,ID-DEFINED,TIME-DEFINED,DOSE-DEFINED,ADDL-ACTUAL-CONFLICT,BLQ-DEFINED-POLICY,COVARIATE-BASELINE-ONLY,SUBJECT-LEVEL-COVARIATE,MULTI-CMT-DEFINED,REANALYSIS-NONE,STRUCTURED,MAB,TTE_EVENT,,REPAIR,,F15
26acd8b153d8,AIC-TTE,ID-DEFINED,TIME-DEFINED,DOSE-DEFINED,ADDL-ACTUAL-CONFLICT,BLQ-DEFINED-POLICY,COVARIATE-BASELINE-ONLY,SUBJECT-LEVEL-COVARIATE,MULTI-CMT-DEFINED,REANALYSIS-NONE,SEMI-STRUCTURED-LEGACY-FLAG,MAB,TTE_EVENT,,QUARANTINE,Q15B,F15
45183146458c,AIC-TTE,ID-DEFINED,TIME-DEFINED,DOSE-DEFINED,ADDL-ACTUAL-CONFLICT,BLQ-DEFINED-POLICY,COVARIATE-BASELINE-ONLY,SUBJECT-LEVEL-COVARIATE,DDI-VICTIM-PERPETRATOR,REANALYSIS-NONE,STRUCTURED,MAB,TTE_EVENT,,REPAIR,,F22
a48a079ade94,AIC-TTE,ID-DEFINED,TIME-DEFINED,DOSE-DEFINED,ADDL-ACTUAL-CONFLICT,BLQ-DEFINED-POLICY,COVARIATE-BASELINE-ONLY,SUBJECT-LEVEL-COVARIATE,DDI-VICTIM-PERPETRATOR,REANALYSIS-NONE,SEMI-STRUCTURED-LEGACY-FLAG,MAB,TTE_EVENT,,QUARANTINE,Q15B,F22
9c9a08746d39,AIC-TTE,ID-DEFINED,TIME-DEFINED,DOSE-DEFINED,ADDL-ACTUAL-CONFLICT,BIOANALYTICAL-FINAL-FLAG-MISSING,COVARIATE-BASELINE-ONLY,SUBJECT-LEVEL-COVARIATE,SINGLE-ANALYTE,REANALYSIS-NONE,STRUCTURED,MAB,TTE_EVENT,,QUARANTINE,Q15A,F15
50d8bfc93185,AIC-TTE,ID-DEFINED,TIME-DEFINED,DOSE-DEFINED,ADDL-ACTUAL-CONFLICT,BIOANALYTICAL-FINAL-FLAG-MISSING,COVARIATE-BASELINE-ONLY,SUBJECT-LEVEL-COVARIATE,SINGLE-ANALYTE,REANALYSIS-NONE,SEMI-STRUCTURED-LEGACY-FLAG,MAB,TTE_EVENT,,QUARANTINE,Q15A,F15
b1c7fbe4b203,AIC-TTE,ID-DEFINED,TIME-DEFINED,DOSE-DEFINED,ADDL-ACTUAL-CONFLICT,BIOANALYTICAL-FINAL-FLAG-MISSING,COVARIATE-BASELINE-ONLY,SUBJECT-LEVEL-COVARIATE,MULTI-CMT-DEFINED,REANALYSIS-NONE,STRUCTURED,MAB,TTE_EVENT,,QUARANTINE,Q15A,F15
e5cc24262047,AIC-TTE,ID-DEFINED,TIME-DEFINED,DOSE-DEFINED,ADDL-ACTUAL-CONFLICT,BIOANALYTICAL-FINAL-FLAG-MISSING,COVARIATE-BASELINE-ONLY,SUBJECT-LEVEL-COVARIATE,MULTI-CMT-DEFINED,REANALYSIS-NONE,SEMI-STRUCTURED-LEGACY-FLAG,MAB,TTE_EVENT,,QUARANTINE,Q15A,F15
cd3209e81aa8,AIC-TTE,ID-DEFINED,TIME-DEFINED,DOSE-DEFINED,ADDL-ACTUAL-CONFLICT,BIOANALYTICAL-FINAL-FLAG-MISSING,COVARIATE-BASELINE-ONLY,SUBJECT-LEVEL-COVARIATE,DDI-VICTIM-PERPETRATOR,REANALYSIS-NONE,STRUCTURED,MAB,TTE_EVENT,,QUARANTINE,Q15A,F22
144d6024bee4,AIC-TTE,ID-DEFINED,TIME-DEFINED,DOSE-DEFINED,ADDL-ACTUAL-CONFLICT,BIOANALYTICAL-FINAL-FLAG-MISSING,COVARIATE-BASELINE-ONLY,SUBJECT-LEVEL-COVARIATE,DDI-VICTIM-PERPETRATOR,REANALYSIS-NONE,SEMI-STRUCTURED-LEGACY-FLAG,MAB,TTE_EVENT,,QUARANTINE,Q15A,F22
a003a71dbc24,AIC-TTE,ID-DEFINED,TIME-DEFINED,DOSE-DEFINED,REGIMEN-FIXED,BIOANALYTICAL-FINAL,COVARIATE-BASELINE-ONLY,SUBJECT-LEVEL-COVARIATE,SINGLE-ANALYTE,REANALYSIS-NONE,STRUCTURED,ADC,TTE_EVENT,,AUTO,,F15
29177c56dc65,AIC-TTE,ID-DEFINED,TIME-DEFINED,DOSE-DEFINED,REGIMEN-FIXED,BIOANALYTICAL-FINAL,COVARIATE-BASELINE-ONLY,SUBJECT-LEVEL-COVARIATE,SINGLE-ANALYTE,REANALYSIS-NONE,SEMI-STRUCTURED-LEGACY-FLAG,ADC,TTE_EVENT,,QUARANTINE,Q15B,F15
7a46ecd25a99,AIC-TTE,ID-DEFINED,TIME-DEFINED,DOSE-DEFINED,REGIMEN-FIXED,BIOANALYTICAL-FINAL,COVARIATE-BASELINE-ONLY,SUBJECT-LEVEL-COVARIATE,MULTI-CMT-DEFINED,REANALYSIS-NONE,STRUCTURED,ADC,TTE_EVENT,TOTAL_ANTIBODY|CONJUGATED_ADC|UNCONJUGATED_PAYLOAD,REPAIR,,F24
f9edf6281579,AIC-TTE,ID-DEFINED,TIME-DEFINED,DOSE-DEFINED,REGIMEN-FIXED,BIOANALYTICAL-FINAL,COVARIATE-BASELINE-ONLY,SUBJECT-LEVEL-COVARIATE,MULTI-CMT-DEFINED,REANALYSIS-NONE,STRUCTURED,ADC,TTE_EVENT,,QUARANTINE,Q16,F24
d5a29ec94fc2,AIC-TTE,ID-DEFINED,TIME-DEFINED,DOSE-DEFINED,REGIMEN-FIXED,BIOANALYTICAL-FINAL,COVARIATE-BASELINE-ONLY,SUBJECT-LEVEL-COVARIATE,MULTI-CMT-DEFINED,REANALYSIS-NONE,SEMI-STRUCTURED-LEGACY-FLAG,ADC,TTE_EVENT,TOTAL_ANTIBODY|CONJUGATED_ADC|UNCONJUGATED_PAYLOAD,QUARANTINE,Q15B,F24
a0dc41328651,AIC-TTE,ID-DEFINED,TIME-DEFINED,DOSE-DEFINED,REGIMEN-FIXED,BIOANALYTICAL-FINAL,COVARIATE-BASELINE-ONLY,SUBJECT-LEVEL-COVARIATE,MULTI-CMT-DEFINED,REANALYSIS-NONE,SEMI-STRUCTURED-LEGACY-FLAG,ADC,TTE_EVENT,,QUARANTINE,Q16,F24
6fe3c84af6ff,AIC-TTE,ID-DEFINED,TIME-DEFINED,DOSE-DEFINED,REGIMEN-FIXED,BIOANALYTICAL-FINAL,COVARIATE-BASELINE-ONLY,SUBJECT-LEVEL-COVARIATE,DDI-VICTIM-PERPETRATOR,REANALYSIS-NONE,STRUCTURED,ADC,TTE_EVENT,TOTAL_ANTIBODY|CONJUGATED_ADC|UNCONJUGATED_PAYLOAD,REPAIR,,F22
fb523083ec14,AIC-TTE,ID-DEFINED,TIME-DEFINED,DOSE-DEFINED,REGIMEN-FIXED,BIOANALYTICAL-FINAL,COVARIATE-BASELINE-ONLY,SUBJECT-LEVEL-COVARIATE,DDI-VICTIM-PERPETRATOR,REANALYSIS-NONE,STRUCTURED,ADC,TTE_EVENT,,QUARANTINE,Q16,F22
ea5d521ee646,AIC-TTE,ID-DEFINED,TIME-DEFINED,DOSE-DEFINED,REGIMEN-FIXED,BIOANALYTICAL-FINAL,COVARIATE-BASELINE-ONLY,SUBJECT-LEVEL-COVARIATE,DDI-VICTIM-PERPETRATOR,REANALYSIS-NONE,SEMI-STRUCTURED-LEGACY-FLAG,ADC,TTE_EVENT,TOTAL_ANTIBODY|CONJUGATED_ADC|UNCONJUGATED_PAYLOAD,QUARANTINE,Q15B,F22
e869bf59204a,AIC-TTE,ID-DEFINED,TIME-DEFINED,DOSE-DEFINED,REGIMEN-FIXED,BIOANALYTICAL-FINAL,COVARIATE-BASELINE-ONLY,SUBJECT-LEVEL-COVARIATE,DDI-VICTIM-PERPETRATOR,REANALYSIS-NONE,SEMI-STRUCTURED-LEGACY-FLAG,ADC,TTE_EVENT,,QUARANTINE,Q16,F22
e478f2a438ad,AIC-TTE,ID-DEFINED,TIME-DEFINED,DOSE-DEFINED,REGIMEN-FIXED,BLQ-DEFINED-POLICY,COVARIATE-BASELINE-ONLY,SUBJECT-LEVEL-COVARIATE,SINGLE-ANALYTE,REANALYSIS-NONE,STRUCTURED,ADC,TTE_EVENT,,REPAIR,,F15
41faebb202ac,AIC-TTE,ID-DEFINED,TIME-DEFINED,DOSE-DEFINED,REGIMEN-FIXED,BLQ-DEFINED-POLICY,COVARIATE-BASELINE-ONLY,SUBJECT-LEVEL-COVARIATE,SINGLE-ANALYTE,REANALYSIS-NONE,SEMI-STRUCTURED-LEGACY-FLAG,ADC,TTE_EVENT,,QUARANTINE,Q15B,F15
15c428247d6d,AIC-TTE,ID-DEFINED,TIME-DEFINED,DOSE-DEFINED,REGIMEN-FIXED,BLQ-DEFINED-POLICY,COVARIATE-BASELINE-ONLY,SUBJECT-LEVEL-COVARIATE,MULTI-CMT-DEFINED,REANALYSIS-NONE,STRUCTURED,ADC,TTE_EVENT,TOTAL_ANTIBODY|CONJUGATED_ADC|UNCONJUGATED_PAYLOAD,REPAIR,,F24
45c984c30ff5,AIC-TTE,ID-DEFINED,TIME-DEFINED,DOSE-DEFINED,REGIMEN-FIXED,BLQ-DEFINED-POLICY,COVARIATE-BASELINE-ONLY,SUBJECT-LEVEL-COVARIATE,MULTI-CMT-DEFINED,REANALYSIS-NONE,STRUCTURED,ADC,TTE_EVENT,,QUARANTINE,Q16,F24
94a2de99ade3,AIC-TTE,ID-DEFINED,TIME-DEFINED,DOSE-DEFINED,REGIMEN-FIXED,BLQ-DEFINED-POLICY,COVARIATE-BASELINE-ONLY,SUBJECT-LEVEL-COVARIATE,MULTI-CMT-DEFINED,REANALYSIS-NONE,SEMI-STRUCTURED-LEGACY-FLAG,ADC,TTE_EVENT,TOTAL_ANTIBODY|CONJUGATED_ADC|UNCONJUGATED_PAYLOAD,QUARANTINE,Q15B,F24
62a7d2a11bde,AIC-TTE,ID-DEFINED,TIME-DEFINED,DOSE-DEFINED,REGIMEN-FIXED,BLQ-DEFINED-POLICY,COVARIATE-BASELINE-ONLY,SUBJECT-LEVEL-COVARIATE,MULTI-CMT-DEFINED,REANALYSIS-NONE,SEMI-STRUCTURED-LEGACY-FLAG,ADC,TTE_EVENT,,QUARANTINE,Q16,F24
6ec9d4a760f5,AIC-TTE,ID-DEFINED,TIME-DEFINED,DOSE-DEFINED,REGIMEN-FIXED,BLQ-DEFINED-POLICY,COVARIATE-BASELINE-ONLY,SUBJECT-LEVEL-COVARIATE,DDI-VICTIM-PERPETRATOR,REANALYSIS-NONE,STRUCTURED,ADC,TTE_EVENT,TOTAL_ANTIBODY|CONJUGATED_ADC|UNCONJUGATED_PAYLOAD,REPAIR,,F22
5a6613fc1571,AIC-TTE,ID-DEFINED,TIME-DEFINED,DOSE-DEFINED,REGIMEN-FIXED,BLQ-DEFINED-POLICY,COVARIATE-BASELINE-ONLY,SUBJECT-LEVEL-COVARIATE,DDI-VICTIM-PERPETRATOR,REANALYSIS-NONE,STRUCTURED,ADC,TTE_EVENT,,QUARANTINE,Q16,F22
5637a87385af,AIC-TTE,ID-DEFINED,TIME-DEFINED,DOSE-DEFINED,REGIMEN-FIXED,BLQ-DEFINED-POLICY,COVARIATE-BASELINE-ONLY,SUBJECT-LEVEL-COVARIATE,DDI-VICTIM-PERPETRATOR,REANALYSIS-NONE,SEMI-STRUCTURED-LEGACY-FLAG,ADC,TTE_EVENT,TOTAL_ANTIBODY|CONJUGATED_ADC|UNCONJUGATED_PAYLOAD,QUARANTINE,Q15B,F22
a0ec0f0cf7e8,AIC-TTE,ID-DEFINED,TIME-DEFINED,DOSE-DEFINED,REGIMEN-FIXED,BLQ-DEFINED-POLICY,COVARIATE-BASELINE-ONLY,SUBJECT-LEVEL-COVARIATE,DDI-VICTIM-PERPETRATOR,REANALYSIS-NONE,SEMI-STRUCTURED-LEGACY-FLAG,ADC,TTE_EVENT,,QUARANTINE,Q16,F22
ec1024c0e0b7,AIC-TTE,ID-DEFINED,TIME-DEFINED,DOSE-DEFINED,REGIMEN-FIXED,BIOANALYTICAL-FINAL-FLAG-MISSING,COVARIATE-BASELINE-ONLY,SUBJECT-LEVEL-COVARIATE,SINGLE-ANALYTE,REANALYSIS-NONE,STRUCTURED,ADC,TTE_EVENT,,QUARANTINE,Q15A,F15
1454fbe17395,AIC-TTE,ID-DEFINED,TIME-DEFINED,DOSE-DEFINED,REGIMEN-FIXED,BIOANALYTICAL-FINAL-FLAG-MISSING,COVARIATE-BASELINE-ONLY,SUBJECT-LEVEL-COVARIATE,SINGLE-ANALYTE,REANALYSIS-NONE,SEMI-STRUCTURED-LEGACY-FLAG,ADC,TTE_EVENT,,QUARANTINE,Q15A,F15
decb0460fc62,AIC-TTE,ID-DEFINED,TIME-DEFINED,DOSE-DEFINED,REGIMEN-FIXED,BIOANALYTICAL-FINAL-FLAG-MISSING,COVARIATE-BASELINE-ONLY,SUBJECT-LEVEL-COVARIATE,MULTI-CMT-DEFINED,REANALYSIS-NONE,STRUCTURED,ADC,TTE_EVENT,TOTAL_ANTIBODY|CONJUGATED_ADC|UNCONJUGATED_PAYLOAD,QUARANTINE,Q15A,F24
624c30e61705,AIC-TTE,ID-DEFINED,TIME-DEFINED,DOSE-DEFINED,REGIMEN-FIXED,BIOANALYTICAL-FINAL-FLAG-MISSING,COVARIATE-BASELINE-ONLY,SUBJECT-LEVEL-COVARIATE,MULTI-CMT-DEFINED,REANALYSIS-NONE,STRUCTURED,ADC,TTE_EVENT,,QUARANTINE,Q15A,F24
bcd7330eb223,AIC-TTE,ID-DEFINED,TIME-DEFINED,DOSE-DEFINED,REGIMEN-FIXED,BIOANALYTICAL-FINAL-FLAG-MISSING,COVARIATE-BASELINE-ONLY,SUBJECT-LEVEL-COVARIATE,MULTI-CMT-DEFINED,REANALYSIS-NONE,SEMI-STRUCTURED-LEGACY-FLAG,ADC,TTE_EVENT,TOTAL_ANTIBODY|CONJUGATED_ADC|UNCONJUGATED_PAYLOAD,QUARANTINE,Q15A,F24
66f9f2ed762b,AIC-TTE,ID-DEFINED,TIME-DEFINED,DOSE-DEFINED,REGIMEN-FIXED,BIOANALYTICAL-FINAL-FLAG-MISSING,COVARIATE-BASELINE-ONLY,SUBJECT-LEVEL-COVARIATE,MULTI-CMT-DEFINED,REANALYSIS-NONE,SEMI-STRUCTURED-LEGACY-FLAG,ADC,TTE_EVENT,,QUARANTINE,Q15A,F24
89753d0da5a0,AIC-TTE,ID-DEFINED,TIME-DEFINED,DOSE-DEFINED,REGIMEN-FIXED,BIOANALYTICAL-FINAL-FLAG-MISSING,COVARIATE-BASELINE-ONLY,SUBJECT-LEVEL-COVARIATE,DDI-VICTIM-PERPETRATOR,REANALYSIS-NONE,STRUCTURED,ADC,TTE_EVENT,TOTAL_ANTIBODY|CONJUGATED_ADC|UNCONJUGATED_PAYLOAD,QUARANTINE,Q15A,F22
ba8aa44cad82,AIC-TTE,ID-DEFINED,TIME-DEFINED,DOSE-DEFINED,REGIMEN-FIXED,BIOANALYTICAL-FINAL-FLAG-MISSING,COVARIATE-BASELINE-ONLY,SUBJECT-LEVEL-COVARIATE,DDI-VICTIM-PERPETRATOR,REANALYSIS-NONE,STRUCTURED,ADC,TTE_EVENT,,QUARANTINE,Q15A,F22
c12898401f0e,AIC-TTE,ID-DEFINED,TIME-DEFINED,DOSE-DEFINED,REGIMEN-FIXED,BIOANALYTICAL-FINAL-FLAG-MISSING,COVARIATE-BASELINE-ONLY,SUBJECT-LEVEL-COVARIATE,DDI-VICTIM-PERPETRATOR,REANALYSIS-NONE,SEMI-STRUCTURED-LEGACY-FLAG,ADC,TTE_EVENT,TOTAL_ANTIBODY|CONJUGATED_ADC|UNCONJUGATED_PAYLOAD,QUARANTINE,Q15A,F22
e1bef3e6356e,AIC-TTE,ID-DEFINED,TIME-DEFINED,DOSE-DEFINED,REGIMEN-FIXED,BIOANALYTICAL-FINAL-FLAG-MISSING,COVARIATE-BASELINE-ONLY,SUBJECT-LEVEL-COVARIATE,DDI-VICTIM-PERPETRATOR,REANALYSIS-NONE,SEMI-STRUCTURED-LEGACY-FLAG,ADC,TTE_EVENT,,QUARANTINE,Q15A,F22
e447c03f8eb9,AIC-TTE,ID-DEFINED,TIME-DEFINED,DOSE-DEFINED,ADDL-ACTUAL-CONFLICT,BIOANALYTICAL-FINAL,COVARIATE-BASELINE-ONLY,SUBJECT-LEVEL-COVARIATE,SINGLE-ANALYTE,REANALYSIS-NONE,STRUCTURED,ADC,TTE_EVENT,,AUTO,,F15
a086fdb59743,AIC-TTE,ID-DEFINED,TIME-DEFINED,DOSE-DEFINED,ADDL-ACTUAL-CONFLICT,BIOANALYTICAL-FINAL,COVARIATE-BASELINE-ONLY,SUBJECT-LEVEL-COVARIATE,SINGLE-ANALYTE,REANALYSIS-NONE,SEMI-STRUCTURED-LEGACY-FLAG,ADC,TTE_EVENT,,QUARANTINE,Q15B,F15
b65c0e863751,AIC-TTE,ID-DEFINED,TIME-DEFINED,DOSE-DEFINED,ADDL-ACTUAL-CONFLICT,BIOANALYTICAL-FINAL,COVARIATE-BASELINE-ONLY,SUBJECT-LEVEL-COVARIATE,MULTI-CMT-DEFINED,REANALYSIS-NONE,STRUCTURED,ADC,TTE_EVENT,TOTAL_ANTIBODY|CONJUGATED_ADC|UNCONJUGATED_PAYLOAD,REPAIR,,F24
f751db277e18,AIC-TTE,ID-DEFINED,TIME-DEFINED,DOSE-DEFINED,ADDL-ACTUAL-CONFLICT,BIOANALYTICAL-FINAL,COVARIATE-BASELINE-ONLY,SUBJECT-LEVEL-COVARIATE,MULTI-CMT-DEFINED,REANALYSIS-NONE,STRUCTURED,ADC,TTE_EVENT,,QUARANTINE,Q16,F24
37a7abff37fa,AIC-TTE,ID-DEFINED,TIME-DEFINED,DOSE-DEFINED,ADDL-ACTUAL-CONFLICT,BIOANALYTICAL-FINAL,COVARIATE-BASELINE-ONLY,SUBJECT-LEVEL-COVARIATE,MULTI-CMT-DEFINED,REANALYSIS-NONE,SEMI-STRUCTURED-LEGACY-FLAG,ADC,TTE_EVENT,TOTAL_ANTIBODY|CONJUGATED_ADC|UNCONJUGATED_PAYLOAD,QUARANTINE,Q15B,F24
9bcb28b219e1,AIC-TTE,ID-DEFINED,TIME-DEFINED,DOSE-DEFINED,ADDL-ACTUAL-CONFLICT,BIOANALYTICAL-FINAL,COVARIATE-BASELINE-ONLY,SUBJECT-LEVEL-COVARIATE,MULTI-CMT-DEFINED,REANALYSIS-NONE,SEMI-STRUCTURED-LEGACY-FLAG,ADC,TTE_EVENT,,QUARANTINE,Q16,F24
4ad1ed68f000,AIC-TTE,ID-DEFINED,TIME-DEFINED,DOSE-DEFINED,ADDL-ACTUAL-CONFLICT,BIOANALYTICAL-FINAL,COVARIATE-BASELINE-ONLY,SUBJECT-LEVEL-COVARIATE,DDI-VICTIM-PERPETRATOR,REANALYSIS-NONE,STRUCTURED,ADC,TTE_EVENT,TOTAL_ANTIBODY|CONJUGATED_ADC|UNCONJUGATED_PAYLOAD,REPAIR,,F22
df727501e9d1,AIC-TTE,ID-DEFINED,TIME-DEFINED,DOSE-DEFINED,ADDL-ACTUAL-CONFLICT,BIOANALYTICAL-FINAL,COVARIATE-BASELINE-ONLY,SUBJECT-LEVEL-COVARIATE,DDI-VICTIM-PERPETRATOR,REANALYSIS-NONE,STRUCTURED,ADC,TTE_EVENT,,QUARANTINE,Q16,F22
4fad31d9e429,AIC-TTE,ID-DEFINED,TIME-DEFINED,DOSE-DEFINED,ADDL-ACTUAL-CONFLICT,BIOANALYTICAL-FINAL,COVARIATE-BASELINE-ONLY,SUBJECT-LEVEL-COVARIATE,DDI-VICTIM-PERPETRATOR,REANALYSIS-NONE,SEMI-STRUCTURED-LEGACY-FLAG,ADC,TTE_EVENT,TOTAL_ANTIBODY|CONJUGATED_ADC|UNCONJUGATED_PAYLOAD,QUARANTINE,Q15B,F22
08c16e8c215c,AIC-TTE,ID-DEFINED,TIME-DEFINED,DOSE-DEFINED,ADDL-ACTUAL-CONFLICT,BIOANALYTICAL-FINAL,COVARIATE-BASELINE-ONLY,SUBJECT-LEVEL-COVARIATE,DDI-VICTIM-PERPETRATOR,REANALYSIS-NONE,SEMI-STRUCTURED-LEGACY-FLAG,ADC,TTE_EVENT,,QUARANTINE,Q16,F22
9e1e585eeea6,AIC-TTE,ID-DEFINED,TIME-DEFINED,DOSE-DEFINED,ADDL-ACTUAL-CONFLICT,BLQ-DEFINED-POLICY,COVARIATE-BASELINE-ONLY,SUBJECT-LEVEL-COVARIATE,SINGLE-ANALYTE,REANALYSIS-NONE,STRUCTURED,ADC,TTE_EVENT,,REPAIR,,F15
d23a930885ce,AIC-TTE,ID-DEFINED,TIME-DEFINED,DOSE-DEFINED,ADDL-ACTUAL-CONFLICT,BLQ-DEFINED-POLICY,COVARIATE-BASELINE-ONLY,SUBJECT-LEVEL-COVARIATE,SINGLE-ANALYTE,REANALYSIS-NONE,SEMI-STRUCTURED-LEGACY-FLAG,ADC,TTE_EVENT,,QUARANTINE,Q15B,F15
4173886cc19c,AIC-TTE,ID-DEFINED,TIME-DEFINED,DOSE-DEFINED,ADDL-ACTUAL-CONFLICT,BLQ-DEFINED-POLICY,COVARIATE-BASELINE-ONLY,SUBJECT-LEVEL-COVARIATE,MULTI-CMT-DEFINED,REANALYSIS-NONE,STRUCTURED,ADC,TTE_EVENT,TOTAL_ANTIBODY|CONJUGATED_ADC|UNCONJUGATED_PAYLOAD,REPAIR,,F24
1d2b7ae3ada9,AIC-TTE,ID-DEFINED,TIME-DEFINED,DOSE-DEFINED,ADDL-ACTUAL-CONFLICT,BLQ-DEFINED-POLICY,COVARIATE-BASELINE-ONLY,SUBJECT-LEVEL-COVARIATE,MULTI-CMT-DEFINED,REANALYSIS-NONE,STRUCTURED,ADC,TTE_EVENT,,QUARANTINE,Q16,F24
86f9fae34025,AIC-TTE,ID-DEFINED,TIME-DEFINED,DOSE-DEFINED,ADDL-ACTUAL-CONFLICT,BLQ-DEFINED-POLICY,COVARIATE-BASELINE-ONLY,SUBJECT-LEVEL-COVARIATE,MULTI-CMT-DEFINED,REANALYSIS-NONE,SEMI-STRUCTURED-LEGACY-FLAG,ADC,TTE_EVENT,TOTAL_ANTIBODY|CONJUGATED_ADC|UNCONJUGATED_PAYLOAD,QUARANTINE,Q15B,F24
a134c1ca49b8,AIC-TTE,ID-DEFINED,TIME-DEFINED,DOSE-DEFINED,ADDL-ACTUAL-CONFLICT,BLQ-DEFINED-POLICY,COVARIATE-BASELINE-ONLY,SUBJECT-LEVEL-COVARIATE,MULTI-CMT-DEFINED,REANALYSIS-NONE,SEMI-STRUCTURED-LEGACY-FLAG,ADC,TTE_EVENT,,QUARANTINE,Q16,F24
8447aec3259e,AIC-TTE,ID-DEFINED,TIME-DEFINED,DOSE-DEFINED,ADDL-ACTUAL-CONFLICT,BLQ-DEFINED-POLICY,COVARIATE-BASELINE-ONLY,SUBJECT-LEVEL-COVARIATE,DDI-VICTIM-PERPETRATOR,REANALYSIS-NONE,STRUCTURED,ADC,TTE_EVENT,TOTAL_ANTIBODY|CONJUGATED_ADC|UNCONJUGATED_PAYLOAD,REPAIR,,F22
7841ceccd322,AIC-TTE,ID-DEFINED,TIME-DEFINED,DOSE-DEFINED,ADDL-ACTUAL-CONFLICT,BLQ-DEFINED-POLICY,COVARIATE-BASELINE-ONLY,SUBJECT-LEVEL-COVARIATE,DDI-VICTIM-PERPETRATOR,REANALYSIS-NONE,STRUCTURED,ADC,TTE_EVENT,,QUARANTINE,Q16,F22
fcbdfd5ed676,AIC-TTE,ID-DEFINED,TIME-DEFINED,DOSE-DEFINED,ADDL-ACTUAL-CONFLICT,BLQ-DEFINED-POLICY,COVARIATE-BASELINE-ONLY,SUBJECT-LEVEL-COVARIATE,DDI-VICTIM-PERPETRATOR,REANALYSIS-NONE,SEMI-STRUCTURED-LEGACY-FLAG,ADC,TTE_EVENT,TOTAL_ANTIBODY|CONJUGATED_ADC|UNCONJUGATED_PAYLOAD,QUARANTINE,Q15B,F22
1d3dbcbf1363,AIC-TTE,ID-DEFINED,TIME-DEFINED,DOSE-DEFINED,ADDL-ACTUAL-CONFLICT,BLQ-DEFINED-POLICY,COVARIATE-BASELINE-ONLY,SUBJECT-LEVEL-COVARIATE,DDI-VICTIM-PERPETRATOR,REANALYSIS-NONE,SEMI-STRUCTURED-LEGACY-FLAG,ADC,TTE_EVENT,,QUARANTINE,Q16,F22
3bfaf426b021,AIC-TTE,ID-DEFINED,TIME-DEFINED,DOSE-DEFINED,ADDL-ACTUAL-CONFLICT,BIOANALYTICAL-FINAL-FLAG-MISSING,COVARIATE-BASELINE-ONLY,SUBJECT-LEVEL-COVARIATE,SINGLE-ANALYTE,REANALYSIS-NONE,STRUCTURED,ADC,TTE_EVENT,,QUARANTINE,Q15A,F15
0c17b96aa23e,AIC-TTE,ID-DEFINED,TIME-DEFINED,DOSE-DEFINED,ADDL-ACTUAL-CONFLICT,BIOANALYTICAL-FINAL-FLAG-MISSING,COVARIATE-BASELINE-ONLY,SUBJECT-LEVEL-COVARIATE,SINGLE-ANALYTE,REANALYSIS-NONE,SEMI-STRUCTURED-LEGACY-FLAG,ADC,TTE_EVENT,,QUARANTINE,Q15A,F15
988aa5120b76,AIC-TTE,ID-DEFINED,TIME-DEFINED,DOSE-DEFINED,ADDL-ACTUAL-CONFLICT,BIOANALYTICAL-FINAL-FLAG-MISSING,COVARIATE-BASELINE-ONLY,SUBJECT-LEVEL-COVARIATE,MULTI-CMT-DEFINED,REANALYSIS-NONE,STRUCTURED,ADC,TTE_EVENT,TOTAL_ANTIBODY|CONJUGATED_ADC|UNCONJUGATED_PAYLOAD,QUARANTINE,Q15A,F24
74763a867359,AIC-TTE,ID-DEFINED,TIME-DEFINED,DOSE-DEFINED,ADDL-ACTUAL-CONFLICT,BIOANALYTICAL-FINAL-FLAG-MISSING,COVARIATE-BASELINE-ONLY,SUBJECT-LEVEL-COVARIATE,MULTI-CMT-DEFINED,REANALYSIS-NONE,STRUCTURED,ADC,TTE_EVENT,,QUARANTINE,Q15A,F24
250c3f2933d8,AIC-TTE,ID-DEFINED,TIME-DEFINED,DOSE-DEFINED,ADDL-ACTUAL-CONFLICT,BIOANALYTICAL-FINAL-FLAG-MISSING,COVARIATE-BASELINE-ONLY,SUBJECT-LEVEL-COVARIATE,MULTI-CMT-DEFINED,REANALYSIS-NONE,SEMI-STRUCTURED-LEGACY-FLAG,ADC,TTE_EVENT,TOTAL_ANTIBODY|CONJUGATED_ADC|UNCONJUGATED_PAYLOAD,QUARANTINE,Q15A,F24
ce95fc7edc10,AIC-TTE,ID-DEFINED,TIME-DEFINED,DOSE-DEFINED,ADDL-ACTUAL-CONFLICT,BIOANALYTICAL-FINAL-FLAG-MISSING,COVARIATE-BASELINE-ONLY,SUBJECT-LEVEL-COVARIATE,MULTI-CMT-DEFINED,REANALYSIS-NONE,SEMI-STRUCTURED-LEGACY-FLAG,ADC,TTE_EVENT,,QUARANTINE,Q15A,F24
ab98b2474a5f,AIC-TTE,ID-DEFINED,TIME-DEFINED,DOSE-DEFINED,ADDL-ACTUAL-CONFLICT,BIOANALYTICAL-FINAL-FLAG-MISSING,COVARIATE-BASELINE-ONLY,SUBJECT-LEVEL-COVARIATE,DDI-VICTIM-PERPETRATOR,REANALYSIS-NONE,STRUCTURED,ADC,TTE_EVENT,TOTAL_ANTIBODY|CONJUGATED_ADC|UNCONJUGATED_PAYLOAD,QUARANTINE,Q15A,F22
011c624572e4,AIC-TTE,ID-DEFINED,TIME-DEFINED,DOSE-DEFINED,ADDL-ACTUAL-CONFLICT,BIOANALYTICAL-FINAL-FLAG-MISSING,COVARIATE-BASELINE-ONLY,SUBJECT-LEVEL-COVARIATE,DDI-VICTIM-PERPETRATOR,REANALYSIS-NONE,STRUCTURED,ADC,TTE_EVENT,,QUARANTINE,Q15A,F22
397d38854c13,AIC-TTE,ID-DEFINED,TIME-DEFINED,DOSE-DEFINED,ADDL-ACTUAL-CONFLICT,BIOANALYTICAL-FINAL-FLAG-MISSING,COVARIATE-BASELINE-ONLY,SUBJECT-LEVEL-COVARIATE,DDI-VICTIM-PERPETRATOR,REANALYSIS-NONE,SEMI-STRUCTURED-LEGACY-FLAG,ADC,TTE_EVENT,TOTAL_ANTIBODY|CONJUGATED_ADC|UNCONJUGATED_PAYLOAD,QUARANTINE,Q15A,F22
c67de1f76aab,AIC-TTE,ID-DEFINED,TIME-DEFINED,DOSE-DEFINED,ADDL-ACTUAL-CONFLICT,BIOANALYTICAL-FINAL-FLAG-MISSING,COVARIATE-BASELINE-ONLY,SUBJECT-LEVEL-COVARIATE,DDI-VICTIM-PERPETRATOR,REANALYSIS-NONE,SEMI-STRUCTURED-LEGACY-FLAG,ADC,TTE_EVENT,,QUARANTINE,Q15A,F22
5ccc0f2133f2,AIC-TTE,ID-DEFINED,TIME-DEFINED,DOSE-DEFINED,REGIMEN-FIXED,BIOANALYTICAL-FINAL,COVARIATE-BASELINE-ONLY,SUBJECT-LEVEL-COVARIATE,SINGLE-ANALYTE,REANALYSIS-NONE,STRUCTURED,BISPECIFIC,TTE_EVENT,,AUTO,,F15
552c1a12bf80,AIC-TTE,ID-DEFINED,TIME-DEFINED,DOSE-DEFINED,REGIMEN-FIXED,BIOANALYTICAL-FINAL,COVARIATE-BASELINE-ONLY,SUBJECT-LEVEL-COVARIATE,SINGLE-ANALYTE,REANALYSIS-NONE,SEMI-STRUCTURED-LEGACY-FLAG,BISPECIFIC,TTE_EVENT,,QUARANTINE,Q15B,F15
8b226299d4f8,AIC-TTE,ID-DEFINED,TIME-DEFINED,DOSE-DEFINED,REGIMEN-FIXED,BIOANALYTICAL-FINAL,COVARIATE-BASELINE-ONLY,SUBJECT-LEVEL-COVARIATE,MULTI-CMT-DEFINED,REANALYSIS-NONE,STRUCTURED,BISPECIFIC,TTE_EVENT,PARENT|SOLUBLE_TARGET|DRUG_TARGET_COMPLEX,REPAIR,,F25
fdfec3cda36f,AIC-TTE,ID-DEFINED,TIME-DEFINED,DOSE-DEFINED,REGIMEN-FIXED,BIOANALYTICAL-FINAL,COVARIATE-BASELINE-ONLY,SUBJECT-LEVEL-COVARIATE,MULTI-CMT-DEFINED,REANALYSIS-NONE,STRUCTURED,BISPECIFIC,TTE_EVENT,,QUARANTINE,Q16,F25
2dd93b6b11b1,AIC-TTE,ID-DEFINED,TIME-DEFINED,DOSE-DEFINED,REGIMEN-FIXED,BIOANALYTICAL-FINAL,COVARIATE-BASELINE-ONLY,SUBJECT-LEVEL-COVARIATE,MULTI-CMT-DEFINED,REANALYSIS-NONE,SEMI-STRUCTURED-LEGACY-FLAG,BISPECIFIC,TTE_EVENT,PARENT|SOLUBLE_TARGET|DRUG_TARGET_COMPLEX,QUARANTINE,Q15B,F25
ec860b63771a,AIC-TTE,ID-DEFINED,TIME-DEFINED,DOSE-DEFINED,REGIMEN-FIXED,BIOANALYTICAL-FINAL,COVARIATE-BASELINE-ONLY,SUBJECT-LEVEL-COVARIATE,MULTI-CMT-DEFINED,REANALYSIS-NONE,SEMI-STRUCTURED-LEGACY-FLAG,BISPECIFIC,TTE_EVENT,,QUARANTINE,Q16,F25
2f8ec3002131,AIC-TTE,ID-DEFINED,TIME-DEFINED,DOSE-DEFINED,REGIMEN-FIXED,BIOANALYTICAL-FINAL,COVARIATE-BASELINE-ONLY,SUBJECT-LEVEL-COVARIATE,DDI-VICTIM-PERPETRATOR,REANALYSIS-NONE,STRUCTURED,BISPECIFIC,TTE_EVENT,PARENT|SOLUBLE_TARGET|DRUG_TARGET_COMPLEX,REPAIR,,F22
7e6088c5201e,AIC-TTE,ID-DEFINED,TIME-DEFINED,DOSE-DEFINED,REGIMEN-FIXED,BIOANALYTICAL-FINAL,COVARIATE-BASELINE-ONLY,SUBJECT-LEVEL-COVARIATE,DDI-VICTIM-PERPETRATOR,REANALYSIS-NONE,STRUCTURED,BISPECIFIC,TTE_EVENT,,QUARANTINE,Q16,F22
ce4b817b9b62,AIC-TTE,ID-DEFINED,TIME-DEFINED,DOSE-DEFINED,REGIMEN-FIXED,BIOANALYTICAL-FINAL,COVARIATE-BASELINE-ONLY,SUBJECT-LEVEL-COVARIATE,DDI-VICTIM-PERPETRATOR,REANALYSIS-NONE,SEMI-STRUCTURED-LEGACY-FLAG,BISPECIFIC,TTE_EVENT,PARENT|SOLUBLE_TARGET|DRUG_TARGET_COMPLEX,QUARANTINE,Q15B,F22
76cb4a0e82af,AIC-TTE,ID-DEFINED,TIME-DEFINED,DOSE-DEFINED,REGIMEN-FIXED,BIOANALYTICAL-FINAL,COVARIATE-BASELINE-ONLY,SUBJECT-LEVEL-COVARIATE,DDI-VICTIM-PERPETRATOR,REANALYSIS-NONE,SEMI-STRUCTURED-LEGACY-FLAG,BISPECIFIC,TTE_EVENT,,QUARANTINE,Q16,F22
25a605bcdf75,AIC-TTE,ID-DEFINED,TIME-DEFINED,DOSE-DEFINED,REGIMEN-FIXED,BLQ-DEFINED-POLICY,COVARIATE-BASELINE-ONLY,SUBJECT-LEVEL-COVARIATE,SINGLE-ANALYTE,REANALYSIS-NONE,STRUCTURED,BISPECIFIC,TTE_EVENT,,REPAIR,,F15
f4b857f8cf09,AIC-TTE,ID-DEFINED,TIME-DEFINED,DOSE-DEFINED,REGIMEN-FIXED,BLQ-DEFINED-POLICY,COVARIATE-BASELINE-ONLY,SUBJECT-LEVEL-COVARIATE,SINGLE-ANALYTE,REANALYSIS-NONE,SEMI-STRUCTURED-LEGACY-FLAG,BISPECIFIC,TTE_EVENT,,QUARANTINE,Q15B,F15
8df8e345cdf3,AIC-TTE,ID-DEFINED,TIME-DEFINED,DOSE-DEFINED,REGIMEN-FIXED,BLQ-DEFINED-POLICY,COVARIATE-BASELINE-ONLY,SUBJECT-LEVEL-COVARIATE,MULTI-CMT-DEFINED,REANALYSIS-NONE,STRUCTURED,BISPECIFIC,TTE_EVENT,PARENT|SOLUBLE_TARGET|DRUG_TARGET_COMPLEX,REPAIR,,F25
d4222e4790e2,AIC-TTE,ID-DEFINED,TIME-DEFINED,DOSE-DEFINED,REGIMEN-FIXED,BLQ-DEFINED-POLICY,COVARIATE-BASELINE-ONLY,SUBJECT-LEVEL-COVARIATE,MULTI-CMT-DEFINED,REANALYSIS-NONE,STRUCTURED,BISPECIFIC,TTE_EVENT,,QUARANTINE,Q16,F25
9f0320364b70,AIC-TTE,ID-DEFINED,TIME-DEFINED,DOSE-DEFINED,REGIMEN-FIXED,BLQ-DEFINED-POLICY,COVARIATE-BASELINE-ONLY,SUBJECT-LEVEL-COVARIATE,MULTI-CMT-DEFINED,REANALYSIS-NONE,SEMI-STRUCTURED-LEGACY-FLAG,BISPECIFIC,TTE_EVENT,PARENT|SOLUBLE_TARGET|DRUG_TARGET_COMPLEX,QUARANTINE,Q15B,F25
66ab053d8eb6,AIC-TTE,ID-DEFINED,TIME-DEFINED,DOSE-DEFINED,REGIMEN-FIXED,BLQ-DEFINED-POLICY,COVARIATE-BASELINE-ONLY,SUBJECT-LEVEL-COVARIATE,MULTI-CMT-DEFINED,REANALYSIS-NONE,SEMI-STRUCTURED-LEGACY-FLAG,BISPECIFIC,TTE_EVENT,,QUARANTINE,Q16,F25
7db89e1a3bd9,AIC-TTE,ID-DEFINED,TIME-DEFINED,DOSE-DEFINED,REGIMEN-FIXED,BLQ-DEFINED-POLICY,COVARIATE-BASELINE-ONLY,SUBJECT-LEVEL-COVARIATE,DDI-VICTIM-PERPETRATOR,REANALYSIS-NONE,STRUCTURED,BISPECIFIC,TTE_EVENT,PARENT|SOLUBLE_TARGET|DRUG_TARGET_COMPLEX,REPAIR,,F22
cacbe9bd8f48,AIC-TTE,ID-DEFINED,TIME-DEFINED,DOSE-DEFINED,REGIMEN-FIXED,BLQ-DEFINED-POLICY,COVARIATE-BASELINE-ONLY,SUBJECT-LEVEL-COVARIATE,DDI-VICTIM-PERPETRATOR,REANALYSIS-NONE,STRUCTURED,BISPECIFIC,TTE_EVENT,,QUARANTINE,Q16,F22
c7b30bf9687a,AIC-TTE,ID-DEFINED,TIME-DEFINED,DOSE-DEFINED,REGIMEN-FIXED,BLQ-DEFINED-POLICY,COVARIATE-BASELINE-ONLY,SUBJECT-LEVEL-COVARIATE,DDI-VICTIM-PERPETRATOR,REANALYSIS-NONE,SEMI-STRUCTURED-LEGACY-FLAG,BISPECIFIC,TTE_EVENT,PARENT|SOLUBLE_TARGET|DRUG_TARGET_COMPLEX,QUARANTINE,Q15B,F22
a28ceaa4191c,AIC-TTE,ID-DEFINED,TIME-DEFINED,DOSE-DEFINED,REGIMEN-FIXED,BLQ-DEFINED-POLICY,COVARIATE-BASELINE-ONLY,SUBJECT-LEVEL-COVARIATE,DDI-VICTIM-PERPETRATOR,REANALYSIS-NONE,SEMI-STRUCTURED-LEGACY-FLAG,BISPECIFIC,TTE_EVENT,,QUARANTINE,Q16,F22
ca5c0c419f25,AIC-TTE,ID-DEFINED,TIME-DEFINED,DOSE-DEFINED,REGIMEN-FIXED,BIOANALYTICAL-FINAL-FLAG-MISSING,COVARIATE-BASELINE-ONLY,SUBJECT-LEVEL-COVARIATE,SINGLE-ANALYTE,REANALYSIS-NONE,STRUCTURED,BISPECIFIC,TTE_EVENT,,QUARANTINE,Q15A,F15
4d1d6fde94ca,AIC-TTE,ID-DEFINED,TIME-DEFINED,DOSE-DEFINED,REGIMEN-FIXED,BIOANALYTICAL-FINAL-FLAG-MISSING,COVARIATE-BASELINE-ONLY,SUBJECT-LEVEL-COVARIATE,SINGLE-ANALYTE,REANALYSIS-NONE,SEMI-STRUCTURED-LEGACY-FLAG,BISPECIFIC,TTE_EVENT,,QUARANTINE,Q15A,F15
cc2fe8c113be,AIC-TTE,ID-DEFINED,TIME-DEFINED,DOSE-DEFINED,REGIMEN-FIXED,BIOANALYTICAL-FINAL-FLAG-MISSING,COVARIATE-BASELINE-ONLY,SUBJECT-LEVEL-COVARIATE,MULTI-CMT-DEFINED,REANALYSIS-NONE,STRUCTURED,BISPECIFIC,TTE_EVENT,PARENT|SOLUBLE_TARGET|DRUG_TARGET_COMPLEX,QUARANTINE,Q15A,F25
a13cced827cc,AIC-TTE,ID-DEFINED,TIME-DEFINED,DOSE-DEFINED,REGIMEN-FIXED,BIOANALYTICAL-FINAL-FLAG-MISSING,COVARIATE-BASELINE-ONLY,SUBJECT-LEVEL-COVARIATE,MULTI-CMT-DEFINED,REANALYSIS-NONE,STRUCTURED,BISPECIFIC,TTE_EVENT,,QUARANTINE,Q15A,F25
3849adfc7b88,AIC-TTE,ID-DEFINED,TIME-DEFINED,DOSE-DEFINED,REGIMEN-FIXED,BIOANALYTICAL-FINAL-FLAG-MISSING,COVARIATE-BASELINE-ONLY,SUBJECT-LEVEL-COVARIATE,MULTI-CMT-DEFINED,REANALYSIS-NONE,SEMI-STRUCTURED-LEGACY-FLAG,BISPECIFIC,TTE_EVENT,PARENT|SOLUBLE_TARGET|DRUG_TARGET_COMPLEX,QUARANTINE,Q15A,F25
d443e7465059,AIC-TTE,ID-DEFINED,TIME-DEFINED,DOSE-DEFINED,REGIMEN-FIXED,BIOANALYTICAL-FINAL-FLAG-MISSING,COVARIATE-BASELINE-ONLY,SUBJECT-LEVEL-COVARIATE,MULTI-CMT-DEFINED,REANALYSIS-NONE,SEMI-STRUCTURED-LEGACY-FLAG,BISPECIFIC,TTE_EVENT,,QUARANTINE,Q15A,F25
e6273a86b81b,AIC-TTE,ID-DEFINED,TIME-DEFINED,DOSE-DEFINED,REGIMEN-FIXED,BIOANALYTICAL-FINAL-FLAG-MISSING,COVARIATE-BASELINE-ONLY,SUBJECT-LEVEL-COVARIATE,DDI-VICTIM-PERPETRATOR,REANALYSIS-NONE,STRUCTURED,BISPECIFIC,TTE_EVENT,PARENT|SOLUBLE_TARGET|DRUG_TARGET_COMPLEX,QUARANTINE,Q15A,F22
7bfdb9928f0d,AIC-TTE,ID-DEFINED,TIME-DEFINED,DOSE-DEFINED,REGIMEN-FIXED,BIOANALYTICAL-FINAL-FLAG-MISSING,COVARIATE-BASELINE-ONLY,SUBJECT-LEVEL-COVARIATE,DDI-VICTIM-PERPETRATOR,REANALYSIS-NONE,STRUCTURED,BISPECIFIC,TTE_EVENT,,QUARANTINE,Q15A,F22
7641d2a5e233,AIC-TTE,ID-DEFINED,TIME-DEFINED,DOSE-DEFINED,REGIMEN-FIXED,BIOANALYTICAL-FINAL-FLAG-MISSING,COVARIATE-BASELINE-ONLY,SUBJECT-LEVEL-COVARIATE,DDI-VICTIM-PERPETRATOR,REANALYSIS-NONE,SEMI-STRUCTURED-LEGACY-FLAG,BISPECIFIC,TTE_EVENT,PARENT|SOLUBLE_TARGET|DRUG_TARGET_COMPLEX,QUARANTINE,Q15A,F22
5791baa89b82,AIC-TTE,ID-DEFINED,TIME-DEFINED,DOSE-DEFINED,REGIMEN-FIXED,BIOANALYTICAL-FINAL-FLAG-MISSING,COVARIATE-BASELINE-ONLY,SUBJECT-LEVEL-COVARIATE,DDI-VICTIM-PERPETRATOR,REANALYSIS-NONE,SEMI-STRUCTURED-LEGACY-FLAG,BISPECIFIC,TTE_EVENT,,QUARANTINE,Q15A,F22
b75e710d7842,AIC-TTE,ID-DEFINED,TIME-DEFINED,DOSE-DEFINED,ADDL-ACTUAL-CONFLICT,BIOANALYTICAL-FINAL,COVARIATE-BASELINE-ONLY,SUBJECT-LEVEL-COVARIATE,SINGLE-ANALYTE,REANALYSIS-NONE,STRUCTURED,BISPECIFIC,TTE_EVENT,,AUTO,,F15
e8d058c01d03,AIC-TTE,ID-DEFINED,TIME-DEFINED,DOSE-DEFINED,ADDL-ACTUAL-CONFLICT,BIOANALYTICAL-FINAL,COVARIATE-BASELINE-ONLY,SUBJECT-LEVEL-COVARIATE,SINGLE-ANALYTE,REANALYSIS-NONE,SEMI-STRUCTURED-LEGACY-FLAG,BISPECIFIC,TTE_EVENT,,QUARANTINE,Q15B,F15
fce38c35db9b,AIC-TTE,ID-DEFINED,TIME-DEFINED,DOSE-DEFINED,ADDL-ACTUAL-CONFLICT,BIOANALYTICAL-FINAL,COVARIATE-BASELINE-ONLY,SUBJECT-LEVEL-COVARIATE,MULTI-CMT-DEFINED,REANALYSIS-NONE,STRUCTURED,BISPECIFIC,TTE_EVENT,PARENT|SOLUBLE_TARGET|DRUG_TARGET_COMPLEX,REPAIR,,F25
d24010f9daee,AIC-TTE,ID-DEFINED,TIME-DEFINED,DOSE-DEFINED,ADDL-ACTUAL-CONFLICT,BIOANALYTICAL-FINAL,COVARIATE-BASELINE-ONLY,SUBJECT-LEVEL-COVARIATE,MULTI-CMT-DEFINED,REANALYSIS-NONE,STRUCTURED,BISPECIFIC,TTE_EVENT,,QUARANTINE,Q16,F25
28b024e9765f,AIC-TTE,ID-DEFINED,TIME-DEFINED,DOSE-DEFINED,ADDL-ACTUAL-CONFLICT,BIOANALYTICAL-FINAL,COVARIATE-BASELINE-ONLY,SUBJECT-LEVEL-COVARIATE,MULTI-CMT-DEFINED,REANALYSIS-NONE,SEMI-STRUCTURED-LEGACY-FLAG,BISPECIFIC,TTE_EVENT,PARENT|SOLUBLE_TARGET|DRUG_TARGET_COMPLEX,QUARANTINE,Q15B,F25
6c0c8c24af4b,AIC-TTE,ID-DEFINED,TIME-DEFINED,DOSE-DEFINED,ADDL-ACTUAL-CONFLICT,BIOANALYTICAL-FINAL,COVARIATE-BASELINE-ONLY,SUBJECT-LEVEL-COVARIATE,MULTI-CMT-DEFINED,REANALYSIS-NONE,SEMI-STRUCTURED-LEGACY-FLAG,BISPECIFIC,TTE_EVENT,,QUARANTINE,Q16,F25
87f7c4267ab1,AIC-TTE,ID-DEFINED,TIME-DEFINED,DOSE-DEFINED,ADDL-ACTUAL-CONFLICT,BIOANALYTICAL-FINAL,COVARIATE-BASELINE-ONLY,SUBJECT-LEVEL-COVARIATE,DDI-VICTIM-PERPETRATOR,REANALYSIS-NONE,STRUCTURED,BISPECIFIC,TTE_EVENT,PARENT|SOLUBLE_TARGET|DRUG_TARGET_COMPLEX,REPAIR,,F22
fb1d9e89f449,AIC-TTE,ID-DEFINED,TIME-DEFINED,DOSE-DEFINED,ADDL-ACTUAL-CONFLICT,BIOANALYTICAL-FINAL,COVARIATE-BASELINE-ONLY,SUBJECT-LEVEL-COVARIATE,DDI-VICTIM-PERPETRATOR,REANALYSIS-NONE,STRUCTURED,BISPECIFIC,TTE_EVENT,,QUARANTINE,Q16,F22
71ad656ed0d1,AIC-TTE,ID-DEFINED,TIME-DEFINED,DOSE-DEFINED,ADDL-ACTUAL-CONFLICT,BIOANALYTICAL-FINAL,COVARIATE-BASELINE-ONLY,SUBJECT-LEVEL-COVARIATE,DDI-VICTIM-PERPETRATOR,REANALYSIS-NONE,SEMI-STRUCTURED-LEGACY-FLAG,BISPECIFIC,TTE_EVENT,PARENT|SOLUBLE_TARGET|DRUG_TARGET_COMPLEX,QUARANTINE,Q15B,F22
8ede937ef80f,AIC-TTE,ID-DEFINED,TIME-DEFINED,DOSE-DEFINED,ADDL-ACTUAL-CONFLICT,BIOANALYTICAL-FINAL,COVARIATE-BASELINE-ONLY,SUBJECT-LEVEL-COVARIATE,DDI-VICTIM-PERPETRATOR,REANALYSIS-NONE,SEMI-STRUCTURED-LEGACY-FLAG,BISPECIFIC,TTE_EVENT,,QUARANTINE,Q16,F22
92c7fe24b2f2,AIC-TTE,ID-DEFINED,TIME-DEFINED,DOSE-DEFINED,ADDL-ACTUAL-CONFLICT,BLQ-DEFINED-POLICY,COVARIATE-BASELINE-ONLY,SUBJECT-LEVEL-COVARIATE,SINGLE-ANALYTE,REANALYSIS-NONE,STRUCTURED,BISPECIFIC,TTE_EVENT,,REPAIR,,F15
8a3b9a050a11,AIC-TTE,ID-DEFINED,TIME-DEFINED,DOSE-DEFINED,ADDL-ACTUAL-CONFLICT,BLQ-DEFINED-POLICY,COVARIATE-BASELINE-ONLY,SUBJECT-LEVEL-COVARIATE,SINGLE-ANALYTE,REANALYSIS-NONE,SEMI-STRUCTURED-LEGACY-FLAG,BISPECIFIC,TTE_EVENT,,QUARANTINE,Q15B,F15
04829044620a,AIC-TTE,ID-DEFINED,TIME-DEFINED,DOSE-DEFINED,ADDL-ACTUAL-CONFLICT,BLQ-DEFINED-POLICY,COVARIATE-BASELINE-ONLY,SUBJECT-LEVEL-COVARIATE,MULTI-CMT-DEFINED,REANALYSIS-NONE,STRUCTURED,BISPECIFIC,TTE_EVENT,PARENT|SOLUBLE_TARGET|DRUG_TARGET_COMPLEX,REPAIR,,F25
d45738ae624c,AIC-TTE,ID-DEFINED,TIME-DEFINED,DOSE-DEFINED,ADDL-ACTUAL-CONFLICT,BLQ-DEFINED-POLICY,COVARIATE-BASELINE-ONLY,SUBJECT-LEVEL-COVARIATE,MULTI-CMT-DEFINED,REANALYSIS-NONE,STRUCTURED,BISPECIFIC,TTE_EVENT,,QUARANTINE,Q16,F25
4857b3c56bbf,AIC-TTE,ID-DEFINED,TIME-DEFINED,DOSE-DEFINED,ADDL-ACTUAL-CONFLICT,BLQ-DEFINED-POLICY,COVARIATE-BASELINE-ONLY,SUBJECT-LEVEL-COVARIATE,MULTI-CMT-DEFINED,REANALYSIS-NONE,SEMI-STRUCTURED-LEGACY-FLAG,BISPECIFIC,TTE_EVENT,PARENT|SOLUBLE_TARGET|DRUG_TARGET_COMPLEX,QUARANTINE,Q15B,F25
2bb47f5c39ea,AIC-TTE,ID-DEFINED,TIME-DEFINED,DOSE-DEFINED,ADDL-ACTUAL-CONFLICT,BLQ-DEFINED-POLICY,COVARIATE-BASELINE-ONLY,SUBJECT-LEVEL-COVARIATE,MULTI-CMT-DEFINED,REANALYSIS-NONE,SEMI-STRUCTURED-LEGACY-FLAG,BISPECIFIC,TTE_EVENT,,QUARANTINE,Q16,F25
edd35aebecfa,AIC-TTE,ID-DEFINED,TIME-DEFINED,DOSE-DEFINED,ADDL-ACTUAL-CONFLICT,BLQ-DEFINED-POLICY,COVARIATE-BASELINE-ONLY,SUBJECT-LEVEL-COVARIATE,DDI-VICTIM-PERPETRATOR,REANALYSIS-NONE,STRUCTURED,BISPECIFIC,TTE_EVENT,PARENT|SOLUBLE_TARGET|DRUG_TARGET_COMPLEX,REPAIR,,F22
b69fde419958,AIC-TTE,ID-DEFINED,TIME-DEFINED,DOSE-DEFINED,ADDL-ACTUAL-CONFLICT,BLQ-DEFINED-POLICY,COVARIATE-BASELINE-ONLY,SUBJECT-LEVEL-COVARIATE,DDI-VICTIM-PERPETRATOR,REANALYSIS-NONE,STRUCTURED,BISPECIFIC,TTE_EVENT,,QUARANTINE,Q16,F22
58d1eed1ed33,AIC-TTE,ID-DEFINED,TIME-DEFINED,DOSE-DEFINED,ADDL-ACTUAL-CONFLICT,BLQ-DEFINED-POLICY,COVARIATE-BASELINE-ONLY,SUBJECT-LEVEL-COVARIATE,DDI-VICTIM-PERPETRATOR,REANALYSIS-NONE,SEMI-STRUCTURED-LEGACY-FLAG,BISPECIFIC,TTE_EVENT,PARENT|SOLUBLE_TARGET|DRUG_TARGET_COMPLEX,QUARANTINE,Q15B,F22
71921b02fb7e,AIC-TTE,ID-DEFINED,TIME-DEFINED,DOSE-DEFINED,ADDL-ACTUAL-CONFLICT,BLQ-DEFINED-POLICY,COVARIATE-BASELINE-ONLY,SUBJECT-LEVEL-COVARIATE,DDI-VICTIM-PERPETRATOR,REANALYSIS-NONE,SEMI-STRUCTURED-LEGACY-FLAG,BISPECIFIC,TTE_EVENT,,QUARANTINE,Q16,F22
3fc92dc06209,AIC-TTE,ID-DEFINED,TIME-DEFINED,DOSE-DEFINED,ADDL-ACTUAL-CONFLICT,BIOANALYTICAL-FINAL-FLAG-MISSING,COVARIATE-BASELINE-ONLY,SUBJECT-LEVEL-COVARIATE,SINGLE-ANALYTE,REANALYSIS-NONE,STRUCTURED,BISPECIFIC,TTE_EVENT,,QUARANTINE,Q15A,F15
4cfc48a0cd99,AIC-TTE,ID-DEFINED,TIME-DEFINED,DOSE-DEFINED,ADDL-ACTUAL-CONFLICT,BIOANALYTICAL-FINAL-FLAG-MISSING,COVARIATE-BASELINE-ONLY,SUBJECT-LEVEL-COVARIATE,SINGLE-ANALYTE,REANALYSIS-NONE,SEMI-STRUCTURED-LEGACY-FLAG,BISPECIFIC,TTE_EVENT,,QUARANTINE,Q15A,F15
bbdc560b6596,AIC-TTE,ID-DEFINED,TIME-DEFINED,DOSE-DEFINED,ADDL-ACTUAL-CONFLICT,BIOANALYTICAL-FINAL-FLAG-MISSING,COVARIATE-BASELINE-ONLY,SUBJECT-LEVEL-COVARIATE,MULTI-CMT-DEFINED,REANALYSIS-NONE,STRUCTURED,BISPECIFIC,TTE_EVENT,PARENT|SOLUBLE_TARGET|DRUG_TARGET_COMPLEX,QUARANTINE,Q15A,F25
f0a6206d5903,AIC-TTE,ID-DEFINED,TIME-DEFINED,DOSE-DEFINED,ADDL-ACTUAL-CONFLICT,BIOANALYTICAL-FINAL-FLAG-MISSING,COVARIATE-BASELINE-ONLY,SUBJECT-LEVEL-COVARIATE,MULTI-CMT-DEFINED,REANALYSIS-NONE,STRUCTURED,BISPECIFIC,TTE_EVENT,,QUARANTINE,Q15A,F25
994f9b1d7f15,AIC-TTE,ID-DEFINED,TIME-DEFINED,DOSE-DEFINED,ADDL-ACTUAL-CONFLICT,BIOANALYTICAL-FINAL-FLAG-MISSING,COVARIATE-BASELINE-ONLY,SUBJECT-LEVEL-COVARIATE,MULTI-CMT-DEFINED,REANALYSIS-NONE,SEMI-STRUCTURED-LEGACY-FLAG,BISPECIFIC,TTE_EVENT,PARENT|SOLUBLE_TARGET|DRUG_TARGET_COMPLEX,QUARANTINE,Q15A,F25
16c161d136e7,AIC-TTE,ID-DEFINED,TIME-DEFINED,DOSE-DEFINED,ADDL-ACTUAL-CONFLICT,BIOANALYTICAL-FINAL-FLAG-MISSING,COVARIATE-BASELINE-ONLY,SUBJECT-LEVEL-COVARIATE,MULTI-CMT-DEFINED,REANALYSIS-NONE,SEMI-STRUCTURED-LEGACY-FLAG,BISPECIFIC,TTE_EVENT,,QUARANTINE,Q15A,F25
e37022be0da1,AIC-TTE,ID-DEFINED,TIME-DEFINED,DOSE-DEFINED,ADDL-ACTUAL-CONFLICT,BIOANALYTICAL-FINAL-FLAG-MISSING,COVARIATE-BASELINE-ONLY,SUBJECT-LEVEL-COVARIATE,DDI-VICTIM-PERPETRATOR,REANALYSIS-NONE,STRUCTURED,BISPECIFIC,TTE_EVENT,PARENT|SOLUBLE_TARGET|DRUG_TARGET_COMPLEX,QUARANTINE,Q15A,F22
b557e1fbf723,AIC-TTE,ID-DEFINED,TIME-DEFINED,DOSE-DEFINED,ADDL-ACTUAL-CONFLICT,BIOANALYTICAL-FINAL-FLAG-MISSING,COVARIATE-BASELINE-ONLY,SUBJECT-LEVEL-COVARIATE,DDI-VICTIM-PERPETRATOR,REANALYSIS-NONE,STRUCTURED,BISPECIFIC,TTE_EVENT,,QUARANTINE,Q15A,F22
f4fae48fbb3a,AIC-TTE,ID-DEFINED,TIME-DEFINED,DOSE-DEFINED,ADDL-ACTUAL-CONFLICT,BIOANALYTICAL-FINAL-FLAG-MISSING,COVARIATE-BASELINE-ONLY,SUBJECT-LEVEL-COVARIATE,DDI-VICTIM-PERPETRATOR,REANALYSIS-NONE,SEMI-STRUCTURED-LEGACY-FLAG,BISPECIFIC,TTE_EVENT,PARENT|SOLUBLE_TARGET|DRUG_TARGET_COMPLEX,QUARANTINE,Q15A,F22
3b7780188dee,AIC-TTE,ID-DEFINED,TIME-DEFINED,DOSE-DEFINED,ADDL-ACTUAL-CONFLICT,BIOANALYTICAL-FINAL-FLAG-MISSING,COVARIATE-BASELINE-ONLY,SUBJECT-LEVEL-COVARIATE,DDI-VICTIM-PERPETRATOR,REANALYSIS-NONE,SEMI-STRUCTURED-LEGACY-FLAG,BISPECIFIC,TTE_EVENT,,QUARANTINE,Q15A,F22
28ae152d0a87,AIC-TTE,ID-DEFINED,TIME-DEFINED,DOSE-DEFINED,REGIMEN-FIXED,BIOANALYTICAL-FINAL,COVARIATE-BASELINE-ONLY,SUBJECT-LEVEL-COVARIATE,SINGLE-ANALYTE,REANALYSIS-NONE,STRUCTURED,CELL_THERAPY,TTE_EVENT,,AUTO,,F15
438c485ad3cc,AIC-TTE,ID-DEFINED,TIME-DEFINED,DOSE-DEFINED,REGIMEN-FIXED,BIOANALYTICAL-FINAL,COVARIATE-BASELINE-ONLY,SUBJECT-LEVEL-COVARIATE,SINGLE-ANALYTE,REANALYSIS-NONE,SEMI-STRUCTURED-LEGACY-FLAG,CELL_THERAPY,TTE_EVENT,,QUARANTINE,Q15B,F15
2bfb0b130085,AIC-TTE,ID-DEFINED,TIME-DEFINED,DOSE-DEFINED,REGIMEN-FIXED,BIOANALYTICAL-FINAL,COVARIATE-BASELINE-ONLY,SUBJECT-LEVEL-COVARIATE,MULTI-CMT-DEFINED,REANALYSIS-NONE,STRUCTURED,CELL_THERAPY,TTE_EVENT,VECTOR_COPY|CAR_POSITIVE_CELL,REPAIR,,F15
d187f01cf063,AIC-TTE,ID-DEFINED,TIME-DEFINED,DOSE-DEFINED,REGIMEN-FIXED,BIOANALYTICAL-FINAL,COVARIATE-BASELINE-ONLY,SUBJECT-LEVEL-COVARIATE,MULTI-CMT-DEFINED,REANALYSIS-NONE,STRUCTURED,CELL_THERAPY,TTE_EVENT,,QUARANTINE,Q16,F15
fe3b4bc8ed7c,AIC-TTE,ID-DEFINED,TIME-DEFINED,DOSE-DEFINED,REGIMEN-FIXED,BIOANALYTICAL-FINAL,COVARIATE-BASELINE-ONLY,SUBJECT-LEVEL-COVARIATE,MULTI-CMT-DEFINED,REANALYSIS-NONE,SEMI-STRUCTURED-LEGACY-FLAG,CELL_THERAPY,TTE_EVENT,VECTOR_COPY|CAR_POSITIVE_CELL,QUARANTINE,Q15B,F15
63d8e6ae2ed1,AIC-TTE,ID-DEFINED,TIME-DEFINED,DOSE-DEFINED,REGIMEN-FIXED,BIOANALYTICAL-FINAL,COVARIATE-BASELINE-ONLY,SUBJECT-LEVEL-COVARIATE,MULTI-CMT-DEFINED,REANALYSIS-NONE,SEMI-STRUCTURED-LEGACY-FLAG,CELL_THERAPY,TTE_EVENT,,QUARANTINE,Q16,F15
e443af72137b,AIC-TTE,ID-DEFINED,TIME-DEFINED,DOSE-DEFINED,REGIMEN-FIXED,BIOANALYTICAL-FINAL,COVARIATE-BASELINE-ONLY,SUBJECT-LEVEL-COVARIATE,DDI-VICTIM-PERPETRATOR,REANALYSIS-NONE,STRUCTURED,CELL_THERAPY,TTE_EVENT,VECTOR_COPY|CAR_POSITIVE_CELL,REPAIR,,F22
b32771b13900,AIC-TTE,ID-DEFINED,TIME-DEFINED,DOSE-DEFINED,REGIMEN-FIXED,BIOANALYTICAL-FINAL,COVARIATE-BASELINE-ONLY,SUBJECT-LEVEL-COVARIATE,DDI-VICTIM-PERPETRATOR,REANALYSIS-NONE,STRUCTURED,CELL_THERAPY,TTE_EVENT,,QUARANTINE,Q16,F22
ab19b9a2eaab,AIC-TTE,ID-DEFINED,TIME-DEFINED,DOSE-DEFINED,REGIMEN-FIXED,BIOANALYTICAL-FINAL,COVARIATE-BASELINE-ONLY,SUBJECT-LEVEL-COVARIATE,DDI-VICTIM-PERPETRATOR,REANALYSIS-NONE,SEMI-STRUCTURED-LEGACY-FLAG,CELL_THERAPY,TTE_EVENT,VECTOR_COPY|CAR_POSITIVE_CELL,QUARANTINE,Q15B,F22
19d987e01077,AIC-TTE,ID-DEFINED,TIME-DEFINED,DOSE-DEFINED,REGIMEN-FIXED,BIOANALYTICAL-FINAL,COVARIATE-BASELINE-ONLY,SUBJECT-LEVEL-COVARIATE,DDI-VICTIM-PERPETRATOR,REANALYSIS-NONE,SEMI-STRUCTURED-LEGACY-FLAG,CELL_THERAPY,TTE_EVENT,,QUARANTINE,Q16,F22
ed300f6c0f85,AIC-TTE,ID-DEFINED,TIME-DEFINED,DOSE-DEFINED,REGIMEN-FIXED,BLQ-DEFINED-POLICY,COVARIATE-BASELINE-ONLY,SUBJECT-LEVEL-COVARIATE,SINGLE-ANALYTE,REANALYSIS-NONE,STRUCTURED,CELL_THERAPY,TTE_EVENT,,REPAIR,,F15
3209b37f89f8,AIC-TTE,ID-DEFINED,TIME-DEFINED,DOSE-DEFINED,REGIMEN-FIXED,BLQ-DEFINED-POLICY,COVARIATE-BASELINE-ONLY,SUBJECT-LEVEL-COVARIATE,SINGLE-ANALYTE,REANALYSIS-NONE,SEMI-STRUCTURED-LEGACY-FLAG,CELL_THERAPY,TTE_EVENT,,QUARANTINE,Q15B,F15
ba6caabaf2e6,AIC-TTE,ID-DEFINED,TIME-DEFINED,DOSE-DEFINED,REGIMEN-FIXED,BLQ-DEFINED-POLICY,COVARIATE-BASELINE-ONLY,SUBJECT-LEVEL-COVARIATE,MULTI-CMT-DEFINED,REANALYSIS-NONE,STRUCTURED,CELL_THERAPY,TTE_EVENT,VECTOR_COPY|CAR_POSITIVE_CELL,REPAIR,,F15
523f309d9169,AIC-TTE,ID-DEFINED,TIME-DEFINED,DOSE-DEFINED,REGIMEN-FIXED,BLQ-DEFINED-POLICY,COVARIATE-BASELINE-ONLY,SUBJECT-LEVEL-COVARIATE,MULTI-CMT-DEFINED,REANALYSIS-NONE,STRUCTURED,CELL_THERAPY,TTE_EVENT,,QUARANTINE,Q16,F15
f9d383180134,AIC-TTE,ID-DEFINED,TIME-DEFINED,DOSE-DEFINED,REGIMEN-FIXED,BLQ-DEFINED-POLICY,COVARIATE-BASELINE-ONLY,SUBJECT-LEVEL-COVARIATE,MULTI-CMT-DEFINED,REANALYSIS-NONE,SEMI-STRUCTURED-LEGACY-FLAG,CELL_THERAPY,TTE_EVENT,VECTOR_COPY|CAR_POSITIVE_CELL,QUARANTINE,Q15B,F15
6553cf5f7584,AIC-TTE,ID-DEFINED,TIME-DEFINED,DOSE-DEFINED,REGIMEN-FIXED,BLQ-DEFINED-POLICY,COVARIATE-BASELINE-ONLY,SUBJECT-LEVEL-COVARIATE,MULTI-CMT-DEFINED,REANALYSIS-NONE,SEMI-STRUCTURED-LEGACY-FLAG,CELL_THERAPY,TTE_EVENT,,QUARANTINE,Q16,F15
6fb532b0fa5b,AIC-TTE,ID-DEFINED,TIME-DEFINED,DOSE-DEFINED,REGIMEN-FIXED,BLQ-DEFINED-POLICY,COVARIATE-BASELINE-ONLY,SUBJECT-LEVEL-COVARIATE,DDI-VICTIM-PERPETRATOR,REANALYSIS-NONE,STRUCTURED,CELL_THERAPY,TTE_EVENT,VECTOR_COPY|CAR_POSITIVE_CELL,REPAIR,,F22
b178032f88e2,AIC-TTE,ID-DEFINED,TIME-DEFINED,DOSE-DEFINED,REGIMEN-FIXED,BLQ-DEFINED-POLICY,COVARIATE-BASELINE-ONLY,SUBJECT-LEVEL-COVARIATE,DDI-VICTIM-PERPETRATOR,REANALYSIS-NONE,STRUCTURED,CELL_THERAPY,TTE_EVENT,,QUARANTINE,Q16,F22
4e13a14deb0a,AIC-TTE,ID-DEFINED,TIME-DEFINED,DOSE-DEFINED,REGIMEN-FIXED,BLQ-DEFINED-POLICY,COVARIATE-BASELINE-ONLY,SUBJECT-LEVEL-COVARIATE,DDI-VICTIM-PERPETRATOR,REANALYSIS-NONE,SEMI-STRUCTURED-LEGACY-FLAG,CELL_THERAPY,TTE_EVENT,VECTOR_COPY|CAR_POSITIVE_CELL,QUARANTINE,Q15B,F22
5583f36598a2,AIC-TTE,ID-DEFINED,TIME-DEFINED,DOSE-DEFINED,REGIMEN-FIXED,BLQ-DEFINED-POLICY,COVARIATE-BASELINE-ONLY,SUBJECT-LEVEL-COVARIATE,DDI-VICTIM-PERPETRATOR,REANALYSIS-NONE,SEMI-STRUCTURED-LEGACY-FLAG,CELL_THERAPY,TTE_EVENT,,QUARANTINE,Q16,F22
82ea663c9b2c,AIC-TTE,ID-DEFINED,TIME-DEFINED,DOSE-DEFINED,REGIMEN-FIXED,BIOANALYTICAL-FINAL-FLAG-MISSING,COVARIATE-BASELINE-ONLY,SUBJECT-LEVEL-COVARIATE,SINGLE-ANALYTE,REANALYSIS-NONE,STRUCTURED,CELL_THERAPY,TTE_EVENT,,QUARANTINE,Q15A,F15
48e12d4eb1db,AIC-TTE,ID-DEFINED,TIME-DEFINED,DOSE-DEFINED,REGIMEN-FIXED,BIOANALYTICAL-FINAL-FLAG-MISSING,COVARIATE-BASELINE-ONLY,SUBJECT-LEVEL-COVARIATE,SINGLE-ANALYTE,REANALYSIS-NONE,SEMI-STRUCTURED-LEGACY-FLAG,CELL_THERAPY,TTE_EVENT,,QUARANTINE,Q15A,F15
e72ccefc827b,AIC-TTE,ID-DEFINED,TIME-DEFINED,DOSE-DEFINED,REGIMEN-FIXED,BIOANALYTICAL-FINAL-FLAG-MISSING,COVARIATE-BASELINE-ONLY,SUBJECT-LEVEL-COVARIATE,MULTI-CMT-DEFINED,REANALYSIS-NONE,STRUCTURED,CELL_THERAPY,TTE_EVENT,VECTOR_COPY|CAR_POSITIVE_CELL,QUARANTINE,Q15A,F15
d9f67a2cfdaa,AIC-TTE,ID-DEFINED,TIME-DEFINED,DOSE-DEFINED,REGIMEN-FIXED,BIOANALYTICAL-FINAL-FLAG-MISSING,COVARIATE-BASELINE-ONLY,SUBJECT-LEVEL-COVARIATE,MULTI-CMT-DEFINED,REANALYSIS-NONE,STRUCTURED,CELL_THERAPY,TTE_EVENT,,QUARANTINE,Q15A,F15
d07da8982652,AIC-TTE,ID-DEFINED,TIME-DEFINED,DOSE-DEFINED,REGIMEN-FIXED,BIOANALYTICAL-FINAL-FLAG-MISSING,COVARIATE-BASELINE-ONLY,SUBJECT-LEVEL-COVARIATE,MULTI-CMT-DEFINED,REANALYSIS-NONE,SEMI-STRUCTURED-LEGACY-FLAG,CELL_THERAPY,TTE_EVENT,VECTOR_COPY|CAR_POSITIVE_CELL,QUARANTINE,Q15A,F15
017d41246ccf,AIC-TTE,ID-DEFINED,TIME-DEFINED,DOSE-DEFINED,REGIMEN-FIXED,BIOANALYTICAL-FINAL-FLAG-MISSING,COVARIATE-BASELINE-ONLY,SUBJECT-LEVEL-COVARIATE,MULTI-CMT-DEFINED,REANALYSIS-NONE,SEMI-STRUCTURED-LEGACY-FLAG,CELL_THERAPY,TTE_EVENT,,QUARANTINE,Q15A,F15
3dedb356cccb,AIC-TTE,ID-DEFINED,TIME-DEFINED,DOSE-DEFINED,REGIMEN-FIXED,BIOANALYTICAL-FINAL-FLAG-MISSING,COVARIATE-BASELINE-ONLY,SUBJECT-LEVEL-COVARIATE,DDI-VICTIM-PERPETRATOR,REANALYSIS-NONE,STRUCTURED,CELL_THERAPY,TTE_EVENT,VECTOR_COPY|CAR_POSITIVE_CELL,QUARANTINE,Q15A,F22
44cba72b5bf1,AIC-TTE,ID-DEFINED,TIME-DEFINED,DOSE-DEFINED,REGIMEN-FIXED,BIOANALYTICAL-FINAL-FLAG-MISSING,COVARIATE-BASELINE-ONLY,SUBJECT-LEVEL-COVARIATE,DDI-VICTIM-PERPETRATOR,REANALYSIS-NONE,STRUCTURED,CELL_THERAPY,TTE_EVENT,,QUARANTINE,Q15A,F22
9b3c832e43f0,AIC-TTE,ID-DEFINED,TIME-DEFINED,DOSE-DEFINED,REGIMEN-FIXED,BIOANALYTICAL-FINAL-FLAG-MISSING,COVARIATE-BASELINE-ONLY,SUBJECT-LEVEL-COVARIATE,DDI-VICTIM-PERPETRATOR,REANALYSIS-NONE,SEMI-STRUCTURED-LEGACY-FLAG,CELL_THERAPY,TTE_EVENT,VECTOR_COPY|CAR_POSITIVE_CELL,QUARANTINE,Q15A,F22
ffa4f0f0d834,AIC-TTE,ID-DEFINED,TIME-DEFINED,DOSE-DEFINED,REGIMEN-FIXED,BIOANALYTICAL-FINAL-FLAG-MISSING,COVARIATE-BASELINE-ONLY,SUBJECT-LEVEL-COVARIATE,DDI-VICTIM-PERPETRATOR,REANALYSIS-NONE,SEMI-STRUCTURED-LEGACY-FLAG,CELL_THERAPY,TTE_EVENT,,QUARANTINE,Q15A,F22
94dd26d379d0,AIC-TTE,ID-DEFINED,TIME-DEFINED,DOSE-DEFINED,ADDL-ACTUAL-CONFLICT,BIOANALYTICAL-FINAL,COVARIATE-BASELINE-ONLY,SUBJECT-LEVEL-COVARIATE,SINGLE-ANALYTE,REANALYSIS-NONE,STRUCTURED,CELL_THERAPY,TTE_EVENT,,AUTO,,F15
43e8153da7b5,AIC-TTE,ID-DEFINED,TIME-DEFINED,DOSE-DEFINED,ADDL-ACTUAL-CONFLICT,BIOANALYTICAL-FINAL,COVARIATE-BASELINE-ONLY,SUBJECT-LEVEL-COVARIATE,SINGLE-ANALYTE,REANALYSIS-NONE,SEMI-STRUCTURED-LEGACY-FLAG,CELL_THERAPY,TTE_EVENT,,QUARANTINE,Q15B,F15
1aef5c861fde,AIC-TTE,ID-DEFINED,TIME-DEFINED,DOSE-DEFINED,ADDL-ACTUAL-CONFLICT,BIOANALYTICAL-FINAL,COVARIATE-BASELINE-ONLY,SUBJECT-LEVEL-COVARIATE,MULTI-CMT-DEFINED,REANALYSIS-NONE,STRUCTURED,CELL_THERAPY,TTE_EVENT,VECTOR_COPY|CAR_POSITIVE_CELL,REPAIR,,F15
505b4489125e,AIC-TTE,ID-DEFINED,TIME-DEFINED,DOSE-DEFINED,ADDL-ACTUAL-CONFLICT,BIOANALYTICAL-FINAL,COVARIATE-BASELINE-ONLY,SUBJECT-LEVEL-COVARIATE,MULTI-CMT-DEFINED,REANALYSIS-NONE,STRUCTURED,CELL_THERAPY,TTE_EVENT,,QUARANTINE,Q16,F15
06b9cca2e29b,AIC-TTE,ID-DEFINED,TIME-DEFINED,DOSE-DEFINED,ADDL-ACTUAL-CONFLICT,BIOANALYTICAL-FINAL,COVARIATE-BASELINE-ONLY,SUBJECT-LEVEL-COVARIATE,MULTI-CMT-DEFINED,REANALYSIS-NONE,SEMI-STRUCTURED-LEGACY-FLAG,CELL_THERAPY,TTE_EVENT,VECTOR_COPY|CAR_POSITIVE_CELL,QUARANTINE,Q15B,F15
bdb1b7ae5317,AIC-TTE,ID-DEFINED,TIME-DEFINED,DOSE-DEFINED,ADDL-ACTUAL-CONFLICT,BIOANALYTICAL-FINAL,COVARIATE-BASELINE-ONLY,SUBJECT-LEVEL-COVARIATE,MULTI-CMT-DEFINED,REANALYSIS-NONE,SEMI-STRUCTURED-LEGACY-FLAG,CELL_THERAPY,TTE_EVENT,,QUARANTINE,Q16,F15
39c74c5ce391,AIC-TTE,ID-DEFINED,TIME-DEFINED,DOSE-DEFINED,ADDL-ACTUAL-CONFLICT,BIOANALYTICAL-FINAL,COVARIATE-BASELINE-ONLY,SUBJECT-LEVEL-COVARIATE,DDI-VICTIM-PERPETRATOR,REANALYSIS-NONE,STRUCTURED,CELL_THERAPY,TTE_EVENT,VECTOR_COPY|CAR_POSITIVE_CELL,REPAIR,,F22
5a91e5550fa6,AIC-TTE,ID-DEFINED,TIME-DEFINED,DOSE-DEFINED,ADDL-ACTUAL-CONFLICT,BIOANALYTICAL-FINAL,COVARIATE-BASELINE-ONLY,SUBJECT-LEVEL-COVARIATE,DDI-VICTIM-PERPETRATOR,REANALYSIS-NONE,STRUCTURED,CELL_THERAPY,TTE_EVENT,,QUARANTINE,Q16,F22
dbc9a886fb76,AIC-TTE,ID-DEFINED,TIME-DEFINED,DOSE-DEFINED,ADDL-ACTUAL-CONFLICT,BIOANALYTICAL-FINAL,COVARIATE-BASELINE-ONLY,SUBJECT-LEVEL-COVARIATE,DDI-VICTIM-PERPETRATOR,REANALYSIS-NONE,SEMI-STRUCTURED-LEGACY-FLAG,CELL_THERAPY,TTE_EVENT,VECTOR_COPY|CAR_POSITIVE_CELL,QUARANTINE,Q15B,F22
a22357fa5697,AIC-TTE,ID-DEFINED,TIME-DEFINED,DOSE-DEFINED,ADDL-ACTUAL-CONFLICT,BIOANALYTICAL-FINAL,COVARIATE-BASELINE-ONLY,SUBJECT-LEVEL-COVARIATE,DDI-VICTIM-PERPETRATOR,REANALYSIS-NONE,SEMI-STRUCTURED-LEGACY-FLAG,CELL_THERAPY,TTE_EVENT,,QUARANTINE,Q16,F22
a50cad137e90,AIC-TTE,ID-DEFINED,TIME-DEFINED,DOSE-DEFINED,ADDL-ACTUAL-CONFLICT,BLQ-DEFINED-POLICY,COVARIATE-BASELINE-ONLY,SUBJECT-LEVEL-COVARIATE,SINGLE-ANALYTE,REANALYSIS-NONE,STRUCTURED,CELL_THERAPY,TTE_EVENT,,REPAIR,,F15
1f6a4c0c9613,AIC-TTE,ID-DEFINED,TIME-DEFINED,DOSE-DEFINED,ADDL-ACTUAL-CONFLICT,BLQ-DEFINED-POLICY,COVARIATE-BASELINE-ONLY,SUBJECT-LEVEL-COVARIATE,SINGLE-ANALYTE,REANALYSIS-NONE,SEMI-STRUCTURED-LEGACY-FLAG,CELL_THERAPY,TTE_EVENT,,QUARANTINE,Q15B,F15
9b7b84c8edb9,AIC-TTE,ID-DEFINED,TIME-DEFINED,DOSE-DEFINED,ADDL-ACTUAL-CONFLICT,BLQ-DEFINED-POLICY,COVARIATE-BASELINE-ONLY,SUBJECT-LEVEL-COVARIATE,MULTI-CMT-DEFINED,REANALYSIS-NONE,STRUCTURED,CELL_THERAPY,TTE_EVENT,VECTOR_COPY|CAR_POSITIVE_CELL,REPAIR,,F15
664f15702b2a,AIC-TTE,ID-DEFINED,TIME-DEFINED,DOSE-DEFINED,ADDL-ACTUAL-CONFLICT,BLQ-DEFINED-POLICY,COVARIATE-BASELINE-ONLY,SUBJECT-LEVEL-COVARIATE,MULTI-CMT-DEFINED,REANALYSIS-NONE,STRUCTURED,CELL_THERAPY,TTE_EVENT,,QUARANTINE,Q16,F15
f42eee2c8ff2,AIC-TTE,ID-DEFINED,TIME-DEFINED,DOSE-DEFINED,ADDL-ACTUAL-CONFLICT,BLQ-DEFINED-POLICY,COVARIATE-BASELINE-ONLY,SUBJECT-LEVEL-COVARIATE,MULTI-CMT-DEFINED,REANALYSIS-NONE,SEMI-STRUCTURED-LEGACY-FLAG,CELL_THERAPY,TTE_EVENT,VECTOR_COPY|CAR_POSITIVE_CELL,QUARANTINE,Q15B,F15
4d83d4f09dc5,AIC-TTE,ID-DEFINED,TIME-DEFINED,DOSE-DEFINED,ADDL-ACTUAL-CONFLICT,BLQ-DEFINED-POLICY,COVARIATE-BASELINE-ONLY,SUBJECT-LEVEL-COVARIATE,MULTI-CMT-DEFINED,REANALYSIS-NONE,SEMI-STRUCTURED-LEGACY-FLAG,CELL_THERAPY,TTE_EVENT,,QUARANTINE,Q16,F15
9a5832413ed4,AIC-TTE,ID-DEFINED,TIME-DEFINED,DOSE-DEFINED,ADDL-ACTUAL-CONFLICT,BLQ-DEFINED-POLICY,COVARIATE-BASELINE-ONLY,SUBJECT-LEVEL-COVARIATE,DDI-VICTIM-PERPETRATOR,REANALYSIS-NONE,STRUCTURED,CELL_THERAPY,TTE_EVENT,VECTOR_COPY|CAR_POSITIVE_CELL,REPAIR,,F22
01d5b15d2b93,AIC-TTE,ID-DEFINED,TIME-DEFINED,DOSE-DEFINED,ADDL-ACTUAL-CONFLICT,BLQ-DEFINED-POLICY,COVARIATE-BASELINE-ONLY,SUBJECT-LEVEL-COVARIATE,DDI-VICTIM-PERPETRATOR,REANALYSIS-NONE,STRUCTURED,CELL_THERAPY,TTE_EVENT,,QUARANTINE,Q16,F22
2e6249821bd0,AIC-TTE,ID-DEFINED,TIME-DEFINED,DOSE-DEFINED,ADDL-ACTUAL-CONFLICT,BLQ-DEFINED-POLICY,COVARIATE-BASELINE-ONLY,SUBJECT-LEVEL-COVARIATE,DDI-VICTIM-PERPETRATOR,REANALYSIS-NONE,SEMI-STRUCTURED-LEGACY-FLAG,CELL_THERAPY,TTE_EVENT,VECTOR_COPY|CAR_POSITIVE_CELL,QUARANTINE,Q15B,F22
f920e39ef5a8,AIC-TTE,ID-DEFINED,TIME-DEFINED,DOSE-DEFINED,ADDL-ACTUAL-CONFLICT,BLQ-DEFINED-POLICY,COVARIATE-BASELINE-ONLY,SUBJECT-LEVEL-COVARIATE,DDI-VICTIM-PERPETRATOR,REANALYSIS-NONE,SEMI-STRUCTURED-LEGACY-FLAG,CELL_THERAPY,TTE_EVENT,,QUARANTINE,Q16,F22
91bbf217b060,AIC-TTE,ID-DEFINED,TIME-DEFINED,DOSE-DEFINED,ADDL-ACTUAL-CONFLICT,BIOANALYTICAL-FINAL-FLAG-MISSING,COVARIATE-BASELINE-ONLY,SUBJECT-LEVEL-COVARIATE,SINGLE-ANALYTE,REANALYSIS-NONE,STRUCTURED,CELL_THERAPY,TTE_EVENT,,QUARANTINE,Q15A,F15
89b3e25c5463,AIC-TTE,ID-DEFINED,TIME-DEFINED,DOSE-DEFINED,ADDL-ACTUAL-CONFLICT,BIOANALYTICAL-FINAL-FLAG-MISSING,COVARIATE-BASELINE-ONLY,SUBJECT-LEVEL-COVARIATE,SINGLE-ANALYTE,REANALYSIS-NONE,SEMI-STRUCTURED-LEGACY-FLAG,CELL_THERAPY,TTE_EVENT,,QUARANTINE,Q15A,F15
4131cda93783,AIC-TTE,ID-DEFINED,TIME-DEFINED,DOSE-DEFINED,ADDL-ACTUAL-CONFLICT,BIOANALYTICAL-FINAL-FLAG-MISSING,COVARIATE-BASELINE-ONLY,SUBJECT-LEVEL-COVARIATE,MULTI-CMT-DEFINED,REANALYSIS-NONE,STRUCTURED,CELL_THERAPY,TTE_EVENT,VECTOR_COPY|CAR_POSITIVE_CELL,QUARANTINE,Q15A,F15
4a50d43324cd,AIC-TTE,ID-DEFINED,TIME-DEFINED,DOSE-DEFINED,ADDL-ACTUAL-CONFLICT,BIOANALYTICAL-FINAL-FLAG-MISSING,COVARIATE-BASELINE-ONLY,SUBJECT-LEVEL-COVARIATE,MULTI-CMT-DEFINED,REANALYSIS-NONE,STRUCTURED,CELL_THERAPY,TTE_EVENT,,QUARANTINE,Q15A,F15
b90824739f09,AIC-TTE,ID-DEFINED,TIME-DEFINED,DOSE-DEFINED,ADDL-ACTUAL-CONFLICT,BIOANALYTICAL-FINAL-FLAG-MISSING,COVARIATE-BASELINE-ONLY,SUBJECT-LEVEL-COVARIATE,MULTI-CMT-DEFINED,REANALYSIS-NONE,SEMI-STRUCTURED-LEGACY-FLAG,CELL_THERAPY,TTE_EVENT,VECTOR_COPY|CAR_POSITIVE_CELL,QUARANTINE,Q15A,F15
a4bd39f2f967,AIC-TTE,ID-DEFINED,TIME-DEFINED,DOSE-DEFINED,ADDL-ACTUAL-CONFLICT,BIOANALYTICAL-FINAL-FLAG-MISSING,COVARIATE-BASELINE-ONLY,SUBJECT-LEVEL-COVARIATE,MULTI-CMT-DEFINED,REANALYSIS-NONE,SEMI-STRUCTURED-LEGACY-FLAG,CELL_THERAPY,TTE_EVENT,,QUARANTINE,Q15A,F15
2d8f93f52846,AIC-TTE,ID-DEFINED,TIME-DEFINED,DOSE-DEFINED,ADDL-ACTUAL-CONFLICT,BIOANALYTICAL-FINAL-FLAG-MISSING,COVARIATE-BASELINE-ONLY,SUBJECT-LEVEL-COVARIATE,DDI-VICTIM-PERPETRATOR,REANALYSIS-NONE,STRUCTURED,CELL_THERAPY,TTE_EVENT,VECTOR_COPY|CAR_POSITIVE_CELL,QUARANTINE,Q15A,F22
ba37fa830926,AIC-TTE,ID-DEFINED,TIME-DEFINED,DOSE-DEFINED,ADDL-ACTUAL-CONFLICT,BIOANALYTICAL-FINAL-FLAG-MISSING,COVARIATE-BASELINE-ONLY,SUBJECT-LEVEL-COVARIATE,DDI-VICTIM-PERPETRATOR,REANALYSIS-NONE,STRUCTURED,CELL_THERAPY,TTE_EVENT,,QUARANTINE,Q15A,F22
6cdda61ea90d,AIC-TTE,ID-DEFINED,TIME-DEFINED,DOSE-DEFINED,ADDL-ACTUAL-CONFLICT,BIOANALYTICAL-FINAL-FLAG-MISSING,COVARIATE-BASELINE-ONLY,SUBJECT-LEVEL-COVARIATE,DDI-VICTIM-PERPETRATOR,REANALYSIS-NONE,SEMI-STRUCTURED-LEGACY-FLAG,CELL_THERAPY,TTE_EVENT,VECTOR_COPY|CAR_POSITIVE_CELL,QUARANTINE,Q15A,F22
81b536418963,AIC-TTE,ID-DEFINED,TIME-DEFINED,DOSE-DEFINED,ADDL-ACTUAL-CONFLICT,BIOANALYTICAL-FINAL-FLAG-MISSING,COVARIATE-BASELINE-ONLY,SUBJECT-LEVEL-COVARIATE,DDI-VICTIM-PERPETRATOR,REANALYSIS-NONE,SEMI-STRUCTURED-LEGACY-FLAG,CELL_THERAPY,TTE_EVENT,,QUARANTINE,Q15A,F22
431cc073c8c2,AIC-TTE,ID-DEFINED,TIME-DEFINED,DOSE-DEFINED,REGIMEN-FIXED,BIOANALYTICAL-FINAL,COVARIATE-BASELINE-ONLY,SUBJECT-LEVEL-COVARIATE,SINGLE-ANALYTE,REANALYSIS-NONE,STRUCTURED,MRNA,TTE_EVENT,,AUTO,,F27
ae20e7807efb,AIC-TTE,ID-DEFINED,TIME-DEFINED,DOSE-DEFINED,REGIMEN-FIXED,BIOANALYTICAL-FINAL,COVARIATE-BASELINE-ONLY,SUBJECT-LEVEL-COVARIATE,SINGLE-ANALYTE,REANALYSIS-NONE,SEMI-STRUCTURED-LEGACY-FLAG,MRNA,TTE_EVENT,,QUARANTINE,Q15B,F27
c45b15b298fd,AIC-TTE,ID-DEFINED,TIME-DEFINED,DOSE-DEFINED,REGIMEN-FIXED,BIOANALYTICAL-FINAL,COVARIATE-BASELINE-ONLY,SUBJECT-LEVEL-COVARIATE,MULTI-CMT-DEFINED,REANALYSIS-NONE,STRUCTURED,MRNA,TTE_EVENT,,REPAIR,,F27
79df4d22f2a0,AIC-TTE,ID-DEFINED,TIME-DEFINED,DOSE-DEFINED,REGIMEN-FIXED,BIOANALYTICAL-FINAL,COVARIATE-BASELINE-ONLY,SUBJECT-LEVEL-COVARIATE,MULTI-CMT-DEFINED,REANALYSIS-NONE,SEMI-STRUCTURED-LEGACY-FLAG,MRNA,TTE_EVENT,,QUARANTINE,Q15B,F27
4a64ea4976d3,AIC-TTE,ID-DEFINED,TIME-DEFINED,DOSE-DEFINED,REGIMEN-FIXED,BIOANALYTICAL-FINAL,COVARIATE-BASELINE-ONLY,SUBJECT-LEVEL-COVARIATE,DDI-VICTIM-PERPETRATOR,REANALYSIS-NONE,STRUCTURED,MRNA,TTE_EVENT,,REPAIR,,F27
87999e37e766,AIC-TTE,ID-DEFINED,TIME-DEFINED,DOSE-DEFINED,REGIMEN-FIXED,BIOANALYTICAL-FINAL,COVARIATE-BASELINE-ONLY,SUBJECT-LEVEL-COVARIATE,DDI-VICTIM-PERPETRATOR,REANALYSIS-NONE,SEMI-STRUCTURED-LEGACY-FLAG,MRNA,TTE_EVENT,,QUARANTINE,Q15B,F27
49467927d4ff,AIC-TTE,ID-DEFINED,TIME-DEFINED,DOSE-DEFINED,REGIMEN-FIXED,BLQ-DEFINED-POLICY,COVARIATE-BASELINE-ONLY,SUBJECT-LEVEL-COVARIATE,SINGLE-ANALYTE,REANALYSIS-NONE,STRUCTURED,MRNA,TTE_EVENT,,REPAIR,,F27
de2d060c5b0c,AIC-TTE,ID-DEFINED,TIME-DEFINED,DOSE-DEFINED,REGIMEN-FIXED,BLQ-DEFINED-POLICY,COVARIATE-BASELINE-ONLY,SUBJECT-LEVEL-COVARIATE,SINGLE-ANALYTE,REANALYSIS-NONE,SEMI-STRUCTURED-LEGACY-FLAG,MRNA,TTE_EVENT,,QUARANTINE,Q15B,F27
276931efa75f,AIC-TTE,ID-DEFINED,TIME-DEFINED,DOSE-DEFINED,REGIMEN-FIXED,BLQ-DEFINED-POLICY,COVARIATE-BASELINE-ONLY,SUBJECT-LEVEL-COVARIATE,MULTI-CMT-DEFINED,REANALYSIS-NONE,STRUCTURED,MRNA,TTE_EVENT,,REPAIR,,F27
fdda78d3e881,AIC-TTE,ID-DEFINED,TIME-DEFINED,DOSE-DEFINED,REGIMEN-FIXED,BLQ-DEFINED-POLICY,COVARIATE-BASELINE-ONLY,SUBJECT-LEVEL-COVARIATE,MULTI-CMT-DEFINED,REANALYSIS-NONE,SEMI-STRUCTURED-LEGACY-FLAG,MRNA,TTE_EVENT,,QUARANTINE,Q15B,F27
5589b6f95e96,AIC-TTE,ID-DEFINED,TIME-DEFINED,DOSE-DEFINED,REGIMEN-FIXED,BLQ-DEFINED-POLICY,COVARIATE-BASELINE-ONLY,SUBJECT-LEVEL-COVARIATE,DDI-VICTIM-PERPETRATOR,REANALYSIS-NONE,STRUCTURED,MRNA,TTE_EVENT,,REPAIR,,F27
94aace4295f8,AIC-TTE,ID-DEFINED,TIME-DEFINED,DOSE-DEFINED,REGIMEN-FIXED,BLQ-DEFINED-POLICY,COVARIATE-BASELINE-ONLY,SUBJECT-LEVEL-COVARIATE,DDI-VICTIM-PERPETRATOR,REANALYSIS-NONE,SEMI-STRUCTURED-LEGACY-FLAG,MRNA,TTE_EVENT,,QUARANTINE,Q15B,F27
00df74967c45,AIC-TTE,ID-DEFINED,TIME-DEFINED,DOSE-DEFINED,REGIMEN-FIXED,BIOANALYTICAL-FINAL-FLAG-MISSING,COVARIATE-BASELINE-ONLY,SUBJECT-LEVEL-COVARIATE,SINGLE-ANALYTE,REANALYSIS-NONE,STRUCTURED,MRNA,TTE_EVENT,,QUARANTINE,Q15A,F27
e623f3b10a5c,AIC-TTE,ID-DEFINED,TIME-DEFINED,DOSE-DEFINED,REGIMEN-FIXED,BIOANALYTICAL-FINAL-FLAG-MISSING,COVARIATE-BASELINE-ONLY,SUBJECT-LEVEL-COVARIATE,SINGLE-ANALYTE,REANALYSIS-NONE,SEMI-STRUCTURED-LEGACY-FLAG,MRNA,TTE_EVENT,,QUARANTINE,Q15A,F27
65b434cf92e7,AIC-TTE,ID-DEFINED,TIME-DEFINED,DOSE-DEFINED,REGIMEN-FIXED,BIOANALYTICAL-FINAL-FLAG-MISSING,COVARIATE-BASELINE-ONLY,SUBJECT-LEVEL-COVARIATE,MULTI-CMT-DEFINED,REANALYSIS-NONE,STRUCTURED,MRNA,TTE_EVENT,,QUARANTINE,Q15A,F27
544776ceae3d,AIC-TTE,ID-DEFINED,TIME-DEFINED,DOSE-DEFINED,REGIMEN-FIXED,BIOANALYTICAL-FINAL-FLAG-MISSING,COVARIATE-BASELINE-ONLY,SUBJECT-LEVEL-COVARIATE,MULTI-CMT-DEFINED,REANALYSIS-NONE,SEMI-STRUCTURED-LEGACY-FLAG,MRNA,TTE_EVENT,,QUARANTINE,Q15A,F27
3e999ca261ca,AIC-TTE,ID-DEFINED,TIME-DEFINED,DOSE-DEFINED,REGIMEN-FIXED,BIOANALYTICAL-FINAL-FLAG-MISSING,COVARIATE-BASELINE-ONLY,SUBJECT-LEVEL-COVARIATE,DDI-VICTIM-PERPETRATOR,REANALYSIS-NONE,STRUCTURED,MRNA,TTE_EVENT,,QUARANTINE,Q15A,F27
3a97ba3cd845,AIC-TTE,ID-DEFINED,TIME-DEFINED,DOSE-DEFINED,REGIMEN-FIXED,BIOANALYTICAL-FINAL-FLAG-MISSING,COVARIATE-BASELINE-ONLY,SUBJECT-LEVEL-COVARIATE,DDI-VICTIM-PERPETRATOR,REANALYSIS-NONE,SEMI-STRUCTURED-LEGACY-FLAG,MRNA,TTE_EVENT,,QUARANTINE,Q15A,F27
11c5ed8780fc,AIC-TTE,ID-DEFINED,TIME-DEFINED,DOSE-DEFINED,ADDL-ACTUAL-CONFLICT,BIOANALYTICAL-FINAL,COVARIATE-BASELINE-ONLY,SUBJECT-LEVEL-COVARIATE,SINGLE-ANALYTE,REANALYSIS-NONE,STRUCTURED,MRNA,TTE_EVENT,,AUTO,,F27
3605bdd5f4a7,AIC-TTE,ID-DEFINED,TIME-DEFINED,DOSE-DEFINED,ADDL-ACTUAL-CONFLICT,BIOANALYTICAL-FINAL,COVARIATE-BASELINE-ONLY,SUBJECT-LEVEL-COVARIATE,SINGLE-ANALYTE,REANALYSIS-NONE,SEMI-STRUCTURED-LEGACY-FLAG,MRNA,TTE_EVENT,,QUARANTINE,Q15B,F27
e56a6d07aa76,AIC-TTE,ID-DEFINED,TIME-DEFINED,DOSE-DEFINED,ADDL-ACTUAL-CONFLICT,BIOANALYTICAL-FINAL,COVARIATE-BASELINE-ONLY,SUBJECT-LEVEL-COVARIATE,MULTI-CMT-DEFINED,REANALYSIS-NONE,STRUCTURED,MRNA,TTE_EVENT,,REPAIR,,F27
2000882acb06,AIC-TTE,ID-DEFINED,TIME-DEFINED,DOSE-DEFINED,ADDL-ACTUAL-CONFLICT,BIOANALYTICAL-FINAL,COVARIATE-BASELINE-ONLY,SUBJECT-LEVEL-COVARIATE,MULTI-CMT-DEFINED,REANALYSIS-NONE,SEMI-STRUCTURED-LEGACY-FLAG,MRNA,TTE_EVENT,,QUARANTINE,Q15B,F27
ddd162585b7f,AIC-TTE,ID-DEFINED,TIME-DEFINED,DOSE-DEFINED,ADDL-ACTUAL-CONFLICT,BIOANALYTICAL-FINAL,COVARIATE-BASELINE-ONLY,SUBJECT-LEVEL-COVARIATE,DDI-VICTIM-PERPETRATOR,REANALYSIS-NONE,STRUCTURED,MRNA,TTE_EVENT,,REPAIR,,F27
ceb564c463ba,AIC-TTE,ID-DEFINED,TIME-DEFINED,DOSE-DEFINED,ADDL-ACTUAL-CONFLICT,BIOANALYTICAL-FINAL,COVARIATE-BASELINE-ONLY,SUBJECT-LEVEL-COVARIATE,DDI-VICTIM-PERPETRATOR,REANALYSIS-NONE,SEMI-STRUCTURED-LEGACY-FLAG,MRNA,TTE_EVENT,,QUARANTINE,Q15B,F27
18308d9e9408,AIC-TTE,ID-DEFINED,TIME-DEFINED,DOSE-DEFINED,ADDL-ACTUAL-CONFLICT,BLQ-DEFINED-POLICY,COVARIATE-BASELINE-ONLY,SUBJECT-LEVEL-COVARIATE,SINGLE-ANALYTE,REANALYSIS-NONE,STRUCTURED,MRNA,TTE_EVENT,,REPAIR,,F27
12e25acc12a9,AIC-TTE,ID-DEFINED,TIME-DEFINED,DOSE-DEFINED,ADDL-ACTUAL-CONFLICT,BLQ-DEFINED-POLICY,COVARIATE-BASELINE-ONLY,SUBJECT-LEVEL-COVARIATE,SINGLE-ANALYTE,REANALYSIS-NONE,SEMI-STRUCTURED-LEGACY-FLAG,MRNA,TTE_EVENT,,QUARANTINE,Q15B,F27
42969e6d8b7e,AIC-TTE,ID-DEFINED,TIME-DEFINED,DOSE-DEFINED,ADDL-ACTUAL-CONFLICT,BLQ-DEFINED-POLICY,COVARIATE-BASELINE-ONLY,SUBJECT-LEVEL-COVARIATE,MULTI-CMT-DEFINED,REANALYSIS-NONE,STRUCTURED,MRNA,TTE_EVENT,,REPAIR,,F27
4c2618f6b54d,AIC-TTE,ID-DEFINED,TIME-DEFINED,DOSE-DEFINED,ADDL-ACTUAL-CONFLICT,BLQ-DEFINED-POLICY,COVARIATE-BASELINE-ONLY,SUBJECT-LEVEL-COVARIATE,MULTI-CMT-DEFINED,REANALYSIS-NONE,SEMI-STRUCTURED-LEGACY-FLAG,MRNA,TTE_EVENT,,QUARANTINE,Q15B,F27
ce5315ddeeec,AIC-TTE,ID-DEFINED,TIME-DEFINED,DOSE-DEFINED,ADDL-ACTUAL-CONFLICT,BLQ-DEFINED-POLICY,COVARIATE-BASELINE-ONLY,SUBJECT-LEVEL-COVARIATE,DDI-VICTIM-PERPETRATOR,REANALYSIS-NONE,STRUCTURED,MRNA,TTE_EVENT,,REPAIR,,F27
66ba553058bb,AIC-TTE,ID-DEFINED,TIME-DEFINED,DOSE-DEFINED,ADDL-ACTUAL-CONFLICT,BLQ-DEFINED-POLICY,COVARIATE-BASELINE-ONLY,SUBJECT-LEVEL-COVARIATE,DDI-VICTIM-PERPETRATOR,REANALYSIS-NONE,SEMI-STRUCTURED-LEGACY-FLAG,MRNA,TTE_EVENT,,QUARANTINE,Q15B,F27
5ccc461d637f,AIC-TTE,ID-DEFINED,TIME-DEFINED,DOSE-DEFINED,ADDL-ACTUAL-CONFLICT,BIOANALYTICAL-FINAL-FLAG-MISSING,COVARIATE-BASELINE-ONLY,SUBJECT-LEVEL-COVARIATE,SINGLE-ANALYTE,REANALYSIS-NONE,STRUCTURED,MRNA,TTE_EVENT,,QUARANTINE,Q15A,F27
4fa2362b936c,AIC-TTE,ID-DEFINED,TIME-DEFINED,DOSE-DEFINED,ADDL-ACTUAL-CONFLICT,BIOANALYTICAL-FINAL-FLAG-MISSING,COVARIATE-BASELINE-ONLY,SUBJECT-LEVEL-COVARIATE,SINGLE-ANALYTE,REANALYSIS-NONE,SEMI-STRUCTURED-LEGACY-FLAG,MRNA,TTE_EVENT,,QUARANTINE,Q15A,F27
c4360ba7cdca,AIC-TTE,ID-DEFINED,TIME-DEFINED,DOSE-DEFINED,ADDL-ACTUAL-CONFLICT,BIOANALYTICAL-FINAL-FLAG-MISSING,COVARIATE-BASELINE-ONLY,SUBJECT-LEVEL-COVARIATE,MULTI-CMT-DEFINED,REANALYSIS-NONE,STRUCTURED,MRNA,TTE_EVENT,,QUARANTINE,Q15A,F27
629575d0bb9c,AIC-TTE,ID-DEFINED,TIME-DEFINED,DOSE-DEFINED,ADDL-ACTUAL-CONFLICT,BIOANALYTICAL-FINAL-FLAG-MISSING,COVARIATE-BASELINE-ONLY,SUBJECT-LEVEL-COVARIATE,MULTI-CMT-DEFINED,REANALYSIS-NONE,SEMI-STRUCTURED-LEGACY-FLAG,MRNA,TTE_EVENT,,QUARANTINE,Q15A,F27
2603f1b5f307,AIC-TTE,ID-DEFINED,TIME-DEFINED,DOSE-DEFINED,ADDL-ACTUAL-CONFLICT,BIOANALYTICAL-FINAL-FLAG-MISSING,COVARIATE-BASELINE-ONLY,SUBJECT-LEVEL-COVARIATE,DDI-VICTIM-PERPETRATOR,REANALYSIS-NONE,STRUCTURED,MRNA,TTE_EVENT,,QUARANTINE,Q15A,F27
a0f4420dc48c,AIC-TTE,ID-DEFINED,TIME-DEFINED,DOSE-DEFINED,ADDL-ACTUAL-CONFLICT,BIOANALYTICAL-FINAL-FLAG-MISSING,COVARIATE-BASELINE-ONLY,SUBJECT-LEVEL-COVARIATE,DDI-VICTIM-PERPETRATOR,REANALYSIS-NONE,SEMI-STRUCTURED-LEGACY-FLAG,MRNA,TTE_EVENT,,QUARANTINE,Q15A,F27
c4b194755b01,AIC-TTE,ID-DEFINED,TIME-DEFINED,DOSE-DEFINED,REGIMEN-FIXED,BIOANALYTICAL-FINAL,COVARIATE-BASELINE-ONLY,SUBJECT-LEVEL-COVARIATE,SINGLE-ANALYTE,REANALYSIS-NONE,STRUCTURED,SMALL_MOLECULE,COUNT_PD,,AUTO,,F15
b3eadc863676,AIC-TTE,ID-DEFINED,TIME-DEFINED,DOSE-DEFINED,REGIMEN-FIXED,BIOANALYTICAL-FINAL,COVARIATE-BASELINE-ONLY,SUBJECT-LEVEL-COVARIATE,SINGLE-ANALYTE,REANALYSIS-NONE,SEMI-STRUCTURED-LEGACY-FLAG,SMALL_MOLECULE,COUNT_PD,,QUARANTINE,Q15B,F15
3ad21e5c424f,AIC-TTE,ID-DEFINED,TIME-DEFINED,DOSE-DEFINED,REGIMEN-FIXED,BIOANALYTICAL-FINAL,COVARIATE-BASELINE-ONLY,SUBJECT-LEVEL-COVARIATE,MULTI-CMT-DEFINED,REANALYSIS-NONE,STRUCTURED,SMALL_MOLECULE,COUNT_PD,,REPAIR,,F15
03a7a549802d,AIC-TTE,ID-DEFINED,TIME-DEFINED,DOSE-DEFINED,REGIMEN-FIXED,BIOANALYTICAL-FINAL,COVARIATE-BASELINE-ONLY,SUBJECT-LEVEL-COVARIATE,MULTI-CMT-DEFINED,REANALYSIS-NONE,SEMI-STRUCTURED-LEGACY-FLAG,SMALL_MOLECULE,COUNT_PD,,QUARANTINE,Q15B,F15
49b025a5136b,AIC-TTE,ID-DEFINED,TIME-DEFINED,DOSE-DEFINED,REGIMEN-FIXED,BIOANALYTICAL-FINAL,COVARIATE-BASELINE-ONLY,SUBJECT-LEVEL-COVARIATE,DDI-VICTIM-PERPETRATOR,REANALYSIS-NONE,STRUCTURED,SMALL_MOLECULE,COUNT_PD,,REPAIR,,F22
e1e6c2ca7312,AIC-TTE,ID-DEFINED,TIME-DEFINED,DOSE-DEFINED,REGIMEN-FIXED,BIOANALYTICAL-FINAL,COVARIATE-BASELINE-ONLY,SUBJECT-LEVEL-COVARIATE,DDI-VICTIM-PERPETRATOR,REANALYSIS-NONE,SEMI-STRUCTURED-LEGACY-FLAG,SMALL_MOLECULE,COUNT_PD,,QUARANTINE,Q15B,F22
514a9658681f,AIC-TTE,ID-DEFINED,TIME-DEFINED,DOSE-DEFINED,REGIMEN-FIXED,BLQ-DEFINED-POLICY,COVARIATE-BASELINE-ONLY,SUBJECT-LEVEL-COVARIATE,SINGLE-ANALYTE,REANALYSIS-NONE,STRUCTURED,SMALL_MOLECULE,COUNT_PD,,REPAIR,,F15
557aa5353081,AIC-TTE,ID-DEFINED,TIME-DEFINED,DOSE-DEFINED,REGIMEN-FIXED,BLQ-DEFINED-POLICY,COVARIATE-BASELINE-ONLY,SUBJECT-LEVEL-COVARIATE,SINGLE-ANALYTE,REANALYSIS-NONE,SEMI-STRUCTURED-LEGACY-FLAG,SMALL_MOLECULE,COUNT_PD,,QUARANTINE,Q15B,F15
c8a01733e2e2,AIC-TTE,ID-DEFINED,TIME-DEFINED,DOSE-DEFINED,REGIMEN-FIXED,BLQ-DEFINED-POLICY,COVARIATE-BASELINE-ONLY,SUBJECT-LEVEL-COVARIATE,MULTI-CMT-DEFINED,REANALYSIS-NONE,STRUCTURED,SMALL_MOLECULE,COUNT_PD,,REPAIR,,F15
8ee451f28c3a,AIC-TTE,ID-DEFINED,TIME-DEFINED,DOSE-DEFINED,REGIMEN-FIXED,BLQ-DEFINED-POLICY,COVARIATE-BASELINE-ONLY,SUBJECT-LEVEL-COVARIATE,MULTI-CMT-DEFINED,REANALYSIS-NONE,SEMI-STRUCTURED-LEGACY-FLAG,SMALL_MOLECULE,COUNT_PD,,QUARANTINE,Q15B,F15
31211f96c79b,AIC-TTE,ID-DEFINED,TIME-DEFINED,DOSE-DEFINED,REGIMEN-FIXED,BLQ-DEFINED-POLICY,COVARIATE-BASELINE-ONLY,SUBJECT-LEVEL-COVARIATE,DDI-VICTIM-PERPETRATOR,REANALYSIS-NONE,STRUCTURED,SMALL_MOLECULE,COUNT_PD,,REPAIR,,F22
393f8e65c866,AIC-TTE,ID-DEFINED,TIME-DEFINED,DOSE-DEFINED,REGIMEN-FIXED,BLQ-DEFINED-POLICY,COVARIATE-BASELINE-ONLY,SUBJECT-LEVEL-COVARIATE,DDI-VICTIM-PERPETRATOR,REANALYSIS-NONE,SEMI-STRUCTURED-LEGACY-FLAG,SMALL_MOLECULE,COUNT_PD,,QUARANTINE,Q15B,F22
843bd1b6d936,AIC-TTE,ID-DEFINED,TIME-DEFINED,DOSE-DEFINED,REGIMEN-FIXED,BIOANALYTICAL-FINAL-FLAG-MISSING,COVARIATE-BASELINE-ONLY,SUBJECT-LEVEL-COVARIATE,SINGLE-ANALYTE,REANALYSIS-NONE,STRUCTURED,SMALL_MOLECULE,COUNT_PD,,QUARANTINE,Q15A,F15
178f8ee214f6,AIC-TTE,ID-DEFINED,TIME-DEFINED,DOSE-DEFINED,REGIMEN-FIXED,BIOANALYTICAL-FINAL-FLAG-MISSING,COVARIATE-BASELINE-ONLY,SUBJECT-LEVEL-COVARIATE,SINGLE-ANALYTE,REANALYSIS-NONE,SEMI-STRUCTURED-LEGACY-FLAG,SMALL_MOLECULE,COUNT_PD,,QUARANTINE,Q15A,F15
2f5582906023,AIC-TTE,ID-DEFINED,TIME-DEFINED,DOSE-DEFINED,REGIMEN-FIXED,BIOANALYTICAL-FINAL-FLAG-MISSING,COVARIATE-BASELINE-ONLY,SUBJECT-LEVEL-COVARIATE,MULTI-CMT-DEFINED,REANALYSIS-NONE,STRUCTURED,SMALL_MOLECULE,COUNT_PD,,QUARANTINE,Q15A,F15
332cad910f55,AIC-TTE,ID-DEFINED,TIME-DEFINED,DOSE-DEFINED,REGIMEN-FIXED,BIOANALYTICAL-FINAL-FLAG-MISSING,COVARIATE-BASELINE-ONLY,SUBJECT-LEVEL-COVARIATE,MULTI-CMT-DEFINED,REANALYSIS-NONE,SEMI-STRUCTURED-LEGACY-FLAG,SMALL_MOLECULE,COUNT_PD,,QUARANTINE,Q15A,F15
2d265888aeb7,AIC-TTE,ID-DEFINED,TIME-DEFINED,DOSE-DEFINED,REGIMEN-FIXED,BIOANALYTICAL-FINAL-FLAG-MISSING,COVARIATE-BASELINE-ONLY,SUBJECT-LEVEL-COVARIATE,DDI-VICTIM-PERPETRATOR,REANALYSIS-NONE,STRUCTURED,SMALL_MOLECULE,COUNT_PD,,QUARANTINE,Q15A,F22
25a6699a532e,AIC-TTE,ID-DEFINED,TIME-DEFINED,DOSE-DEFINED,REGIMEN-FIXED,BIOANALYTICAL-FINAL-FLAG-MISSING,COVARIATE-BASELINE-ONLY,SUBJECT-LEVEL-COVARIATE,DDI-VICTIM-PERPETRATOR,REANALYSIS-NONE,SEMI-STRUCTURED-LEGACY-FLAG,SMALL_MOLECULE,COUNT_PD,,QUARANTINE,Q15A,F22
3367461b678a,AIC-TTE,ID-DEFINED,TIME-DEFINED,DOSE-DEFINED,ADDL-ACTUAL-CONFLICT,BIOANALYTICAL-FINAL,COVARIATE-BASELINE-ONLY,SUBJECT-LEVEL-COVARIATE,SINGLE-ANALYTE,REANALYSIS-NONE,STRUCTURED,SMALL_MOLECULE,COUNT_PD,,AUTO,,F15
f46eb9fd15b5,AIC-TTE,ID-DEFINED,TIME-DEFINED,DOSE-DEFINED,ADDL-ACTUAL-CONFLICT,BIOANALYTICAL-FINAL,COVARIATE-BASELINE-ONLY,SUBJECT-LEVEL-COVARIATE,SINGLE-ANALYTE,REANALYSIS-NONE,SEMI-STRUCTURED-LEGACY-FLAG,SMALL_MOLECULE,COUNT_PD,,QUARANTINE,Q15B,F15
dc6b89533708,AIC-TTE,ID-DEFINED,TIME-DEFINED,DOSE-DEFINED,ADDL-ACTUAL-CONFLICT,BIOANALYTICAL-FINAL,COVARIATE-BASELINE-ONLY,SUBJECT-LEVEL-COVARIATE,MULTI-CMT-DEFINED,REANALYSIS-NONE,STRUCTURED,SMALL_MOLECULE,COUNT_PD,,REPAIR,,F15
57edb237c241,AIC-TTE,ID-DEFINED,TIME-DEFINED,DOSE-DEFINED,ADDL-ACTUAL-CONFLICT,BIOANALYTICAL-FINAL,COVARIATE-BASELINE-ONLY,SUBJECT-LEVEL-COVARIATE,MULTI-CMT-DEFINED,REANALYSIS-NONE,SEMI-STRUCTURED-LEGACY-FLAG,SMALL_MOLECULE,COUNT_PD,,QUARANTINE,Q15B,F15
e9c3261a3eb0,AIC-TTE,ID-DEFINED,TIME-DEFINED,DOSE-DEFINED,ADDL-ACTUAL-CONFLICT,BIOANALYTICAL-FINAL,COVARIATE-BASELINE-ONLY,SUBJECT-LEVEL-COVARIATE,DDI-VICTIM-PERPETRATOR,REANALYSIS-NONE,STRUCTURED,SMALL_MOLECULE,COUNT_PD,,REPAIR,,F22
08bec7467018,AIC-TTE,ID-DEFINED,TIME-DEFINED,DOSE-DEFINED,ADDL-ACTUAL-CONFLICT,BIOANALYTICAL-FINAL,COVARIATE-BASELINE-ONLY,SUBJECT-LEVEL-COVARIATE,DDI-VICTIM-PERPETRATOR,REANALYSIS-NONE,SEMI-STRUCTURED-LEGACY-FLAG,SMALL_MOLECULE,COUNT_PD,,QUARANTINE,Q15B,F22
61f06054a7d0,AIC-TTE,ID-DEFINED,TIME-DEFINED,DOSE-DEFINED,ADDL-ACTUAL-CONFLICT,BLQ-DEFINED-POLICY,COVARIATE-BASELINE-ONLY,SUBJECT-LEVEL-COVARIATE,SINGLE-ANALYTE,REANALYSIS-NONE,STRUCTURED,SMALL_MOLECULE,COUNT_PD,,REPAIR,,F15
7d5ad743bc00,AIC-TTE,ID-DEFINED,TIME-DEFINED,DOSE-DEFINED,ADDL-ACTUAL-CONFLICT,BLQ-DEFINED-POLICY,COVARIATE-BASELINE-ONLY,SUBJECT-LEVEL-COVARIATE,SINGLE-ANALYTE,REANALYSIS-NONE,SEMI-STRUCTURED-LEGACY-FLAG,SMALL_MOLECULE,COUNT_PD,,QUARANTINE,Q15B,F15
df559981c513,AIC-TTE,ID-DEFINED,TIME-DEFINED,DOSE-DEFINED,ADDL-ACTUAL-CONFLICT,BLQ-DEFINED-POLICY,COVARIATE-BASELINE-ONLY,SUBJECT-LEVEL-COVARIATE,MULTI-CMT-DEFINED,REANALYSIS-NONE,STRUCTURED,SMALL_MOLECULE,COUNT_PD,,REPAIR,,F15
851e04da6c08,AIC-TTE,ID-DEFINED,TIME-DEFINED,DOSE-DEFINED,ADDL-ACTUAL-CONFLICT,BLQ-DEFINED-POLICY,COVARIATE-BASELINE-ONLY,SUBJECT-LEVEL-COVARIATE,MULTI-CMT-DEFINED,REANALYSIS-NONE,SEMI-STRUCTURED-LEGACY-FLAG,SMALL_MOLECULE,COUNT_PD,,QUARANTINE,Q15B,F15
511f07c2e598,AIC-TTE,ID-DEFINED,TIME-DEFINED,DOSE-DEFINED,ADDL-ACTUAL-CONFLICT,BLQ-DEFINED-POLICY,COVARIATE-BASELINE-ONLY,SUBJECT-LEVEL-COVARIATE,DDI-VICTIM-PERPETRATOR,REANALYSIS-NONE,STRUCTURED,SMALL_MOLECULE,COUNT_PD,,REPAIR,,F22
0f04930b8958,AIC-TTE,ID-DEFINED,TIME-DEFINED,DOSE-DEFINED,ADDL-ACTUAL-CONFLICT,BLQ-DEFINED-POLICY,COVARIATE-BASELINE-ONLY,SUBJECT-LEVEL-COVARIATE,DDI-VICTIM-PERPETRATOR,REANALYSIS-NONE,SEMI-STRUCTURED-LEGACY-FLAG,SMALL_MOLECULE,COUNT_PD,,QUARANTINE,Q15B,F22
d4135295b61f,AIC-TTE,ID-DEFINED,TIME-DEFINED,DOSE-DEFINED,ADDL-ACTUAL-CONFLICT,BIOANALYTICAL-FINAL-FLAG-MISSING,COVARIATE-BASELINE-ONLY,SUBJECT-LEVEL-COVARIATE,SINGLE-ANALYTE,REANALYSIS-NONE,STRUCTURED,SMALL_MOLECULE,COUNT_PD,,QUARANTINE,Q15A,F15
bacc4b9b2296,AIC-TTE,ID-DEFINED,TIME-DEFINED,DOSE-DEFINED,ADDL-ACTUAL-CONFLICT,BIOANALYTICAL-FINAL-FLAG-MISSING,COVARIATE-BASELINE-ONLY,SUBJECT-LEVEL-COVARIATE,SINGLE-ANALYTE,REANALYSIS-NONE,SEMI-STRUCTURED-LEGACY-FLAG,SMALL_MOLECULE,COUNT_PD,,QUARANTINE,Q15A,F15
f54633e228f4,AIC-TTE,ID-DEFINED,TIME-DEFINED,DOSE-DEFINED,ADDL-ACTUAL-CONFLICT,BIOANALYTICAL-FINAL-FLAG-MISSING,COVARIATE-BASELINE-ONLY,SUBJECT-LEVEL-COVARIATE,MULTI-CMT-DEFINED,REANALYSIS-NONE,STRUCTURED,SMALL_MOLECULE,COUNT_PD,,QUARANTINE,Q15A,F15
6f43c08813e1,AIC-TTE,ID-DEFINED,TIME-DEFINED,DOSE-DEFINED,ADDL-ACTUAL-CONFLICT,BIOANALYTICAL-FINAL-FLAG-MISSING,COVARIATE-BASELINE-ONLY,SUBJECT-LEVEL-COVARIATE,MULTI-CMT-DEFINED,REANALYSIS-NONE,SEMI-STRUCTURED-LEGACY-FLAG,SMALL_MOLECULE,COUNT_PD,,QUARANTINE,Q15A,F15
ff28beb75527,AIC-TTE,ID-DEFINED,TIME-DEFINED,DOSE-DEFINED,ADDL-ACTUAL-CONFLICT,BIOANALYTICAL-FINAL-FLAG-MISSING,COVARIATE-BASELINE-ONLY,SUBJECT-LEVEL-COVARIATE,DDI-VICTIM-PERPETRATOR,REANALYSIS-NONE,STRUCTURED,SMALL_MOLECULE,COUNT_PD,,QUARANTINE,Q15A,F22
3cc8daaf7316,AIC-TTE,ID-DEFINED,TIME-DEFINED,DOSE-DEFINED,ADDL-ACTUAL-CONFLICT,BIOANALYTICAL-FINAL-FLAG-MISSING,COVARIATE-BASELINE-ONLY,SUBJECT-LEVEL-COVARIATE,DDI-VICTIM-PERPETRATOR,REANALYSIS-NONE,SEMI-STRUCTURED-LEGACY-FLAG,SMALL_MOLECULE,COUNT_PD,,QUARANTINE,Q15A,F22
81362d3640fa,AIC-TTE,ID-DEFINED,TIME-DEFINED,DOSE-DEFINED,REGIMEN-FIXED,BIOANALYTICAL-FINAL,COVARIATE-BASELINE-ONLY,SUBJECT-LEVEL-COVARIATE,SINGLE-ANALYTE,REANALYSIS-NONE,STRUCTURED,MAB,COUNT_PD,,AUTO,,F15
ca088c37156b,AIC-TTE,ID-DEFINED,TIME-DEFINED,DOSE-DEFINED,REGIMEN-FIXED,BIOANALYTICAL-FINAL,COVARIATE-BASELINE-ONLY,SUBJECT-LEVEL-COVARIATE,SINGLE-ANALYTE,REANALYSIS-NONE,SEMI-STRUCTURED-LEGACY-FLAG,MAB,COUNT_PD,,QUARANTINE,Q15B,F15
f708a663fc28,AIC-TTE,ID-DEFINED,TIME-DEFINED,DOSE-DEFINED,REGIMEN-FIXED,BIOANALYTICAL-FINAL,COVARIATE-BASELINE-ONLY,SUBJECT-LEVEL-COVARIATE,MULTI-CMT-DEFINED,REANALYSIS-NONE,STRUCTURED,MAB,COUNT_PD,,REPAIR,,F15
da84d31f5145,AIC-TTE,ID-DEFINED,TIME-DEFINED,DOSE-DEFINED,REGIMEN-FIXED,BIOANALYTICAL-FINAL,COVARIATE-BASELINE-ONLY,SUBJECT-LEVEL-COVARIATE,MULTI-CMT-DEFINED,REANALYSIS-NONE,SEMI-STRUCTURED-LEGACY-FLAG,MAB,COUNT_PD,,QUARANTINE,Q15B,F15
0545eb0e1e66,AIC-TTE,ID-DEFINED,TIME-DEFINED,DOSE-DEFINED,REGIMEN-FIXED,BIOANALYTICAL-FINAL,COVARIATE-BASELINE-ONLY,SUBJECT-LEVEL-COVARIATE,DDI-VICTIM-PERPETRATOR,REANALYSIS-NONE,STRUCTURED,MAB,COUNT_PD,,REPAIR,,F22
f74660b4b7d4,AIC-TTE,ID-DEFINED,TIME-DEFINED,DOSE-DEFINED,REGIMEN-FIXED,BIOANALYTICAL-FINAL,COVARIATE-BASELINE-ONLY,SUBJECT-LEVEL-COVARIATE,DDI-VICTIM-PERPETRATOR,REANALYSIS-NONE,SEMI-STRUCTURED-LEGACY-FLAG,MAB,COUNT_PD,,QUARANTINE,Q15B,F22
e5e7610118a2,AIC-TTE,ID-DEFINED,TIME-DEFINED,DOSE-DEFINED,REGIMEN-FIXED,BLQ-DEFINED-POLICY,COVARIATE-BASELINE-ONLY,SUBJECT-LEVEL-COVARIATE,SINGLE-ANALYTE,REANALYSIS-NONE,STRUCTURED,MAB,COUNT_PD,,REPAIR,,F15
e39520e2d915,AIC-TTE,ID-DEFINED,TIME-DEFINED,DOSE-DEFINED,REGIMEN-FIXED,BLQ-DEFINED-POLICY,COVARIATE-BASELINE-ONLY,SUBJECT-LEVEL-COVARIATE,SINGLE-ANALYTE,REANALYSIS-NONE,SEMI-STRUCTURED-LEGACY-FLAG,MAB,COUNT_PD,,QUARANTINE,Q15B,F15
449c97974915,AIC-TTE,ID-DEFINED,TIME-DEFINED,DOSE-DEFINED,REGIMEN-FIXED,BLQ-DEFINED-POLICY,COVARIATE-BASELINE-ONLY,SUBJECT-LEVEL-COVARIATE,MULTI-CMT-DEFINED,REANALYSIS-NONE,STRUCTURED,MAB,COUNT_PD,,REPAIR,,F15
44f250eb99ae,AIC-TTE,ID-DEFINED,TIME-DEFINED,DOSE-DEFINED,REGIMEN-FIXED,BLQ-DEFINED-POLICY,COVARIATE-BASELINE-ONLY,SUBJECT-LEVEL-COVARIATE,MULTI-CMT-DEFINED,REANALYSIS-NONE,SEMI-STRUCTURED-LEGACY-FLAG,MAB,COUNT_PD,,QUARANTINE,Q15B,F15
c5f9053079b1,AIC-TTE,ID-DEFINED,TIME-DEFINED,DOSE-DEFINED,REGIMEN-FIXED,BLQ-DEFINED-POLICY,COVARIATE-BASELINE-ONLY,SUBJECT-LEVEL-COVARIATE,DDI-VICTIM-PERPETRATOR,REANALYSIS-NONE,STRUCTURED,MAB,COUNT_PD,,REPAIR,,F22
4e4de2bd896a,AIC-TTE,ID-DEFINED,TIME-DEFINED,DOSE-DEFINED,REGIMEN-FIXED,BLQ-DEFINED-POLICY,COVARIATE-BASELINE-ONLY,SUBJECT-LEVEL-COVARIATE,DDI-VICTIM-PERPETRATOR,REANALYSIS-NONE,SEMI-STRUCTURED-LEGACY-FLAG,MAB,COUNT_PD,,QUARANTINE,Q15B,F22
bd6cab5d793b,AIC-TTE,ID-DEFINED,TIME-DEFINED,DOSE-DEFINED,REGIMEN-FIXED,BIOANALYTICAL-FINAL-FLAG-MISSING,COVARIATE-BASELINE-ONLY,SUBJECT-LEVEL-COVARIATE,SINGLE-ANALYTE,REANALYSIS-NONE,STRUCTURED,MAB,COUNT_PD,,QUARANTINE,Q15A,F15
315b9ab9b702,AIC-TTE,ID-DEFINED,TIME-DEFINED,DOSE-DEFINED,REGIMEN-FIXED,BIOANALYTICAL-FINAL-FLAG-MISSING,COVARIATE-BASELINE-ONLY,SUBJECT-LEVEL-COVARIATE,SINGLE-ANALYTE,REANALYSIS-NONE,SEMI-STRUCTURED-LEGACY-FLAG,MAB,COUNT_PD,,QUARANTINE,Q15A,F15
66e5300cef79,AIC-TTE,ID-DEFINED,TIME-DEFINED,DOSE-DEFINED,REGIMEN-FIXED,BIOANALYTICAL-FINAL-FLAG-MISSING,COVARIATE-BASELINE-ONLY,SUBJECT-LEVEL-COVARIATE,MULTI-CMT-DEFINED,REANALYSIS-NONE,STRUCTURED,MAB,COUNT_PD,,QUARANTINE,Q15A,F15
62312bfdf65e,AIC-TTE,ID-DEFINED,TIME-DEFINED,DOSE-DEFINED,REGIMEN-FIXED,BIOANALYTICAL-FINAL-FLAG-MISSING,COVARIATE-BASELINE-ONLY,SUBJECT-LEVEL-COVARIATE,MULTI-CMT-DEFINED,REANALYSIS-NONE,SEMI-STRUCTURED-LEGACY-FLAG,MAB,COUNT_PD,,QUARANTINE,Q15A,F15
4f16c65420ab,AIC-TTE,ID-DEFINED,TIME-DEFINED,DOSE-DEFINED,REGIMEN-FIXED,BIOANALYTICAL-FINAL-FLAG-MISSING,COVARIATE-BASELINE-ONLY,SUBJECT-LEVEL-COVARIATE,DDI-VICTIM-PERPETRATOR,REANALYSIS-NONE,STRUCTURED,MAB,COUNT_PD,,QUARANTINE,Q15A,F22
cbbe65a68db4,AIC-TTE,ID-DEFINED,TIME-DEFINED,DOSE-DEFINED,REGIMEN-FIXED,BIOANALYTICAL-FINAL-FLAG-MISSING,COVARIATE-BASELINE-ONLY,SUBJECT-LEVEL-COVARIATE,DDI-VICTIM-PERPETRATOR,REANALYSIS-NONE,SEMI-STRUCTURED-LEGACY-FLAG,MAB,COUNT_PD,,QUARANTINE,Q15A,F22
2ae37af5fdad,AIC-TTE,ID-DEFINED,TIME-DEFINED,DOSE-DEFINED,ADDL-ACTUAL-CONFLICT,BIOANALYTICAL-FINAL,COVARIATE-BASELINE-ONLY,SUBJECT-LEVEL-COVARIATE,SINGLE-ANALYTE,REANALYSIS-NONE,STRUCTURED,MAB,COUNT_PD,,AUTO,,F15
8911529c929f,AIC-TTE,ID-DEFINED,TIME-DEFINED,DOSE-DEFINED,ADDL-ACTUAL-CONFLICT,BIOANALYTICAL-FINAL,COVARIATE-BASELINE-ONLY,SUBJECT-LEVEL-COVARIATE,SINGLE-ANALYTE,REANALYSIS-NONE,SEMI-STRUCTURED-LEGACY-FLAG,MAB,COUNT_PD,,QUARANTINE,Q15B,F15
9dac5442f017,AIC-TTE,ID-DEFINED,TIME-DEFINED,DOSE-DEFINED,ADDL-ACTUAL-CONFLICT,BIOANALYTICAL-FINAL,COVARIATE-BASELINE-ONLY,SUBJECT-LEVEL-COVARIATE,MULTI-CMT-DEFINED,REANALYSIS-NONE,STRUCTURED,MAB,COUNT_PD,,REPAIR,,F15
824b9b7eea4b,AIC-TTE,ID-DEFINED,TIME-DEFINED,DOSE-DEFINED,ADDL-ACTUAL-CONFLICT,BIOANALYTICAL-FINAL,COVARIATE-BASELINE-ONLY,SUBJECT-LEVEL-COVARIATE,MULTI-CMT-DEFINED,REANALYSIS-NONE,SEMI-STRUCTURED-LEGACY-FLAG,MAB,COUNT_PD,,QUARANTINE,Q15B,F15
d0146f89e16a,AIC-TTE,ID-DEFINED,TIME-DEFINED,DOSE-DEFINED,ADDL-ACTUAL-CONFLICT,BIOANALYTICAL-FINAL,COVARIATE-BASELINE-ONLY,SUBJECT-LEVEL-COVARIATE,DDI-VICTIM-PERPETRATOR,REANALYSIS-NONE,STRUCTURED,MAB,COUNT_PD,,REPAIR,,F22
d14683cd3252,AIC-TTE,ID-DEFINED,TIME-DEFINED,DOSE-DEFINED,ADDL-ACTUAL-CONFLICT,BIOANALYTICAL-FINAL,COVARIATE-BASELINE-ONLY,SUBJECT-LEVEL-COVARIATE,DDI-VICTIM-PERPETRATOR,REANALYSIS-NONE,SEMI-STRUCTURED-LEGACY-FLAG,MAB,COUNT_PD,,QUARANTINE,Q15B,F22
b2ff79e6c21c,AIC-TTE,ID-DEFINED,TIME-DEFINED,DOSE-DEFINED,ADDL-ACTUAL-CONFLICT,BLQ-DEFINED-POLICY,COVARIATE-BASELINE-ONLY,SUBJECT-LEVEL-COVARIATE,SINGLE-ANALYTE,REANALYSIS-NONE,STRUCTURED,MAB,COUNT_PD,,REPAIR,,F15
95127b70e995,AIC-TTE,ID-DEFINED,TIME-DEFINED,DOSE-DEFINED,ADDL-ACTUAL-CONFLICT,BLQ-DEFINED-POLICY,COVARIATE-BASELINE-ONLY,SUBJECT-LEVEL-COVARIATE,SINGLE-ANALYTE,REANALYSIS-NONE,SEMI-STRUCTURED-LEGACY-FLAG,MAB,COUNT_PD,,QUARANTINE,Q15B,F15
bc672f230c81,AIC-TTE,ID-DEFINED,TIME-DEFINED,DOSE-DEFINED,ADDL-ACTUAL-CONFLICT,BLQ-DEFINED-POLICY,COVARIATE-BASELINE-ONLY,SUBJECT-LEVEL-COVARIATE,MULTI-CMT-DEFINED,REANALYSIS-NONE,STRUCTURED,MAB,COUNT_PD,,REPAIR,,F15
62ae66bfc4f5,AIC-TTE,ID-DEFINED,TIME-DEFINED,DOSE-DEFINED,ADDL-ACTUAL-CONFLICT,BLQ-DEFINED-POLICY,COVARIATE-BASELINE-ONLY,SUBJECT-LEVEL-COVARIATE,MULTI-CMT-DEFINED,REANALYSIS-NONE,SEMI-STRUCTURED-LEGACY-FLAG,MAB,COUNT_PD,,QUARANTINE,Q15B,F15
87c4458c7f1c,AIC-TTE,ID-DEFINED,TIME-DEFINED,DOSE-DEFINED,ADDL-ACTUAL-CONFLICT,BLQ-DEFINED-POLICY,COVARIATE-BASELINE-ONLY,SUBJECT-LEVEL-COVARIATE,DDI-VICTIM-PERPETRATOR,REANALYSIS-NONE,STRUCTURED,MAB,COUNT_PD,,REPAIR,,F22
87a7cd11aad4,AIC-TTE,ID-DEFINED,TIME-DEFINED,DOSE-DEFINED,ADDL-ACTUAL-CONFLICT,BLQ-DEFINED-POLICY,COVARIATE-BASELINE-ONLY,SUBJECT-LEVEL-COVARIATE,DDI-VICTIM-PERPETRATOR,REANALYSIS-NONE,SEMI-STRUCTURED-LEGACY-FLAG,MAB,COUNT_PD,,QUARANTINE,Q15B,F22
e88849da1f95,AIC-TTE,ID-DEFINED,TIME-DEFINED,DOSE-DEFINED,ADDL-ACTUAL-CONFLICT,BIOANALYTICAL-FINAL-FLAG-MISSING,COVARIATE-BASELINE-ONLY,SUBJECT-LEVEL-COVARIATE,SINGLE-ANALYTE,REANALYSIS-NONE,STRUCTURED,MAB,COUNT_PD,,QUARANTINE,Q15A,F15
4985f0158a0a,AIC-TTE,ID-DEFINED,TIME-DEFINED,DOSE-DEFINED,ADDL-ACTUAL-CONFLICT,BIOANALYTICAL-FINAL-FLAG-MISSING,COVARIATE-BASELINE-ONLY,SUBJECT-LEVEL-COVARIATE,SINGLE-ANALYTE,REANALYSIS-NONE,SEMI-STRUCTURED-LEGACY-FLAG,MAB,COUNT_PD,,QUARANTINE,Q15A,F15
cf6656917042,AIC-TTE,ID-DEFINED,TIME-DEFINED,DOSE-DEFINED,ADDL-ACTUAL-CONFLICT,BIOANALYTICAL-FINAL-FLAG-MISSING,COVARIATE-BASELINE-ONLY,SUBJECT-LEVEL-COVARIATE,MULTI-CMT-DEFINED,REANALYSIS-NONE,STRUCTURED,MAB,COUNT_PD,,QUARANTINE,Q15A,F15
82f10b21c1b8,AIC-TTE,ID-DEFINED,TIME-DEFINED,DOSE-DEFINED,ADDL-ACTUAL-CONFLICT,BIOANALYTICAL-FINAL-FLAG-MISSING,COVARIATE-BASELINE-ONLY,SUBJECT-LEVEL-COVARIATE,MULTI-CMT-DEFINED,REANALYSIS-NONE,SEMI-STRUCTURED-LEGACY-FLAG,MAB,COUNT_PD,,QUARANTINE,Q15A,F15
d63a9e047335,AIC-TTE,ID-DEFINED,TIME-DEFINED,DOSE-DEFINED,ADDL-ACTUAL-CONFLICT,BIOANALYTICAL-FINAL-FLAG-MISSING,COVARIATE-BASELINE-ONLY,SUBJECT-LEVEL-COVARIATE,DDI-VICTIM-PERPETRATOR,REANALYSIS-NONE,STRUCTURED,MAB,COUNT_PD,,QUARANTINE,Q15A,F22
bfa722284f6c,AIC-TTE,ID-DEFINED,TIME-DEFINED,DOSE-DEFINED,ADDL-ACTUAL-CONFLICT,BIOANALYTICAL-FINAL-FLAG-MISSING,COVARIATE-BASELINE-ONLY,SUBJECT-LEVEL-COVARIATE,DDI-VICTIM-PERPETRATOR,REANALYSIS-NONE,SEMI-STRUCTURED-LEGACY-FLAG,MAB,COUNT_PD,,QUARANTINE,Q15A,F22
847783580ee3,AIC-TTE,ID-DEFINED,TIME-DEFINED,DOSE-DEFINED,REGIMEN-FIXED,BIOANALYTICAL-FINAL,COVARIATE-BASELINE-ONLY,SUBJECT-LEVEL-COVARIATE,SINGLE-ANALYTE,REANALYSIS-NONE,STRUCTURED,ADC,COUNT_PD,,AUTO,,F15
c02d7d7e0caa,AIC-TTE,ID-DEFINED,TIME-DEFINED,DOSE-DEFINED,REGIMEN-FIXED,BIOANALYTICAL-FINAL,COVARIATE-BASELINE-ONLY,SUBJECT-LEVEL-COVARIATE,SINGLE-ANALYTE,REANALYSIS-NONE,SEMI-STRUCTURED-LEGACY-FLAG,ADC,COUNT_PD,,QUARANTINE,Q15B,F15
89c7473866ca,AIC-TTE,ID-DEFINED,TIME-DEFINED,DOSE-DEFINED,REGIMEN-FIXED,BIOANALYTICAL-FINAL,COVARIATE-BASELINE-ONLY,SUBJECT-LEVEL-COVARIATE,MULTI-CMT-DEFINED,REANALYSIS-NONE,STRUCTURED,ADC,COUNT_PD,TOTAL_ANTIBODY|CONJUGATED_ADC|UNCONJUGATED_PAYLOAD,REPAIR,,F24
10ee4962d2be,AIC-TTE,ID-DEFINED,TIME-DEFINED,DOSE-DEFINED,REGIMEN-FIXED,BIOANALYTICAL-FINAL,COVARIATE-BASELINE-ONLY,SUBJECT-LEVEL-COVARIATE,MULTI-CMT-DEFINED,REANALYSIS-NONE,STRUCTURED,ADC,COUNT_PD,,QUARANTINE,Q16,F24
ae69ea9d313e,AIC-TTE,ID-DEFINED,TIME-DEFINED,DOSE-DEFINED,REGIMEN-FIXED,BIOANALYTICAL-FINAL,COVARIATE-BASELINE-ONLY,SUBJECT-LEVEL-COVARIATE,MULTI-CMT-DEFINED,REANALYSIS-NONE,SEMI-STRUCTURED-LEGACY-FLAG,ADC,COUNT_PD,TOTAL_ANTIBODY|CONJUGATED_ADC|UNCONJUGATED_PAYLOAD,QUARANTINE,Q15B,F24
3d2545555e00,AIC-TTE,ID-DEFINED,TIME-DEFINED,DOSE-DEFINED,REGIMEN-FIXED,BIOANALYTICAL-FINAL,COVARIATE-BASELINE-ONLY,SUBJECT-LEVEL-COVARIATE,MULTI-CMT-DEFINED,REANALYSIS-NONE,SEMI-STRUCTURED-LEGACY-FLAG,ADC,COUNT_PD,,QUARANTINE,Q16,F24
96358d72913d,AIC-TTE,ID-DEFINED,TIME-DEFINED,DOSE-DEFINED,REGIMEN-FIXED,BIOANALYTICAL-FINAL,COVARIATE-BASELINE-ONLY,SUBJECT-LEVEL-COVARIATE,DDI-VICTIM-PERPETRATOR,REANALYSIS-NONE,STRUCTURED,ADC,COUNT_PD,TOTAL_ANTIBODY|CONJUGATED_ADC|UNCONJUGATED_PAYLOAD,REPAIR,,F22
9660d70bdea8,AIC-TTE,ID-DEFINED,TIME-DEFINED,DOSE-DEFINED,REGIMEN-FIXED,BIOANALYTICAL-FINAL,COVARIATE-BASELINE-ONLY,SUBJECT-LEVEL-COVARIATE,DDI-VICTIM-PERPETRATOR,REANALYSIS-NONE,STRUCTURED,ADC,COUNT_PD,,QUARANTINE,Q16,F22
fe565e6192d5,AIC-TTE,ID-DEFINED,TIME-DEFINED,DOSE-DEFINED,REGIMEN-FIXED,BIOANALYTICAL-FINAL,COVARIATE-BASELINE-ONLY,SUBJECT-LEVEL-COVARIATE,DDI-VICTIM-PERPETRATOR,REANALYSIS-NONE,SEMI-STRUCTURED-LEGACY-FLAG,ADC,COUNT_PD,TOTAL_ANTIBODY|CONJUGATED_ADC|UNCONJUGATED_PAYLOAD,QUARANTINE,Q15B,F22
1a70f176a079,AIC-TTE,ID-DEFINED,TIME-DEFINED,DOSE-DEFINED,REGIMEN-FIXED,BIOANALYTICAL-FINAL,COVARIATE-BASELINE-ONLY,SUBJECT-LEVEL-COVARIATE,DDI-VICTIM-PERPETRATOR,REANALYSIS-NONE,SEMI-STRUCTURED-LEGACY-FLAG,ADC,COUNT_PD,,QUARANTINE,Q16,F22
5bedf464009a,AIC-TTE,ID-DEFINED,TIME-DEFINED,DOSE-DEFINED,REGIMEN-FIXED,BLQ-DEFINED-POLICY,COVARIATE-BASELINE-ONLY,SUBJECT-LEVEL-COVARIATE,SINGLE-ANALYTE,REANALYSIS-NONE,STRUCTURED,ADC,COUNT_PD,,REPAIR,,F15
bb8b4fe47f0e,AIC-TTE,ID-DEFINED,TIME-DEFINED,DOSE-DEFINED,REGIMEN-FIXED,BLQ-DEFINED-POLICY,COVARIATE-BASELINE-ONLY,SUBJECT-LEVEL-COVARIATE,SINGLE-ANALYTE,REANALYSIS-NONE,SEMI-STRUCTURED-LEGACY-FLAG,ADC,COUNT_PD,,QUARANTINE,Q15B,F15
e96755cf9a1d,AIC-TTE,ID-DEFINED,TIME-DEFINED,DOSE-DEFINED,REGIMEN-FIXED,BLQ-DEFINED-POLICY,COVARIATE-BASELINE-ONLY,SUBJECT-LEVEL-COVARIATE,MULTI-CMT-DEFINED,REANALYSIS-NONE,STRUCTURED,ADC,COUNT_PD,TOTAL_ANTIBODY|CONJUGATED_ADC|UNCONJUGATED_PAYLOAD,REPAIR,,F24
0ea3668b20f0,AIC-TTE,ID-DEFINED,TIME-DEFINED,DOSE-DEFINED,REGIMEN-FIXED,BLQ-DEFINED-POLICY,COVARIATE-BASELINE-ONLY,SUBJECT-LEVEL-COVARIATE,MULTI-CMT-DEFINED,REANALYSIS-NONE,STRUCTURED,ADC,COUNT_PD,,QUARANTINE,Q16,F24
8618f038338f,AIC-TTE,ID-DEFINED,TIME-DEFINED,DOSE-DEFINED,REGIMEN-FIXED,BLQ-DEFINED-POLICY,COVARIATE-BASELINE-ONLY,SUBJECT-LEVEL-COVARIATE,MULTI-CMT-DEFINED,REANALYSIS-NONE,SEMI-STRUCTURED-LEGACY-FLAG,ADC,COUNT_PD,TOTAL_ANTIBODY|CONJUGATED_ADC|UNCONJUGATED_PAYLOAD,QUARANTINE,Q15B,F24
7068be952eb2,AIC-TTE,ID-DEFINED,TIME-DEFINED,DOSE-DEFINED,REGIMEN-FIXED,BLQ-DEFINED-POLICY,COVARIATE-BASELINE-ONLY,SUBJECT-LEVEL-COVARIATE,MULTI-CMT-DEFINED,REANALYSIS-NONE,SEMI-STRUCTURED-LEGACY-FLAG,ADC,COUNT_PD,,QUARANTINE,Q16,F24
4ad180cd220d,AIC-TTE,ID-DEFINED,TIME-DEFINED,DOSE-DEFINED,REGIMEN-FIXED,BLQ-DEFINED-POLICY,COVARIATE-BASELINE-ONLY,SUBJECT-LEVEL-COVARIATE,DDI-VICTIM-PERPETRATOR,REANALYSIS-NONE,STRUCTURED,ADC,COUNT_PD,TOTAL_ANTIBODY|CONJUGATED_ADC|UNCONJUGATED_PAYLOAD,REPAIR,,F22
4be0476fa813,AIC-TTE,ID-DEFINED,TIME-DEFINED,DOSE-DEFINED,REGIMEN-FIXED,BLQ-DEFINED-POLICY,COVARIATE-BASELINE-ONLY,SUBJECT-LEVEL-COVARIATE,DDI-VICTIM-PERPETRATOR,REANALYSIS-NONE,STRUCTURED,ADC,COUNT_PD,,QUARANTINE,Q16,F22
4668ee224c6d,AIC-TTE,ID-DEFINED,TIME-DEFINED,DOSE-DEFINED,REGIMEN-FIXED,BLQ-DEFINED-POLICY,COVARIATE-BASELINE-ONLY,SUBJECT-LEVEL-COVARIATE,DDI-VICTIM-PERPETRATOR,REANALYSIS-NONE,SEMI-STRUCTURED-LEGACY-FLAG,ADC,COUNT_PD,TOTAL_ANTIBODY|CONJUGATED_ADC|UNCONJUGATED_PAYLOAD,QUARANTINE,Q15B,F22
18d714ac95cf,AIC-TTE,ID-DEFINED,TIME-DEFINED,DOSE-DEFINED,REGIMEN-FIXED,BLQ-DEFINED-POLICY,COVARIATE-BASELINE-ONLY,SUBJECT-LEVEL-COVARIATE,DDI-VICTIM-PERPETRATOR,REANALYSIS-NONE,SEMI-STRUCTURED-LEGACY-FLAG,ADC,COUNT_PD,,QUARANTINE,Q16,F22
056c7cec3fda,AIC-TTE,ID-DEFINED,TIME-DEFINED,DOSE-DEFINED,REGIMEN-FIXED,BIOANALYTICAL-FINAL-FLAG-MISSING,COVARIATE-BASELINE-ONLY,SUBJECT-LEVEL-COVARIATE,SINGLE-ANALYTE,REANALYSIS-NONE,STRUCTURED,ADC,COUNT_PD,,QUARANTINE,Q15A,F15
d6a88cc0ccd9,AIC-TTE,ID-DEFINED,TIME-DEFINED,DOSE-DEFINED,REGIMEN-FIXED,BIOANALYTICAL-FINAL-FLAG-MISSING,COVARIATE-BASELINE-ONLY,SUBJECT-LEVEL-COVARIATE,SINGLE-ANALYTE,REANALYSIS-NONE,SEMI-STRUCTURED-LEGACY-FLAG,ADC,COUNT_PD,,QUARANTINE,Q15A,F15
5b112c051b7c,AIC-TTE,ID-DEFINED,TIME-DEFINED,DOSE-DEFINED,REGIMEN-FIXED,BIOANALYTICAL-FINAL-FLAG-MISSING,COVARIATE-BASELINE-ONLY,SUBJECT-LEVEL-COVARIATE,MULTI-CMT-DEFINED,REANALYSIS-NONE,STRUCTURED,ADC,COUNT_PD,TOTAL_ANTIBODY|CONJUGATED_ADC|UNCONJUGATED_PAYLOAD,QUARANTINE,Q15A,F24
9770a5f42e41,AIC-TTE,ID-DEFINED,TIME-DEFINED,DOSE-DEFINED,REGIMEN-FIXED,BIOANALYTICAL-FINAL-FLAG-MISSING,COVARIATE-BASELINE-ONLY,SUBJECT-LEVEL-COVARIATE,MULTI-CMT-DEFINED,REANALYSIS-NONE,STRUCTURED,ADC,COUNT_PD,,QUARANTINE,Q15A,F24
1577e454889c,AIC-TTE,ID-DEFINED,TIME-DEFINED,DOSE-DEFINED,REGIMEN-FIXED,BIOANALYTICAL-FINAL-FLAG-MISSING,COVARIATE-BASELINE-ONLY,SUBJECT-LEVEL-COVARIATE,MULTI-CMT-DEFINED,REANALYSIS-NONE,SEMI-STRUCTURED-LEGACY-FLAG,ADC,COUNT_PD,TOTAL_ANTIBODY|CONJUGATED_ADC|UNCONJUGATED_PAYLOAD,QUARANTINE,Q15A,F24
2b4e2904a7a6,AIC-TTE,ID-DEFINED,TIME-DEFINED,DOSE-DEFINED,REGIMEN-FIXED,BIOANALYTICAL-FINAL-FLAG-MISSING,COVARIATE-BASELINE-ONLY,SUBJECT-LEVEL-COVARIATE,MULTI-CMT-DEFINED,REANALYSIS-NONE,SEMI-STRUCTURED-LEGACY-FLAG,ADC,COUNT_PD,,QUARANTINE,Q15A,F24
bb2fe70b98c8,AIC-TTE,ID-DEFINED,TIME-DEFINED,DOSE-DEFINED,REGIMEN-FIXED,BIOANALYTICAL-FINAL-FLAG-MISSING,COVARIATE-BASELINE-ONLY,SUBJECT-LEVEL-COVARIATE,DDI-VICTIM-PERPETRATOR,REANALYSIS-NONE,STRUCTURED,ADC,COUNT_PD,TOTAL_ANTIBODY|CONJUGATED_ADC|UNCONJUGATED_PAYLOAD,QUARANTINE,Q15A,F22
08b17a77d08c,AIC-TTE,ID-DEFINED,TIME-DEFINED,DOSE-DEFINED,REGIMEN-FIXED,BIOANALYTICAL-FINAL-FLAG-MISSING,COVARIATE-BASELINE-ONLY,SUBJECT-LEVEL-COVARIATE,DDI-VICTIM-PERPETRATOR,REANALYSIS-NONE,STRUCTURED,ADC,COUNT_PD,,QUARANTINE,Q15A,F22
5acbc893bb5c,AIC-TTE,ID-DEFINED,TIME-DEFINED,DOSE-DEFINED,REGIMEN-FIXED,BIOANALYTICAL-FINAL-FLAG-MISSING,COVARIATE-BASELINE-ONLY,SUBJECT-LEVEL-COVARIATE,DDI-VICTIM-PERPETRATOR,REANALYSIS-NONE,SEMI-STRUCTURED-LEGACY-FLAG,ADC,COUNT_PD,TOTAL_ANTIBODY|CONJUGATED_ADC|UNCONJUGATED_PAYLOAD,QUARANTINE,Q15A,F22
16c6c5b43f81,AIC-TTE,ID-DEFINED,TIME-DEFINED,DOSE-DEFINED,REGIMEN-FIXED,BIOANALYTICAL-FINAL-FLAG-MISSING,COVARIATE-BASELINE-ONLY,SUBJECT-LEVEL-COVARIATE,DDI-VICTIM-PERPETRATOR,REANALYSIS-NONE,SEMI-STRUCTURED-LEGACY-FLAG,ADC,COUNT_PD,,QUARANTINE,Q15A,F22
58eb05180b54,AIC-TTE,ID-DEFINED,TIME-DEFINED,DOSE-DEFINED,ADDL-ACTUAL-CONFLICT,BIOANALYTICAL-FINAL,COVARIATE-BASELINE-ONLY,SUBJECT-LEVEL-COVARIATE,SINGLE-ANALYTE,REANALYSIS-NONE,STRUCTURED,ADC,COUNT_PD,,AUTO,,F15
0f858119570d,AIC-TTE,ID-DEFINED,TIME-DEFINED,DOSE-DEFINED,ADDL-ACTUAL-CONFLICT,BIOANALYTICAL-FINAL,COVARIATE-BASELINE-ONLY,SUBJECT-LEVEL-COVARIATE,SINGLE-ANALYTE,REANALYSIS-NONE,SEMI-STRUCTURED-LEGACY-FLAG,ADC,COUNT_PD,,QUARANTINE,Q15B,F15
4e5b7a6c731d,AIC-TTE,ID-DEFINED,TIME-DEFINED,DOSE-DEFINED,ADDL-ACTUAL-CONFLICT,BIOANALYTICAL-FINAL,COVARIATE-BASELINE-ONLY,SUBJECT-LEVEL-COVARIATE,MULTI-CMT-DEFINED,REANALYSIS-NONE,STRUCTURED,ADC,COUNT_PD,TOTAL_ANTIBODY|CONJUGATED_ADC|UNCONJUGATED_PAYLOAD,REPAIR,,F24
06d58036a8e4,AIC-TTE,ID-DEFINED,TIME-DEFINED,DOSE-DEFINED,ADDL-ACTUAL-CONFLICT,BIOANALYTICAL-FINAL,COVARIATE-BASELINE-ONLY,SUBJECT-LEVEL-COVARIATE,MULTI-CMT-DEFINED,REANALYSIS-NONE,STRUCTURED,ADC,COUNT_PD,,QUARANTINE,Q16,F24
d10b5f2232ee,AIC-TTE,ID-DEFINED,TIME-DEFINED,DOSE-DEFINED,ADDL-ACTUAL-CONFLICT,BIOANALYTICAL-FINAL,COVARIATE-BASELINE-ONLY,SUBJECT-LEVEL-COVARIATE,MULTI-CMT-DEFINED,REANALYSIS-NONE,SEMI-STRUCTURED-LEGACY-FLAG,ADC,COUNT_PD,TOTAL_ANTIBODY|CONJUGATED_ADC|UNCONJUGATED_PAYLOAD,QUARANTINE,Q15B,F24
c8bf21745def,AIC-TTE,ID-DEFINED,TIME-DEFINED,DOSE-DEFINED,ADDL-ACTUAL-CONFLICT,BIOANALYTICAL-FINAL,COVARIATE-BASELINE-ONLY,SUBJECT-LEVEL-COVARIATE,MULTI-CMT-DEFINED,REANALYSIS-NONE,SEMI-STRUCTURED-LEGACY-FLAG,ADC,COUNT_PD,,QUARANTINE,Q16,F24
2ba4b8c20802,AIC-TTE,ID-DEFINED,TIME-DEFINED,DOSE-DEFINED,ADDL-ACTUAL-CONFLICT,BIOANALYTICAL-FINAL,COVARIATE-BASELINE-ONLY,SUBJECT-LEVEL-COVARIATE,DDI-VICTIM-PERPETRATOR,REANALYSIS-NONE,STRUCTURED,ADC,COUNT_PD,TOTAL_ANTIBODY|CONJUGATED_ADC|UNCONJUGATED_PAYLOAD,REPAIR,,F22
9975bf15b068,AIC-TTE,ID-DEFINED,TIME-DEFINED,DOSE-DEFINED,ADDL-ACTUAL-CONFLICT,BIOANALYTICAL-FINAL,COVARIATE-BASELINE-ONLY,SUBJECT-LEVEL-COVARIATE,DDI-VICTIM-PERPETRATOR,REANALYSIS-NONE,STRUCTURED,ADC,COUNT_PD,,QUARANTINE,Q16,F22
b6c01cc9169f,AIC-TTE,ID-DEFINED,TIME-DEFINED,DOSE-DEFINED,ADDL-ACTUAL-CONFLICT,BIOANALYTICAL-FINAL,COVARIATE-BASELINE-ONLY,SUBJECT-LEVEL-COVARIATE,DDI-VICTIM-PERPETRATOR,REANALYSIS-NONE,SEMI-STRUCTURED-LEGACY-FLAG,ADC,COUNT_PD,TOTAL_ANTIBODY|CONJUGATED_ADC|UNCONJUGATED_PAYLOAD,QUARANTINE,Q15B,F22
d9c720e5f132,AIC-TTE,ID-DEFINED,TIME-DEFINED,DOSE-DEFINED,ADDL-ACTUAL-CONFLICT,BIOANALYTICAL-FINAL,COVARIATE-BASELINE-ONLY,SUBJECT-LEVEL-COVARIATE,DDI-VICTIM-PERPETRATOR,REANALYSIS-NONE,SEMI-STRUCTURED-LEGACY-FLAG,ADC,COUNT_PD,,QUARANTINE,Q16,F22
ac5fd537f5f6,AIC-TTE,ID-DEFINED,TIME-DEFINED,DOSE-DEFINED,ADDL-ACTUAL-CONFLICT,BLQ-DEFINED-POLICY,COVARIATE-BASELINE-ONLY,SUBJECT-LEVEL-COVARIATE,SINGLE-ANALYTE,REANALYSIS-NONE,STRUCTURED,ADC,COUNT_PD,,REPAIR,,F15
6b502cdb90a7,AIC-TTE,ID-DEFINED,TIME-DEFINED,DOSE-DEFINED,ADDL-ACTUAL-CONFLICT,BLQ-DEFINED-POLICY,COVARIATE-BASELINE-ONLY,SUBJECT-LEVEL-COVARIATE,SINGLE-ANALYTE,REANALYSIS-NONE,SEMI-STRUCTURED-LEGACY-FLAG,ADC,COUNT_PD,,QUARANTINE,Q15B,F15
480fc37f67e2,AIC-TTE,ID-DEFINED,TIME-DEFINED,DOSE-DEFINED,ADDL-ACTUAL-CONFLICT,BLQ-DEFINED-POLICY,COVARIATE-BASELINE-ONLY,SUBJECT-LEVEL-COVARIATE,MULTI-CMT-DEFINED,REANALYSIS-NONE,STRUCTURED,ADC,COUNT_PD,TOTAL_ANTIBODY|CONJUGATED_ADC|UNCONJUGATED_PAYLOAD,REPAIR,,F24
f85bc846d3f5,AIC-TTE,ID-DEFINED,TIME-DEFINED,DOSE-DEFINED,ADDL-ACTUAL-CONFLICT,BLQ-DEFINED-POLICY,COVARIATE-BASELINE-ONLY,SUBJECT-LEVEL-COVARIATE,MULTI-CMT-DEFINED,REANALYSIS-NONE,STRUCTURED,ADC,COUNT_PD,,QUARANTINE,Q16,F24
280693e33559,AIC-TTE,ID-DEFINED,TIME-DEFINED,DOSE-DEFINED,ADDL-ACTUAL-CONFLICT,BLQ-DEFINED-POLICY,COVARIATE-BASELINE-ONLY,SUBJECT-LEVEL-COVARIATE,MULTI-CMT-DEFINED,REANALYSIS-NONE,SEMI-STRUCTURED-LEGACY-FLAG,ADC,COUNT_PD,TOTAL_ANTIBODY|CONJUGATED_ADC|UNCONJUGATED_PAYLOAD,QUARANTINE,Q15B,F24
60a6f9c682ce,AIC-TTE,ID-DEFINED,TIME-DEFINED,DOSE-DEFINED,ADDL-ACTUAL-CONFLICT,BLQ-DEFINED-POLICY,COVARIATE-BASELINE-ONLY,SUBJECT-LEVEL-COVARIATE,MULTI-CMT-DEFINED,REANALYSIS-NONE,SEMI-STRUCTURED-LEGACY-FLAG,ADC,COUNT_PD,,QUARANTINE,Q16,F24
72016f4fa58e,AIC-TTE,ID-DEFINED,TIME-DEFINED,DOSE-DEFINED,ADDL-ACTUAL-CONFLICT,BLQ-DEFINED-POLICY,COVARIATE-BASELINE-ONLY,SUBJECT-LEVEL-COVARIATE,DDI-VICTIM-PERPETRATOR,REANALYSIS-NONE,STRUCTURED,ADC,COUNT_PD,TOTAL_ANTIBODY|CONJUGATED_ADC|UNCONJUGATED_PAYLOAD,REPAIR,,F22
ccf7e332ba3a,AIC-TTE,ID-DEFINED,TIME-DEFINED,DOSE-DEFINED,ADDL-ACTUAL-CONFLICT,BLQ-DEFINED-POLICY,COVARIATE-BASELINE-ONLY,SUBJECT-LEVEL-COVARIATE,DDI-VICTIM-PERPETRATOR,REANALYSIS-NONE,STRUCTURED,ADC,COUNT_PD,,QUARANTINE,Q16,F22
9db4b322af6f,AIC-TTE,ID-DEFINED,TIME-DEFINED,DOSE-DEFINED,ADDL-ACTUAL-CONFLICT,BLQ-DEFINED-POLICY,COVARIATE-BASELINE-ONLY,SUBJECT-LEVEL-COVARIATE,DDI-VICTIM-PERPETRATOR,REANALYSIS-NONE,SEMI-STRUCTURED-LEGACY-FLAG,ADC,COUNT_PD,TOTAL_ANTIBODY|CONJUGATED_ADC|UNCONJUGATED_PAYLOAD,QUARANTINE,Q15B,F22
05c8cdac0e08,AIC-TTE,ID-DEFINED,TIME-DEFINED,DOSE-DEFINED,ADDL-ACTUAL-CONFLICT,BLQ-DEFINED-POLICY,COVARIATE-BASELINE-ONLY,SUBJECT-LEVEL-COVARIATE,DDI-VICTIM-PERPETRATOR,REANALYSIS-NONE,SEMI-STRUCTURED-LEGACY-FLAG,ADC,COUNT_PD,,QUARANTINE,Q16,F22
2a3351d7a9b3,AIC-TTE,ID-DEFINED,TIME-DEFINED,DOSE-DEFINED,ADDL-ACTUAL-CONFLICT,BIOANALYTICAL-FINAL-FLAG-MISSING,COVARIATE-BASELINE-ONLY,SUBJECT-LEVEL-COVARIATE,SINGLE-ANALYTE,REANALYSIS-NONE,STRUCTURED,ADC,COUNT_PD,,QUARANTINE,Q15A,F15
485e68807b3c,AIC-TTE,ID-DEFINED,TIME-DEFINED,DOSE-DEFINED,ADDL-ACTUAL-CONFLICT,BIOANALYTICAL-FINAL-FLAG-MISSING,COVARIATE-BASELINE-ONLY,SUBJECT-LEVEL-COVARIATE,SINGLE-ANALYTE,REANALYSIS-NONE,SEMI-STRUCTURED-LEGACY-FLAG,ADC,COUNT_PD,,QUARANTINE,Q15A,F15
82215b9dcf77,AIC-TTE,ID-DEFINED,TIME-DEFINED,DOSE-DEFINED,ADDL-ACTUAL-CONFLICT,BIOANALYTICAL-FINAL-FLAG-MISSING,COVARIATE-BASELINE-ONLY,SUBJECT-LEVEL-COVARIATE,MULTI-CMT-DEFINED,REANALYSIS-NONE,STRUCTURED,ADC,COUNT_PD,TOTAL_ANTIBODY|CONJUGATED_ADC|UNCONJUGATED_PAYLOAD,QUARANTINE,Q15A,F24
8ed558145d0b,AIC-TTE,ID-DEFINED,TIME-DEFINED,DOSE-DEFINED,ADDL-ACTUAL-CONFLICT,BIOANALYTICAL-FINAL-FLAG-MISSING,COVARIATE-BASELINE-ONLY,SUBJECT-LEVEL-COVARIATE,MULTI-CMT-DEFINED,REANALYSIS-NONE,STRUCTURED,ADC,COUNT_PD,,QUARANTINE,Q15A,F24
473adb0c8432,AIC-TTE,ID-DEFINED,TIME-DEFINED,DOSE-DEFINED,ADDL-ACTUAL-CONFLICT,BIOANALYTICAL-FINAL-FLAG-MISSING,COVARIATE-BASELINE-ONLY,SUBJECT-LEVEL-COVARIATE,MULTI-CMT-DEFINED,REANALYSIS-NONE,SEMI-STRUCTURED-LEGACY-FLAG,ADC,COUNT_PD,TOTAL_ANTIBODY|CONJUGATED_ADC|UNCONJUGATED_PAYLOAD,QUARANTINE,Q15A,F24
5377f14c039a,AIC-TTE,ID-DEFINED,TIME-DEFINED,DOSE-DEFINED,ADDL-ACTUAL-CONFLICT,BIOANALYTICAL-FINAL-FLAG-MISSING,COVARIATE-BASELINE-ONLY,SUBJECT-LEVEL-COVARIATE,MULTI-CMT-DEFINED,REANALYSIS-NONE,SEMI-STRUCTURED-LEGACY-FLAG,ADC,COUNT_PD,,QUARANTINE,Q15A,F24
00ae5526f9f6,AIC-TTE,ID-DEFINED,TIME-DEFINED,DOSE-DEFINED,ADDL-ACTUAL-CONFLICT,BIOANALYTICAL-FINAL-FLAG-MISSING,COVARIATE-BASELINE-ONLY,SUBJECT-LEVEL-COVARIATE,DDI-VICTIM-PERPETRATOR,REANALYSIS-NONE,STRUCTURED,ADC,COUNT_PD,TOTAL_ANTIBODY|CONJUGATED_ADC|UNCONJUGATED_PAYLOAD,QUARANTINE,Q15A,F22
2ca8eab38514,AIC-TTE,ID-DEFINED,TIME-DEFINED,DOSE-DEFINED,ADDL-ACTUAL-CONFLICT,BIOANALYTICAL-FINAL-FLAG-MISSING,COVARIATE-BASELINE-ONLY,SUBJECT-LEVEL-COVARIATE,DDI-VICTIM-PERPETRATOR,REANALYSIS-NONE,STRUCTURED,ADC,COUNT_PD,,QUARANTINE,Q15A,F22
3792aef5f50a,AIC-TTE,ID-DEFINED,TIME-DEFINED,DOSE-DEFINED,ADDL-ACTUAL-CONFLICT,BIOANALYTICAL-FINAL-FLAG-MISSING,COVARIATE-BASELINE-ONLY,SUBJECT-LEVEL-COVARIATE,DDI-VICTIM-PERPETRATOR,REANALYSIS-NONE,SEMI-STRUCTURED-LEGACY-FLAG,ADC,COUNT_PD,TOTAL_ANTIBODY|CONJUGATED_ADC|UNCONJUGATED_PAYLOAD,QUARANTINE,Q15A,F22
bac70b7a3e51,AIC-TTE,ID-DEFINED,TIME-DEFINED,DOSE-DEFINED,ADDL-ACTUAL-CONFLICT,BIOANALYTICAL-FINAL-FLAG-MISSING,COVARIATE-BASELINE-ONLY,SUBJECT-LEVEL-COVARIATE,DDI-VICTIM-PERPETRATOR,REANALYSIS-NONE,SEMI-STRUCTURED-LEGACY-FLAG,ADC,COUNT_PD,,QUARANTINE,Q15A,F22
82aebe4ff24c,AIC-TTE,ID-DEFINED,TIME-DEFINED,DOSE-DEFINED,REGIMEN-FIXED,BIOANALYTICAL-FINAL,COVARIATE-BASELINE-ONLY,SUBJECT-LEVEL-COVARIATE,SINGLE-ANALYTE,REANALYSIS-NONE,STRUCTURED,BISPECIFIC,COUNT_PD,,AUTO,,F15
4647f18d9dea,AIC-TTE,ID-DEFINED,TIME-DEFINED,DOSE-DEFINED,REGIMEN-FIXED,BIOANALYTICAL-FINAL,COVARIATE-BASELINE-ONLY,SUBJECT-LEVEL-COVARIATE,SINGLE-ANALYTE,REANALYSIS-NONE,SEMI-STRUCTURED-LEGACY-FLAG,BISPECIFIC,COUNT_PD,,QUARANTINE,Q15B,F15
2eea300e4ee6,AIC-TTE,ID-DEFINED,TIME-DEFINED,DOSE-DEFINED,REGIMEN-FIXED,BIOANALYTICAL-FINAL,COVARIATE-BASELINE-ONLY,SUBJECT-LEVEL-COVARIATE,MULTI-CMT-DEFINED,REANALYSIS-NONE,STRUCTURED,BISPECIFIC,COUNT_PD,PARENT|SOLUBLE_TARGET|DRUG_TARGET_COMPLEX,REPAIR,,F25
d16d432e4471,AIC-TTE,ID-DEFINED,TIME-DEFINED,DOSE-DEFINED,REGIMEN-FIXED,BIOANALYTICAL-FINAL,COVARIATE-BASELINE-ONLY,SUBJECT-LEVEL-COVARIATE,MULTI-CMT-DEFINED,REANALYSIS-NONE,STRUCTURED,BISPECIFIC,COUNT_PD,,QUARANTINE,Q16,F25
3720138a10e7,AIC-TTE,ID-DEFINED,TIME-DEFINED,DOSE-DEFINED,REGIMEN-FIXED,BIOANALYTICAL-FINAL,COVARIATE-BASELINE-ONLY,SUBJECT-LEVEL-COVARIATE,MULTI-CMT-DEFINED,REANALYSIS-NONE,SEMI-STRUCTURED-LEGACY-FLAG,BISPECIFIC,COUNT_PD,PARENT|SOLUBLE_TARGET|DRUG_TARGET_COMPLEX,QUARANTINE,Q15B,F25
44a2993c6672,AIC-TTE,ID-DEFINED,TIME-DEFINED,DOSE-DEFINED,REGIMEN-FIXED,BIOANALYTICAL-FINAL,COVARIATE-BASELINE-ONLY,SUBJECT-LEVEL-COVARIATE,MULTI-CMT-DEFINED,REANALYSIS-NONE,SEMI-STRUCTURED-LEGACY-FLAG,BISPECIFIC,COUNT_PD,,QUARANTINE,Q16,F25
6fcb407d90bd,AIC-TTE,ID-DEFINED,TIME-DEFINED,DOSE-DEFINED,REGIMEN-FIXED,BIOANALYTICAL-FINAL,COVARIATE-BASELINE-ONLY,SUBJECT-LEVEL-COVARIATE,DDI-VICTIM-PERPETRATOR,REANALYSIS-NONE,STRUCTURED,BISPECIFIC,COUNT_PD,PARENT|SOLUBLE_TARGET|DRUG_TARGET_COMPLEX,REPAIR,,F22
52d79edeff1b,AIC-TTE,ID-DEFINED,TIME-DEFINED,DOSE-DEFINED,REGIMEN-FIXED,BIOANALYTICAL-FINAL,COVARIATE-BASELINE-ONLY,SUBJECT-LEVEL-COVARIATE,DDI-VICTIM-PERPETRATOR,REANALYSIS-NONE,STRUCTURED,BISPECIFIC,COUNT_PD,,QUARANTINE,Q16,F22
216e706802c1,AIC-TTE,ID-DEFINED,TIME-DEFINED,DOSE-DEFINED,REGIMEN-FIXED,BIOANALYTICAL-FINAL,COVARIATE-BASELINE-ONLY,SUBJECT-LEVEL-COVARIATE,DDI-VICTIM-PERPETRATOR,REANALYSIS-NONE,SEMI-STRUCTURED-LEGACY-FLAG,BISPECIFIC,COUNT_PD,PARENT|SOLUBLE_TARGET|DRUG_TARGET_COMPLEX,QUARANTINE,Q15B,F22
df88dc1ab255,AIC-TTE,ID-DEFINED,TIME-DEFINED,DOSE-DEFINED,REGIMEN-FIXED,BIOANALYTICAL-FINAL,COVARIATE-BASELINE-ONLY,SUBJECT-LEVEL-COVARIATE,DDI-VICTIM-PERPETRATOR,REANALYSIS-NONE,SEMI-STRUCTURED-LEGACY-FLAG,BISPECIFIC,COUNT_PD,,QUARANTINE,Q16,F22
50a240e54f66,AIC-TTE,ID-DEFINED,TIME-DEFINED,DOSE-DEFINED,REGIMEN-FIXED,BLQ-DEFINED-POLICY,COVARIATE-BASELINE-ONLY,SUBJECT-LEVEL-COVARIATE,SINGLE-ANALYTE,REANALYSIS-NONE,STRUCTURED,BISPECIFIC,COUNT_PD,,REPAIR,,F15
91b92d8b2454,AIC-TTE,ID-DEFINED,TIME-DEFINED,DOSE-DEFINED,REGIMEN-FIXED,BLQ-DEFINED-POLICY,COVARIATE-BASELINE-ONLY,SUBJECT-LEVEL-COVARIATE,SINGLE-ANALYTE,REANALYSIS-NONE,SEMI-STRUCTURED-LEGACY-FLAG,BISPECIFIC,COUNT_PD,,QUARANTINE,Q15B,F15
43d3b94c8440,AIC-TTE,ID-DEFINED,TIME-DEFINED,DOSE-DEFINED,REGIMEN-FIXED,BLQ-DEFINED-POLICY,COVARIATE-BASELINE-ONLY,SUBJECT-LEVEL-COVARIATE,MULTI-CMT-DEFINED,REANALYSIS-NONE,STRUCTURED,BISPECIFIC,COUNT_PD,PARENT|SOLUBLE_TARGET|DRUG_TARGET_COMPLEX,REPAIR,,F25
fc2c7d4c38e2,AIC-TTE,ID-DEFINED,TIME-DEFINED,DOSE-DEFINED,REGIMEN-FIXED,BLQ-DEFINED-POLICY,COVARIATE-BASELINE-ONLY,SUBJECT-LEVEL-COVARIATE,MULTI-CMT-DEFINED,REANALYSIS-NONE,STRUCTURED,BISPECIFIC,COUNT_PD,,QUARANTINE,Q16,F25
fe72646da4fc,AIC-TTE,ID-DEFINED,TIME-DEFINED,DOSE-DEFINED,REGIMEN-FIXED,BLQ-DEFINED-POLICY,COVARIATE-BASELINE-ONLY,SUBJECT-LEVEL-COVARIATE,MULTI-CMT-DEFINED,REANALYSIS-NONE,SEMI-STRUCTURED-LEGACY-FLAG,BISPECIFIC,COUNT_PD,PARENT|SOLUBLE_TARGET|DRUG_TARGET_COMPLEX,QUARANTINE,Q15B,F25
db33ad62ba24,AIC-TTE,ID-DEFINED,TIME-DEFINED,DOSE-DEFINED,REGIMEN-FIXED,BLQ-DEFINED-POLICY,COVARIATE-BASELINE-ONLY,SUBJECT-LEVEL-COVARIATE,MULTI-CMT-DEFINED,REANALYSIS-NONE,SEMI-STRUCTURED-LEGACY-FLAG,BISPECIFIC,COUNT_PD,,QUARANTINE,Q16,F25
574ac37089a8,AIC-TTE,ID-DEFINED,TIME-DEFINED,DOSE-DEFINED,REGIMEN-FIXED,BLQ-DEFINED-POLICY,COVARIATE-BASELINE-ONLY,SUBJECT-LEVEL-COVARIATE,DDI-VICTIM-PERPETRATOR,REANALYSIS-NONE,STRUCTURED,BISPECIFIC,COUNT_PD,PARENT|SOLUBLE_TARGET|DRUG_TARGET_COMPLEX,REPAIR,,F22
d897b8c3f42f,AIC-TTE,ID-DEFINED,TIME-DEFINED,DOSE-DEFINED,REGIMEN-FIXED,BLQ-DEFINED-POLICY,COVARIATE-BASELINE-ONLY,SUBJECT-LEVEL-COVARIATE,DDI-VICTIM-PERPETRATOR,REANALYSIS-NONE,STRUCTURED,BISPECIFIC,COUNT_PD,,QUARANTINE,Q16,F22
44932c14161f,AIC-TTE,ID-DEFINED,TIME-DEFINED,DOSE-DEFINED,REGIMEN-FIXED,BLQ-DEFINED-POLICY,COVARIATE-BASELINE-ONLY,SUBJECT-LEVEL-COVARIATE,DDI-VICTIM-PERPETRATOR,REANALYSIS-NONE,SEMI-STRUCTURED-LEGACY-FLAG,BISPECIFIC,COUNT_PD,PARENT|SOLUBLE_TARGET|DRUG_TARGET_COMPLEX,QUARANTINE,Q15B,F22
91be8e2c5a16,AIC-TTE,ID-DEFINED,TIME-DEFINED,DOSE-DEFINED,REGIMEN-FIXED,BLQ-DEFINED-POLICY,COVARIATE-BASELINE-ONLY,SUBJECT-LEVEL-COVARIATE,DDI-VICTIM-PERPETRATOR,REANALYSIS-NONE,SEMI-STRUCTURED-LEGACY-FLAG,BISPECIFIC,COUNT_PD,,QUARANTINE,Q16,F22
2d30413ad191,AIC-TTE,ID-DEFINED,TIME-DEFINED,DOSE-DEFINED,REGIMEN-FIXED,BIOANALYTICAL-FINAL-FLAG-MISSING,COVARIATE-BASELINE-ONLY,SUBJECT-LEVEL-COVARIATE,SINGLE-ANALYTE,REANALYSIS-NONE,STRUCTURED,BISPECIFIC,COUNT_PD,,QUARANTINE,Q15A,F15
fa329a3ea9c6,AIC-TTE,ID-DEFINED,TIME-DEFINED,DOSE-DEFINED,REGIMEN-FIXED,BIOANALYTICAL-FINAL-FLAG-MISSING,COVARIATE-BASELINE-ONLY,SUBJECT-LEVEL-COVARIATE,SINGLE-ANALYTE,REANALYSIS-NONE,SEMI-STRUCTURED-LEGACY-FLAG,BISPECIFIC,COUNT_PD,,QUARANTINE,Q15A,F15
605655eea556,AIC-TTE,ID-DEFINED,TIME-DEFINED,DOSE-DEFINED,REGIMEN-FIXED,BIOANALYTICAL-FINAL-FLAG-MISSING,COVARIATE-BASELINE-ONLY,SUBJECT-LEVEL-COVARIATE,MULTI-CMT-DEFINED,REANALYSIS-NONE,STRUCTURED,BISPECIFIC,COUNT_PD,PARENT|SOLUBLE_TARGET|DRUG_TARGET_COMPLEX,QUARANTINE,Q15A,F25
6b4cf4139560,AIC-TTE,ID-DEFINED,TIME-DEFINED,DOSE-DEFINED,REGIMEN-FIXED,BIOANALYTICAL-FINAL-FLAG-MISSING,COVARIATE-BASELINE-ONLY,SUBJECT-LEVEL-COVARIATE,MULTI-CMT-DEFINED,REANALYSIS-NONE,STRUCTURED,BISPECIFIC,COUNT_PD,,QUARANTINE,Q15A,F25
90364bb4a16f,AIC-TTE,ID-DEFINED,TIME-DEFINED,DOSE-DEFINED,REGIMEN-FIXED,BIOANALYTICAL-FINAL-FLAG-MISSING,COVARIATE-BASELINE-ONLY,SUBJECT-LEVEL-COVARIATE,MULTI-CMT-DEFINED,REANALYSIS-NONE,SEMI-STRUCTURED-LEGACY-FLAG,BISPECIFIC,COUNT_PD,PARENT|SOLUBLE_TARGET|DRUG_TARGET_COMPLEX,QUARANTINE,Q15A,F25
e96cb646e859,AIC-TTE,ID-DEFINED,TIME-DEFINED,DOSE-DEFINED,REGIMEN-FIXED,BIOANALYTICAL-FINAL-FLAG-MISSING,COVARIATE-BASELINE-ONLY,SUBJECT-LEVEL-COVARIATE,MULTI-CMT-DEFINED,REANALYSIS-NONE,SEMI-STRUCTURED-LEGACY-FLAG,BISPECIFIC,COUNT_PD,,QUARANTINE,Q15A,F25
242f0412a479,AIC-TTE,ID-DEFINED,TIME-DEFINED,DOSE-DEFINED,REGIMEN-FIXED,BIOANALYTICAL-FINAL-FLAG-MISSING,COVARIATE-BASELINE-ONLY,SUBJECT-LEVEL-COVARIATE,DDI-VICTIM-PERPETRATOR,REANALYSIS-NONE,STRUCTURED,BISPECIFIC,COUNT_PD,PARENT|SOLUBLE_TARGET|DRUG_TARGET_COMPLEX,QUARANTINE,Q15A,F22
d0642becc02b,AIC-TTE,ID-DEFINED,TIME-DEFINED,DOSE-DEFINED,REGIMEN-FIXED,BIOANALYTICAL-FINAL-FLAG-MISSING,COVARIATE-BASELINE-ONLY,SUBJECT-LEVEL-COVARIATE,DDI-VICTIM-PERPETRATOR,REANALYSIS-NONE,STRUCTURED,BISPECIFIC,COUNT_PD,,QUARANTINE,Q15A,F22
26b77ff7ba8f,AIC-TTE,ID-DEFINED,TIME-DEFINED,DOSE-DEFINED,REGIMEN-FIXED,BIOANALYTICAL-FINAL-FLAG-MISSING,COVARIATE-BASELINE-ONLY,SUBJECT-LEVEL-COVARIATE,DDI-VICTIM-PERPETRATOR,REANALYSIS-NONE,SEMI-STRUCTURED-LEGACY-FLAG,BISPECIFIC,COUNT_PD,PARENT|SOLUBLE_TARGET|DRUG_TARGET_COMPLEX,QUARANTINE,Q15A,F22
ae8fff71492d,AIC-TTE,ID-DEFINED,TIME-DEFINED,DOSE-DEFINED,REGIMEN-FIXED,BIOANALYTICAL-FINAL-FLAG-MISSING,COVARIATE-BASELINE-ONLY,SUBJECT-LEVEL-COVARIATE,DDI-VICTIM-PERPETRATOR,REANALYSIS-NONE,SEMI-STRUCTURED-LEGACY-FLAG,BISPECIFIC,COUNT_PD,,QUARANTINE,Q15A,F22
12182a62df7b,AIC-TTE,ID-DEFINED,TIME-DEFINED,DOSE-DEFINED,ADDL-ACTUAL-CONFLICT,BIOANALYTICAL-FINAL,COVARIATE-BASELINE-ONLY,SUBJECT-LEVEL-COVARIATE,SINGLE-ANALYTE,REANALYSIS-NONE,STRUCTURED,BISPECIFIC,COUNT_PD,,AUTO,,F15
44950418f362,AIC-TTE,ID-DEFINED,TIME-DEFINED,DOSE-DEFINED,ADDL-ACTUAL-CONFLICT,BIOANALYTICAL-FINAL,COVARIATE-BASELINE-ONLY,SUBJECT-LEVEL-COVARIATE,SINGLE-ANALYTE,REANALYSIS-NONE,SEMI-STRUCTURED-LEGACY-FLAG,BISPECIFIC,COUNT_PD,,QUARANTINE,Q15B,F15
e88cf9d65ef0,AIC-TTE,ID-DEFINED,TIME-DEFINED,DOSE-DEFINED,ADDL-ACTUAL-CONFLICT,BIOANALYTICAL-FINAL,COVARIATE-BASELINE-ONLY,SUBJECT-LEVEL-COVARIATE,MULTI-CMT-DEFINED,REANALYSIS-NONE,STRUCTURED,BISPECIFIC,COUNT_PD,PARENT|SOLUBLE_TARGET|DRUG_TARGET_COMPLEX,REPAIR,,F25
c7c317b5f0c4,AIC-TTE,ID-DEFINED,TIME-DEFINED,DOSE-DEFINED,ADDL-ACTUAL-CONFLICT,BIOANALYTICAL-FINAL,COVARIATE-BASELINE-ONLY,SUBJECT-LEVEL-COVARIATE,MULTI-CMT-DEFINED,REANALYSIS-NONE,STRUCTURED,BISPECIFIC,COUNT_PD,,QUARANTINE,Q16,F25
de3e11643625,AIC-TTE,ID-DEFINED,TIME-DEFINED,DOSE-DEFINED,ADDL-ACTUAL-CONFLICT,BIOANALYTICAL-FINAL,COVARIATE-BASELINE-ONLY,SUBJECT-LEVEL-COVARIATE,MULTI-CMT-DEFINED,REANALYSIS-NONE,SEMI-STRUCTURED-LEGACY-FLAG,BISPECIFIC,COUNT_PD,PARENT|SOLUBLE_TARGET|DRUG_TARGET_COMPLEX,QUARANTINE,Q15B,F25
aef248443667,AIC-TTE,ID-DEFINED,TIME-DEFINED,DOSE-DEFINED,ADDL-ACTUAL-CONFLICT,BIOANALYTICAL-FINAL,COVARIATE-BASELINE-ONLY,SUBJECT-LEVEL-COVARIATE,MULTI-CMT-DEFINED,REANALYSIS-NONE,SEMI-STRUCTURED-LEGACY-FLAG,BISPECIFIC,COUNT_PD,,QUARANTINE,Q16,F25
b6ef4fcb8a92,AIC-TTE,ID-DEFINED,TIME-DEFINED,DOSE-DEFINED,ADDL-ACTUAL-CONFLICT,BIOANALYTICAL-FINAL,COVARIATE-BASELINE-ONLY,SUBJECT-LEVEL-COVARIATE,DDI-VICTIM-PERPETRATOR,REANALYSIS-NONE,STRUCTURED,BISPECIFIC,COUNT_PD,PARENT|SOLUBLE_TARGET|DRUG_TARGET_COMPLEX,REPAIR,,F22
180d02368053,AIC-TTE,ID-DEFINED,TIME-DEFINED,DOSE-DEFINED,ADDL-ACTUAL-CONFLICT,BIOANALYTICAL-FINAL,COVARIATE-BASELINE-ONLY,SUBJECT-LEVEL-COVARIATE,DDI-VICTIM-PERPETRATOR,REANALYSIS-NONE,STRUCTURED,BISPECIFIC,COUNT_PD,,QUARANTINE,Q16,F22
d123c6342013,AIC-TTE,ID-DEFINED,TIME-DEFINED,DOSE-DEFINED,ADDL-ACTUAL-CONFLICT,BIOANALYTICAL-FINAL,COVARIATE-BASELINE-ONLY,SUBJECT-LEVEL-COVARIATE,DDI-VICTIM-PERPETRATOR,REANALYSIS-NONE,SEMI-STRUCTURED-LEGACY-FLAG,BISPECIFIC,COUNT_PD,PARENT|SOLUBLE_TARGET|DRUG_TARGET_COMPLEX,QUARANTINE,Q15B,F22
c84667d6b526,AIC-TTE,ID-DEFINED,TIME-DEFINED,DOSE-DEFINED,ADDL-ACTUAL-CONFLICT,BIOANALYTICAL-FINAL,COVARIATE-BASELINE-ONLY,SUBJECT-LEVEL-COVARIATE,DDI-VICTIM-PERPETRATOR,REANALYSIS-NONE,SEMI-STRUCTURED-LEGACY-FLAG,BISPECIFIC,COUNT_PD,,QUARANTINE,Q16,F22
b745adb46a9d,AIC-TTE,ID-DEFINED,TIME-DEFINED,DOSE-DEFINED,ADDL-ACTUAL-CONFLICT,BLQ-DEFINED-POLICY,COVARIATE-BASELINE-ONLY,SUBJECT-LEVEL-COVARIATE,SINGLE-ANALYTE,REANALYSIS-NONE,STRUCTURED,BISPECIFIC,COUNT_PD,,REPAIR,,F15
73d5344f1f88,AIC-TTE,ID-DEFINED,TIME-DEFINED,DOSE-DEFINED,ADDL-ACTUAL-CONFLICT,BLQ-DEFINED-POLICY,COVARIATE-BASELINE-ONLY,SUBJECT-LEVEL-COVARIATE,SINGLE-ANALYTE,REANALYSIS-NONE,SEMI-STRUCTURED-LEGACY-FLAG,BISPECIFIC,COUNT_PD,,QUARANTINE,Q15B,F15
84e6d4b6c1fb,AIC-TTE,ID-DEFINED,TIME-DEFINED,DOSE-DEFINED,ADDL-ACTUAL-CONFLICT,BLQ-DEFINED-POLICY,COVARIATE-BASELINE-ONLY,SUBJECT-LEVEL-COVARIATE,MULTI-CMT-DEFINED,REANALYSIS-NONE,STRUCTURED,BISPECIFIC,COUNT_PD,PARENT|SOLUBLE_TARGET|DRUG_TARGET_COMPLEX,REPAIR,,F25
5d24c718b2db,AIC-TTE,ID-DEFINED,TIME-DEFINED,DOSE-DEFINED,ADDL-ACTUAL-CONFLICT,BLQ-DEFINED-POLICY,COVARIATE-BASELINE-ONLY,SUBJECT-LEVEL-COVARIATE,MULTI-CMT-DEFINED,REANALYSIS-NONE,STRUCTURED,BISPECIFIC,COUNT_PD,,QUARANTINE,Q16,F25
b102262eefd7,AIC-TTE,ID-DEFINED,TIME-DEFINED,DOSE-DEFINED,ADDL-ACTUAL-CONFLICT,BLQ-DEFINED-POLICY,COVARIATE-BASELINE-ONLY,SUBJECT-LEVEL-COVARIATE,MULTI-CMT-DEFINED,REANALYSIS-NONE,SEMI-STRUCTURED-LEGACY-FLAG,BISPECIFIC,COUNT_PD,PARENT|SOLUBLE_TARGET|DRUG_TARGET_COMPLEX,QUARANTINE,Q15B,F25
36f2affec7ee,AIC-TTE,ID-DEFINED,TIME-DEFINED,DOSE-DEFINED,ADDL-ACTUAL-CONFLICT,BLQ-DEFINED-POLICY,COVARIATE-BASELINE-ONLY,SUBJECT-LEVEL-COVARIATE,MULTI-CMT-DEFINED,REANALYSIS-NONE,SEMI-STRUCTURED-LEGACY-FLAG,BISPECIFIC,COUNT_PD,,QUARANTINE,Q16,F25
17b7ee0b0599,AIC-TTE,ID-DEFINED,TIME-DEFINED,DOSE-DEFINED,ADDL-ACTUAL-CONFLICT,BLQ-DEFINED-POLICY,COVARIATE-BASELINE-ONLY,SUBJECT-LEVEL-COVARIATE,DDI-VICTIM-PERPETRATOR,REANALYSIS-NONE,STRUCTURED,BISPECIFIC,COUNT_PD,PARENT|SOLUBLE_TARGET|DRUG_TARGET_COMPLEX,REPAIR,,F22
2250eaf9ea01,AIC-TTE,ID-DEFINED,TIME-DEFINED,DOSE-DEFINED,ADDL-ACTUAL-CONFLICT,BLQ-DEFINED-POLICY,COVARIATE-BASELINE-ONLY,SUBJECT-LEVEL-COVARIATE,DDI-VICTIM-PERPETRATOR,REANALYSIS-NONE,STRUCTURED,BISPECIFIC,COUNT_PD,,QUARANTINE,Q16,F22
f714eb4b8364,AIC-TTE,ID-DEFINED,TIME-DEFINED,DOSE-DEFINED,ADDL-ACTUAL-CONFLICT,BLQ-DEFINED-POLICY,COVARIATE-BASELINE-ONLY,SUBJECT-LEVEL-COVARIATE,DDI-VICTIM-PERPETRATOR,REANALYSIS-NONE,SEMI-STRUCTURED-LEGACY-FLAG,BISPECIFIC,COUNT_PD,PARENT|SOLUBLE_TARGET|DRUG_TARGET_COMPLEX,QUARANTINE,Q15B,F22
1e5728993fef,AIC-TTE,ID-DEFINED,TIME-DEFINED,DOSE-DEFINED,ADDL-ACTUAL-CONFLICT,BLQ-DEFINED-POLICY,COVARIATE-BASELINE-ONLY,SUBJECT-LEVEL-COVARIATE,DDI-VICTIM-PERPETRATOR,REANALYSIS-NONE,SEMI-STRUCTURED-LEGACY-FLAG,BISPECIFIC,COUNT_PD,,QUARANTINE,Q16,F22
7d640080a3c5,AIC-TTE,ID-DEFINED,TIME-DEFINED,DOSE-DEFINED,ADDL-ACTUAL-CONFLICT,BIOANALYTICAL-FINAL-FLAG-MISSING,COVARIATE-BASELINE-ONLY,SUBJECT-LEVEL-COVARIATE,SINGLE-ANALYTE,REANALYSIS-NONE,STRUCTURED,BISPECIFIC,COUNT_PD,,QUARANTINE,Q15A,F15
5538f319d357,AIC-TTE,ID-DEFINED,TIME-DEFINED,DOSE-DEFINED,ADDL-ACTUAL-CONFLICT,BIOANALYTICAL-FINAL-FLAG-MISSING,COVARIATE-BASELINE-ONLY,SUBJECT-LEVEL-COVARIATE,SINGLE-ANALYTE,REANALYSIS-NONE,SEMI-STRUCTURED-LEGACY-FLAG,BISPECIFIC,COUNT_PD,,QUARANTINE,Q15A,F15
19ac4134b3b7,AIC-TTE,ID-DEFINED,TIME-DEFINED,DOSE-DEFINED,ADDL-ACTUAL-CONFLICT,BIOANALYTICAL-FINAL-FLAG-MISSING,COVARIATE-BASELINE-ONLY,SUBJECT-LEVEL-COVARIATE,MULTI-CMT-DEFINED,REANALYSIS-NONE,STRUCTURED,BISPECIFIC,COUNT_PD,PARENT|SOLUBLE_TARGET|DRUG_TARGET_COMPLEX,QUARANTINE,Q15A,F25
274a81caa6b8,AIC-TTE,ID-DEFINED,TIME-DEFINED,DOSE-DEFINED,ADDL-ACTUAL-CONFLICT,BIOANALYTICAL-FINAL-FLAG-MISSING,COVARIATE-BASELINE-ONLY,SUBJECT-LEVEL-COVARIATE,MULTI-CMT-DEFINED,REANALYSIS-NONE,STRUCTURED,BISPECIFIC,COUNT_PD,,QUARANTINE,Q15A,F25
1597da1594aa,AIC-TTE,ID-DEFINED,TIME-DEFINED,DOSE-DEFINED,ADDL-ACTUAL-CONFLICT,BIOANALYTICAL-FINAL-FLAG-MISSING,COVARIATE-BASELINE-ONLY,SUBJECT-LEVEL-COVARIATE,MULTI-CMT-DEFINED,REANALYSIS-NONE,SEMI-STRUCTURED-LEGACY-FLAG,BISPECIFIC,COUNT_PD,PARENT|SOLUBLE_TARGET|DRUG_TARGET_COMPLEX,QUARANTINE,Q15A,F25
f6a433dae29f,AIC-TTE,ID-DEFINED,TIME-DEFINED,DOSE-DEFINED,ADDL-ACTUAL-CONFLICT,BIOANALYTICAL-FINAL-FLAG-MISSING,COVARIATE-BASELINE-ONLY,SUBJECT-LEVEL-COVARIATE,MULTI-CMT-DEFINED,REANALYSIS-NONE,SEMI-STRUCTURED-LEGACY-FLAG,BISPECIFIC,COUNT_PD,,QUARANTINE,Q15A,F25
2994fb356728,AIC-TTE,ID-DEFINED,TIME-DEFINED,DOSE-DEFINED,ADDL-ACTUAL-CONFLICT,BIOANALYTICAL-FINAL-FLAG-MISSING,COVARIATE-BASELINE-ONLY,SUBJECT-LEVEL-COVARIATE,DDI-VICTIM-PERPETRATOR,REANALYSIS-NONE,STRUCTURED,BISPECIFIC,COUNT_PD,PARENT|SOLUBLE_TARGET|DRUG_TARGET_COMPLEX,QUARANTINE,Q15A,F22
9060766d2566,AIC-TTE,ID-DEFINED,TIME-DEFINED,DOSE-DEFINED,ADDL-ACTUAL-CONFLICT,BIOANALYTICAL-FINAL-FLAG-MISSING,COVARIATE-BASELINE-ONLY,SUBJECT-LEVEL-COVARIATE,DDI-VICTIM-PERPETRATOR,REANALYSIS-NONE,STRUCTURED,BISPECIFIC,COUNT_PD,,QUARANTINE,Q15A,F22
be5648f28ba6,AIC-TTE,ID-DEFINED,TIME-DEFINED,DOSE-DEFINED,ADDL-ACTUAL-CONFLICT,BIOANALYTICAL-FINAL-FLAG-MISSING,COVARIATE-BASELINE-ONLY,SUBJECT-LEVEL-COVARIATE,DDI-VICTIM-PERPETRATOR,REANALYSIS-NONE,SEMI-STRUCTURED-LEGACY-FLAG,BISPECIFIC,COUNT_PD,PARENT|SOLUBLE_TARGET|DRUG_TARGET_COMPLEX,QUARANTINE,Q15A,F22
7d05b4eb221a,AIC-TTE,ID-DEFINED,TIME-DEFINED,DOSE-DEFINED,ADDL-ACTUAL-CONFLICT,BIOANALYTICAL-FINAL-FLAG-MISSING,COVARIATE-BASELINE-ONLY,SUBJECT-LEVEL-COVARIATE,DDI-VICTIM-PERPETRATOR,REANALYSIS-NONE,SEMI-STRUCTURED-LEGACY-FLAG,BISPECIFIC,COUNT_PD,,QUARANTINE,Q15A,F22
40e31690556b,AIC-TTE,ID-DEFINED,TIME-DEFINED,DOSE-DEFINED,REGIMEN-FIXED,BIOANALYTICAL-FINAL,COVARIATE-BASELINE-ONLY,SUBJECT-LEVEL-COVARIATE,SINGLE-ANALYTE,REANALYSIS-NONE,STRUCTURED,CELL_THERAPY,COUNT_PD,,AUTO,,F15
99e624876e71,AIC-TTE,ID-DEFINED,TIME-DEFINED,DOSE-DEFINED,REGIMEN-FIXED,BIOANALYTICAL-FINAL,COVARIATE-BASELINE-ONLY,SUBJECT-LEVEL-COVARIATE,SINGLE-ANALYTE,REANALYSIS-NONE,SEMI-STRUCTURED-LEGACY-FLAG,CELL_THERAPY,COUNT_PD,,QUARANTINE,Q15B,F15
eff54c7f549a,AIC-TTE,ID-DEFINED,TIME-DEFINED,DOSE-DEFINED,REGIMEN-FIXED,BIOANALYTICAL-FINAL,COVARIATE-BASELINE-ONLY,SUBJECT-LEVEL-COVARIATE,MULTI-CMT-DEFINED,REANALYSIS-NONE,STRUCTURED,CELL_THERAPY,COUNT_PD,VECTOR_COPY|CAR_POSITIVE_CELL,REPAIR,,F15
7eb8831b1f55,AIC-TTE,ID-DEFINED,TIME-DEFINED,DOSE-DEFINED,REGIMEN-FIXED,BIOANALYTICAL-FINAL,COVARIATE-BASELINE-ONLY,SUBJECT-LEVEL-COVARIATE,MULTI-CMT-DEFINED,REANALYSIS-NONE,STRUCTURED,CELL_THERAPY,COUNT_PD,,QUARANTINE,Q16,F15
a2ba1986c859,AIC-TTE,ID-DEFINED,TIME-DEFINED,DOSE-DEFINED,REGIMEN-FIXED,BIOANALYTICAL-FINAL,COVARIATE-BASELINE-ONLY,SUBJECT-LEVEL-COVARIATE,MULTI-CMT-DEFINED,REANALYSIS-NONE,SEMI-STRUCTURED-LEGACY-FLAG,CELL_THERAPY,COUNT_PD,VECTOR_COPY|CAR_POSITIVE_CELL,QUARANTINE,Q15B,F15
156167c49a7a,AIC-TTE,ID-DEFINED,TIME-DEFINED,DOSE-DEFINED,REGIMEN-FIXED,BIOANALYTICAL-FINAL,COVARIATE-BASELINE-ONLY,SUBJECT-LEVEL-COVARIATE,MULTI-CMT-DEFINED,REANALYSIS-NONE,SEMI-STRUCTURED-LEGACY-FLAG,CELL_THERAPY,COUNT_PD,,QUARANTINE,Q16,F15
b8c361b57bcc,AIC-TTE,ID-DEFINED,TIME-DEFINED,DOSE-DEFINED,REGIMEN-FIXED,BIOANALYTICAL-FINAL,COVARIATE-BASELINE-ONLY,SUBJECT-LEVEL-COVARIATE,DDI-VICTIM-PERPETRATOR,REANALYSIS-NONE,STRUCTURED,CELL_THERAPY,COUNT_PD,VECTOR_COPY|CAR_POSITIVE_CELL,REPAIR,,F22
1a7d0eaff995,AIC-TTE,ID-DEFINED,TIME-DEFINED,DOSE-DEFINED,REGIMEN-FIXED,BIOANALYTICAL-FINAL,COVARIATE-BASELINE-ONLY,SUBJECT-LEVEL-COVARIATE,DDI-VICTIM-PERPETRATOR,REANALYSIS-NONE,STRUCTURED,CELL_THERAPY,COUNT_PD,,QUARANTINE,Q16,F22
efa1e724e7e2,AIC-TTE,ID-DEFINED,TIME-DEFINED,DOSE-DEFINED,REGIMEN-FIXED,BIOANALYTICAL-FINAL,COVARIATE-BASELINE-ONLY,SUBJECT-LEVEL-COVARIATE,DDI-VICTIM-PERPETRATOR,REANALYSIS-NONE,SEMI-STRUCTURED-LEGACY-FLAG,CELL_THERAPY,COUNT_PD,VECTOR_COPY|CAR_POSITIVE_CELL,QUARANTINE,Q15B,F22
514f9dc07477,AIC-TTE,ID-DEFINED,TIME-DEFINED,DOSE-DEFINED,REGIMEN-FIXED,BIOANALYTICAL-FINAL,COVARIATE-BASELINE-ONLY,SUBJECT-LEVEL-COVARIATE,DDI-VICTIM-PERPETRATOR,REANALYSIS-NONE,SEMI-STRUCTURED-LEGACY-FLAG,CELL_THERAPY,COUNT_PD,,QUARANTINE,Q16,F22
76ea80623969,AIC-TTE,ID-DEFINED,TIME-DEFINED,DOSE-DEFINED,REGIMEN-FIXED,BLQ-DEFINED-POLICY,COVARIATE-BASELINE-ONLY,SUBJECT-LEVEL-COVARIATE,SINGLE-ANALYTE,REANALYSIS-NONE,STRUCTURED,CELL_THERAPY,COUNT_PD,,REPAIR,,F15
f26625d10b9b,AIC-TTE,ID-DEFINED,TIME-DEFINED,DOSE-DEFINED,REGIMEN-FIXED,BLQ-DEFINED-POLICY,COVARIATE-BASELINE-ONLY,SUBJECT-LEVEL-COVARIATE,SINGLE-ANALYTE,REANALYSIS-NONE,SEMI-STRUCTURED-LEGACY-FLAG,CELL_THERAPY,COUNT_PD,,QUARANTINE,Q15B,F15
6873eb4b512a,AIC-TTE,ID-DEFINED,TIME-DEFINED,DOSE-DEFINED,REGIMEN-FIXED,BLQ-DEFINED-POLICY,COVARIATE-BASELINE-ONLY,SUBJECT-LEVEL-COVARIATE,MULTI-CMT-DEFINED,REANALYSIS-NONE,STRUCTURED,CELL_THERAPY,COUNT_PD,VECTOR_COPY|CAR_POSITIVE_CELL,REPAIR,,F15
71ebe358223a,AIC-TTE,ID-DEFINED,TIME-DEFINED,DOSE-DEFINED,REGIMEN-FIXED,BLQ-DEFINED-POLICY,COVARIATE-BASELINE-ONLY,SUBJECT-LEVEL-COVARIATE,MULTI-CMT-DEFINED,REANALYSIS-NONE,STRUCTURED,CELL_THERAPY,COUNT_PD,,QUARANTINE,Q16,F15
9b971490246e,AIC-TTE,ID-DEFINED,TIME-DEFINED,DOSE-DEFINED,REGIMEN-FIXED,BLQ-DEFINED-POLICY,COVARIATE-BASELINE-ONLY,SUBJECT-LEVEL-COVARIATE,MULTI-CMT-DEFINED,REANALYSIS-NONE,SEMI-STRUCTURED-LEGACY-FLAG,CELL_THERAPY,COUNT_PD,VECTOR_COPY|CAR_POSITIVE_CELL,QUARANTINE,Q15B,F15
a03d6b101a39,AIC-TTE,ID-DEFINED,TIME-DEFINED,DOSE-DEFINED,REGIMEN-FIXED,BLQ-DEFINED-POLICY,COVARIATE-BASELINE-ONLY,SUBJECT-LEVEL-COVARIATE,MULTI-CMT-DEFINED,REANALYSIS-NONE,SEMI-STRUCTURED-LEGACY-FLAG,CELL_THERAPY,COUNT_PD,,QUARANTINE,Q16,F15
2a681c03b700,AIC-TTE,ID-DEFINED,TIME-DEFINED,DOSE-DEFINED,REGIMEN-FIXED,BLQ-DEFINED-POLICY,COVARIATE-BASELINE-ONLY,SUBJECT-LEVEL-COVARIATE,DDI-VICTIM-PERPETRATOR,REANALYSIS-NONE,STRUCTURED,CELL_THERAPY,COUNT_PD,VECTOR_COPY|CAR_POSITIVE_CELL,REPAIR,,F22
c3b5caae98d7,AIC-TTE,ID-DEFINED,TIME-DEFINED,DOSE-DEFINED,REGIMEN-FIXED,BLQ-DEFINED-POLICY,COVARIATE-BASELINE-ONLY,SUBJECT-LEVEL-COVARIATE,DDI-VICTIM-PERPETRATOR,REANALYSIS-NONE,STRUCTURED,CELL_THERAPY,COUNT_PD,,QUARANTINE,Q16,F22
733e0f9c7080,AIC-TTE,ID-DEFINED,TIME-DEFINED,DOSE-DEFINED,REGIMEN-FIXED,BLQ-DEFINED-POLICY,COVARIATE-BASELINE-ONLY,SUBJECT-LEVEL-COVARIATE,DDI-VICTIM-PERPETRATOR,REANALYSIS-NONE,SEMI-STRUCTURED-LEGACY-FLAG,CELL_THERAPY,COUNT_PD,VECTOR_COPY|CAR_POSITIVE_CELL,QUARANTINE,Q15B,F22
ea63cc7db770,AIC-TTE,ID-DEFINED,TIME-DEFINED,DOSE-DEFINED,REGIMEN-FIXED,BLQ-DEFINED-POLICY,COVARIATE-BASELINE-ONLY,SUBJECT-LEVEL-COVARIATE,DDI-VICTIM-PERPETRATOR,REANALYSIS-NONE,SEMI-STRUCTURED-LEGACY-FLAG,CELL_THERAPY,COUNT_PD,,QUARANTINE,Q16,F22
9b455ceb693b,AIC-TTE,ID-DEFINED,TIME-DEFINED,DOSE-DEFINED,REGIMEN-FIXED,BIOANALYTICAL-FINAL-FLAG-MISSING,COVARIATE-BASELINE-ONLY,SUBJECT-LEVEL-COVARIATE,SINGLE-ANALYTE,REANALYSIS-NONE,STRUCTURED,CELL_THERAPY,COUNT_PD,,QUARANTINE,Q15A,F15
d4ed0075511b,AIC-TTE,ID-DEFINED,TIME-DEFINED,DOSE-DEFINED,REGIMEN-FIXED,BIOANALYTICAL-FINAL-FLAG-MISSING,COVARIATE-BASELINE-ONLY,SUBJECT-LEVEL-COVARIATE,SINGLE-ANALYTE,REANALYSIS-NONE,SEMI-STRUCTURED-LEGACY-FLAG,CELL_THERAPY,COUNT_PD,,QUARANTINE,Q15A,F15
0d5f213c0f61,AIC-TTE,ID-DEFINED,TIME-DEFINED,DOSE-DEFINED,REGIMEN-FIXED,BIOANALYTICAL-FINAL-FLAG-MISSING,COVARIATE-BASELINE-ONLY,SUBJECT-LEVEL-COVARIATE,MULTI-CMT-DEFINED,REANALYSIS-NONE,STRUCTURED,CELL_THERAPY,COUNT_PD,VECTOR_COPY|CAR_POSITIVE_CELL,QUARANTINE,Q15A,F15
9617314dfb5d,AIC-TTE,ID-DEFINED,TIME-DEFINED,DOSE-DEFINED,REGIMEN-FIXED,BIOANALYTICAL-FINAL-FLAG-MISSING,COVARIATE-BASELINE-ONLY,SUBJECT-LEVEL-COVARIATE,MULTI-CMT-DEFINED,REANALYSIS-NONE,STRUCTURED,CELL_THERAPY,COUNT_PD,,QUARANTINE,Q15A,F15
c64c3270aa6c,AIC-TTE,ID-DEFINED,TIME-DEFINED,DOSE-DEFINED,REGIMEN-FIXED,BIOANALYTICAL-FINAL-FLAG-MISSING,COVARIATE-BASELINE-ONLY,SUBJECT-LEVEL-COVARIATE,MULTI-CMT-DEFINED,REANALYSIS-NONE,SEMI-STRUCTURED-LEGACY-FLAG,CELL_THERAPY,COUNT_PD,VECTOR_COPY|CAR_POSITIVE_CELL,QUARANTINE,Q15A,F15
c21fec13398d,AIC-TTE,ID-DEFINED,TIME-DEFINED,DOSE-DEFINED,REGIMEN-FIXED,BIOANALYTICAL-FINAL-FLAG-MISSING,COVARIATE-BASELINE-ONLY,SUBJECT-LEVEL-COVARIATE,MULTI-CMT-DEFINED,REANALYSIS-NONE,SEMI-STRUCTURED-LEGACY-FLAG,CELL_THERAPY,COUNT_PD,,QUARANTINE,Q15A,F15
f89538dbb571,AIC-TTE,ID-DEFINED,TIME-DEFINED,DOSE-DEFINED,REGIMEN-FIXED,BIOANALYTICAL-FINAL-FLAG-MISSING,COVARIATE-BASELINE-ONLY,SUBJECT-LEVEL-COVARIATE,DDI-VICTIM-PERPETRATOR,REANALYSIS-NONE,STRUCTURED,CELL_THERAPY,COUNT_PD,VECTOR_COPY|CAR_POSITIVE_CELL,QUARANTINE,Q15A,F22
a0c9b96c3137,AIC-TTE,ID-DEFINED,TIME-DEFINED,DOSE-DEFINED,REGIMEN-FIXED,BIOANALYTICAL-FINAL-FLAG-MISSING,COVARIATE-BASELINE-ONLY,SUBJECT-LEVEL-COVARIATE,DDI-VICTIM-PERPETRATOR,REANALYSIS-NONE,STRUCTURED,CELL_THERAPY,COUNT_PD,,QUARANTINE,Q15A,F22
30db36a2e0f7,AIC-TTE,ID-DEFINED,TIME-DEFINED,DOSE-DEFINED,REGIMEN-FIXED,BIOANALYTICAL-FINAL-FLAG-MISSING,COVARIATE-BASELINE-ONLY,SUBJECT-LEVEL-COVARIATE,DDI-VICTIM-PERPETRATOR,REANALYSIS-NONE,SEMI-STRUCTURED-LEGACY-FLAG,CELL_THERAPY,COUNT_PD,VECTOR_COPY|CAR_POSITIVE_CELL,QUARANTINE,Q15A,F22
f92b1d9982b9,AIC-TTE,ID-DEFINED,TIME-DEFINED,DOSE-DEFINED,REGIMEN-FIXED,BIOANALYTICAL-FINAL-FLAG-MISSING,COVARIATE-BASELINE-ONLY,SUBJECT-LEVEL-COVARIATE,DDI-VICTIM-PERPETRATOR,REANALYSIS-NONE,SEMI-STRUCTURED-LEGACY-FLAG,CELL_THERAPY,COUNT_PD,,QUARANTINE,Q15A,F22
a4440637421c,AIC-TTE,ID-DEFINED,TIME-DEFINED,DOSE-DEFINED,ADDL-ACTUAL-CONFLICT,BIOANALYTICAL-FINAL,COVARIATE-BASELINE-ONLY,SUBJECT-LEVEL-COVARIATE,SINGLE-ANALYTE,REANALYSIS-NONE,STRUCTURED,CELL_THERAPY,COUNT_PD,,AUTO,,F15
6ae9a94a0b40,AIC-TTE,ID-DEFINED,TIME-DEFINED,DOSE-DEFINED,ADDL-ACTUAL-CONFLICT,BIOANALYTICAL-FINAL,COVARIATE-BASELINE-ONLY,SUBJECT-LEVEL-COVARIATE,SINGLE-ANALYTE,REANALYSIS-NONE,SEMI-STRUCTURED-LEGACY-FLAG,CELL_THERAPY,COUNT_PD,,QUARANTINE,Q15B,F15
17cc7951a023,AIC-TTE,ID-DEFINED,TIME-DEFINED,DOSE-DEFINED,ADDL-ACTUAL-CONFLICT,BIOANALYTICAL-FINAL,COVARIATE-BASELINE-ONLY,SUBJECT-LEVEL-COVARIATE,MULTI-CMT-DEFINED,REANALYSIS-NONE,STRUCTURED,CELL_THERAPY,COUNT_PD,VECTOR_COPY|CAR_POSITIVE_CELL,REPAIR,,F15
a8b1e8f1008b,AIC-TTE,ID-DEFINED,TIME-DEFINED,DOSE-DEFINED,ADDL-ACTUAL-CONFLICT,BIOANALYTICAL-FINAL,COVARIATE-BASELINE-ONLY,SUBJECT-LEVEL-COVARIATE,MULTI-CMT-DEFINED,REANALYSIS-NONE,STRUCTURED,CELL_THERAPY,COUNT_PD,,QUARANTINE,Q16,F15
41e02e3cd57f,AIC-TTE,ID-DEFINED,TIME-DEFINED,DOSE-DEFINED,ADDL-ACTUAL-CONFLICT,BIOANALYTICAL-FINAL,COVARIATE-BASELINE-ONLY,SUBJECT-LEVEL-COVARIATE,MULTI-CMT-DEFINED,REANALYSIS-NONE,SEMI-STRUCTURED-LEGACY-FLAG,CELL_THERAPY,COUNT_PD,VECTOR_COPY|CAR_POSITIVE_CELL,QUARANTINE,Q15B,F15
847485cbd5e9,AIC-TTE,ID-DEFINED,TIME-DEFINED,DOSE-DEFINED,ADDL-ACTUAL-CONFLICT,BIOANALYTICAL-FINAL,COVARIATE-BASELINE-ONLY,SUBJECT-LEVEL-COVARIATE,MULTI-CMT-DEFINED,REANALYSIS-NONE,SEMI-STRUCTURED-LEGACY-FLAG,CELL_THERAPY,COUNT_PD,,QUARANTINE,Q16,F15
10bd858c3bc4,AIC-TTE,ID-DEFINED,TIME-DEFINED,DOSE-DEFINED,ADDL-ACTUAL-CONFLICT,BIOANALYTICAL-FINAL,COVARIATE-BASELINE-ONLY,SUBJECT-LEVEL-COVARIATE,DDI-VICTIM-PERPETRATOR,REANALYSIS-NONE,STRUCTURED,CELL_THERAPY,COUNT_PD,VECTOR_COPY|CAR_POSITIVE_CELL,REPAIR,,F22
da5ec95141b4,AIC-TTE,ID-DEFINED,TIME-DEFINED,DOSE-DEFINED,ADDL-ACTUAL-CONFLICT,BIOANALYTICAL-FINAL,COVARIATE-BASELINE-ONLY,SUBJECT-LEVEL-COVARIATE,DDI-VICTIM-PERPETRATOR,REANALYSIS-NONE,STRUCTURED,CELL_THERAPY,COUNT_PD,,QUARANTINE,Q16,F22
bd6ac0d4c864,AIC-TTE,ID-DEFINED,TIME-DEFINED,DOSE-DEFINED,ADDL-ACTUAL-CONFLICT,BIOANALYTICAL-FINAL,COVARIATE-BASELINE-ONLY,SUBJECT-LEVEL-COVARIATE,DDI-VICTIM-PERPETRATOR,REANALYSIS-NONE,SEMI-STRUCTURED-LEGACY-FLAG,CELL_THERAPY,COUNT_PD,VECTOR_COPY|CAR_POSITIVE_CELL,QUARANTINE,Q15B,F22
f20cea617cae,AIC-TTE,ID-DEFINED,TIME-DEFINED,DOSE-DEFINED,ADDL-ACTUAL-CONFLICT,BIOANALYTICAL-FINAL,COVARIATE-BASELINE-ONLY,SUBJECT-LEVEL-COVARIATE,DDI-VICTIM-PERPETRATOR,REANALYSIS-NONE,SEMI-STRUCTURED-LEGACY-FLAG,CELL_THERAPY,COUNT_PD,,QUARANTINE,Q16,F22
0b7007ccedff,AIC-TTE,ID-DEFINED,TIME-DEFINED,DOSE-DEFINED,ADDL-ACTUAL-CONFLICT,BLQ-DEFINED-POLICY,COVARIATE-BASELINE-ONLY,SUBJECT-LEVEL-COVARIATE,SINGLE-ANALYTE,REANALYSIS-NONE,STRUCTURED,CELL_THERAPY,COUNT_PD,,REPAIR,,F15
2d3afe3ea552,AIC-TTE,ID-DEFINED,TIME-DEFINED,DOSE-DEFINED,ADDL-ACTUAL-CONFLICT,BLQ-DEFINED-POLICY,COVARIATE-BASELINE-ONLY,SUBJECT-LEVEL-COVARIATE,SINGLE-ANALYTE,REANALYSIS-NONE,SEMI-STRUCTURED-LEGACY-FLAG,CELL_THERAPY,COUNT_PD,,QUARANTINE,Q15B,F15
a04c52da07bd,AIC-TTE,ID-DEFINED,TIME-DEFINED,DOSE-DEFINED,ADDL-ACTUAL-CONFLICT,BLQ-DEFINED-POLICY,COVARIATE-BASELINE-ONLY,SUBJECT-LEVEL-COVARIATE,MULTI-CMT-DEFINED,REANALYSIS-NONE,STRUCTURED,CELL_THERAPY,COUNT_PD,VECTOR_COPY|CAR_POSITIVE_CELL,REPAIR,,F15
f91148d59828,AIC-TTE,ID-DEFINED,TIME-DEFINED,DOSE-DEFINED,ADDL-ACTUAL-CONFLICT,BLQ-DEFINED-POLICY,COVARIATE-BASELINE-ONLY,SUBJECT-LEVEL-COVARIATE,MULTI-CMT-DEFINED,REANALYSIS-NONE,STRUCTURED,CELL_THERAPY,COUNT_PD,,QUARANTINE,Q16,F15
6b2bfe157808,AIC-TTE,ID-DEFINED,TIME-DEFINED,DOSE-DEFINED,ADDL-ACTUAL-CONFLICT,BLQ-DEFINED-POLICY,COVARIATE-BASELINE-ONLY,SUBJECT-LEVEL-COVARIATE,MULTI-CMT-DEFINED,REANALYSIS-NONE,SEMI-STRUCTURED-LEGACY-FLAG,CELL_THERAPY,COUNT_PD,VECTOR_COPY|CAR_POSITIVE_CELL,QUARANTINE,Q15B,F15
6ccf2fb0b356,AIC-TTE,ID-DEFINED,TIME-DEFINED,DOSE-DEFINED,ADDL-ACTUAL-CONFLICT,BLQ-DEFINED-POLICY,COVARIATE-BASELINE-ONLY,SUBJECT-LEVEL-COVARIATE,MULTI-CMT-DEFINED,REANALYSIS-NONE,SEMI-STRUCTURED-LEGACY-FLAG,CELL_THERAPY,COUNT_PD,,QUARANTINE,Q16,F15
033bad5e68b7,AIC-TTE,ID-DEFINED,TIME-DEFINED,DOSE-DEFINED,ADDL-ACTUAL-CONFLICT,BLQ-DEFINED-POLICY,COVARIATE-BASELINE-ONLY,SUBJECT-LEVEL-COVARIATE,DDI-VICTIM-PERPETRATOR,REANALYSIS-NONE,STRUCTURED,CELL_THERAPY,COUNT_PD,VECTOR_COPY|CAR_POSITIVE_CELL,REPAIR,,F22
87a72370d145,AIC-TTE,ID-DEFINED,TIME-DEFINED,DOSE-DEFINED,ADDL-ACTUAL-CONFLICT,BLQ-DEFINED-POLICY,COVARIATE-BASELINE-ONLY,SUBJECT-LEVEL-COVARIATE,DDI-VICTIM-PERPETRATOR,REANALYSIS-NONE,STRUCTURED,CELL_THERAPY,COUNT_PD,,QUARANTINE,Q16,F22
20359b929d7f,AIC-TTE,ID-DEFINED,TIME-DEFINED,DOSE-DEFINED,ADDL-ACTUAL-CONFLICT,BLQ-DEFINED-POLICY,COVARIATE-BASELINE-ONLY,SUBJECT-LEVEL-COVARIATE,DDI-VICTIM-PERPETRATOR,REANALYSIS-NONE,SEMI-STRUCTURED-LEGACY-FLAG,CELL_THERAPY,COUNT_PD,VECTOR_COPY|CAR_POSITIVE_CELL,QUARANTINE,Q15B,F22
f33f8979021f,AIC-TTE,ID-DEFINED,TIME-DEFINED,DOSE-DEFINED,ADDL-ACTUAL-CONFLICT,BLQ-DEFINED-POLICY,COVARIATE-BASELINE-ONLY,SUBJECT-LEVEL-COVARIATE,DDI-VICTIM-PERPETRATOR,REANALYSIS-NONE,SEMI-STRUCTURED-LEGACY-FLAG,CELL_THERAPY,COUNT_PD,,QUARANTINE,Q16,F22
f4f5e998ed6b,AIC-TTE,ID-DEFINED,TIME-DEFINED,DOSE-DEFINED,ADDL-ACTUAL-CONFLICT,BIOANALYTICAL-FINAL-FLAG-MISSING,COVARIATE-BASELINE-ONLY,SUBJECT-LEVEL-COVARIATE,SINGLE-ANALYTE,REANALYSIS-NONE,STRUCTURED,CELL_THERAPY,COUNT_PD,,QUARANTINE,Q15A,F15
3e24530bc50b,AIC-TTE,ID-DEFINED,TIME-DEFINED,DOSE-DEFINED,ADDL-ACTUAL-CONFLICT,BIOANALYTICAL-FINAL-FLAG-MISSING,COVARIATE-BASELINE-ONLY,SUBJECT-LEVEL-COVARIATE,SINGLE-ANALYTE,REANALYSIS-NONE,SEMI-STRUCTURED-LEGACY-FLAG,CELL_THERAPY,COUNT_PD,,QUARANTINE,Q15A,F15
a8a73ffaf15b,AIC-TTE,ID-DEFINED,TIME-DEFINED,DOSE-DEFINED,ADDL-ACTUAL-CONFLICT,BIOANALYTICAL-FINAL-FLAG-MISSING,COVARIATE-BASELINE-ONLY,SUBJECT-LEVEL-COVARIATE,MULTI-CMT-DEFINED,REANALYSIS-NONE,STRUCTURED,CELL_THERAPY,COUNT_PD,VECTOR_COPY|CAR_POSITIVE_CELL,QUARANTINE,Q15A,F15
9fc660055849,AIC-TTE,ID-DEFINED,TIME-DEFINED,DOSE-DEFINED,ADDL-ACTUAL-CONFLICT,BIOANALYTICAL-FINAL-FLAG-MISSING,COVARIATE-BASELINE-ONLY,SUBJECT-LEVEL-COVARIATE,MULTI-CMT-DEFINED,REANALYSIS-NONE,STRUCTURED,CELL_THERAPY,COUNT_PD,,QUARANTINE,Q15A,F15
2dab88dda320,AIC-TTE,ID-DEFINED,TIME-DEFINED,DOSE-DEFINED,ADDL-ACTUAL-CONFLICT,BIOANALYTICAL-FINAL-FLAG-MISSING,COVARIATE-BASELINE-ONLY,SUBJECT-LEVEL-COVARIATE,MULTI-CMT-DEFINED,REANALYSIS-NONE,SEMI-STRUCTURED-LEGACY-FLAG,CELL_THERAPY,COUNT_PD,VECTOR_COPY|CAR_POSITIVE_CELL,QUARANTINE,Q15A,F15
08f05c878f34,AIC-TTE,ID-DEFINED,TIME-DEFINED,DOSE-DEFINED,ADDL-ACTUAL-CONFLICT,BIOANALYTICAL-FINAL-FLAG-MISSING,COVARIATE-BASELINE-ONLY,SUBJECT-LEVEL-COVARIATE,MULTI-CMT-DEFINED,REANALYSIS-NONE,SEMI-STRUCTURED-LEGACY-FLAG,CELL_THERAPY,COUNT_PD,,QUARANTINE,Q15A,F15
5ee50067d096,AIC-TTE,ID-DEFINED,TIME-DEFINED,DOSE-DEFINED,ADDL-ACTUAL-CONFLICT,BIOANALYTICAL-FINAL-FLAG-MISSING,COVARIATE-BASELINE-ONLY,SUBJECT-LEVEL-COVARIATE,DDI-VICTIM-PERPETRATOR,REANALYSIS-NONE,STRUCTURED,CELL_THERAPY,COUNT_PD,VECTOR_COPY|CAR_POSITIVE_CELL,QUARANTINE,Q15A,F22
ab190a9d39db,AIC-TTE,ID-DEFINED,TIME-DEFINED,DOSE-DEFINED,ADDL-ACTUAL-CONFLICT,BIOANALYTICAL-FINAL-FLAG-MISSING,COVARIATE-BASELINE-ONLY,SUBJECT-LEVEL-COVARIATE,DDI-VICTIM-PERPETRATOR,REANALYSIS-NONE,STRUCTURED,CELL_THERAPY,COUNT_PD,,QUARANTINE,Q15A,F22
a12b96151d88,AIC-TTE,ID-DEFINED,TIME-DEFINED,DOSE-DEFINED,ADDL-ACTUAL-CONFLICT,BIOANALYTICAL-FINAL-FLAG-MISSING,COVARIATE-BASELINE-ONLY,SUBJECT-LEVEL-COVARIATE,DDI-VICTIM-PERPETRATOR,REANALYSIS-NONE,SEMI-STRUCTURED-LEGACY-FLAG,CELL_THERAPY,COUNT_PD,VECTOR_COPY|CAR_POSITIVE_CELL,QUARANTINE,Q15A,F22
638cc863f37c,AIC-TTE,ID-DEFINED,TIME-DEFINED,DOSE-DEFINED,ADDL-ACTUAL-CONFLICT,BIOANALYTICAL-FINAL-FLAG-MISSING,COVARIATE-BASELINE-ONLY,SUBJECT-LEVEL-COVARIATE,DDI-VICTIM-PERPETRATOR,REANALYSIS-NONE,SEMI-STRUCTURED-LEGACY-FLAG,CELL_THERAPY,COUNT_PD,,QUARANTINE,Q15A,F22
1970b4c6c02d,AIC-TTE,ID-DEFINED,TIME-DEFINED,DOSE-DEFINED,REGIMEN-FIXED,BIOANALYTICAL-FINAL,COVARIATE-BASELINE-ONLY,SUBJECT-LEVEL-COVARIATE,SINGLE-ANALYTE,REANALYSIS-NONE,STRUCTURED,MRNA,COUNT_PD,,AUTO,,F27
84504982d8e9,AIC-TTE,ID-DEFINED,TIME-DEFINED,DOSE-DEFINED,REGIMEN-FIXED,BIOANALYTICAL-FINAL,COVARIATE-BASELINE-ONLY,SUBJECT-LEVEL-COVARIATE,SINGLE-ANALYTE,REANALYSIS-NONE,SEMI-STRUCTURED-LEGACY-FLAG,MRNA,COUNT_PD,,QUARANTINE,Q15B,F27
488545ce20eb,AIC-TTE,ID-DEFINED,TIME-DEFINED,DOSE-DEFINED,REGIMEN-FIXED,BIOANALYTICAL-FINAL,COVARIATE-BASELINE-ONLY,SUBJECT-LEVEL-COVARIATE,MULTI-CMT-DEFINED,REANALYSIS-NONE,STRUCTURED,MRNA,COUNT_PD,,REPAIR,,F27
01ef3e4bd61f,AIC-TTE,ID-DEFINED,TIME-DEFINED,DOSE-DEFINED,REGIMEN-FIXED,BIOANALYTICAL-FINAL,COVARIATE-BASELINE-ONLY,SUBJECT-LEVEL-COVARIATE,MULTI-CMT-DEFINED,REANALYSIS-NONE,SEMI-STRUCTURED-LEGACY-FLAG,MRNA,COUNT_PD,,QUARANTINE,Q15B,F27
faa744c1a14d,AIC-TTE,ID-DEFINED,TIME-DEFINED,DOSE-DEFINED,REGIMEN-FIXED,BIOANALYTICAL-FINAL,COVARIATE-BASELINE-ONLY,SUBJECT-LEVEL-COVARIATE,DDI-VICTIM-PERPETRATOR,REANALYSIS-NONE,STRUCTURED,MRNA,COUNT_PD,,REPAIR,,F27
176af4c0b412,AIC-TTE,ID-DEFINED,TIME-DEFINED,DOSE-DEFINED,REGIMEN-FIXED,BIOANALYTICAL-FINAL,COVARIATE-BASELINE-ONLY,SUBJECT-LEVEL-COVARIATE,DDI-VICTIM-PERPETRATOR,REANALYSIS-NONE,SEMI-STRUCTURED-LEGACY-FLAG,MRNA,COUNT_PD,,QUARANTINE,Q15B,F27
50e2662da879,AIC-TTE,ID-DEFINED,TIME-DEFINED,DOSE-DEFINED,REGIMEN-FIXED,BLQ-DEFINED-POLICY,COVARIATE-BASELINE-ONLY,SUBJECT-LEVEL-COVARIATE,SINGLE-ANALYTE,REANALYSIS-NONE,STRUCTURED,MRNA,COUNT_PD,,REPAIR,,F27
edc9aa6521cd,AIC-TTE,ID-DEFINED,TIME-DEFINED,DOSE-DEFINED,REGIMEN-FIXED,BLQ-DEFINED-POLICY,COVARIATE-BASELINE-ONLY,SUBJECT-LEVEL-COVARIATE,SINGLE-ANALYTE,REANALYSIS-NONE,SEMI-STRUCTURED-LEGACY-FLAG,MRNA,COUNT_PD,,QUARANTINE,Q15B,F27
8f5766bb4dc5,AIC-TTE,ID-DEFINED,TIME-DEFINED,DOSE-DEFINED,REGIMEN-FIXED,BLQ-DEFINED-POLICY,COVARIATE-BASELINE-ONLY,SUBJECT-LEVEL-COVARIATE,MULTI-CMT-DEFINED,REANALYSIS-NONE,STRUCTURED,MRNA,COUNT_PD,,REPAIR,,F27
7f693b1569bd,AIC-TTE,ID-DEFINED,TIME-DEFINED,DOSE-DEFINED,REGIMEN-FIXED,BLQ-DEFINED-POLICY,COVARIATE-BASELINE-ONLY,SUBJECT-LEVEL-COVARIATE,MULTI-CMT-DEFINED,REANALYSIS-NONE,SEMI-STRUCTURED-LEGACY-FLAG,MRNA,COUNT_PD,,QUARANTINE,Q15B,F27
e60d1bf87d91,AIC-TTE,ID-DEFINED,TIME-DEFINED,DOSE-DEFINED,REGIMEN-FIXED,BLQ-DEFINED-POLICY,COVARIATE-BASELINE-ONLY,SUBJECT-LEVEL-COVARIATE,DDI-VICTIM-PERPETRATOR,REANALYSIS-NONE,STRUCTURED,MRNA,COUNT_PD,,REPAIR,,F27
d8a82d648e7e,AIC-TTE,ID-DEFINED,TIME-DEFINED,DOSE-DEFINED,REGIMEN-FIXED,BLQ-DEFINED-POLICY,COVARIATE-BASELINE-ONLY,SUBJECT-LEVEL-COVARIATE,DDI-VICTIM-PERPETRATOR,REANALYSIS-NONE,SEMI-STRUCTURED-LEGACY-FLAG,MRNA,COUNT_PD,,QUARANTINE,Q15B,F27
0019c22dfbe8,AIC-TTE,ID-DEFINED,TIME-DEFINED,DOSE-DEFINED,REGIMEN-FIXED,BIOANALYTICAL-FINAL-FLAG-MISSING,COVARIATE-BASELINE-ONLY,SUBJECT-LEVEL-COVARIATE,SINGLE-ANALYTE,REANALYSIS-NONE,STRUCTURED,MRNA,COUNT_PD,,QUARANTINE,Q15A,F27
2f3a07e5814c,AIC-TTE,ID-DEFINED,TIME-DEFINED,DOSE-DEFINED,REGIMEN-FIXED,BIOANALYTICAL-FINAL-FLAG-MISSING,COVARIATE-BASELINE-ONLY,SUBJECT-LEVEL-COVARIATE,SINGLE-ANALYTE,REANALYSIS-NONE,SEMI-STRUCTURED-LEGACY-FLAG,MRNA,COUNT_PD,,QUARANTINE,Q15A,F27
a0c94f0eef87,AIC-TTE,ID-DEFINED,TIME-DEFINED,DOSE-DEFINED,REGIMEN-FIXED,BIOANALYTICAL-FINAL-FLAG-MISSING,COVARIATE-BASELINE-ONLY,SUBJECT-LEVEL-COVARIATE,MULTI-CMT-DEFINED,REANALYSIS-NONE,STRUCTURED,MRNA,COUNT_PD,,QUARANTINE,Q15A,F27
893b794cbda4,AIC-TTE,ID-DEFINED,TIME-DEFINED,DOSE-DEFINED,REGIMEN-FIXED,BIOANALYTICAL-FINAL-FLAG-MISSING,COVARIATE-BASELINE-ONLY,SUBJECT-LEVEL-COVARIATE,MULTI-CMT-DEFINED,REANALYSIS-NONE,SEMI-STRUCTURED-LEGACY-FLAG,MRNA,COUNT_PD,,QUARANTINE,Q15A,F27
5830f111f896,AIC-TTE,ID-DEFINED,TIME-DEFINED,DOSE-DEFINED,REGIMEN-FIXED,BIOANALYTICAL-FINAL-FLAG-MISSING,COVARIATE-BASELINE-ONLY,SUBJECT-LEVEL-COVARIATE,DDI-VICTIM-PERPETRATOR,REANALYSIS-NONE,STRUCTURED,MRNA,COUNT_PD,,QUARANTINE,Q15A,F27
d23d32ffdf75,AIC-TTE,ID-DEFINED,TIME-DEFINED,DOSE-DEFINED,REGIMEN-FIXED,BIOANALYTICAL-FINAL-FLAG-MISSING,COVARIATE-BASELINE-ONLY,SUBJECT-LEVEL-COVARIATE,DDI-VICTIM-PERPETRATOR,REANALYSIS-NONE,SEMI-STRUCTURED-LEGACY-FLAG,MRNA,COUNT_PD,,QUARANTINE,Q15A,F27
9ef80a57992d,AIC-TTE,ID-DEFINED,TIME-DEFINED,DOSE-DEFINED,ADDL-ACTUAL-CONFLICT,BIOANALYTICAL-FINAL,COVARIATE-BASELINE-ONLY,SUBJECT-LEVEL-COVARIATE,SINGLE-ANALYTE,REANALYSIS-NONE,STRUCTURED,MRNA,COUNT_PD,,AUTO,,F27
83aaf1bc5add,AIC-TTE,ID-DEFINED,TIME-DEFINED,DOSE-DEFINED,ADDL-ACTUAL-CONFLICT,BIOANALYTICAL-FINAL,COVARIATE-BASELINE-ONLY,SUBJECT-LEVEL-COVARIATE,SINGLE-ANALYTE,REANALYSIS-NONE,SEMI-STRUCTURED-LEGACY-FLAG,MRNA,COUNT_PD,,QUARANTINE,Q15B,F27
53c027b0fea9,AIC-TTE,ID-DEFINED,TIME-DEFINED,DOSE-DEFINED,ADDL-ACTUAL-CONFLICT,BIOANALYTICAL-FINAL,COVARIATE-BASELINE-ONLY,SUBJECT-LEVEL-COVARIATE,MULTI-CMT-DEFINED,REANALYSIS-NONE,STRUCTURED,MRNA,COUNT_PD,,REPAIR,,F27
ee651fa9c1ea,AIC-TTE,ID-DEFINED,TIME-DEFINED,DOSE-DEFINED,ADDL-ACTUAL-CONFLICT,BIOANALYTICAL-FINAL,COVARIATE-BASELINE-ONLY,SUBJECT-LEVEL-COVARIATE,MULTI-CMT-DEFINED,REANALYSIS-NONE,SEMI-STRUCTURED-LEGACY-FLAG,MRNA,COUNT_PD,,QUARANTINE,Q15B,F27
f82f3d7a942e,AIC-TTE,ID-DEFINED,TIME-DEFINED,DOSE-DEFINED,ADDL-ACTUAL-CONFLICT,BIOANALYTICAL-FINAL,COVARIATE-BASELINE-ONLY,SUBJECT-LEVEL-COVARIATE,DDI-VICTIM-PERPETRATOR,REANALYSIS-NONE,STRUCTURED,MRNA,COUNT_PD,,REPAIR,,F27
cd4ce6759acd,AIC-TTE,ID-DEFINED,TIME-DEFINED,DOSE-DEFINED,ADDL-ACTUAL-CONFLICT,BIOANALYTICAL-FINAL,COVARIATE-BASELINE-ONLY,SUBJECT-LEVEL-COVARIATE,DDI-VICTIM-PERPETRATOR,REANALYSIS-NONE,SEMI-STRUCTURED-LEGACY-FLAG,MRNA,COUNT_PD,,QUARANTINE,Q15B,F27
8738beb1baa5,AIC-TTE,ID-DEFINED,TIME-DEFINED,DOSE-DEFINED,ADDL-ACTUAL-CONFLICT,BLQ-DEFINED-POLICY,COVARIATE-BASELINE-ONLY,SUBJECT-LEVEL-COVARIATE,SINGLE-ANALYTE,REANALYSIS-NONE,STRUCTURED,MRNA,COUNT_PD,,REPAIR,,F27
7d510639a583,AIC-TTE,ID-DEFINED,TIME-DEFINED,DOSE-DEFINED,ADDL-ACTUAL-CONFLICT,BLQ-DEFINED-POLICY,COVARIATE-BASELINE-ONLY,SUBJECT-LEVEL-COVARIATE,SINGLE-ANALYTE,REANALYSIS-NONE,SEMI-STRUCTURED-LEGACY-FLAG,MRNA,COUNT_PD,,QUARANTINE,Q15B,F27
11735c05c3d9,AIC-TTE,ID-DEFINED,TIME-DEFINED,DOSE-DEFINED,ADDL-ACTUAL-CONFLICT,BLQ-DEFINED-POLICY,COVARIATE-BASELINE-ONLY,SUBJECT-LEVEL-COVARIATE,MULTI-CMT-DEFINED,REANALYSIS-NONE,STRUCTURED,MRNA,COUNT_PD,,REPAIR,,F27
d7ade7250bd1,AIC-TTE,ID-DEFINED,TIME-DEFINED,DOSE-DEFINED,ADDL-ACTUAL-CONFLICT,BLQ-DEFINED-POLICY,COVARIATE-BASELINE-ONLY,SUBJECT-LEVEL-COVARIATE,MULTI-CMT-DEFINED,REANALYSIS-NONE,SEMI-STRUCTURED-LEGACY-FLAG,MRNA,COUNT_PD,,QUARANTINE,Q15B,F27
807ef074b5e2,AIC-TTE,ID-DEFINED,TIME-DEFINED,DOSE-DEFINED,ADDL-ACTUAL-CONFLICT,BLQ-DEFINED-POLICY,COVARIATE-BASELINE-ONLY,SUBJECT-LEVEL-COVARIATE,DDI-VICTIM-PERPETRATOR,REANALYSIS-NONE,STRUCTURED,MRNA,COUNT_PD,,REPAIR,,F27
64f8351d5476,AIC-TTE,ID-DEFINED,TIME-DEFINED,DOSE-DEFINED,ADDL-ACTUAL-CONFLICT,BLQ-DEFINED-POLICY,COVARIATE-BASELINE-ONLY,SUBJECT-LEVEL-COVARIATE,DDI-VICTIM-PERPETRATOR,REANALYSIS-NONE,SEMI-STRUCTURED-LEGACY-FLAG,MRNA,COUNT_PD,,QUARANTINE,Q15B,F27
9e9258e43015,AIC-TTE,ID-DEFINED,TIME-DEFINED,DOSE-DEFINED,ADDL-ACTUAL-CONFLICT,BIOANALYTICAL-FINAL-FLAG-MISSING,COVARIATE-BASELINE-ONLY,SUBJECT-LEVEL-COVARIATE,SINGLE-ANALYTE,REANALYSIS-NONE,STRUCTURED,MRNA,COUNT_PD,,QUARANTINE,Q15A,F27
3567a747f731,AIC-TTE,ID-DEFINED,TIME-DEFINED,DOSE-DEFINED,ADDL-ACTUAL-CONFLICT,BIOANALYTICAL-FINAL-FLAG-MISSING,COVARIATE-BASELINE-ONLY,SUBJECT-LEVEL-COVARIATE,SINGLE-ANALYTE,REANALYSIS-NONE,SEMI-STRUCTURED-LEGACY-FLAG,MRNA,COUNT_PD,,QUARANTINE,Q15A,F27
60a54de0ccae,AIC-TTE,ID-DEFINED,TIME-DEFINED,DOSE-DEFINED,ADDL-ACTUAL-CONFLICT,BIOANALYTICAL-FINAL-FLAG-MISSING,COVARIATE-BASELINE-ONLY,SUBJECT-LEVEL-COVARIATE,MULTI-CMT-DEFINED,REANALYSIS-NONE,STRUCTURED,MRNA,COUNT_PD,,QUARANTINE,Q15A,F27
74863fd170d2,AIC-TTE,ID-DEFINED,TIME-DEFINED,DOSE-DEFINED,ADDL-ACTUAL-CONFLICT,BIOANALYTICAL-FINAL-FLAG-MISSING,COVARIATE-BASELINE-ONLY,SUBJECT-LEVEL-COVARIATE,MULTI-CMT-DEFINED,REANALYSIS-NONE,SEMI-STRUCTURED-LEGACY-FLAG,MRNA,COUNT_PD,,QUARANTINE,Q15A,F27
d3bd99c9d002,AIC-TTE,ID-DEFINED,TIME-DEFINED,DOSE-DEFINED,ADDL-ACTUAL-CONFLICT,BIOANALYTICAL-FINAL-FLAG-MISSING,COVARIATE-BASELINE-ONLY,SUBJECT-LEVEL-COVARIATE,DDI-VICTIM-PERPETRATOR,REANALYSIS-NONE,STRUCTURED,MRNA,COUNT_PD,,QUARANTINE,Q15A,F27
6d2cfcab6d80,AIC-TTE,ID-DEFINED,TIME-DEFINED,DOSE-DEFINED,ADDL-ACTUAL-CONFLICT,BIOANALYTICAL-FINAL-FLAG-MISSING,COVARIATE-BASELINE-ONLY,SUBJECT-LEVEL-COVARIATE,DDI-VICTIM-PERPETRATOR,REANALYSIS-NONE,SEMI-STRUCTURED-LEGACY-FLAG,MRNA,COUNT_PD,,QUARANTINE,Q15A,F27
3f49933ef571,AIC-TTE,ID-DEFINED,TIME-DEFINED,DOSE-DEFINED,REGIMEN-FIXED,BIOANALYTICAL-FINAL,COVARIATE-BASELINE-ONLY,SUBJECT-LEVEL-COVARIATE,SINGLE-ANALYTE,REANALYSIS-NONE,STRUCTURED,SMALL_MOLECULE,CATEGORICAL_PD,,AUTO,,F15
7ba5df2090c9,AIC-TTE,ID-DEFINED,TIME-DEFINED,DOSE-DEFINED,REGIMEN-FIXED,BIOANALYTICAL-FINAL,COVARIATE-BASELINE-ONLY,SUBJECT-LEVEL-COVARIATE,SINGLE-ANALYTE,REANALYSIS-NONE,SEMI-STRUCTURED-LEGACY-FLAG,SMALL_MOLECULE,CATEGORICAL_PD,,QUARANTINE,Q15B,F15
da7f7efe7e90,AIC-TTE,ID-DEFINED,TIME-DEFINED,DOSE-DEFINED,REGIMEN-FIXED,BIOANALYTICAL-FINAL,COVARIATE-BASELINE-ONLY,SUBJECT-LEVEL-COVARIATE,MULTI-CMT-DEFINED,REANALYSIS-NONE,STRUCTURED,SMALL_MOLECULE,CATEGORICAL_PD,,REPAIR,,F15
4f850c756fe6,AIC-TTE,ID-DEFINED,TIME-DEFINED,DOSE-DEFINED,REGIMEN-FIXED,BIOANALYTICAL-FINAL,COVARIATE-BASELINE-ONLY,SUBJECT-LEVEL-COVARIATE,MULTI-CMT-DEFINED,REANALYSIS-NONE,SEMI-STRUCTURED-LEGACY-FLAG,SMALL_MOLECULE,CATEGORICAL_PD,,QUARANTINE,Q15B,F15
bb0a4e3e0d88,AIC-TTE,ID-DEFINED,TIME-DEFINED,DOSE-DEFINED,REGIMEN-FIXED,BIOANALYTICAL-FINAL,COVARIATE-BASELINE-ONLY,SUBJECT-LEVEL-COVARIATE,DDI-VICTIM-PERPETRATOR,REANALYSIS-NONE,STRUCTURED,SMALL_MOLECULE,CATEGORICAL_PD,,REPAIR,,F22
4c64435b1e55,AIC-TTE,ID-DEFINED,TIME-DEFINED,DOSE-DEFINED,REGIMEN-FIXED,BIOANALYTICAL-FINAL,COVARIATE-BASELINE-ONLY,SUBJECT-LEVEL-COVARIATE,DDI-VICTIM-PERPETRATOR,REANALYSIS-NONE,SEMI-STRUCTURED-LEGACY-FLAG,SMALL_MOLECULE,CATEGORICAL_PD,,QUARANTINE,Q15B,F22
1186540445e2,AIC-TTE,ID-DEFINED,TIME-DEFINED,DOSE-DEFINED,REGIMEN-FIXED,BLQ-DEFINED-POLICY,COVARIATE-BASELINE-ONLY,SUBJECT-LEVEL-COVARIATE,SINGLE-ANALYTE,REANALYSIS-NONE,STRUCTURED,SMALL_MOLECULE,CATEGORICAL_PD,,REPAIR,,F15
b703f547831f,AIC-TTE,ID-DEFINED,TIME-DEFINED,DOSE-DEFINED,REGIMEN-FIXED,BLQ-DEFINED-POLICY,COVARIATE-BASELINE-ONLY,SUBJECT-LEVEL-COVARIATE,SINGLE-ANALYTE,REANALYSIS-NONE,SEMI-STRUCTURED-LEGACY-FLAG,SMALL_MOLECULE,CATEGORICAL_PD,,QUARANTINE,Q15B,F15
2811adc8bb3b,AIC-TTE,ID-DEFINED,TIME-DEFINED,DOSE-DEFINED,REGIMEN-FIXED,BLQ-DEFINED-POLICY,COVARIATE-BASELINE-ONLY,SUBJECT-LEVEL-COVARIATE,MULTI-CMT-DEFINED,REANALYSIS-NONE,STRUCTURED,SMALL_MOLECULE,CATEGORICAL_PD,,REPAIR,,F15
88fe4fd133b4,AIC-TTE,ID-DEFINED,TIME-DEFINED,DOSE-DEFINED,REGIMEN-FIXED,BLQ-DEFINED-POLICY,COVARIATE-BASELINE-ONLY,SUBJECT-LEVEL-COVARIATE,MULTI-CMT-DEFINED,REANALYSIS-NONE,SEMI-STRUCTURED-LEGACY-FLAG,SMALL_MOLECULE,CATEGORICAL_PD,,QUARANTINE,Q15B,F15
166c7be0c72f,AIC-TTE,ID-DEFINED,TIME-DEFINED,DOSE-DEFINED,REGIMEN-FIXED,BLQ-DEFINED-POLICY,COVARIATE-BASELINE-ONLY,SUBJECT-LEVEL-COVARIATE,DDI-VICTIM-PERPETRATOR,REANALYSIS-NONE,STRUCTURED,SMALL_MOLECULE,CATEGORICAL_PD,,REPAIR,,F22
46cc08c990f4,AIC-TTE,ID-DEFINED,TIME-DEFINED,DOSE-DEFINED,REGIMEN-FIXED,BLQ-DEFINED-POLICY,COVARIATE-BASELINE-ONLY,SUBJECT-LEVEL-COVARIATE,DDI-VICTIM-PERPETRATOR,REANALYSIS-NONE,SEMI-STRUCTURED-LEGACY-FLAG,SMALL_MOLECULE,CATEGORICAL_PD,,QUARANTINE,Q15B,F22
7d78e5bc0373,AIC-TTE,ID-DEFINED,TIME-DEFINED,DOSE-DEFINED,REGIMEN-FIXED,BIOANALYTICAL-FINAL-FLAG-MISSING,COVARIATE-BASELINE-ONLY,SUBJECT-LEVEL-COVARIATE,SINGLE-ANALYTE,REANALYSIS-NONE,STRUCTURED,SMALL_MOLECULE,CATEGORICAL_PD,,QUARANTINE,Q15A,F15
6308b88b7592,AIC-TTE,ID-DEFINED,TIME-DEFINED,DOSE-DEFINED,REGIMEN-FIXED,BIOANALYTICAL-FINAL-FLAG-MISSING,COVARIATE-BASELINE-ONLY,SUBJECT-LEVEL-COVARIATE,SINGLE-ANALYTE,REANALYSIS-NONE,SEMI-STRUCTURED-LEGACY-FLAG,SMALL_MOLECULE,CATEGORICAL_PD,,QUARANTINE,Q15A,F15
3f315bd10313,AIC-TTE,ID-DEFINED,TIME-DEFINED,DOSE-DEFINED,REGIMEN-FIXED,BIOANALYTICAL-FINAL-FLAG-MISSING,COVARIATE-BASELINE-ONLY,SUBJECT-LEVEL-COVARIATE,MULTI-CMT-DEFINED,REANALYSIS-NONE,STRUCTURED,SMALL_MOLECULE,CATEGORICAL_PD,,QUARANTINE,Q15A,F15
2a3e52499b64,AIC-TTE,ID-DEFINED,TIME-DEFINED,DOSE-DEFINED,REGIMEN-FIXED,BIOANALYTICAL-FINAL-FLAG-MISSING,COVARIATE-BASELINE-ONLY,SUBJECT-LEVEL-COVARIATE,MULTI-CMT-DEFINED,REANALYSIS-NONE,SEMI-STRUCTURED-LEGACY-FLAG,SMALL_MOLECULE,CATEGORICAL_PD,,QUARANTINE,Q15A,F15
da426c52b22b,AIC-TTE,ID-DEFINED,TIME-DEFINED,DOSE-DEFINED,REGIMEN-FIXED,BIOANALYTICAL-FINAL-FLAG-MISSING,COVARIATE-BASELINE-ONLY,SUBJECT-LEVEL-COVARIATE,DDI-VICTIM-PERPETRATOR,REANALYSIS-NONE,STRUCTURED,SMALL_MOLECULE,CATEGORICAL_PD,,QUARANTINE,Q15A,F22
b38484eb8d29,AIC-TTE,ID-DEFINED,TIME-DEFINED,DOSE-DEFINED,REGIMEN-FIXED,BIOANALYTICAL-FINAL-FLAG-MISSING,COVARIATE-BASELINE-ONLY,SUBJECT-LEVEL-COVARIATE,DDI-VICTIM-PERPETRATOR,REANALYSIS-NONE,SEMI-STRUCTURED-LEGACY-FLAG,SMALL_MOLECULE,CATEGORICAL_PD,,QUARANTINE,Q15A,F22
05f9a31cd6bf,AIC-TTE,ID-DEFINED,TIME-DEFINED,DOSE-DEFINED,ADDL-ACTUAL-CONFLICT,BIOANALYTICAL-FINAL,COVARIATE-BASELINE-ONLY,SUBJECT-LEVEL-COVARIATE,SINGLE-ANALYTE,REANALYSIS-NONE,STRUCTURED,SMALL_MOLECULE,CATEGORICAL_PD,,AUTO,,F15
d1de113e2133,AIC-TTE,ID-DEFINED,TIME-DEFINED,DOSE-DEFINED,ADDL-ACTUAL-CONFLICT,BIOANALYTICAL-FINAL,COVARIATE-BASELINE-ONLY,SUBJECT-LEVEL-COVARIATE,SINGLE-ANALYTE,REANALYSIS-NONE,SEMI-STRUCTURED-LEGACY-FLAG,SMALL_MOLECULE,CATEGORICAL_PD,,QUARANTINE,Q15B,F15
cd9866426363,AIC-TTE,ID-DEFINED,TIME-DEFINED,DOSE-DEFINED,ADDL-ACTUAL-CONFLICT,BIOANALYTICAL-FINAL,COVARIATE-BASELINE-ONLY,SUBJECT-LEVEL-COVARIATE,MULTI-CMT-DEFINED,REANALYSIS-NONE,STRUCTURED,SMALL_MOLECULE,CATEGORICAL_PD,,REPAIR,,F15
441777bda59c,AIC-TTE,ID-DEFINED,TIME-DEFINED,DOSE-DEFINED,ADDL-ACTUAL-CONFLICT,BIOANALYTICAL-FINAL,COVARIATE-BASELINE-ONLY,SUBJECT-LEVEL-COVARIATE,MULTI-CMT-DEFINED,REANALYSIS-NONE,SEMI-STRUCTURED-LEGACY-FLAG,SMALL_MOLECULE,CATEGORICAL_PD,,QUARANTINE,Q15B,F15
0e33081b8fe6,AIC-TTE,ID-DEFINED,TIME-DEFINED,DOSE-DEFINED,ADDL-ACTUAL-CONFLICT,BIOANALYTICAL-FINAL,COVARIATE-BASELINE-ONLY,SUBJECT-LEVEL-COVARIATE,DDI-VICTIM-PERPETRATOR,REANALYSIS-NONE,STRUCTURED,SMALL_MOLECULE,CATEGORICAL_PD,,REPAIR,,F22
ab3c49b0a2a9,AIC-TTE,ID-DEFINED,TIME-DEFINED,DOSE-DEFINED,ADDL-ACTUAL-CONFLICT,BIOANALYTICAL-FINAL,COVARIATE-BASELINE-ONLY,SUBJECT-LEVEL-COVARIATE,DDI-VICTIM-PERPETRATOR,REANALYSIS-NONE,SEMI-STRUCTURED-LEGACY-FLAG,SMALL_MOLECULE,CATEGORICAL_PD,,QUARANTINE,Q15B,F22
57056b55e271,AIC-TTE,ID-DEFINED,TIME-DEFINED,DOSE-DEFINED,ADDL-ACTUAL-CONFLICT,BLQ-DEFINED-POLICY,COVARIATE-BASELINE-ONLY,SUBJECT-LEVEL-COVARIATE,SINGLE-ANALYTE,REANALYSIS-NONE,STRUCTURED,SMALL_MOLECULE,CATEGORICAL_PD,,REPAIR,,F15
5316b327b15e,AIC-TTE,ID-DEFINED,TIME-DEFINED,DOSE-DEFINED,ADDL-ACTUAL-CONFLICT,BLQ-DEFINED-POLICY,COVARIATE-BASELINE-ONLY,SUBJECT-LEVEL-COVARIATE,SINGLE-ANALYTE,REANALYSIS-NONE,SEMI-STRUCTURED-LEGACY-FLAG,SMALL_MOLECULE,CATEGORICAL_PD,,QUARANTINE,Q15B,F15
2cddfab0a2ab,AIC-TTE,ID-DEFINED,TIME-DEFINED,DOSE-DEFINED,ADDL-ACTUAL-CONFLICT,BLQ-DEFINED-POLICY,COVARIATE-BASELINE-ONLY,SUBJECT-LEVEL-COVARIATE,MULTI-CMT-DEFINED,REANALYSIS-NONE,STRUCTURED,SMALL_MOLECULE,CATEGORICAL_PD,,REPAIR,,F15
ddf1de915157,AIC-TTE,ID-DEFINED,TIME-DEFINED,DOSE-DEFINED,ADDL-ACTUAL-CONFLICT,BLQ-DEFINED-POLICY,COVARIATE-BASELINE-ONLY,SUBJECT-LEVEL-COVARIATE,MULTI-CMT-DEFINED,REANALYSIS-NONE,SEMI-STRUCTURED-LEGACY-FLAG,SMALL_MOLECULE,CATEGORICAL_PD,,QUARANTINE,Q15B,F15
04e37f2b966c,AIC-TTE,ID-DEFINED,TIME-DEFINED,DOSE-DEFINED,ADDL-ACTUAL-CONFLICT,BLQ-DEFINED-POLICY,COVARIATE-BASELINE-ONLY,SUBJECT-LEVEL-COVARIATE,DDI-VICTIM-PERPETRATOR,REANALYSIS-NONE,STRUCTURED,SMALL_MOLECULE,CATEGORICAL_PD,,REPAIR,,F22
aaeea1759f32,AIC-TTE,ID-DEFINED,TIME-DEFINED,DOSE-DEFINED,ADDL-ACTUAL-CONFLICT,BLQ-DEFINED-POLICY,COVARIATE-BASELINE-ONLY,SUBJECT-LEVEL-COVARIATE,DDI-VICTIM-PERPETRATOR,REANALYSIS-NONE,SEMI-STRUCTURED-LEGACY-FLAG,SMALL_MOLECULE,CATEGORICAL_PD,,QUARANTINE,Q15B,F22
3594af84e605,AIC-TTE,ID-DEFINED,TIME-DEFINED,DOSE-DEFINED,ADDL-ACTUAL-CONFLICT,BIOANALYTICAL-FINAL-FLAG-MISSING,COVARIATE-BASELINE-ONLY,SUBJECT-LEVEL-COVARIATE,SINGLE-ANALYTE,REANALYSIS-NONE,STRUCTURED,SMALL_MOLECULE,CATEGORICAL_PD,,QUARANTINE,Q15A,F15
7acfd7b86338,AIC-TTE,ID-DEFINED,TIME-DEFINED,DOSE-DEFINED,ADDL-ACTUAL-CONFLICT,BIOANALYTICAL-FINAL-FLAG-MISSING,COVARIATE-BASELINE-ONLY,SUBJECT-LEVEL-COVARIATE,SINGLE-ANALYTE,REANALYSIS-NONE,SEMI-STRUCTURED-LEGACY-FLAG,SMALL_MOLECULE,CATEGORICAL_PD,,QUARANTINE,Q15A,F15
dff4d2d93e0a,AIC-TTE,ID-DEFINED,TIME-DEFINED,DOSE-DEFINED,ADDL-ACTUAL-CONFLICT,BIOANALYTICAL-FINAL-FLAG-MISSING,COVARIATE-BASELINE-ONLY,SUBJECT-LEVEL-COVARIATE,MULTI-CMT-DEFINED,REANALYSIS-NONE,STRUCTURED,SMALL_MOLECULE,CATEGORICAL_PD,,QUARANTINE,Q15A,F15
8428a7cc0e59,AIC-TTE,ID-DEFINED,TIME-DEFINED,DOSE-DEFINED,ADDL-ACTUAL-CONFLICT,BIOANALYTICAL-FINAL-FLAG-MISSING,COVARIATE-BASELINE-ONLY,SUBJECT-LEVEL-COVARIATE,MULTI-CMT-DEFINED,REANALYSIS-NONE,SEMI-STRUCTURED-LEGACY-FLAG,SMALL_MOLECULE,CATEGORICAL_PD,,QUARANTINE,Q15A,F15
dda395932910,AIC-TTE,ID-DEFINED,TIME-DEFINED,DOSE-DEFINED,ADDL-ACTUAL-CONFLICT,BIOANALYTICAL-FINAL-FLAG-MISSING,COVARIATE-BASELINE-ONLY,SUBJECT-LEVEL-COVARIATE,DDI-VICTIM-PERPETRATOR,REANALYSIS-NONE,STRUCTURED,SMALL_MOLECULE,CATEGORICAL_PD,,QUARANTINE,Q15A,F22
1a8288233fea,AIC-TTE,ID-DEFINED,TIME-DEFINED,DOSE-DEFINED,ADDL-ACTUAL-CONFLICT,BIOANALYTICAL-FINAL-FLAG-MISSING,COVARIATE-BASELINE-ONLY,SUBJECT-LEVEL-COVARIATE,DDI-VICTIM-PERPETRATOR,REANALYSIS-NONE,SEMI-STRUCTURED-LEGACY-FLAG,SMALL_MOLECULE,CATEGORICAL_PD,,QUARANTINE,Q15A,F22
f7ea2bcbc4b6,AIC-TTE,ID-DEFINED,TIME-DEFINED,DOSE-DEFINED,REGIMEN-FIXED,BIOANALYTICAL-FINAL,COVARIATE-BASELINE-ONLY,SUBJECT-LEVEL-COVARIATE,SINGLE-ANALYTE,REANALYSIS-NONE,STRUCTURED,MAB,CATEGORICAL_PD,,AUTO,,F15
97844269ccbd,AIC-TTE,ID-DEFINED,TIME-DEFINED,DOSE-DEFINED,REGIMEN-FIXED,BIOANALYTICAL-FINAL,COVARIATE-BASELINE-ONLY,SUBJECT-LEVEL-COVARIATE,SINGLE-ANALYTE,REANALYSIS-NONE,SEMI-STRUCTURED-LEGACY-FLAG,MAB,CATEGORICAL_PD,,QUARANTINE,Q15B,F15
51e00ddb8b53,AIC-TTE,ID-DEFINED,TIME-DEFINED,DOSE-DEFINED,REGIMEN-FIXED,BIOANALYTICAL-FINAL,COVARIATE-BASELINE-ONLY,SUBJECT-LEVEL-COVARIATE,MULTI-CMT-DEFINED,REANALYSIS-NONE,STRUCTURED,MAB,CATEGORICAL_PD,,REPAIR,,F15
9d8a14604573,AIC-TTE,ID-DEFINED,TIME-DEFINED,DOSE-DEFINED,REGIMEN-FIXED,BIOANALYTICAL-FINAL,COVARIATE-BASELINE-ONLY,SUBJECT-LEVEL-COVARIATE,MULTI-CMT-DEFINED,REANALYSIS-NONE,SEMI-STRUCTURED-LEGACY-FLAG,MAB,CATEGORICAL_PD,,QUARANTINE,Q15B,F15
5a26c293d67f,AIC-TTE,ID-DEFINED,TIME-DEFINED,DOSE-DEFINED,REGIMEN-FIXED,BIOANALYTICAL-FINAL,COVARIATE-BASELINE-ONLY,SUBJECT-LEVEL-COVARIATE,DDI-VICTIM-PERPETRATOR,REANALYSIS-NONE,STRUCTURED,MAB,CATEGORICAL_PD,,REPAIR,,F22
30a5b4c46a21,AIC-TTE,ID-DEFINED,TIME-DEFINED,DOSE-DEFINED,REGIMEN-FIXED,BIOANALYTICAL-FINAL,COVARIATE-BASELINE-ONLY,SUBJECT-LEVEL-COVARIATE,DDI-VICTIM-PERPETRATOR,REANALYSIS-NONE,SEMI-STRUCTURED-LEGACY-FLAG,MAB,CATEGORICAL_PD,,QUARANTINE,Q15B,F22
21fb70b2174e,AIC-TTE,ID-DEFINED,TIME-DEFINED,DOSE-DEFINED,REGIMEN-FIXED,BLQ-DEFINED-POLICY,COVARIATE-BASELINE-ONLY,SUBJECT-LEVEL-COVARIATE,SINGLE-ANALYTE,REANALYSIS-NONE,STRUCTURED,MAB,CATEGORICAL_PD,,REPAIR,,F15
4a4878d0aafb,AIC-TTE,ID-DEFINED,TIME-DEFINED,DOSE-DEFINED,REGIMEN-FIXED,BLQ-DEFINED-POLICY,COVARIATE-BASELINE-ONLY,SUBJECT-LEVEL-COVARIATE,SINGLE-ANALYTE,REANALYSIS-NONE,SEMI-STRUCTURED-LEGACY-FLAG,MAB,CATEGORICAL_PD,,QUARANTINE,Q15B,F15
dfeaf190bf6e,AIC-TTE,ID-DEFINED,TIME-DEFINED,DOSE-DEFINED,REGIMEN-FIXED,BLQ-DEFINED-POLICY,COVARIATE-BASELINE-ONLY,SUBJECT-LEVEL-COVARIATE,MULTI-CMT-DEFINED,REANALYSIS-NONE,STRUCTURED,MAB,CATEGORICAL_PD,,REPAIR,,F15
e48ac8b70444,AIC-TTE,ID-DEFINED,TIME-DEFINED,DOSE-DEFINED,REGIMEN-FIXED,BLQ-DEFINED-POLICY,COVARIATE-BASELINE-ONLY,SUBJECT-LEVEL-COVARIATE,MULTI-CMT-DEFINED,REANALYSIS-NONE,SEMI-STRUCTURED-LEGACY-FLAG,MAB,CATEGORICAL_PD,,QUARANTINE,Q15B,F15
11228beaa3ca,AIC-TTE,ID-DEFINED,TIME-DEFINED,DOSE-DEFINED,REGIMEN-FIXED,BLQ-DEFINED-POLICY,COVARIATE-BASELINE-ONLY,SUBJECT-LEVEL-COVARIATE,DDI-VICTIM-PERPETRATOR,REANALYSIS-NONE,STRUCTURED,MAB,CATEGORICAL_PD,,REPAIR,,F22
44f5c7cab894,AIC-TTE,ID-DEFINED,TIME-DEFINED,DOSE-DEFINED,REGIMEN-FIXED,BLQ-DEFINED-POLICY,COVARIATE-BASELINE-ONLY,SUBJECT-LEVEL-COVARIATE,DDI-VICTIM-PERPETRATOR,REANALYSIS-NONE,SEMI-STRUCTURED-LEGACY-FLAG,MAB,CATEGORICAL_PD,,QUARANTINE,Q15B,F22
7c56882ff2f3,AIC-TTE,ID-DEFINED,TIME-DEFINED,DOSE-DEFINED,REGIMEN-FIXED,BIOANALYTICAL-FINAL-FLAG-MISSING,COVARIATE-BASELINE-ONLY,SUBJECT-LEVEL-COVARIATE,SINGLE-ANALYTE,REANALYSIS-NONE,STRUCTURED,MAB,CATEGORICAL_PD,,QUARANTINE,Q15A,F15
eead6ba6f8ea,AIC-TTE,ID-DEFINED,TIME-DEFINED,DOSE-DEFINED,REGIMEN-FIXED,BIOANALYTICAL-FINAL-FLAG-MISSING,COVARIATE-BASELINE-ONLY,SUBJECT-LEVEL-COVARIATE,SINGLE-ANALYTE,REANALYSIS-NONE,SEMI-STRUCTURED-LEGACY-FLAG,MAB,CATEGORICAL_PD,,QUARANTINE,Q15A,F15
d60b940884b5,AIC-TTE,ID-DEFINED,TIME-DEFINED,DOSE-DEFINED,REGIMEN-FIXED,BIOANALYTICAL-FINAL-FLAG-MISSING,COVARIATE-BASELINE-ONLY,SUBJECT-LEVEL-COVARIATE,MULTI-CMT-DEFINED,REANALYSIS-NONE,STRUCTURED,MAB,CATEGORICAL_PD,,QUARANTINE,Q15A,F15
feb792b8de14,AIC-TTE,ID-DEFINED,TIME-DEFINED,DOSE-DEFINED,REGIMEN-FIXED,BIOANALYTICAL-FINAL-FLAG-MISSING,COVARIATE-BASELINE-ONLY,SUBJECT-LEVEL-COVARIATE,MULTI-CMT-DEFINED,REANALYSIS-NONE,SEMI-STRUCTURED-LEGACY-FLAG,MAB,CATEGORICAL_PD,,QUARANTINE,Q15A,F15
8624ee8ce05a,AIC-TTE,ID-DEFINED,TIME-DEFINED,DOSE-DEFINED,REGIMEN-FIXED,BIOANALYTICAL-FINAL-FLAG-MISSING,COVARIATE-BASELINE-ONLY,SUBJECT-LEVEL-COVARIATE,DDI-VICTIM-PERPETRATOR,REANALYSIS-NONE,STRUCTURED,MAB,CATEGORICAL_PD,,QUARANTINE,Q15A,F22
f62e2c562081,AIC-TTE,ID-DEFINED,TIME-DEFINED,DOSE-DEFINED,REGIMEN-FIXED,BIOANALYTICAL-FINAL-FLAG-MISSING,COVARIATE-BASELINE-ONLY,SUBJECT-LEVEL-COVARIATE,DDI-VICTIM-PERPETRATOR,REANALYSIS-NONE,SEMI-STRUCTURED-LEGACY-FLAG,MAB,CATEGORICAL_PD,,QUARANTINE,Q15A,F22
fa565a0983ea,AIC-TTE,ID-DEFINED,TIME-DEFINED,DOSE-DEFINED,ADDL-ACTUAL-CONFLICT,BIOANALYTICAL-FINAL,COVARIATE-BASELINE-ONLY,SUBJECT-LEVEL-COVARIATE,SINGLE-ANALYTE,REANALYSIS-NONE,STRUCTURED,MAB,CATEGORICAL_PD,,AUTO,,F15
494c554ed74f,AIC-TTE,ID-DEFINED,TIME-DEFINED,DOSE-DEFINED,ADDL-ACTUAL-CONFLICT,BIOANALYTICAL-FINAL,COVARIATE-BASELINE-ONLY,SUBJECT-LEVEL-COVARIATE,SINGLE-ANALYTE,REANALYSIS-NONE,SEMI-STRUCTURED-LEGACY-FLAG,MAB,CATEGORICAL_PD,,QUARANTINE,Q15B,F15
a949011eb7b1,AIC-TTE,ID-DEFINED,TIME-DEFINED,DOSE-DEFINED,ADDL-ACTUAL-CONFLICT,BIOANALYTICAL-FINAL,COVARIATE-BASELINE-ONLY,SUBJECT-LEVEL-COVARIATE,MULTI-CMT-DEFINED,REANALYSIS-NONE,STRUCTURED,MAB,CATEGORICAL_PD,,REPAIR,,F15
952435681a3f,AIC-TTE,ID-DEFINED,TIME-DEFINED,DOSE-DEFINED,ADDL-ACTUAL-CONFLICT,BIOANALYTICAL-FINAL,COVARIATE-BASELINE-ONLY,SUBJECT-LEVEL-COVARIATE,MULTI-CMT-DEFINED,REANALYSIS-NONE,SEMI-STRUCTURED-LEGACY-FLAG,MAB,CATEGORICAL_PD,,QUARANTINE,Q15B,F15
5d8970fe8782,AIC-TTE,ID-DEFINED,TIME-DEFINED,DOSE-DEFINED,ADDL-ACTUAL-CONFLICT,BIOANALYTICAL-FINAL,COVARIATE-BASELINE-ONLY,SUBJECT-LEVEL-COVARIATE,DDI-VICTIM-PERPETRATOR,REANALYSIS-NONE,STRUCTURED,MAB,CATEGORICAL_PD,,REPAIR,,F22
9a0e14d4cb77,AIC-TTE,ID-DEFINED,TIME-DEFINED,DOSE-DEFINED,ADDL-ACTUAL-CONFLICT,BIOANALYTICAL-FINAL,COVARIATE-BASELINE-ONLY,SUBJECT-LEVEL-COVARIATE,DDI-VICTIM-PERPETRATOR,REANALYSIS-NONE,SEMI-STRUCTURED-LEGACY-FLAG,MAB,CATEGORICAL_PD,,QUARANTINE,Q15B,F22
9bcca387755f,AIC-TTE,ID-DEFINED,TIME-DEFINED,DOSE-DEFINED,ADDL-ACTUAL-CONFLICT,BLQ-DEFINED-POLICY,COVARIATE-BASELINE-ONLY,SUBJECT-LEVEL-COVARIATE,SINGLE-ANALYTE,REANALYSIS-NONE,STRUCTURED,MAB,CATEGORICAL_PD,,REPAIR,,F15
7817e1bf5d0b,AIC-TTE,ID-DEFINED,TIME-DEFINED,DOSE-DEFINED,ADDL-ACTUAL-CONFLICT,BLQ-DEFINED-POLICY,COVARIATE-BASELINE-ONLY,SUBJECT-LEVEL-COVARIATE,SINGLE-ANALYTE,REANALYSIS-NONE,SEMI-STRUCTURED-LEGACY-FLAG,MAB,CATEGORICAL_PD,,QUARANTINE,Q15B,F15
2f70173d6916,AIC-TTE,ID-DEFINED,TIME-DEFINED,DOSE-DEFINED,ADDL-ACTUAL-CONFLICT,BLQ-DEFINED-POLICY,COVARIATE-BASELINE-ONLY,SUBJECT-LEVEL-COVARIATE,MULTI-CMT-DEFINED,REANALYSIS-NONE,STRUCTURED,MAB,CATEGORICAL_PD,,REPAIR,,F15
0388cd5389d6,AIC-TTE,ID-DEFINED,TIME-DEFINED,DOSE-DEFINED,ADDL-ACTUAL-CONFLICT,BLQ-DEFINED-POLICY,COVARIATE-BASELINE-ONLY,SUBJECT-LEVEL-COVARIATE,MULTI-CMT-DEFINED,REANALYSIS-NONE,SEMI-STRUCTURED-LEGACY-FLAG,MAB,CATEGORICAL_PD,,QUARANTINE,Q15B,F15
d72c3b08d434,AIC-TTE,ID-DEFINED,TIME-DEFINED,DOSE-DEFINED,ADDL-ACTUAL-CONFLICT,BLQ-DEFINED-POLICY,COVARIATE-BASELINE-ONLY,SUBJECT-LEVEL-COVARIATE,DDI-VICTIM-PERPETRATOR,REANALYSIS-NONE,STRUCTURED,MAB,CATEGORICAL_PD,,REPAIR,,F22
7a31855fef3f,AIC-TTE,ID-DEFINED,TIME-DEFINED,DOSE-DEFINED,ADDL-ACTUAL-CONFLICT,BLQ-DEFINED-POLICY,COVARIATE-BASELINE-ONLY,SUBJECT-LEVEL-COVARIATE,DDI-VICTIM-PERPETRATOR,REANALYSIS-NONE,SEMI-STRUCTURED-LEGACY-FLAG,MAB,CATEGORICAL_PD,,QUARANTINE,Q15B,F22
7b45745415c1,AIC-TTE,ID-DEFINED,TIME-DEFINED,DOSE-DEFINED,ADDL-ACTUAL-CONFLICT,BIOANALYTICAL-FINAL-FLAG-MISSING,COVARIATE-BASELINE-ONLY,SUBJECT-LEVEL-COVARIATE,SINGLE-ANALYTE,REANALYSIS-NONE,STRUCTURED,MAB,CATEGORICAL_PD,,QUARANTINE,Q15A,F15
e57dedb98103,AIC-TTE,ID-DEFINED,TIME-DEFINED,DOSE-DEFINED,ADDL-ACTUAL-CONFLICT,BIOANALYTICAL-FINAL-FLAG-MISSING,COVARIATE-BASELINE-ONLY,SUBJECT-LEVEL-COVARIATE,SINGLE-ANALYTE,REANALYSIS-NONE,SEMI-STRUCTURED-LEGACY-FLAG,MAB,CATEGORICAL_PD,,QUARANTINE,Q15A,F15
1499bb03ebd6,AIC-TTE,ID-DEFINED,TIME-DEFINED,DOSE-DEFINED,ADDL-ACTUAL-CONFLICT,BIOANALYTICAL-FINAL-FLAG-MISSING,COVARIATE-BASELINE-ONLY,SUBJECT-LEVEL-COVARIATE,MULTI-CMT-DEFINED,REANALYSIS-NONE,STRUCTURED,MAB,CATEGORICAL_PD,,QUARANTINE,Q15A,F15
ab2b48959af5,AIC-TTE,ID-DEFINED,TIME-DEFINED,DOSE-DEFINED,ADDL-ACTUAL-CONFLICT,BIOANALYTICAL-FINAL-FLAG-MISSING,COVARIATE-BASELINE-ONLY,SUBJECT-LEVEL-COVARIATE,MULTI-CMT-DEFINED,REANALYSIS-NONE,SEMI-STRUCTURED-LEGACY-FLAG,MAB,CATEGORICAL_PD,,QUARANTINE,Q15A,F15
6b86dd5f0df6,AIC-TTE,ID-DEFINED,TIME-DEFINED,DOSE-DEFINED,ADDL-ACTUAL-CONFLICT,BIOANALYTICAL-FINAL-FLAG-MISSING,COVARIATE-BASELINE-ONLY,SUBJECT-LEVEL-COVARIATE,DDI-VICTIM-PERPETRATOR,REANALYSIS-NONE,STRUCTURED,MAB,CATEGORICAL_PD,,QUARANTINE,Q15A,F22
dc86e136831c,AIC-TTE,ID-DEFINED,TIME-DEFINED,DOSE-DEFINED,ADDL-ACTUAL-CONFLICT,BIOANALYTICAL-FINAL-FLAG-MISSING,COVARIATE-BASELINE-ONLY,SUBJECT-LEVEL-COVARIATE,DDI-VICTIM-PERPETRATOR,REANALYSIS-NONE,SEMI-STRUCTURED-LEGACY-FLAG,MAB,CATEGORICAL_PD,,QUARANTINE,Q15A,F22
ff80fb1dcbca,AIC-TTE,ID-DEFINED,TIME-DEFINED,DOSE-DEFINED,REGIMEN-FIXED,BIOANALYTICAL-FINAL,COVARIATE-BASELINE-ONLY,SUBJECT-LEVEL-COVARIATE,SINGLE-ANALYTE,REANALYSIS-NONE,STRUCTURED,ADC,CATEGORICAL_PD,,AUTO,,F15
08c61ae32f97,AIC-TTE,ID-DEFINED,TIME-DEFINED,DOSE-DEFINED,REGIMEN-FIXED,BIOANALYTICAL-FINAL,COVARIATE-BASELINE-ONLY,SUBJECT-LEVEL-COVARIATE,SINGLE-ANALYTE,REANALYSIS-NONE,SEMI-STRUCTURED-LEGACY-FLAG,ADC,CATEGORICAL_PD,,QUARANTINE,Q15B,F15
248b3dfedb53,AIC-TTE,ID-DEFINED,TIME-DEFINED,DOSE-DEFINED,REGIMEN-FIXED,BIOANALYTICAL-FINAL,COVARIATE-BASELINE-ONLY,SUBJECT-LEVEL-COVARIATE,MULTI-CMT-DEFINED,REANALYSIS-NONE,STRUCTURED,ADC,CATEGORICAL_PD,TOTAL_ANTIBODY|CONJUGATED_ADC|UNCONJUGATED_PAYLOAD,REPAIR,,F24
e00c5629c9f7,AIC-TTE,ID-DEFINED,TIME-DEFINED,DOSE-DEFINED,REGIMEN-FIXED,BIOANALYTICAL-FINAL,COVARIATE-BASELINE-ONLY,SUBJECT-LEVEL-COVARIATE,MULTI-CMT-DEFINED,REANALYSIS-NONE,STRUCTURED,ADC,CATEGORICAL_PD,,QUARANTINE,Q16,F24
57acb79b497a,AIC-TTE,ID-DEFINED,TIME-DEFINED,DOSE-DEFINED,REGIMEN-FIXED,BIOANALYTICAL-FINAL,COVARIATE-BASELINE-ONLY,SUBJECT-LEVEL-COVARIATE,MULTI-CMT-DEFINED,REANALYSIS-NONE,SEMI-STRUCTURED-LEGACY-FLAG,ADC,CATEGORICAL_PD,TOTAL_ANTIBODY|CONJUGATED_ADC|UNCONJUGATED_PAYLOAD,QUARANTINE,Q15B,F24
e1a5ab85d20d,AIC-TTE,ID-DEFINED,TIME-DEFINED,DOSE-DEFINED,REGIMEN-FIXED,BIOANALYTICAL-FINAL,COVARIATE-BASELINE-ONLY,SUBJECT-LEVEL-COVARIATE,MULTI-CMT-DEFINED,REANALYSIS-NONE,SEMI-STRUCTURED-LEGACY-FLAG,ADC,CATEGORICAL_PD,,QUARANTINE,Q16,F24
853d10be007a,AIC-TTE,ID-DEFINED,TIME-DEFINED,DOSE-DEFINED,REGIMEN-FIXED,BIOANALYTICAL-FINAL,COVARIATE-BASELINE-ONLY,SUBJECT-LEVEL-COVARIATE,DDI-VICTIM-PERPETRATOR,REANALYSIS-NONE,STRUCTURED,ADC,CATEGORICAL_PD,TOTAL_ANTIBODY|CONJUGATED_ADC|UNCONJUGATED_PAYLOAD,REPAIR,,F22
7c441988d1b7,AIC-TTE,ID-DEFINED,TIME-DEFINED,DOSE-DEFINED,REGIMEN-FIXED,BIOANALYTICAL-FINAL,COVARIATE-BASELINE-ONLY,SUBJECT-LEVEL-COVARIATE,DDI-VICTIM-PERPETRATOR,REANALYSIS-NONE,STRUCTURED,ADC,CATEGORICAL_PD,,QUARANTINE,Q16,F22
0b124a333f35,AIC-TTE,ID-DEFINED,TIME-DEFINED,DOSE-DEFINED,REGIMEN-FIXED,BIOANALYTICAL-FINAL,COVARIATE-BASELINE-ONLY,SUBJECT-LEVEL-COVARIATE,DDI-VICTIM-PERPETRATOR,REANALYSIS-NONE,SEMI-STRUCTURED-LEGACY-FLAG,ADC,CATEGORICAL_PD,TOTAL_ANTIBODY|CONJUGATED_ADC|UNCONJUGATED_PAYLOAD,QUARANTINE,Q15B,F22
5f8d538ed0e8,AIC-TTE,ID-DEFINED,TIME-DEFINED,DOSE-DEFINED,REGIMEN-FIXED,BIOANALYTICAL-FINAL,COVARIATE-BASELINE-ONLY,SUBJECT-LEVEL-COVARIATE,DDI-VICTIM-PERPETRATOR,REANALYSIS-NONE,SEMI-STRUCTURED-LEGACY-FLAG,ADC,CATEGORICAL_PD,,QUARANTINE,Q16,F22
25ba13303543,AIC-TTE,ID-DEFINED,TIME-DEFINED,DOSE-DEFINED,REGIMEN-FIXED,BLQ-DEFINED-POLICY,COVARIATE-BASELINE-ONLY,SUBJECT-LEVEL-COVARIATE,SINGLE-ANALYTE,REANALYSIS-NONE,STRUCTURED,ADC,CATEGORICAL_PD,,REPAIR,,F15
9fa4f2eb0b27,AIC-TTE,ID-DEFINED,TIME-DEFINED,DOSE-DEFINED,REGIMEN-FIXED,BLQ-DEFINED-POLICY,COVARIATE-BASELINE-ONLY,SUBJECT-LEVEL-COVARIATE,SINGLE-ANALYTE,REANALYSIS-NONE,SEMI-STRUCTURED-LEGACY-FLAG,ADC,CATEGORICAL_PD,,QUARANTINE,Q15B,F15
9c57688a12c1,AIC-TTE,ID-DEFINED,TIME-DEFINED,DOSE-DEFINED,REGIMEN-FIXED,BLQ-DEFINED-POLICY,COVARIATE-BASELINE-ONLY,SUBJECT-LEVEL-COVARIATE,MULTI-CMT-DEFINED,REANALYSIS-NONE,STRUCTURED,ADC,CATEGORICAL_PD,TOTAL_ANTIBODY|CONJUGATED_ADC|UNCONJUGATED_PAYLOAD,REPAIR,,F24
e1dfc22f4c64,AIC-TTE,ID-DEFINED,TIME-DEFINED,DOSE-DEFINED,REGIMEN-FIXED,BLQ-DEFINED-POLICY,COVARIATE-BASELINE-ONLY,SUBJECT-LEVEL-COVARIATE,MULTI-CMT-DEFINED,REANALYSIS-NONE,STRUCTURED,ADC,CATEGORICAL_PD,,QUARANTINE,Q16,F24
f587a411a73b,AIC-TTE,ID-DEFINED,TIME-DEFINED,DOSE-DEFINED,REGIMEN-FIXED,BLQ-DEFINED-POLICY,COVARIATE-BASELINE-ONLY,SUBJECT-LEVEL-COVARIATE,MULTI-CMT-DEFINED,REANALYSIS-NONE,SEMI-STRUCTURED-LEGACY-FLAG,ADC,CATEGORICAL_PD,TOTAL_ANTIBODY|CONJUGATED_ADC|UNCONJUGATED_PAYLOAD,QUARANTINE,Q15B,F24
dcadbf090129,AIC-TTE,ID-DEFINED,TIME-DEFINED,DOSE-DEFINED,REGIMEN-FIXED,BLQ-DEFINED-POLICY,COVARIATE-BASELINE-ONLY,SUBJECT-LEVEL-COVARIATE,MULTI-CMT-DEFINED,REANALYSIS-NONE,SEMI-STRUCTURED-LEGACY-FLAG,ADC,CATEGORICAL_PD,,QUARANTINE,Q16,F24
3025547e369e,AIC-TTE,ID-DEFINED,TIME-DEFINED,DOSE-DEFINED,REGIMEN-FIXED,BLQ-DEFINED-POLICY,COVARIATE-BASELINE-ONLY,SUBJECT-LEVEL-COVARIATE,DDI-VICTIM-PERPETRATOR,REANALYSIS-NONE,STRUCTURED,ADC,CATEGORICAL_PD,TOTAL_ANTIBODY|CONJUGATED_ADC|UNCONJUGATED_PAYLOAD,REPAIR,,F22
24eabf2a27ae,AIC-TTE,ID-DEFINED,TIME-DEFINED,DOSE-DEFINED,REGIMEN-FIXED,BLQ-DEFINED-POLICY,COVARIATE-BASELINE-ONLY,SUBJECT-LEVEL-COVARIATE,DDI-VICTIM-PERPETRATOR,REANALYSIS-NONE,STRUCTURED,ADC,CATEGORICAL_PD,,QUARANTINE,Q16,F22
a192e41d4fd9,AIC-TTE,ID-DEFINED,TIME-DEFINED,DOSE-DEFINED,REGIMEN-FIXED,BLQ-DEFINED-POLICY,COVARIATE-BASELINE-ONLY,SUBJECT-LEVEL-COVARIATE,DDI-VICTIM-PERPETRATOR,REANALYSIS-NONE,SEMI-STRUCTURED-LEGACY-FLAG,ADC,CATEGORICAL_PD,TOTAL_ANTIBODY|CONJUGATED_ADC|UNCONJUGATED_PAYLOAD,QUARANTINE,Q15B,F22
31112d8086e7,AIC-TTE,ID-DEFINED,TIME-DEFINED,DOSE-DEFINED,REGIMEN-FIXED,BLQ-DEFINED-POLICY,COVARIATE-BASELINE-ONLY,SUBJECT-LEVEL-COVARIATE,DDI-VICTIM-PERPETRATOR,REANALYSIS-NONE,SEMI-STRUCTURED-LEGACY-FLAG,ADC,CATEGORICAL_PD,,QUARANTINE,Q16,F22
426a599ba4f1,AIC-TTE,ID-DEFINED,TIME-DEFINED,DOSE-DEFINED,REGIMEN-FIXED,BIOANALYTICAL-FINAL-FLAG-MISSING,COVARIATE-BASELINE-ONLY,SUBJECT-LEVEL-COVARIATE,SINGLE-ANALYTE,REANALYSIS-NONE,STRUCTURED,ADC,CATEGORICAL_PD,,QUARANTINE,Q15A,F15
f6347b1ada88,AIC-TTE,ID-DEFINED,TIME-DEFINED,DOSE-DEFINED,REGIMEN-FIXED,BIOANALYTICAL-FINAL-FLAG-MISSING,COVARIATE-BASELINE-ONLY,SUBJECT-LEVEL-COVARIATE,SINGLE-ANALYTE,REANALYSIS-NONE,SEMI-STRUCTURED-LEGACY-FLAG,ADC,CATEGORICAL_PD,,QUARANTINE,Q15A,F15
eb15a5cee019,AIC-TTE,ID-DEFINED,TIME-DEFINED,DOSE-DEFINED,REGIMEN-FIXED,BIOANALYTICAL-FINAL-FLAG-MISSING,COVARIATE-BASELINE-ONLY,SUBJECT-LEVEL-COVARIATE,MULTI-CMT-DEFINED,REANALYSIS-NONE,STRUCTURED,ADC,CATEGORICAL_PD,TOTAL_ANTIBODY|CONJUGATED_ADC|UNCONJUGATED_PAYLOAD,QUARANTINE,Q15A,F24
8b304ba15a91,AIC-TTE,ID-DEFINED,TIME-DEFINED,DOSE-DEFINED,REGIMEN-FIXED,BIOANALYTICAL-FINAL-FLAG-MISSING,COVARIATE-BASELINE-ONLY,SUBJECT-LEVEL-COVARIATE,MULTI-CMT-DEFINED,REANALYSIS-NONE,STRUCTURED,ADC,CATEGORICAL_PD,,QUARANTINE,Q15A,F24
421ecbd52bad,AIC-TTE,ID-DEFINED,TIME-DEFINED,DOSE-DEFINED,REGIMEN-FIXED,BIOANALYTICAL-FINAL-FLAG-MISSING,COVARIATE-BASELINE-ONLY,SUBJECT-LEVEL-COVARIATE,MULTI-CMT-DEFINED,REANALYSIS-NONE,SEMI-STRUCTURED-LEGACY-FLAG,ADC,CATEGORICAL_PD,TOTAL_ANTIBODY|CONJUGATED_ADC|UNCONJUGATED_PAYLOAD,QUARANTINE,Q15A,F24
149fe8e6f9ea,AIC-TTE,ID-DEFINED,TIME-DEFINED,DOSE-DEFINED,REGIMEN-FIXED,BIOANALYTICAL-FINAL-FLAG-MISSING,COVARIATE-BASELINE-ONLY,SUBJECT-LEVEL-COVARIATE,MULTI-CMT-DEFINED,REANALYSIS-NONE,SEMI-STRUCTURED-LEGACY-FLAG,ADC,CATEGORICAL_PD,,QUARANTINE,Q15A,F24
c3c01d27d8f9,AIC-TTE,ID-DEFINED,TIME-DEFINED,DOSE-DEFINED,REGIMEN-FIXED,BIOANALYTICAL-FINAL-FLAG-MISSING,COVARIATE-BASELINE-ONLY,SUBJECT-LEVEL-COVARIATE,DDI-VICTIM-PERPETRATOR,REANALYSIS-NONE,STRUCTURED,ADC,CATEGORICAL_PD,TOTAL_ANTIBODY|CONJUGATED_ADC|UNCONJUGATED_PAYLOAD,QUARANTINE,Q15A,F22
be75f1707e11,AIC-TTE,ID-DEFINED,TIME-DEFINED,DOSE-DEFINED,REGIMEN-FIXED,BIOANALYTICAL-FINAL-FLAG-MISSING,COVARIATE-BASELINE-ONLY,SUBJECT-LEVEL-COVARIATE,DDI-VICTIM-PERPETRATOR,REANALYSIS-NONE,STRUCTURED,ADC,CATEGORICAL_PD,,QUARANTINE,Q15A,F22
b2133e1e988f,AIC-TTE,ID-DEFINED,TIME-DEFINED,DOSE-DEFINED,REGIMEN-FIXED,BIOANALYTICAL-FINAL-FLAG-MISSING,COVARIATE-BASELINE-ONLY,SUBJECT-LEVEL-COVARIATE,DDI-VICTIM-PERPETRATOR,REANALYSIS-NONE,SEMI-STRUCTURED-LEGACY-FLAG,ADC,CATEGORICAL_PD,TOTAL_ANTIBODY|CONJUGATED_ADC|UNCONJUGATED_PAYLOAD,QUARANTINE,Q15A,F22
2dd782eeb48e,AIC-TTE,ID-DEFINED,TIME-DEFINED,DOSE-DEFINED,REGIMEN-FIXED,BIOANALYTICAL-FINAL-FLAG-MISSING,COVARIATE-BASELINE-ONLY,SUBJECT-LEVEL-COVARIATE,DDI-VICTIM-PERPETRATOR,REANALYSIS-NONE,SEMI-STRUCTURED-LEGACY-FLAG,ADC,CATEGORICAL_PD,,QUARANTINE,Q15A,F22
65065bfb9c10,AIC-TTE,ID-DEFINED,TIME-DEFINED,DOSE-DEFINED,ADDL-ACTUAL-CONFLICT,BIOANALYTICAL-FINAL,COVARIATE-BASELINE-ONLY,SUBJECT-LEVEL-COVARIATE,SINGLE-ANALYTE,REANALYSIS-NONE,STRUCTURED,ADC,CATEGORICAL_PD,,AUTO,,F15
42458bdabaf3,AIC-TTE,ID-DEFINED,TIME-DEFINED,DOSE-DEFINED,ADDL-ACTUAL-CONFLICT,BIOANALYTICAL-FINAL,COVARIATE-BASELINE-ONLY,SUBJECT-LEVEL-COVARIATE,SINGLE-ANALYTE,REANALYSIS-NONE,SEMI-STRUCTURED-LEGACY-FLAG,ADC,CATEGORICAL_PD,,QUARANTINE,Q15B,F15
7d4441184f79,AIC-TTE,ID-DEFINED,TIME-DEFINED,DOSE-DEFINED,ADDL-ACTUAL-CONFLICT,BIOANALYTICAL-FINAL,COVARIATE-BASELINE-ONLY,SUBJECT-LEVEL-COVARIATE,MULTI-CMT-DEFINED,REANALYSIS-NONE,STRUCTURED,ADC,CATEGORICAL_PD,TOTAL_ANTIBODY|CONJUGATED_ADC|UNCONJUGATED_PAYLOAD,REPAIR,,F24
061614185efc,AIC-TTE,ID-DEFINED,TIME-DEFINED,DOSE-DEFINED,ADDL-ACTUAL-CONFLICT,BIOANALYTICAL-FINAL,COVARIATE-BASELINE-ONLY,SUBJECT-LEVEL-COVARIATE,MULTI-CMT-DEFINED,REANALYSIS-NONE,STRUCTURED,ADC,CATEGORICAL_PD,,QUARANTINE,Q16,F24
b788274047eb,AIC-TTE,ID-DEFINED,TIME-DEFINED,DOSE-DEFINED,ADDL-ACTUAL-CONFLICT,BIOANALYTICAL-FINAL,COVARIATE-BASELINE-ONLY,SUBJECT-LEVEL-COVARIATE,MULTI-CMT-DEFINED,REANALYSIS-NONE,SEMI-STRUCTURED-LEGACY-FLAG,ADC,CATEGORICAL_PD,TOTAL_ANTIBODY|CONJUGATED_ADC|UNCONJUGATED_PAYLOAD,QUARANTINE,Q15B,F24
5f421f91ff51,AIC-TTE,ID-DEFINED,TIME-DEFINED,DOSE-DEFINED,ADDL-ACTUAL-CONFLICT,BIOANALYTICAL-FINAL,COVARIATE-BASELINE-ONLY,SUBJECT-LEVEL-COVARIATE,MULTI-CMT-DEFINED,REANALYSIS-NONE,SEMI-STRUCTURED-LEGACY-FLAG,ADC,CATEGORICAL_PD,,QUARANTINE,Q16,F24
47d9076916fb,AIC-TTE,ID-DEFINED,TIME-DEFINED,DOSE-DEFINED,ADDL-ACTUAL-CONFLICT,BIOANALYTICAL-FINAL,COVARIATE-BASELINE-ONLY,SUBJECT-LEVEL-COVARIATE,DDI-VICTIM-PERPETRATOR,REANALYSIS-NONE,STRUCTURED,ADC,CATEGORICAL_PD,TOTAL_ANTIBODY|CONJUGATED_ADC|UNCONJUGATED_PAYLOAD,REPAIR,,F22
8449cf75ab6e,AIC-TTE,ID-DEFINED,TIME-DEFINED,DOSE-DEFINED,ADDL-ACTUAL-CONFLICT,BIOANALYTICAL-FINAL,COVARIATE-BASELINE-ONLY,SUBJECT-LEVEL-COVARIATE,DDI-VICTIM-PERPETRATOR,REANALYSIS-NONE,STRUCTURED,ADC,CATEGORICAL_PD,,QUARANTINE,Q16,F22
e5d0cd3a70bb,AIC-TTE,ID-DEFINED,TIME-DEFINED,DOSE-DEFINED,ADDL-ACTUAL-CONFLICT,BIOANALYTICAL-FINAL,COVARIATE-BASELINE-ONLY,SUBJECT-LEVEL-COVARIATE,DDI-VICTIM-PERPETRATOR,REANALYSIS-NONE,SEMI-STRUCTURED-LEGACY-FLAG,ADC,CATEGORICAL_PD,TOTAL_ANTIBODY|CONJUGATED_ADC|UNCONJUGATED_PAYLOAD,QUARANTINE,Q15B,F22
f3f173993199,AIC-TTE,ID-DEFINED,TIME-DEFINED,DOSE-DEFINED,ADDL-ACTUAL-CONFLICT,BIOANALYTICAL-FINAL,COVARIATE-BASELINE-ONLY,SUBJECT-LEVEL-COVARIATE,DDI-VICTIM-PERPETRATOR,REANALYSIS-NONE,SEMI-STRUCTURED-LEGACY-FLAG,ADC,CATEGORICAL_PD,,QUARANTINE,Q16,F22
ff71b0f8b705,AIC-TTE,ID-DEFINED,TIME-DEFINED,DOSE-DEFINED,ADDL-ACTUAL-CONFLICT,BLQ-DEFINED-POLICY,COVARIATE-BASELINE-ONLY,SUBJECT-LEVEL-COVARIATE,SINGLE-ANALYTE,REANALYSIS-NONE,STRUCTURED,ADC,CATEGORICAL_PD,,REPAIR,,F15
0547cb0834e4,AIC-TTE,ID-DEFINED,TIME-DEFINED,DOSE-DEFINED,ADDL-ACTUAL-CONFLICT,BLQ-DEFINED-POLICY,COVARIATE-BASELINE-ONLY,SUBJECT-LEVEL-COVARIATE,SINGLE-ANALYTE,REANALYSIS-NONE,SEMI-STRUCTURED-LEGACY-FLAG,ADC,CATEGORICAL_PD,,QUARANTINE,Q15B,F15
43d550cca16e,AIC-TTE,ID-DEFINED,TIME-DEFINED,DOSE-DEFINED,ADDL-ACTUAL-CONFLICT,BLQ-DEFINED-POLICY,COVARIATE-BASELINE-ONLY,SUBJECT-LEVEL-COVARIATE,MULTI-CMT-DEFINED,REANALYSIS-NONE,STRUCTURED,ADC,CATEGORICAL_PD,TOTAL_ANTIBODY|CONJUGATED_ADC|UNCONJUGATED_PAYLOAD,REPAIR,,F24
c025cc36a751,AIC-TTE,ID-DEFINED,TIME-DEFINED,DOSE-DEFINED,ADDL-ACTUAL-CONFLICT,BLQ-DEFINED-POLICY,COVARIATE-BASELINE-ONLY,SUBJECT-LEVEL-COVARIATE,MULTI-CMT-DEFINED,REANALYSIS-NONE,STRUCTURED,ADC,CATEGORICAL_PD,,QUARANTINE,Q16,F24
efc238f37205,AIC-TTE,ID-DEFINED,TIME-DEFINED,DOSE-DEFINED,ADDL-ACTUAL-CONFLICT,BLQ-DEFINED-POLICY,COVARIATE-BASELINE-ONLY,SUBJECT-LEVEL-COVARIATE,MULTI-CMT-DEFINED,REANALYSIS-NONE,SEMI-STRUCTURED-LEGACY-FLAG,ADC,CATEGORICAL_PD,TOTAL_ANTIBODY|CONJUGATED_ADC|UNCONJUGATED_PAYLOAD,QUARANTINE,Q15B,F24
23a545c3334d,AIC-TTE,ID-DEFINED,TIME-DEFINED,DOSE-DEFINED,ADDL-ACTUAL-CONFLICT,BLQ-DEFINED-POLICY,COVARIATE-BASELINE-ONLY,SUBJECT-LEVEL-COVARIATE,MULTI-CMT-DEFINED,REANALYSIS-NONE,SEMI-STRUCTURED-LEGACY-FLAG,ADC,CATEGORICAL_PD,,QUARANTINE,Q16,F24
c70f73679838,AIC-TTE,ID-DEFINED,TIME-DEFINED,DOSE-DEFINED,ADDL-ACTUAL-CONFLICT,BLQ-DEFINED-POLICY,COVARIATE-BASELINE-ONLY,SUBJECT-LEVEL-COVARIATE,DDI-VICTIM-PERPETRATOR,REANALYSIS-NONE,STRUCTURED,ADC,CATEGORICAL_PD,TOTAL_ANTIBODY|CONJUGATED_ADC|UNCONJUGATED_PAYLOAD,REPAIR,,F22
cd94841706e6,AIC-TTE,ID-DEFINED,TIME-DEFINED,DOSE-DEFINED,ADDL-ACTUAL-CONFLICT,BLQ-DEFINED-POLICY,COVARIATE-BASELINE-ONLY,SUBJECT-LEVEL-COVARIATE,DDI-VICTIM-PERPETRATOR,REANALYSIS-NONE,STRUCTURED,ADC,CATEGORICAL_PD,,QUARANTINE,Q16,F22
c4ad3614606b,AIC-TTE,ID-DEFINED,TIME-DEFINED,DOSE-DEFINED,ADDL-ACTUAL-CONFLICT,BLQ-DEFINED-POLICY,COVARIATE-BASELINE-ONLY,SUBJECT-LEVEL-COVARIATE,DDI-VICTIM-PERPETRATOR,REANALYSIS-NONE,SEMI-STRUCTURED-LEGACY-FLAG,ADC,CATEGORICAL_PD,TOTAL_ANTIBODY|CONJUGATED_ADC|UNCONJUGATED_PAYLOAD,QUARANTINE,Q15B,F22
ca631256cd41,AIC-TTE,ID-DEFINED,TIME-DEFINED,DOSE-DEFINED,ADDL-ACTUAL-CONFLICT,BLQ-DEFINED-POLICY,COVARIATE-BASELINE-ONLY,SUBJECT-LEVEL-COVARIATE,DDI-VICTIM-PERPETRATOR,REANALYSIS-NONE,SEMI-STRUCTURED-LEGACY-FLAG,ADC,CATEGORICAL_PD,,QUARANTINE,Q16,F22
be86f1ea221a,AIC-TTE,ID-DEFINED,TIME-DEFINED,DOSE-DEFINED,ADDL-ACTUAL-CONFLICT,BIOANALYTICAL-FINAL-FLAG-MISSING,COVARIATE-BASELINE-ONLY,SUBJECT-LEVEL-COVARIATE,SINGLE-ANALYTE,REANALYSIS-NONE,STRUCTURED,ADC,CATEGORICAL_PD,,QUARANTINE,Q15A,F15
3f6bfefe8c66,AIC-TTE,ID-DEFINED,TIME-DEFINED,DOSE-DEFINED,ADDL-ACTUAL-CONFLICT,BIOANALYTICAL-FINAL-FLAG-MISSING,COVARIATE-BASELINE-ONLY,SUBJECT-LEVEL-COVARIATE,SINGLE-ANALYTE,REANALYSIS-NONE,SEMI-STRUCTURED-LEGACY-FLAG,ADC,CATEGORICAL_PD,,QUARANTINE,Q15A,F15
8e85209649cf,AIC-TTE,ID-DEFINED,TIME-DEFINED,DOSE-DEFINED,ADDL-ACTUAL-CONFLICT,BIOANALYTICAL-FINAL-FLAG-MISSING,COVARIATE-BASELINE-ONLY,SUBJECT-LEVEL-COVARIATE,MULTI-CMT-DEFINED,REANALYSIS-NONE,STRUCTURED,ADC,CATEGORICAL_PD,TOTAL_ANTIBODY|CONJUGATED_ADC|UNCONJUGATED_PAYLOAD,QUARANTINE,Q15A,F24
d1fe13a66719,AIC-TTE,ID-DEFINED,TIME-DEFINED,DOSE-DEFINED,ADDL-ACTUAL-CONFLICT,BIOANALYTICAL-FINAL-FLAG-MISSING,COVARIATE-BASELINE-ONLY,SUBJECT-LEVEL-COVARIATE,MULTI-CMT-DEFINED,REANALYSIS-NONE,STRUCTURED,ADC,CATEGORICAL_PD,,QUARANTINE,Q15A,F24
0c2fe08d12dc,AIC-TTE,ID-DEFINED,TIME-DEFINED,DOSE-DEFINED,ADDL-ACTUAL-CONFLICT,BIOANALYTICAL-FINAL-FLAG-MISSING,COVARIATE-BASELINE-ONLY,SUBJECT-LEVEL-COVARIATE,MULTI-CMT-DEFINED,REANALYSIS-NONE,SEMI-STRUCTURED-LEGACY-FLAG,ADC,CATEGORICAL_PD,TOTAL_ANTIBODY|CONJUGATED_ADC|UNCONJUGATED_PAYLOAD,QUARANTINE,Q15A,F24
a7af6eee7968,AIC-TTE,ID-DEFINED,TIME-DEFINED,DOSE-DEFINED,ADDL-ACTUAL-CONFLICT,BIOANALYTICAL-FINAL-FLAG-MISSING,COVARIATE-BASELINE-ONLY,SUBJECT-LEVEL-COVARIATE,MULTI-CMT-DEFINED,REANALYSIS-NONE,SEMI-STRUCTURED-LEGACY-FLAG,ADC,CATEGORICAL_PD,,QUARANTINE,Q15A,F24
910db73a9b70,AIC-TTE,ID-DEFINED,TIME-DEFINED,DOSE-DEFINED,ADDL-ACTUAL-CONFLICT,BIOANALYTICAL-FINAL-FLAG-MISSING,COVARIATE-BASELINE-ONLY,SUBJECT-LEVEL-COVARIATE,DDI-VICTIM-PERPETRATOR,REANALYSIS-NONE,STRUCTURED,ADC,CATEGORICAL_PD,TOTAL_ANTIBODY|CONJUGATED_ADC|UNCONJUGATED_PAYLOAD,QUARANTINE,Q15A,F22
175a6c30fde9,AIC-TTE,ID-DEFINED,TIME-DEFINED,DOSE-DEFINED,ADDL-ACTUAL-CONFLICT,BIOANALYTICAL-FINAL-FLAG-MISSING,COVARIATE-BASELINE-ONLY,SUBJECT-LEVEL-COVARIATE,DDI-VICTIM-PERPETRATOR,REANALYSIS-NONE,STRUCTURED,ADC,CATEGORICAL_PD,,QUARANTINE,Q15A,F22
e7b8d8426323,AIC-TTE,ID-DEFINED,TIME-DEFINED,DOSE-DEFINED,ADDL-ACTUAL-CONFLICT,BIOANALYTICAL-FINAL-FLAG-MISSING,COVARIATE-BASELINE-ONLY,SUBJECT-LEVEL-COVARIATE,DDI-VICTIM-PERPETRATOR,REANALYSIS-NONE,SEMI-STRUCTURED-LEGACY-FLAG,ADC,CATEGORICAL_PD,TOTAL_ANTIBODY|CONJUGATED_ADC|UNCONJUGATED_PAYLOAD,QUARANTINE,Q15A,F22
ab331d376f22,AIC-TTE,ID-DEFINED,TIME-DEFINED,DOSE-DEFINED,ADDL-ACTUAL-CONFLICT,BIOANALYTICAL-FINAL-FLAG-MISSING,COVARIATE-BASELINE-ONLY,SUBJECT-LEVEL-COVARIATE,DDI-VICTIM-PERPETRATOR,REANALYSIS-NONE,SEMI-STRUCTURED-LEGACY-FLAG,ADC,CATEGORICAL_PD,,QUARANTINE,Q15A,F22
86da0808293a,AIC-TTE,ID-DEFINED,TIME-DEFINED,DOSE-DEFINED,REGIMEN-FIXED,BIOANALYTICAL-FINAL,COVARIATE-BASELINE-ONLY,SUBJECT-LEVEL-COVARIATE,SINGLE-ANALYTE,REANALYSIS-NONE,STRUCTURED,BISPECIFIC,CATEGORICAL_PD,,AUTO,,F15
03ff515b8e39,AIC-TTE,ID-DEFINED,TIME-DEFINED,DOSE-DEFINED,REGIMEN-FIXED,BIOANALYTICAL-FINAL,COVARIATE-BASELINE-ONLY,SUBJECT-LEVEL-COVARIATE,SINGLE-ANALYTE,REANALYSIS-NONE,SEMI-STRUCTURED-LEGACY-FLAG,BISPECIFIC,CATEGORICAL_PD,,QUARANTINE,Q15B,F15
40301c8786f2,AIC-TTE,ID-DEFINED,TIME-DEFINED,DOSE-DEFINED,REGIMEN-FIXED,BIOANALYTICAL-FINAL,COVARIATE-BASELINE-ONLY,SUBJECT-LEVEL-COVARIATE,MULTI-CMT-DEFINED,REANALYSIS-NONE,STRUCTURED,BISPECIFIC,CATEGORICAL_PD,PARENT|SOLUBLE_TARGET|DRUG_TARGET_COMPLEX,REPAIR,,F25
e3a087ec8c89,AIC-TTE,ID-DEFINED,TIME-DEFINED,DOSE-DEFINED,REGIMEN-FIXED,BIOANALYTICAL-FINAL,COVARIATE-BASELINE-ONLY,SUBJECT-LEVEL-COVARIATE,MULTI-CMT-DEFINED,REANALYSIS-NONE,STRUCTURED,BISPECIFIC,CATEGORICAL_PD,,QUARANTINE,Q16,F25
2a98d466bb43,AIC-TTE,ID-DEFINED,TIME-DEFINED,DOSE-DEFINED,REGIMEN-FIXED,BIOANALYTICAL-FINAL,COVARIATE-BASELINE-ONLY,SUBJECT-LEVEL-COVARIATE,MULTI-CMT-DEFINED,REANALYSIS-NONE,SEMI-STRUCTURED-LEGACY-FLAG,BISPECIFIC,CATEGORICAL_PD,PARENT|SOLUBLE_TARGET|DRUG_TARGET_COMPLEX,QUARANTINE,Q15B,F25
edeb1cab6e80,AIC-TTE,ID-DEFINED,TIME-DEFINED,DOSE-DEFINED,REGIMEN-FIXED,BIOANALYTICAL-FINAL,COVARIATE-BASELINE-ONLY,SUBJECT-LEVEL-COVARIATE,MULTI-CMT-DEFINED,REANALYSIS-NONE,SEMI-STRUCTURED-LEGACY-FLAG,BISPECIFIC,CATEGORICAL_PD,,QUARANTINE,Q16,F25
9b92155b651b,AIC-TTE,ID-DEFINED,TIME-DEFINED,DOSE-DEFINED,REGIMEN-FIXED,BIOANALYTICAL-FINAL,COVARIATE-BASELINE-ONLY,SUBJECT-LEVEL-COVARIATE,DDI-VICTIM-PERPETRATOR,REANALYSIS-NONE,STRUCTURED,BISPECIFIC,CATEGORICAL_PD,PARENT|SOLUBLE_TARGET|DRUG_TARGET_COMPLEX,REPAIR,,F22
a2b25b6f3157,AIC-TTE,ID-DEFINED,TIME-DEFINED,DOSE-DEFINED,REGIMEN-FIXED,BIOANALYTICAL-FINAL,COVARIATE-BASELINE-ONLY,SUBJECT-LEVEL-COVARIATE,DDI-VICTIM-PERPETRATOR,REANALYSIS-NONE,STRUCTURED,BISPECIFIC,CATEGORICAL_PD,,QUARANTINE,Q16,F22
51d68f1b4ec5,AIC-TTE,ID-DEFINED,TIME-DEFINED,DOSE-DEFINED,REGIMEN-FIXED,BIOANALYTICAL-FINAL,COVARIATE-BASELINE-ONLY,SUBJECT-LEVEL-COVARIATE,DDI-VICTIM-PERPETRATOR,REANALYSIS-NONE,SEMI-STRUCTURED-LEGACY-FLAG,BISPECIFIC,CATEGORICAL_PD,PARENT|SOLUBLE_TARGET|DRUG_TARGET_COMPLEX,QUARANTINE,Q15B,F22
26a7a7645228,AIC-TTE,ID-DEFINED,TIME-DEFINED,DOSE-DEFINED,REGIMEN-FIXED,BIOANALYTICAL-FINAL,COVARIATE-BASELINE-ONLY,SUBJECT-LEVEL-COVARIATE,DDI-VICTIM-PERPETRATOR,REANALYSIS-NONE,SEMI-STRUCTURED-LEGACY-FLAG,BISPECIFIC,CATEGORICAL_PD,,QUARANTINE,Q16,F22
4703aff40fcd,AIC-TTE,ID-DEFINED,TIME-DEFINED,DOSE-DEFINED,REGIMEN-FIXED,BLQ-DEFINED-POLICY,COVARIATE-BASELINE-ONLY,SUBJECT-LEVEL-COVARIATE,SINGLE-ANALYTE,REANALYSIS-NONE,STRUCTURED,BISPECIFIC,CATEGORICAL_PD,,REPAIR,,F15
b9cd337db04a,AIC-TTE,ID-DEFINED,TIME-DEFINED,DOSE-DEFINED,REGIMEN-FIXED,BLQ-DEFINED-POLICY,COVARIATE-BASELINE-ONLY,SUBJECT-LEVEL-COVARIATE,SINGLE-ANALYTE,REANALYSIS-NONE,SEMI-STRUCTURED-LEGACY-FLAG,BISPECIFIC,CATEGORICAL_PD,,QUARANTINE,Q15B,F15
16726f303a03,AIC-TTE,ID-DEFINED,TIME-DEFINED,DOSE-DEFINED,REGIMEN-FIXED,BLQ-DEFINED-POLICY,COVARIATE-BASELINE-ONLY,SUBJECT-LEVEL-COVARIATE,MULTI-CMT-DEFINED,REANALYSIS-NONE,STRUCTURED,BISPECIFIC,CATEGORICAL_PD,PARENT|SOLUBLE_TARGET|DRUG_TARGET_COMPLEX,REPAIR,,F25
2880760637e0,AIC-TTE,ID-DEFINED,TIME-DEFINED,DOSE-DEFINED,REGIMEN-FIXED,BLQ-DEFINED-POLICY,COVARIATE-BASELINE-ONLY,SUBJECT-LEVEL-COVARIATE,MULTI-CMT-DEFINED,REANALYSIS-NONE,STRUCTURED,BISPECIFIC,CATEGORICAL_PD,,QUARANTINE,Q16,F25
afca0a0d3b91,AIC-TTE,ID-DEFINED,TIME-DEFINED,DOSE-DEFINED,REGIMEN-FIXED,BLQ-DEFINED-POLICY,COVARIATE-BASELINE-ONLY,SUBJECT-LEVEL-COVARIATE,MULTI-CMT-DEFINED,REANALYSIS-NONE,SEMI-STRUCTURED-LEGACY-FLAG,BISPECIFIC,CATEGORICAL_PD,PARENT|SOLUBLE_TARGET|DRUG_TARGET_COMPLEX,QUARANTINE,Q15B,F25
dcd49756f9f6,AIC-TTE,ID-DEFINED,TIME-DEFINED,DOSE-DEFINED,REGIMEN-FIXED,BLQ-DEFINED-POLICY,COVARIATE-BASELINE-ONLY,SUBJECT-LEVEL-COVARIATE,MULTI-CMT-DEFINED,REANALYSIS-NONE,SEMI-STRUCTURED-LEGACY-FLAG,BISPECIFIC,CATEGORICAL_PD,,QUARANTINE,Q16,F25
e0f465f4259a,AIC-TTE,ID-DEFINED,TIME-DEFINED,DOSE-DEFINED,REGIMEN-FIXED,BLQ-DEFINED-POLICY,COVARIATE-BASELINE-ONLY,SUBJECT-LEVEL-COVARIATE,DDI-VICTIM-PERPETRATOR,REANALYSIS-NONE,STRUCTURED,BISPECIFIC,CATEGORICAL_PD,PARENT|SOLUBLE_TARGET|DRUG_TARGET_COMPLEX,REPAIR,,F22
3d158dec2b25,AIC-TTE,ID-DEFINED,TIME-DEFINED,DOSE-DEFINED,REGIMEN-FIXED,BLQ-DEFINED-POLICY,COVARIATE-BASELINE-ONLY,SUBJECT-LEVEL-COVARIATE,DDI-VICTIM-PERPETRATOR,REANALYSIS-NONE,STRUCTURED,BISPECIFIC,CATEGORICAL_PD,,QUARANTINE,Q16,F22
970edd6f2ef5,AIC-TTE,ID-DEFINED,TIME-DEFINED,DOSE-DEFINED,REGIMEN-FIXED,BLQ-DEFINED-POLICY,COVARIATE-BASELINE-ONLY,SUBJECT-LEVEL-COVARIATE,DDI-VICTIM-PERPETRATOR,REANALYSIS-NONE,SEMI-STRUCTURED-LEGACY-FLAG,BISPECIFIC,CATEGORICAL_PD,PARENT|SOLUBLE_TARGET|DRUG_TARGET_COMPLEX,QUARANTINE,Q15B,F22
894d9f9edeb7,AIC-TTE,ID-DEFINED,TIME-DEFINED,DOSE-DEFINED,REGIMEN-FIXED,BLQ-DEFINED-POLICY,COVARIATE-BASELINE-ONLY,SUBJECT-LEVEL-COVARIATE,DDI-VICTIM-PERPETRATOR,REANALYSIS-NONE,SEMI-STRUCTURED-LEGACY-FLAG,BISPECIFIC,CATEGORICAL_PD,,QUARANTINE,Q16,F22
903483640894,AIC-TTE,ID-DEFINED,TIME-DEFINED,DOSE-DEFINED,REGIMEN-FIXED,BIOANALYTICAL-FINAL-FLAG-MISSING,COVARIATE-BASELINE-ONLY,SUBJECT-LEVEL-COVARIATE,SINGLE-ANALYTE,REANALYSIS-NONE,STRUCTURED,BISPECIFIC,CATEGORICAL_PD,,QUARANTINE,Q15A,F15
8b2218b242f8,AIC-TTE,ID-DEFINED,TIME-DEFINED,DOSE-DEFINED,REGIMEN-FIXED,BIOANALYTICAL-FINAL-FLAG-MISSING,COVARIATE-BASELINE-ONLY,SUBJECT-LEVEL-COVARIATE,SINGLE-ANALYTE,REANALYSIS-NONE,SEMI-STRUCTURED-LEGACY-FLAG,BISPECIFIC,CATEGORICAL_PD,,QUARANTINE,Q15A,F15
85d1d20f203f,AIC-TTE,ID-DEFINED,TIME-DEFINED,DOSE-DEFINED,REGIMEN-FIXED,BIOANALYTICAL-FINAL-FLAG-MISSING,COVARIATE-BASELINE-ONLY,SUBJECT-LEVEL-COVARIATE,MULTI-CMT-DEFINED,REANALYSIS-NONE,STRUCTURED,BISPECIFIC,CATEGORICAL_PD,PARENT|SOLUBLE_TARGET|DRUG_TARGET_COMPLEX,QUARANTINE,Q15A,F25
9c926774c17a,AIC-TTE,ID-DEFINED,TIME-DEFINED,DOSE-DEFINED,REGIMEN-FIXED,BIOANALYTICAL-FINAL-FLAG-MISSING,COVARIATE-BASELINE-ONLY,SUBJECT-LEVEL-COVARIATE,MULTI-CMT-DEFINED,REANALYSIS-NONE,STRUCTURED,BISPECIFIC,CATEGORICAL_PD,,QUARANTINE,Q15A,F25
871728360adb,AIC-TTE,ID-DEFINED,TIME-DEFINED,DOSE-DEFINED,REGIMEN-FIXED,BIOANALYTICAL-FINAL-FLAG-MISSING,COVARIATE-BASELINE-ONLY,SUBJECT-LEVEL-COVARIATE,MULTI-CMT-DEFINED,REANALYSIS-NONE,SEMI-STRUCTURED-LEGACY-FLAG,BISPECIFIC,CATEGORICAL_PD,PARENT|SOLUBLE_TARGET|DRUG_TARGET_COMPLEX,QUARANTINE,Q15A,F25
6fc81db2e069,AIC-TTE,ID-DEFINED,TIME-DEFINED,DOSE-DEFINED,REGIMEN-FIXED,BIOANALYTICAL-FINAL-FLAG-MISSING,COVARIATE-BASELINE-ONLY,SUBJECT-LEVEL-COVARIATE,MULTI-CMT-DEFINED,REANALYSIS-NONE,SEMI-STRUCTURED-LEGACY-FLAG,BISPECIFIC,CATEGORICAL_PD,,QUARANTINE,Q15A,F25
b7df04ef93d6,AIC-TTE,ID-DEFINED,TIME-DEFINED,DOSE-DEFINED,REGIMEN-FIXED,BIOANALYTICAL-FINAL-FLAG-MISSING,COVARIATE-BASELINE-ONLY,SUBJECT-LEVEL-COVARIATE,DDI-VICTIM-PERPETRATOR,REANALYSIS-NONE,STRUCTURED,BISPECIFIC,CATEGORICAL_PD,PARENT|SOLUBLE_TARGET|DRUG_TARGET_COMPLEX,QUARANTINE,Q15A,F22
13e226c6e1f7,AIC-TTE,ID-DEFINED,TIME-DEFINED,DOSE-DEFINED,REGIMEN-FIXED,BIOANALYTICAL-FINAL-FLAG-MISSING,COVARIATE-BASELINE-ONLY,SUBJECT-LEVEL-COVARIATE,DDI-VICTIM-PERPETRATOR,REANALYSIS-NONE,STRUCTURED,BISPECIFIC,CATEGORICAL_PD,,QUARANTINE,Q15A,F22
682105614c5c,AIC-TTE,ID-DEFINED,TIME-DEFINED,DOSE-DEFINED,REGIMEN-FIXED,BIOANALYTICAL-FINAL-FLAG-MISSING,COVARIATE-BASELINE-ONLY,SUBJECT-LEVEL-COVARIATE,DDI-VICTIM-PERPETRATOR,REANALYSIS-NONE,SEMI-STRUCTURED-LEGACY-FLAG,BISPECIFIC,CATEGORICAL_PD,PARENT|SOLUBLE_TARGET|DRUG_TARGET_COMPLEX,QUARANTINE,Q15A,F22
a5eccd7c4509,AIC-TTE,ID-DEFINED,TIME-DEFINED,DOSE-DEFINED,REGIMEN-FIXED,BIOANALYTICAL-FINAL-FLAG-MISSING,COVARIATE-BASELINE-ONLY,SUBJECT-LEVEL-COVARIATE,DDI-VICTIM-PERPETRATOR,REANALYSIS-NONE,SEMI-STRUCTURED-LEGACY-FLAG,BISPECIFIC,CATEGORICAL_PD,,QUARANTINE,Q15A,F22
82910506f080,AIC-TTE,ID-DEFINED,TIME-DEFINED,DOSE-DEFINED,ADDL-ACTUAL-CONFLICT,BIOANALYTICAL-FINAL,COVARIATE-BASELINE-ONLY,SUBJECT-LEVEL-COVARIATE,SINGLE-ANALYTE,REANALYSIS-NONE,STRUCTURED,BISPECIFIC,CATEGORICAL_PD,,AUTO,,F15
5a9aa4722818,AIC-TTE,ID-DEFINED,TIME-DEFINED,DOSE-DEFINED,ADDL-ACTUAL-CONFLICT,BIOANALYTICAL-FINAL,COVARIATE-BASELINE-ONLY,SUBJECT-LEVEL-COVARIATE,SINGLE-ANALYTE,REANALYSIS-NONE,SEMI-STRUCTURED-LEGACY-FLAG,BISPECIFIC,CATEGORICAL_PD,,QUARANTINE,Q15B,F15
71f3c45aa468,AIC-TTE,ID-DEFINED,TIME-DEFINED,DOSE-DEFINED,ADDL-ACTUAL-CONFLICT,BIOANALYTICAL-FINAL,COVARIATE-BASELINE-ONLY,SUBJECT-LEVEL-COVARIATE,MULTI-CMT-DEFINED,REANALYSIS-NONE,STRUCTURED,BISPECIFIC,CATEGORICAL_PD,PARENT|SOLUBLE_TARGET|DRUG_TARGET_COMPLEX,REPAIR,,F25
c180bf2f2873,AIC-TTE,ID-DEFINED,TIME-DEFINED,DOSE-DEFINED,ADDL-ACTUAL-CONFLICT,BIOANALYTICAL-FINAL,COVARIATE-BASELINE-ONLY,SUBJECT-LEVEL-COVARIATE,MULTI-CMT-DEFINED,REANALYSIS-NONE,STRUCTURED,BISPECIFIC,CATEGORICAL_PD,,QUARANTINE,Q16,F25
fa0d3575c63a,AIC-TTE,ID-DEFINED,TIME-DEFINED,DOSE-DEFINED,ADDL-ACTUAL-CONFLICT,BIOANALYTICAL-FINAL,COVARIATE-BASELINE-ONLY,SUBJECT-LEVEL-COVARIATE,MULTI-CMT-DEFINED,REANALYSIS-NONE,SEMI-STRUCTURED-LEGACY-FLAG,BISPECIFIC,CATEGORICAL_PD,PARENT|SOLUBLE_TARGET|DRUG_TARGET_COMPLEX,QUARANTINE,Q15B,F25
94d0523b21f2,AIC-TTE,ID-DEFINED,TIME-DEFINED,DOSE-DEFINED,ADDL-ACTUAL-CONFLICT,BIOANALYTICAL-FINAL,COVARIATE-BASELINE-ONLY,SUBJECT-LEVEL-COVARIATE,MULTI-CMT-DEFINED,REANALYSIS-NONE,SEMI-STRUCTURED-LEGACY-FLAG,BISPECIFIC,CATEGORICAL_PD,,QUARANTINE,Q16,F25
f69964560f3a,AIC-TTE,ID-DEFINED,TIME-DEFINED,DOSE-DEFINED,ADDL-ACTUAL-CONFLICT,BIOANALYTICAL-FINAL,COVARIATE-BASELINE-ONLY,SUBJECT-LEVEL-COVARIATE,DDI-VICTIM-PERPETRATOR,REANALYSIS-NONE,STRUCTURED,BISPECIFIC,CATEGORICAL_PD,PARENT|SOLUBLE_TARGET|DRUG_TARGET_COMPLEX,REPAIR,,F22
491883bf53d4,AIC-TTE,ID-DEFINED,TIME-DEFINED,DOSE-DEFINED,ADDL-ACTUAL-CONFLICT,BIOANALYTICAL-FINAL,COVARIATE-BASELINE-ONLY,SUBJECT-LEVEL-COVARIATE,DDI-VICTIM-PERPETRATOR,REANALYSIS-NONE,STRUCTURED,BISPECIFIC,CATEGORICAL_PD,,QUARANTINE,Q16,F22
1bbba1ea3acd,AIC-TTE,ID-DEFINED,TIME-DEFINED,DOSE-DEFINED,ADDL-ACTUAL-CONFLICT,BIOANALYTICAL-FINAL,COVARIATE-BASELINE-ONLY,SUBJECT-LEVEL-COVARIATE,DDI-VICTIM-PERPETRATOR,REANALYSIS-NONE,SEMI-STRUCTURED-LEGACY-FLAG,BISPECIFIC,CATEGORICAL_PD,PARENT|SOLUBLE_TARGET|DRUG_TARGET_COMPLEX,QUARANTINE,Q15B,F22
b56fb9de6178,AIC-TTE,ID-DEFINED,TIME-DEFINED,DOSE-DEFINED,ADDL-ACTUAL-CONFLICT,BIOANALYTICAL-FINAL,COVARIATE-BASELINE-ONLY,SUBJECT-LEVEL-COVARIATE,DDI-VICTIM-PERPETRATOR,REANALYSIS-NONE,SEMI-STRUCTURED-LEGACY-FLAG,BISPECIFIC,CATEGORICAL_PD,,QUARANTINE,Q16,F22
71e9a76be37f,AIC-TTE,ID-DEFINED,TIME-DEFINED,DOSE-DEFINED,ADDL-ACTUAL-CONFLICT,BLQ-DEFINED-POLICY,COVARIATE-BASELINE-ONLY,SUBJECT-LEVEL-COVARIATE,SINGLE-ANALYTE,REANALYSIS-NONE,STRUCTURED,BISPECIFIC,CATEGORICAL_PD,,REPAIR,,F15
202c02710b39,AIC-TTE,ID-DEFINED,TIME-DEFINED,DOSE-DEFINED,ADDL-ACTUAL-CONFLICT,BLQ-DEFINED-POLICY,COVARIATE-BASELINE-ONLY,SUBJECT-LEVEL-COVARIATE,SINGLE-ANALYTE,REANALYSIS-NONE,SEMI-STRUCTURED-LEGACY-FLAG,BISPECIFIC,CATEGORICAL_PD,,QUARANTINE,Q15B,F15
5d6c31c5ee1e,AIC-TTE,ID-DEFINED,TIME-DEFINED,DOSE-DEFINED,ADDL-ACTUAL-CONFLICT,BLQ-DEFINED-POLICY,COVARIATE-BASELINE-ONLY,SUBJECT-LEVEL-COVARIATE,MULTI-CMT-DEFINED,REANALYSIS-NONE,STRUCTURED,BISPECIFIC,CATEGORICAL_PD,PARENT|SOLUBLE_TARGET|DRUG_TARGET_COMPLEX,REPAIR,,F25
64e857789b55,AIC-TTE,ID-DEFINED,TIME-DEFINED,DOSE-DEFINED,ADDL-ACTUAL-CONFLICT,BLQ-DEFINED-POLICY,COVARIATE-BASELINE-ONLY,SUBJECT-LEVEL-COVARIATE,MULTI-CMT-DEFINED,REANALYSIS-NONE,STRUCTURED,BISPECIFIC,CATEGORICAL_PD,,QUARANTINE,Q16,F25
4fa9bf3092a3,AIC-TTE,ID-DEFINED,TIME-DEFINED,DOSE-DEFINED,ADDL-ACTUAL-CONFLICT,BLQ-DEFINED-POLICY,COVARIATE-BASELINE-ONLY,SUBJECT-LEVEL-COVARIATE,MULTI-CMT-DEFINED,REANALYSIS-NONE,SEMI-STRUCTURED-LEGACY-FLAG,BISPECIFIC,CATEGORICAL_PD,PARENT|SOLUBLE_TARGET|DRUG_TARGET_COMPLEX,QUARANTINE,Q15B,F25
5b6c3ab3fb78,AIC-TTE,ID-DEFINED,TIME-DEFINED,DOSE-DEFINED,ADDL-ACTUAL-CONFLICT,BLQ-DEFINED-POLICY,COVARIATE-BASELINE-ONLY,SUBJECT-LEVEL-COVARIATE,MULTI-CMT-DEFINED,REANALYSIS-NONE,SEMI-STRUCTURED-LEGACY-FLAG,BISPECIFIC,CATEGORICAL_PD,,QUARANTINE,Q16,F25
4613235d7ea7,AIC-TTE,ID-DEFINED,TIME-DEFINED,DOSE-DEFINED,ADDL-ACTUAL-CONFLICT,BLQ-DEFINED-POLICY,COVARIATE-BASELINE-ONLY,SUBJECT-LEVEL-COVARIATE,DDI-VICTIM-PERPETRATOR,REANALYSIS-NONE,STRUCTURED,BISPECIFIC,CATEGORICAL_PD,PARENT|SOLUBLE_TARGET|DRUG_TARGET_COMPLEX,REPAIR,,F22
93e065263ccc,AIC-TTE,ID-DEFINED,TIME-DEFINED,DOSE-DEFINED,ADDL-ACTUAL-CONFLICT,BLQ-DEFINED-POLICY,COVARIATE-BASELINE-ONLY,SUBJECT-LEVEL-COVARIATE,DDI-VICTIM-PERPETRATOR,REANALYSIS-NONE,STRUCTURED,BISPECIFIC,CATEGORICAL_PD,,QUARANTINE,Q16,F22
81c1eaa91021,AIC-TTE,ID-DEFINED,TIME-DEFINED,DOSE-DEFINED,ADDL-ACTUAL-CONFLICT,BLQ-DEFINED-POLICY,COVARIATE-BASELINE-ONLY,SUBJECT-LEVEL-COVARIATE,DDI-VICTIM-PERPETRATOR,REANALYSIS-NONE,SEMI-STRUCTURED-LEGACY-FLAG,BISPECIFIC,CATEGORICAL_PD,PARENT|SOLUBLE_TARGET|DRUG_TARGET_COMPLEX,QUARANTINE,Q15B,F22
c2f5bcf3fb9c,AIC-TTE,ID-DEFINED,TIME-DEFINED,DOSE-DEFINED,ADDL-ACTUAL-CONFLICT,BLQ-DEFINED-POLICY,COVARIATE-BASELINE-ONLY,SUBJECT-LEVEL-COVARIATE,DDI-VICTIM-PERPETRATOR,REANALYSIS-NONE,SEMI-STRUCTURED-LEGACY-FLAG,BISPECIFIC,CATEGORICAL_PD,,QUARANTINE,Q16,F22
b07e2e5beba5,AIC-TTE,ID-DEFINED,TIME-DEFINED,DOSE-DEFINED,ADDL-ACTUAL-CONFLICT,BIOANALYTICAL-FINAL-FLAG-MISSING,COVARIATE-BASELINE-ONLY,SUBJECT-LEVEL-COVARIATE,SINGLE-ANALYTE,REANALYSIS-NONE,STRUCTURED,BISPECIFIC,CATEGORICAL_PD,,QUARANTINE,Q15A,F15
195e6a5e3f50,AIC-TTE,ID-DEFINED,TIME-DEFINED,DOSE-DEFINED,ADDL-ACTUAL-CONFLICT,BIOANALYTICAL-FINAL-FLAG-MISSING,COVARIATE-BASELINE-ONLY,SUBJECT-LEVEL-COVARIATE,SINGLE-ANALYTE,REANALYSIS-NONE,SEMI-STRUCTURED-LEGACY-FLAG,BISPECIFIC,CATEGORICAL_PD,,QUARANTINE,Q15A,F15
75a68e13a1b9,AIC-TTE,ID-DEFINED,TIME-DEFINED,DOSE-DEFINED,ADDL-ACTUAL-CONFLICT,BIOANALYTICAL-FINAL-FLAG-MISSING,COVARIATE-BASELINE-ONLY,SUBJECT-LEVEL-COVARIATE,MULTI-CMT-DEFINED,REANALYSIS-NONE,STRUCTURED,BISPECIFIC,CATEGORICAL_PD,PARENT|SOLUBLE_TARGET|DRUG_TARGET_COMPLEX,QUARANTINE,Q15A,F25
a395c2f65969,AIC-TTE,ID-DEFINED,TIME-DEFINED,DOSE-DEFINED,ADDL-ACTUAL-CONFLICT,BIOANALYTICAL-FINAL-FLAG-MISSING,COVARIATE-BASELINE-ONLY,SUBJECT-LEVEL-COVARIATE,MULTI-CMT-DEFINED,REANALYSIS-NONE,STRUCTURED,BISPECIFIC,CATEGORICAL_PD,,QUARANTINE,Q15A,F25
45e3b092b8ab,AIC-TTE,ID-DEFINED,TIME-DEFINED,DOSE-DEFINED,ADDL-ACTUAL-CONFLICT,BIOANALYTICAL-FINAL-FLAG-MISSING,COVARIATE-BASELINE-ONLY,SUBJECT-LEVEL-COVARIATE,MULTI-CMT-DEFINED,REANALYSIS-NONE,SEMI-STRUCTURED-LEGACY-FLAG,BISPECIFIC,CATEGORICAL_PD,PARENT|SOLUBLE_TARGET|DRUG_TARGET_COMPLEX,QUARANTINE,Q15A,F25
5d6d90732018,AIC-TTE,ID-DEFINED,TIME-DEFINED,DOSE-DEFINED,ADDL-ACTUAL-CONFLICT,BIOANALYTICAL-FINAL-FLAG-MISSING,COVARIATE-BASELINE-ONLY,SUBJECT-LEVEL-COVARIATE,MULTI-CMT-DEFINED,REANALYSIS-NONE,SEMI-STRUCTURED-LEGACY-FLAG,BISPECIFIC,CATEGORICAL_PD,,QUARANTINE,Q15A,F25
e4dd99f3e6f0,AIC-TTE,ID-DEFINED,TIME-DEFINED,DOSE-DEFINED,ADDL-ACTUAL-CONFLICT,BIOANALYTICAL-FINAL-FLAG-MISSING,COVARIATE-BASELINE-ONLY,SUBJECT-LEVEL-COVARIATE,DDI-VICTIM-PERPETRATOR,REANALYSIS-NONE,STRUCTURED,BISPECIFIC,CATEGORICAL_PD,PARENT|SOLUBLE_TARGET|DRUG_TARGET_COMPLEX,QUARANTINE,Q15A,F22
704715f2d286,AIC-TTE,ID-DEFINED,TIME-DEFINED,DOSE-DEFINED,ADDL-ACTUAL-CONFLICT,BIOANALYTICAL-FINAL-FLAG-MISSING,COVARIATE-BASELINE-ONLY,SUBJECT-LEVEL-COVARIATE,DDI-VICTIM-PERPETRATOR,REANALYSIS-NONE,STRUCTURED,BISPECIFIC,CATEGORICAL_PD,,QUARANTINE,Q15A,F22
b68239269d29,AIC-TTE,ID-DEFINED,TIME-DEFINED,DOSE-DEFINED,ADDL-ACTUAL-CONFLICT,BIOANALYTICAL-FINAL-FLAG-MISSING,COVARIATE-BASELINE-ONLY,SUBJECT-LEVEL-COVARIATE,DDI-VICTIM-PERPETRATOR,REANALYSIS-NONE,SEMI-STRUCTURED-LEGACY-FLAG,BISPECIFIC,CATEGORICAL_PD,PARENT|SOLUBLE_TARGET|DRUG_TARGET_COMPLEX,QUARANTINE,Q15A,F22
52658fae9daa,AIC-TTE,ID-DEFINED,TIME-DEFINED,DOSE-DEFINED,ADDL-ACTUAL-CONFLICT,BIOANALYTICAL-FINAL-FLAG-MISSING,COVARIATE-BASELINE-ONLY,SUBJECT-LEVEL-COVARIATE,DDI-VICTIM-PERPETRATOR,REANALYSIS-NONE,SEMI-STRUCTURED-LEGACY-FLAG,BISPECIFIC,CATEGORICAL_PD,,QUARANTINE,Q15A,F22
4977316f97cc,AIC-TTE,ID-DEFINED,TIME-DEFINED,DOSE-DEFINED,REGIMEN-FIXED,BIOANALYTICAL-FINAL,COVARIATE-BASELINE-ONLY,SUBJECT-LEVEL-COVARIATE,SINGLE-ANALYTE,REANALYSIS-NONE,STRUCTURED,CELL_THERAPY,CATEGORICAL_PD,,AUTO,,F15
6bd3c2bd7a33,AIC-TTE,ID-DEFINED,TIME-DEFINED,DOSE-DEFINED,REGIMEN-FIXED,BIOANALYTICAL-FINAL,COVARIATE-BASELINE-ONLY,SUBJECT-LEVEL-COVARIATE,SINGLE-ANALYTE,REANALYSIS-NONE,SEMI-STRUCTURED-LEGACY-FLAG,CELL_THERAPY,CATEGORICAL_PD,,QUARANTINE,Q15B,F15
1e7fb7f913f0,AIC-TTE,ID-DEFINED,TIME-DEFINED,DOSE-DEFINED,REGIMEN-FIXED,BIOANALYTICAL-FINAL,COVARIATE-BASELINE-ONLY,SUBJECT-LEVEL-COVARIATE,MULTI-CMT-DEFINED,REANALYSIS-NONE,STRUCTURED,CELL_THERAPY,CATEGORICAL_PD,VECTOR_COPY|CAR_POSITIVE_CELL,REPAIR,,F15
22ef351efa8c,AIC-TTE,ID-DEFINED,TIME-DEFINED,DOSE-DEFINED,REGIMEN-FIXED,BIOANALYTICAL-FINAL,COVARIATE-BASELINE-ONLY,SUBJECT-LEVEL-COVARIATE,MULTI-CMT-DEFINED,REANALYSIS-NONE,STRUCTURED,CELL_THERAPY,CATEGORICAL_PD,,QUARANTINE,Q16,F15
37f1561966f9,AIC-TTE,ID-DEFINED,TIME-DEFINED,DOSE-DEFINED,REGIMEN-FIXED,BIOANALYTICAL-FINAL,COVARIATE-BASELINE-ONLY,SUBJECT-LEVEL-COVARIATE,MULTI-CMT-DEFINED,REANALYSIS-NONE,SEMI-STRUCTURED-LEGACY-FLAG,CELL_THERAPY,CATEGORICAL_PD,VECTOR_COPY|CAR_POSITIVE_CELL,QUARANTINE,Q15B,F15
b235202cc5ed,AIC-TTE,ID-DEFINED,TIME-DEFINED,DOSE-DEFINED,REGIMEN-FIXED,BIOANALYTICAL-FINAL,COVARIATE-BASELINE-ONLY,SUBJECT-LEVEL-COVARIATE,MULTI-CMT-DEFINED,REANALYSIS-NONE,SEMI-STRUCTURED-LEGACY-FLAG,CELL_THERAPY,CATEGORICAL_PD,,QUARANTINE,Q16,F15
85cae602776d,AIC-TTE,ID-DEFINED,TIME-DEFINED,DOSE-DEFINED,REGIMEN-FIXED,BIOANALYTICAL-FINAL,COVARIATE-BASELINE-ONLY,SUBJECT-LEVEL-COVARIATE,DDI-VICTIM-PERPETRATOR,REANALYSIS-NONE,STRUCTURED,CELL_THERAPY,CATEGORICAL_PD,VECTOR_COPY|CAR_POSITIVE_CELL,REPAIR,,F22
73fd968f2138,AIC-TTE,ID-DEFINED,TIME-DEFINED,DOSE-DEFINED,REGIMEN-FIXED,BIOANALYTICAL-FINAL,COVARIATE-BASELINE-ONLY,SUBJECT-LEVEL-COVARIATE,DDI-VICTIM-PERPETRATOR,REANALYSIS-NONE,STRUCTURED,CELL_THERAPY,CATEGORICAL_PD,,QUARANTINE,Q16,F22
4914986d1e59,AIC-TTE,ID-DEFINED,TIME-DEFINED,DOSE-DEFINED,REGIMEN-FIXED,BIOANALYTICAL-FINAL,COVARIATE-BASELINE-ONLY,SUBJECT-LEVEL-COVARIATE,DDI-VICTIM-PERPETRATOR,REANALYSIS-NONE,SEMI-STRUCTURED-LEGACY-FLAG,CELL_THERAPY,CATEGORICAL_PD,VECTOR_COPY|CAR_POSITIVE_CELL,QUARANTINE,Q15B,F22
c9b11ad3e6c2,AIC-TTE,ID-DEFINED,TIME-DEFINED,DOSE-DEFINED,REGIMEN-FIXED,BIOANALYTICAL-FINAL,COVARIATE-BASELINE-ONLY,SUBJECT-LEVEL-COVARIATE,DDI-VICTIM-PERPETRATOR,REANALYSIS-NONE,SEMI-STRUCTURED-LEGACY-FLAG,CELL_THERAPY,CATEGORICAL_PD,,QUARANTINE,Q16,F22
8e602a272fc1,AIC-TTE,ID-DEFINED,TIME-DEFINED,DOSE-DEFINED,REGIMEN-FIXED,BLQ-DEFINED-POLICY,COVARIATE-BASELINE-ONLY,SUBJECT-LEVEL-COVARIATE,SINGLE-ANALYTE,REANALYSIS-NONE,STRUCTURED,CELL_THERAPY,CATEGORICAL_PD,,REPAIR,,F15
157846c0f54f,AIC-TTE,ID-DEFINED,TIME-DEFINED,DOSE-DEFINED,REGIMEN-FIXED,BLQ-DEFINED-POLICY,COVARIATE-BASELINE-ONLY,SUBJECT-LEVEL-COVARIATE,SINGLE-ANALYTE,REANALYSIS-NONE,SEMI-STRUCTURED-LEGACY-FLAG,CELL_THERAPY,CATEGORICAL_PD,,QUARANTINE,Q15B,F15
feb382f1003c,AIC-TTE,ID-DEFINED,TIME-DEFINED,DOSE-DEFINED,REGIMEN-FIXED,BLQ-DEFINED-POLICY,COVARIATE-BASELINE-ONLY,SUBJECT-LEVEL-COVARIATE,MULTI-CMT-DEFINED,REANALYSIS-NONE,STRUCTURED,CELL_THERAPY,CATEGORICAL_PD,VECTOR_COPY|CAR_POSITIVE_CELL,REPAIR,,F15
366f7aba351d,AIC-TTE,ID-DEFINED,TIME-DEFINED,DOSE-DEFINED,REGIMEN-FIXED,BLQ-DEFINED-POLICY,COVARIATE-BASELINE-ONLY,SUBJECT-LEVEL-COVARIATE,MULTI-CMT-DEFINED,REANALYSIS-NONE,STRUCTURED,CELL_THERAPY,CATEGORICAL_PD,,QUARANTINE,Q16,F15
9d899c361e53,AIC-TTE,ID-DEFINED,TIME-DEFINED,DOSE-DEFINED,REGIMEN-FIXED,BLQ-DEFINED-POLICY,COVARIATE-BASELINE-ONLY,SUBJECT-LEVEL-COVARIATE,MULTI-CMT-DEFINED,REANALYSIS-NONE,SEMI-STRUCTURED-LEGACY-FLAG,CELL_THERAPY,CATEGORICAL_PD,VECTOR_COPY|CAR_POSITIVE_CELL,QUARANTINE,Q15B,F15
68952a7bca76,AIC-TTE,ID-DEFINED,TIME-DEFINED,DOSE-DEFINED,REGIMEN-FIXED,BLQ-DEFINED-POLICY,COVARIATE-BASELINE-ONLY,SUBJECT-LEVEL-COVARIATE,MULTI-CMT-DEFINED,REANALYSIS-NONE,SEMI-STRUCTURED-LEGACY-FLAG,CELL_THERAPY,CATEGORICAL_PD,,QUARANTINE,Q16,F15
5b519a4e1dab,AIC-TTE,ID-DEFINED,TIME-DEFINED,DOSE-DEFINED,REGIMEN-FIXED,BLQ-DEFINED-POLICY,COVARIATE-BASELINE-ONLY,SUBJECT-LEVEL-COVARIATE,DDI-VICTIM-PERPETRATOR,REANALYSIS-NONE,STRUCTURED,CELL_THERAPY,CATEGORICAL_PD,VECTOR_COPY|CAR_POSITIVE_CELL,REPAIR,,F22
6e1a384ff4de,AIC-TTE,ID-DEFINED,TIME-DEFINED,DOSE-DEFINED,REGIMEN-FIXED,BLQ-DEFINED-POLICY,COVARIATE-BASELINE-ONLY,SUBJECT-LEVEL-COVARIATE,DDI-VICTIM-PERPETRATOR,REANALYSIS-NONE,STRUCTURED,CELL_THERAPY,CATEGORICAL_PD,,QUARANTINE,Q16,F22
acc197220dee,AIC-TTE,ID-DEFINED,TIME-DEFINED,DOSE-DEFINED,REGIMEN-FIXED,BLQ-DEFINED-POLICY,COVARIATE-BASELINE-ONLY,SUBJECT-LEVEL-COVARIATE,DDI-VICTIM-PERPETRATOR,REANALYSIS-NONE,SEMI-STRUCTURED-LEGACY-FLAG,CELL_THERAPY,CATEGORICAL_PD,VECTOR_COPY|CAR_POSITIVE_CELL,QUARANTINE,Q15B,F22
f07115a81329,AIC-TTE,ID-DEFINED,TIME-DEFINED,DOSE-DEFINED,REGIMEN-FIXED,BLQ-DEFINED-POLICY,COVARIATE-BASELINE-ONLY,SUBJECT-LEVEL-COVARIATE,DDI-VICTIM-PERPETRATOR,REANALYSIS-NONE,SEMI-STRUCTURED-LEGACY-FLAG,CELL_THERAPY,CATEGORICAL_PD,,QUARANTINE,Q16,F22
8552d08da1ac,AIC-TTE,ID-DEFINED,TIME-DEFINED,DOSE-DEFINED,REGIMEN-FIXED,BIOANALYTICAL-FINAL-FLAG-MISSING,COVARIATE-BASELINE-ONLY,SUBJECT-LEVEL-COVARIATE,SINGLE-ANALYTE,REANALYSIS-NONE,STRUCTURED,CELL_THERAPY,CATEGORICAL_PD,,QUARANTINE,Q15A,F15
6e7abe160b39,AIC-TTE,ID-DEFINED,TIME-DEFINED,DOSE-DEFINED,REGIMEN-FIXED,BIOANALYTICAL-FINAL-FLAG-MISSING,COVARIATE-BASELINE-ONLY,SUBJECT-LEVEL-COVARIATE,SINGLE-ANALYTE,REANALYSIS-NONE,SEMI-STRUCTURED-LEGACY-FLAG,CELL_THERAPY,CATEGORICAL_PD,,QUARANTINE,Q15A,F15
b0c24342046b,AIC-TTE,ID-DEFINED,TIME-DEFINED,DOSE-DEFINED,REGIMEN-FIXED,BIOANALYTICAL-FINAL-FLAG-MISSING,COVARIATE-BASELINE-ONLY,SUBJECT-LEVEL-COVARIATE,MULTI-CMT-DEFINED,REANALYSIS-NONE,STRUCTURED,CELL_THERAPY,CATEGORICAL_PD,VECTOR_COPY|CAR_POSITIVE_CELL,QUARANTINE,Q15A,F15
0b4d7def4052,AIC-TTE,ID-DEFINED,TIME-DEFINED,DOSE-DEFINED,REGIMEN-FIXED,BIOANALYTICAL-FINAL-FLAG-MISSING,COVARIATE-BASELINE-ONLY,SUBJECT-LEVEL-COVARIATE,MULTI-CMT-DEFINED,REANALYSIS-NONE,STRUCTURED,CELL_THERAPY,CATEGORICAL_PD,,QUARANTINE,Q15A,F15
1a04be8cb057,AIC-TTE,ID-DEFINED,TIME-DEFINED,DOSE-DEFINED,REGIMEN-FIXED,BIOANALYTICAL-FINAL-FLAG-MISSING,COVARIATE-BASELINE-ONLY,SUBJECT-LEVEL-COVARIATE,MULTI-CMT-DEFINED,REANALYSIS-NONE,SEMI-STRUCTURED-LEGACY-FLAG,CELL_THERAPY,CATEGORICAL_PD,VECTOR_COPY|CAR_POSITIVE_CELL,QUARANTINE,Q15A,F15
aba61b40a135,AIC-TTE,ID-DEFINED,TIME-DEFINED,DOSE-DEFINED,REGIMEN-FIXED,BIOANALYTICAL-FINAL-FLAG-MISSING,COVARIATE-BASELINE-ONLY,SUBJECT-LEVEL-COVARIATE,MULTI-CMT-DEFINED,REANALYSIS-NONE,SEMI-STRUCTURED-LEGACY-FLAG,CELL_THERAPY,CATEGORICAL_PD,,QUARANTINE,Q15A,F15
f19f00ab8c94,AIC-TTE,ID-DEFINED,TIME-DEFINED,DOSE-DEFINED,REGIMEN-FIXED,BIOANALYTICAL-FINAL-FLAG-MISSING,COVARIATE-BASELINE-ONLY,SUBJECT-LEVEL-COVARIATE,DDI-VICTIM-PERPETRATOR,REANALYSIS-NONE,STRUCTURED,CELL_THERAPY,CATEGORICAL_PD,VECTOR_COPY|CAR_POSITIVE_CELL,QUARANTINE,Q15A,F22
4b645f028537,AIC-TTE,ID-DEFINED,TIME-DEFINED,DOSE-DEFINED,REGIMEN-FIXED,BIOANALYTICAL-FINAL-FLAG-MISSING,COVARIATE-BASELINE-ONLY,SUBJECT-LEVEL-COVARIATE,DDI-VICTIM-PERPETRATOR,REANALYSIS-NONE,STRUCTURED,CELL_THERAPY,CATEGORICAL_PD,,QUARANTINE,Q15A,F22
8c2f6902785a,AIC-TTE,ID-DEFINED,TIME-DEFINED,DOSE-DEFINED,REGIMEN-FIXED,BIOANALYTICAL-FINAL-FLAG-MISSING,COVARIATE-BASELINE-ONLY,SUBJECT-LEVEL-COVARIATE,DDI-VICTIM-PERPETRATOR,REANALYSIS-NONE,SEMI-STRUCTURED-LEGACY-FLAG,CELL_THERAPY,CATEGORICAL_PD,VECTOR_COPY|CAR_POSITIVE_CELL,QUARANTINE,Q15A,F22
c547c4ca12b3,AIC-TTE,ID-DEFINED,TIME-DEFINED,DOSE-DEFINED,REGIMEN-FIXED,BIOANALYTICAL-FINAL-FLAG-MISSING,COVARIATE-BASELINE-ONLY,SUBJECT-LEVEL-COVARIATE,DDI-VICTIM-PERPETRATOR,REANALYSIS-NONE,SEMI-STRUCTURED-LEGACY-FLAG,CELL_THERAPY,CATEGORICAL_PD,,QUARANTINE,Q15A,F22
21461cb82e1d,AIC-TTE,ID-DEFINED,TIME-DEFINED,DOSE-DEFINED,ADDL-ACTUAL-CONFLICT,BIOANALYTICAL-FINAL,COVARIATE-BASELINE-ONLY,SUBJECT-LEVEL-COVARIATE,SINGLE-ANALYTE,REANALYSIS-NONE,STRUCTURED,CELL_THERAPY,CATEGORICAL_PD,,AUTO,,F15
1cd90ab60486,AIC-TTE,ID-DEFINED,TIME-DEFINED,DOSE-DEFINED,ADDL-ACTUAL-CONFLICT,BIOANALYTICAL-FINAL,COVARIATE-BASELINE-ONLY,SUBJECT-LEVEL-COVARIATE,SINGLE-ANALYTE,REANALYSIS-NONE,SEMI-STRUCTURED-LEGACY-FLAG,CELL_THERAPY,CATEGORICAL_PD,,QUARANTINE,Q15B,F15
99104a4fff3b,AIC-TTE,ID-DEFINED,TIME-DEFINED,DOSE-DEFINED,ADDL-ACTUAL-CONFLICT,BIOANALYTICAL-FINAL,COVARIATE-BASELINE-ONLY,SUBJECT-LEVEL-COVARIATE,MULTI-CMT-DEFINED,REANALYSIS-NONE,STRUCTURED,CELL_THERAPY,CATEGORICAL_PD,VECTOR_COPY|CAR_POSITIVE_CELL,REPAIR,,F15
7843a282e9d7,AIC-TTE,ID-DEFINED,TIME-DEFINED,DOSE-DEFINED,ADDL-ACTUAL-CONFLICT,BIOANALYTICAL-FINAL,COVARIATE-BASELINE-ONLY,SUBJECT-LEVEL-COVARIATE,MULTI-CMT-DEFINED,REANALYSIS-NONE,STRUCTURED,CELL_THERAPY,CATEGORICAL_PD,,QUARANTINE,Q16,F15
a428ca7d0ebb,AIC-TTE,ID-DEFINED,TIME-DEFINED,DOSE-DEFINED,ADDL-ACTUAL-CONFLICT,BIOANALYTICAL-FINAL,COVARIATE-BASELINE-ONLY,SUBJECT-LEVEL-COVARIATE,MULTI-CMT-DEFINED,REANALYSIS-NONE,SEMI-STRUCTURED-LEGACY-FLAG,CELL_THERAPY,CATEGORICAL_PD,VECTOR_COPY|CAR_POSITIVE_CELL,QUARANTINE,Q15B,F15
4d7d9c54a99c,AIC-TTE,ID-DEFINED,TIME-DEFINED,DOSE-DEFINED,ADDL-ACTUAL-CONFLICT,BIOANALYTICAL-FINAL,COVARIATE-BASELINE-ONLY,SUBJECT-LEVEL-COVARIATE,MULTI-CMT-DEFINED,REANALYSIS-NONE,SEMI-STRUCTURED-LEGACY-FLAG,CELL_THERAPY,CATEGORICAL_PD,,QUARANTINE,Q16,F15
cec7db2e75b3,AIC-TTE,ID-DEFINED,TIME-DEFINED,DOSE-DEFINED,ADDL-ACTUAL-CONFLICT,BIOANALYTICAL-FINAL,COVARIATE-BASELINE-ONLY,SUBJECT-LEVEL-COVARIATE,DDI-VICTIM-PERPETRATOR,REANALYSIS-NONE,STRUCTURED,CELL_THERAPY,CATEGORICAL_PD,VECTOR_COPY|CAR_POSITIVE_CELL,REPAIR,,F22
592d16183104,AIC-TTE,ID-DEFINED,TIME-DEFINED,DOSE-DEFINED,ADDL-ACTUAL-CONFLICT,BIOANALYTICAL-FINAL,COVARIATE-BASELINE-ONLY,SUBJECT-LEVEL-COVARIATE,DDI-VICTIM-PERPETRATOR,REANALYSIS-NONE,STRUCTURED,CELL_THERAPY,CATEGORICAL_PD,,QUARANTINE,Q16,F22
ac0bdc8c20b6,AIC-TTE,ID-DEFINED,TIME-DEFINED,DOSE-DEFINED,ADDL-ACTUAL-CONFLICT,BIOANALYTICAL-FINAL,COVARIATE-BASELINE-ONLY,SUBJECT-LEVEL-COVARIATE,DDI-VICTIM-PERPETRATOR,REANALYSIS-NONE,SEMI-STRUCTURED-LEGACY-FLAG,CELL_THERAPY,CATEGORICAL_PD,VECTOR_COPY|CAR_POSITIVE_CELL,QUARANTINE,Q15B,F22
27842692dc19,AIC-TTE,ID-DEFINED,TIME-DEFINED,DOSE-DEFINED,ADDL-ACTUAL-CONFLICT,BIOANALYTICAL-FINAL,COVARIATE-BASELINE-ONLY,SUBJECT-LEVEL-COVARIATE,DDI-VICTIM-PERPETRATOR,REANALYSIS-NONE,SEMI-STRUCTURED-LEGACY-FLAG,CELL_THERAPY,CATEGORICAL_PD,,QUARANTINE,Q16,F22
643aca9da106,AIC-TTE,ID-DEFINED,TIME-DEFINED,DOSE-DEFINED,ADDL-ACTUAL-CONFLICT,BLQ-DEFINED-POLICY,COVARIATE-BASELINE-ONLY,SUBJECT-LEVEL-COVARIATE,SINGLE-ANALYTE,REANALYSIS-NONE,STRUCTURED,CELL_THERAPY,CATEGORICAL_PD,,REPAIR,,F15
066aee6aa6f1,AIC-TTE,ID-DEFINED,TIME-DEFINED,DOSE-DEFINED,ADDL-ACTUAL-CONFLICT,BLQ-DEFINED-POLICY,COVARIATE-BASELINE-ONLY,SUBJECT-LEVEL-COVARIATE,SINGLE-ANALYTE,REANALYSIS-NONE,SEMI-STRUCTURED-LEGACY-FLAG,CELL_THERAPY,CATEGORICAL_PD,,QUARANTINE,Q15B,F15
3d2a0fd9397d,AIC-TTE,ID-DEFINED,TIME-DEFINED,DOSE-DEFINED,ADDL-ACTUAL-CONFLICT,BLQ-DEFINED-POLICY,COVARIATE-BASELINE-ONLY,SUBJECT-LEVEL-COVARIATE,MULTI-CMT-DEFINED,REANALYSIS-NONE,STRUCTURED,CELL_THERAPY,CATEGORICAL_PD,VECTOR_COPY|CAR_POSITIVE_CELL,REPAIR,,F15
e8b67f5fe14e,AIC-TTE,ID-DEFINED,TIME-DEFINED,DOSE-DEFINED,ADDL-ACTUAL-CONFLICT,BLQ-DEFINED-POLICY,COVARIATE-BASELINE-ONLY,SUBJECT-LEVEL-COVARIATE,MULTI-CMT-DEFINED,REANALYSIS-NONE,STRUCTURED,CELL_THERAPY,CATEGORICAL_PD,,QUARANTINE,Q16,F15
e7fa2224d328,AIC-TTE,ID-DEFINED,TIME-DEFINED,DOSE-DEFINED,ADDL-ACTUAL-CONFLICT,BLQ-DEFINED-POLICY,COVARIATE-BASELINE-ONLY,SUBJECT-LEVEL-COVARIATE,MULTI-CMT-DEFINED,REANALYSIS-NONE,SEMI-STRUCTURED-LEGACY-FLAG,CELL_THERAPY,CATEGORICAL_PD,VECTOR_COPY|CAR_POSITIVE_CELL,QUARANTINE,Q15B,F15
a9cc60e1138a,AIC-TTE,ID-DEFINED,TIME-DEFINED,DOSE-DEFINED,ADDL-ACTUAL-CONFLICT,BLQ-DEFINED-POLICY,COVARIATE-BASELINE-ONLY,SUBJECT-LEVEL-COVARIATE,MULTI-CMT-DEFINED,REANALYSIS-NONE,SEMI-STRUCTURED-LEGACY-FLAG,CELL_THERAPY,CATEGORICAL_PD,,QUARANTINE,Q16,F15
9c653f122456,AIC-TTE,ID-DEFINED,TIME-DEFINED,DOSE-DEFINED,ADDL-ACTUAL-CONFLICT,BLQ-DEFINED-POLICY,COVARIATE-BASELINE-ONLY,SUBJECT-LEVEL-COVARIATE,DDI-VICTIM-PERPETRATOR,REANALYSIS-NONE,STRUCTURED,CELL_THERAPY,CATEGORICAL_PD,VECTOR_COPY|CAR_POSITIVE_CELL,REPAIR,,F22
21106a9a2304,AIC-TTE,ID-DEFINED,TIME-DEFINED,DOSE-DEFINED,ADDL-ACTUAL-CONFLICT,BLQ-DEFINED-POLICY,COVARIATE-BASELINE-ONLY,SUBJECT-LEVEL-COVARIATE,DDI-VICTIM-PERPETRATOR,REANALYSIS-NONE,STRUCTURED,CELL_THERAPY,CATEGORICAL_PD,,QUARANTINE,Q16,F22
45e2d3db6907,AIC-TTE,ID-DEFINED,TIME-DEFINED,DOSE-DEFINED,ADDL-ACTUAL-CONFLICT,BLQ-DEFINED-POLICY,COVARIATE-BASELINE-ONLY,SUBJECT-LEVEL-COVARIATE,DDI-VICTIM-PERPETRATOR,REANALYSIS-NONE,SEMI-STRUCTURED-LEGACY-FLAG,CELL_THERAPY,CATEGORICAL_PD,VECTOR_COPY|CAR_POSITIVE_CELL,QUARANTINE,Q15B,F22
ef37a55027e1,AIC-TTE,ID-DEFINED,TIME-DEFINED,DOSE-DEFINED,ADDL-ACTUAL-CONFLICT,BLQ-DEFINED-POLICY,COVARIATE-BASELINE-ONLY,SUBJECT-LEVEL-COVARIATE,DDI-VICTIM-PERPETRATOR,REANALYSIS-NONE,SEMI-STRUCTURED-LEGACY-FLAG,CELL_THERAPY,CATEGORICAL_PD,,QUARANTINE,Q16,F22
ac406b991a54,AIC-TTE,ID-DEFINED,TIME-DEFINED,DOSE-DEFINED,ADDL-ACTUAL-CONFLICT,BIOANALYTICAL-FINAL-FLAG-MISSING,COVARIATE-BASELINE-ONLY,SUBJECT-LEVEL-COVARIATE,SINGLE-ANALYTE,REANALYSIS-NONE,STRUCTURED,CELL_THERAPY,CATEGORICAL_PD,,QUARANTINE,Q15A,F15
04dbcae76be0,AIC-TTE,ID-DEFINED,TIME-DEFINED,DOSE-DEFINED,ADDL-ACTUAL-CONFLICT,BIOANALYTICAL-FINAL-FLAG-MISSING,COVARIATE-BASELINE-ONLY,SUBJECT-LEVEL-COVARIATE,SINGLE-ANALYTE,REANALYSIS-NONE,SEMI-STRUCTURED-LEGACY-FLAG,CELL_THERAPY,CATEGORICAL_PD,,QUARANTINE,Q15A,F15
0380b59b83a6,AIC-TTE,ID-DEFINED,TIME-DEFINED,DOSE-DEFINED,ADDL-ACTUAL-CONFLICT,BIOANALYTICAL-FINAL-FLAG-MISSING,COVARIATE-BASELINE-ONLY,SUBJECT-LEVEL-COVARIATE,MULTI-CMT-DEFINED,REANALYSIS-NONE,STRUCTURED,CELL_THERAPY,CATEGORICAL_PD,VECTOR_COPY|CAR_POSITIVE_CELL,QUARANTINE,Q15A,F15
2510c4a95142,AIC-TTE,ID-DEFINED,TIME-DEFINED,DOSE-DEFINED,ADDL-ACTUAL-CONFLICT,BIOANALYTICAL-FINAL-FLAG-MISSING,COVARIATE-BASELINE-ONLY,SUBJECT-LEVEL-COVARIATE,MULTI-CMT-DEFINED,REANALYSIS-NONE,STRUCTURED,CELL_THERAPY,CATEGORICAL_PD,,QUARANTINE,Q15A,F15
49748584042e,AIC-TTE,ID-DEFINED,TIME-DEFINED,DOSE-DEFINED,ADDL-ACTUAL-CONFLICT,BIOANALYTICAL-FINAL-FLAG-MISSING,COVARIATE-BASELINE-ONLY,SUBJECT-LEVEL-COVARIATE,MULTI-CMT-DEFINED,REANALYSIS-NONE,SEMI-STRUCTURED-LEGACY-FLAG,CELL_THERAPY,CATEGORICAL_PD,VECTOR_COPY|CAR_POSITIVE_CELL,QUARANTINE,Q15A,F15
c015d64ac667,AIC-TTE,ID-DEFINED,TIME-DEFINED,DOSE-DEFINED,ADDL-ACTUAL-CONFLICT,BIOANALYTICAL-FINAL-FLAG-MISSING,COVARIATE-BASELINE-ONLY,SUBJECT-LEVEL-COVARIATE,MULTI-CMT-DEFINED,REANALYSIS-NONE,SEMI-STRUCTURED-LEGACY-FLAG,CELL_THERAPY,CATEGORICAL_PD,,QUARANTINE,Q15A,F15
32121389c835,AIC-TTE,ID-DEFINED,TIME-DEFINED,DOSE-DEFINED,ADDL-ACTUAL-CONFLICT,BIOANALYTICAL-FINAL-FLAG-MISSING,COVARIATE-BASELINE-ONLY,SUBJECT-LEVEL-COVARIATE,DDI-VICTIM-PERPETRATOR,REANALYSIS-NONE,STRUCTURED,CELL_THERAPY,CATEGORICAL_PD,VECTOR_COPY|CAR_POSITIVE_CELL,QUARANTINE,Q15A,F22
2a33f1f1b398,AIC-TTE,ID-DEFINED,TIME-DEFINED,DOSE-DEFINED,ADDL-ACTUAL-CONFLICT,BIOANALYTICAL-FINAL-FLAG-MISSING,COVARIATE-BASELINE-ONLY,SUBJECT-LEVEL-COVARIATE,DDI-VICTIM-PERPETRATOR,REANALYSIS-NONE,STRUCTURED,CELL_THERAPY,CATEGORICAL_PD,,QUARANTINE,Q15A,F22
f1e071f8a4e8,AIC-TTE,ID-DEFINED,TIME-DEFINED,DOSE-DEFINED,ADDL-ACTUAL-CONFLICT,BIOANALYTICAL-FINAL-FLAG-MISSING,COVARIATE-BASELINE-ONLY,SUBJECT-LEVEL-COVARIATE,DDI-VICTIM-PERPETRATOR,REANALYSIS-NONE,SEMI-STRUCTURED-LEGACY-FLAG,CELL_THERAPY,CATEGORICAL_PD,VECTOR_COPY|CAR_POSITIVE_CELL,QUARANTINE,Q15A,F22
9d45ebd77bda,AIC-TTE,ID-DEFINED,TIME-DEFINED,DOSE-DEFINED,ADDL-ACTUAL-CONFLICT,BIOANALYTICAL-FINAL-FLAG-MISSING,COVARIATE-BASELINE-ONLY,SUBJECT-LEVEL-COVARIATE,DDI-VICTIM-PERPETRATOR,REANALYSIS-NONE,SEMI-STRUCTURED-LEGACY-FLAG,CELL_THERAPY,CATEGORICAL_PD,,QUARANTINE,Q15A,F22
5ceaa5d49b94,AIC-TTE,ID-DEFINED,TIME-DEFINED,DOSE-DEFINED,REGIMEN-FIXED,BIOANALYTICAL-FINAL,COVARIATE-BASELINE-ONLY,SUBJECT-LEVEL-COVARIATE,SINGLE-ANALYTE,REANALYSIS-NONE,STRUCTURED,MRNA,CATEGORICAL_PD,,AUTO,,F27
6fa3dea7291e,AIC-TTE,ID-DEFINED,TIME-DEFINED,DOSE-DEFINED,REGIMEN-FIXED,BIOANALYTICAL-FINAL,COVARIATE-BASELINE-ONLY,SUBJECT-LEVEL-COVARIATE,SINGLE-ANALYTE,REANALYSIS-NONE,SEMI-STRUCTURED-LEGACY-FLAG,MRNA,CATEGORICAL_PD,,QUARANTINE,Q15B,F27
02771c34f214,AIC-TTE,ID-DEFINED,TIME-DEFINED,DOSE-DEFINED,REGIMEN-FIXED,BIOANALYTICAL-FINAL,COVARIATE-BASELINE-ONLY,SUBJECT-LEVEL-COVARIATE,MULTI-CMT-DEFINED,REANALYSIS-NONE,STRUCTURED,MRNA,CATEGORICAL_PD,,REPAIR,,F27
180deb13d295,AIC-TTE,ID-DEFINED,TIME-DEFINED,DOSE-DEFINED,REGIMEN-FIXED,BIOANALYTICAL-FINAL,COVARIATE-BASELINE-ONLY,SUBJECT-LEVEL-COVARIATE,MULTI-CMT-DEFINED,REANALYSIS-NONE,SEMI-STRUCTURED-LEGACY-FLAG,MRNA,CATEGORICAL_PD,,QUARANTINE,Q15B,F27
de9089548b2c,AIC-TTE,ID-DEFINED,TIME-DEFINED,DOSE-DEFINED,REGIMEN-FIXED,BIOANALYTICAL-FINAL,COVARIATE-BASELINE-ONLY,SUBJECT-LEVEL-COVARIATE,DDI-VICTIM-PERPETRATOR,REANALYSIS-NONE,STRUCTURED,MRNA,CATEGORICAL_PD,,REPAIR,,F27
bd71fe43b1ce,AIC-TTE,ID-DEFINED,TIME-DEFINED,DOSE-DEFINED,REGIMEN-FIXED,BIOANALYTICAL-FINAL,COVARIATE-BASELINE-ONLY,SUBJECT-LEVEL-COVARIATE,DDI-VICTIM-PERPETRATOR,REANALYSIS-NONE,SEMI-STRUCTURED-LEGACY-FLAG,MRNA,CATEGORICAL_PD,,QUARANTINE,Q15B,F27
49f43ca5a5f8,AIC-TTE,ID-DEFINED,TIME-DEFINED,DOSE-DEFINED,REGIMEN-FIXED,BLQ-DEFINED-POLICY,COVARIATE-BASELINE-ONLY,SUBJECT-LEVEL-COVARIATE,SINGLE-ANALYTE,REANALYSIS-NONE,STRUCTURED,MRNA,CATEGORICAL_PD,,REPAIR,,F27
4c85c0819e4d,AIC-TTE,ID-DEFINED,TIME-DEFINED,DOSE-DEFINED,REGIMEN-FIXED,BLQ-DEFINED-POLICY,COVARIATE-BASELINE-ONLY,SUBJECT-LEVEL-COVARIATE,SINGLE-ANALYTE,REANALYSIS-NONE,SEMI-STRUCTURED-LEGACY-FLAG,MRNA,CATEGORICAL_PD,,QUARANTINE,Q15B,F27
4d6e123cbdd9,AIC-TTE,ID-DEFINED,TIME-DEFINED,DOSE-DEFINED,REGIMEN-FIXED,BLQ-DEFINED-POLICY,COVARIATE-BASELINE-ONLY,SUBJECT-LEVEL-COVARIATE,MULTI-CMT-DEFINED,REANALYSIS-NONE,STRUCTURED,MRNA,CATEGORICAL_PD,,REPAIR,,F27
14e84918eafb,AIC-TTE,ID-DEFINED,TIME-DEFINED,DOSE-DEFINED,REGIMEN-FIXED,BLQ-DEFINED-POLICY,COVARIATE-BASELINE-ONLY,SUBJECT-LEVEL-COVARIATE,MULTI-CMT-DEFINED,REANALYSIS-NONE,SEMI-STRUCTURED-LEGACY-FLAG,MRNA,CATEGORICAL_PD,,QUARANTINE,Q15B,F27
754297718999,AIC-TTE,ID-DEFINED,TIME-DEFINED,DOSE-DEFINED,REGIMEN-FIXED,BLQ-DEFINED-POLICY,COVARIATE-BASELINE-ONLY,SUBJECT-LEVEL-COVARIATE,DDI-VICTIM-PERPETRATOR,REANALYSIS-NONE,STRUCTURED,MRNA,CATEGORICAL_PD,,REPAIR,,F27
29daa66ce7d8,AIC-TTE,ID-DEFINED,TIME-DEFINED,DOSE-DEFINED,REGIMEN-FIXED,BLQ-DEFINED-POLICY,COVARIATE-BASELINE-ONLY,SUBJECT-LEVEL-COVARIATE,DDI-VICTIM-PERPETRATOR,REANALYSIS-NONE,SEMI-STRUCTURED-LEGACY-FLAG,MRNA,CATEGORICAL_PD,,QUARANTINE,Q15B,F27
e8501d9ae509,AIC-TTE,ID-DEFINED,TIME-DEFINED,DOSE-DEFINED,REGIMEN-FIXED,BIOANALYTICAL-FINAL-FLAG-MISSING,COVARIATE-BASELINE-ONLY,SUBJECT-LEVEL-COVARIATE,SINGLE-ANALYTE,REANALYSIS-NONE,STRUCTURED,MRNA,CATEGORICAL_PD,,QUARANTINE,Q15A,F27
b718234b49fd,AIC-TTE,ID-DEFINED,TIME-DEFINED,DOSE-DEFINED,REGIMEN-FIXED,BIOANALYTICAL-FINAL-FLAG-MISSING,COVARIATE-BASELINE-ONLY,SUBJECT-LEVEL-COVARIATE,SINGLE-ANALYTE,REANALYSIS-NONE,SEMI-STRUCTURED-LEGACY-FLAG,MRNA,CATEGORICAL_PD,,QUARANTINE,Q15A,F27
bf36a62a71bf,AIC-TTE,ID-DEFINED,TIME-DEFINED,DOSE-DEFINED,REGIMEN-FIXED,BIOANALYTICAL-FINAL-FLAG-MISSING,COVARIATE-BASELINE-ONLY,SUBJECT-LEVEL-COVARIATE,MULTI-CMT-DEFINED,REANALYSIS-NONE,STRUCTURED,MRNA,CATEGORICAL_PD,,QUARANTINE,Q15A,F27
540e4a97eb8f,AIC-TTE,ID-DEFINED,TIME-DEFINED,DOSE-DEFINED,REGIMEN-FIXED,BIOANALYTICAL-FINAL-FLAG-MISSING,COVARIATE-BASELINE-ONLY,SUBJECT-LEVEL-COVARIATE,MULTI-CMT-DEFINED,REANALYSIS-NONE,SEMI-STRUCTURED-LEGACY-FLAG,MRNA,CATEGORICAL_PD,,QUARANTINE,Q15A,F27
91baa8ba375b,AIC-TTE,ID-DEFINED,TIME-DEFINED,DOSE-DEFINED,REGIMEN-FIXED,BIOANALYTICAL-FINAL-FLAG-MISSING,COVARIATE-BASELINE-ONLY,SUBJECT-LEVEL-COVARIATE,DDI-VICTIM-PERPETRATOR,REANALYSIS-NONE,STRUCTURED,MRNA,CATEGORICAL_PD,,QUARANTINE,Q15A,F27
cc962445470e,AIC-TTE,ID-DEFINED,TIME-DEFINED,DOSE-DEFINED,REGIMEN-FIXED,BIOANALYTICAL-FINAL-FLAG-MISSING,COVARIATE-BASELINE-ONLY,SUBJECT-LEVEL-COVARIATE,DDI-VICTIM-PERPETRATOR,REANALYSIS-NONE,SEMI-STRUCTURED-LEGACY-FLAG,MRNA,CATEGORICAL_PD,,QUARANTINE,Q15A,F27
21c427fff071,AIC-TTE,ID-DEFINED,TIME-DEFINED,DOSE-DEFINED,ADDL-ACTUAL-CONFLICT,BIOANALYTICAL-FINAL,COVARIATE-BASELINE-ONLY,SUBJECT-LEVEL-COVARIATE,SINGLE-ANALYTE,REANALYSIS-NONE,STRUCTURED,MRNA,CATEGORICAL_PD,,AUTO,,F27
43bd13e8bb49,AIC-TTE,ID-DEFINED,TIME-DEFINED,DOSE-DEFINED,ADDL-ACTUAL-CONFLICT,BIOANALYTICAL-FINAL,COVARIATE-BASELINE-ONLY,SUBJECT-LEVEL-COVARIATE,SINGLE-ANALYTE,REANALYSIS-NONE,SEMI-STRUCTURED-LEGACY-FLAG,MRNA,CATEGORICAL_PD,,QUARANTINE,Q15B,F27
28bfc8098a5a,AIC-TTE,ID-DEFINED,TIME-DEFINED,DOSE-DEFINED,ADDL-ACTUAL-CONFLICT,BIOANALYTICAL-FINAL,COVARIATE-BASELINE-ONLY,SUBJECT-LEVEL-COVARIATE,MULTI-CMT-DEFINED,REANALYSIS-NONE,STRUCTURED,MRNA,CATEGORICAL_PD,,REPAIR,,F27
854d148ece3f,AIC-TTE,ID-DEFINED,TIME-DEFINED,DOSE-DEFINED,ADDL-ACTUAL-CONFLICT,BIOANALYTICAL-FINAL,COVARIATE-BASELINE-ONLY,SUBJECT-LEVEL-COVARIATE,MULTI-CMT-DEFINED,REANALYSIS-NONE,SEMI-STRUCTURED-LEGACY-FLAG,MRNA,CATEGORICAL_PD,,QUARANTINE,Q15B,F27
c3f9b7cdf60d,AIC-TTE,ID-DEFINED,TIME-DEFINED,DOSE-DEFINED,ADDL-ACTUAL-CONFLICT,BIOANALYTICAL-FINAL,COVARIATE-BASELINE-ONLY,SUBJECT-LEVEL-COVARIATE,DDI-VICTIM-PERPETRATOR,REANALYSIS-NONE,STRUCTURED,MRNA,CATEGORICAL_PD,,REPAIR,,F27
765198fcbe75,AIC-TTE,ID-DEFINED,TIME-DEFINED,DOSE-DEFINED,ADDL-ACTUAL-CONFLICT,BIOANALYTICAL-FINAL,COVARIATE-BASELINE-ONLY,SUBJECT-LEVEL-COVARIATE,DDI-VICTIM-PERPETRATOR,REANALYSIS-NONE,SEMI-STRUCTURED-LEGACY-FLAG,MRNA,CATEGORICAL_PD,,QUARANTINE,Q15B,F27
e9f8b1437bb0,AIC-TTE,ID-DEFINED,TIME-DEFINED,DOSE-DEFINED,ADDL-ACTUAL-CONFLICT,BLQ-DEFINED-POLICY,COVARIATE-BASELINE-ONLY,SUBJECT-LEVEL-COVARIATE,SINGLE-ANALYTE,REANALYSIS-NONE,STRUCTURED,MRNA,CATEGORICAL_PD,,REPAIR,,F27
7d758f1c7b35,AIC-TTE,ID-DEFINED,TIME-DEFINED,DOSE-DEFINED,ADDL-ACTUAL-CONFLICT,BLQ-DEFINED-POLICY,COVARIATE-BASELINE-ONLY,SUBJECT-LEVEL-COVARIATE,SINGLE-ANALYTE,REANALYSIS-NONE,SEMI-STRUCTURED-LEGACY-FLAG,MRNA,CATEGORICAL_PD,,QUARANTINE,Q15B,F27
7a0d2c5883aa,AIC-TTE,ID-DEFINED,TIME-DEFINED,DOSE-DEFINED,ADDL-ACTUAL-CONFLICT,BLQ-DEFINED-POLICY,COVARIATE-BASELINE-ONLY,SUBJECT-LEVEL-COVARIATE,MULTI-CMT-DEFINED,REANALYSIS-NONE,STRUCTURED,MRNA,CATEGORICAL_PD,,REPAIR,,F27
108f794c1705,AIC-TTE,ID-DEFINED,TIME-DEFINED,DOSE-DEFINED,ADDL-ACTUAL-CONFLICT,BLQ-DEFINED-POLICY,COVARIATE-BASELINE-ONLY,SUBJECT-LEVEL-COVARIATE,MULTI-CMT-DEFINED,REANALYSIS-NONE,SEMI-STRUCTURED-LEGACY-FLAG,MRNA,CATEGORICAL_PD,,QUARANTINE,Q15B,F27
cca2146a2353,AIC-TTE,ID-DEFINED,TIME-DEFINED,DOSE-DEFINED,ADDL-ACTUAL-CONFLICT,BLQ-DEFINED-POLICY,COVARIATE-BASELINE-ONLY,SUBJECT-LEVEL-COVARIATE,DDI-VICTIM-PERPETRATOR,REANALYSIS-NONE,STRUCTURED,MRNA,CATEGORICAL_PD,,REPAIR,,F27
fdfa9b992794,AIC-TTE,ID-DEFINED,TIME-DEFINED,DOSE-DEFINED,ADDL-ACTUAL-CONFLICT,BLQ-DEFINED-POLICY,COVARIATE-BASELINE-ONLY,SUBJECT-LEVEL-COVARIATE,DDI-VICTIM-PERPETRATOR,REANALYSIS-NONE,SEMI-STRUCTURED-LEGACY-FLAG,MRNA,CATEGORICAL_PD,,QUARANTINE,Q15B,F27
1c0c2d399394,AIC-TTE,ID-DEFINED,TIME-DEFINED,DOSE-DEFINED,ADDL-ACTUAL-CONFLICT,BIOANALYTICAL-FINAL-FLAG-MISSING,COVARIATE-BASELINE-ONLY,SUBJECT-LEVEL-COVARIATE,SINGLE-ANALYTE,REANALYSIS-NONE,STRUCTURED,MRNA,CATEGORICAL_PD,,QUARANTINE,Q15A,F27
65bd9a5b1e69,AIC-TTE,ID-DEFINED,TIME-DEFINED,DOSE-DEFINED,ADDL-ACTUAL-CONFLICT,BIOANALYTICAL-FINAL-FLAG-MISSING,COVARIATE-BASELINE-ONLY,SUBJECT-LEVEL-COVARIATE,SINGLE-ANALYTE,REANALYSIS-NONE,SEMI-STRUCTURED-LEGACY-FLAG,MRNA,CATEGORICAL_PD,,QUARANTINE,Q15A,F27
f0e3ae61cde0,AIC-TTE,ID-DEFINED,TIME-DEFINED,DOSE-DEFINED,ADDL-ACTUAL-CONFLICT,BIOANALYTICAL-FINAL-FLAG-MISSING,COVARIATE-BASELINE-ONLY,SUBJECT-LEVEL-COVARIATE,MULTI-CMT-DEFINED,REANALYSIS-NONE,STRUCTURED,MRNA,CATEGORICAL_PD,,QUARANTINE,Q15A,F27
24c017dd0c61,AIC-TTE,ID-DEFINED,TIME-DEFINED,DOSE-DEFINED,ADDL-ACTUAL-CONFLICT,BIOANALYTICAL-FINAL-FLAG-MISSING,COVARIATE-BASELINE-ONLY,SUBJECT-LEVEL-COVARIATE,MULTI-CMT-DEFINED,REANALYSIS-NONE,SEMI-STRUCTURED-LEGACY-FLAG,MRNA,CATEGORICAL_PD,,QUARANTINE,Q15A,F27
0695ec60ea23,AIC-TTE,ID-DEFINED,TIME-DEFINED,DOSE-DEFINED,ADDL-ACTUAL-CONFLICT,BIOANALYTICAL-FINAL-FLAG-MISSING,COVARIATE-BASELINE-ONLY,SUBJECT-LEVEL-COVARIATE,DDI-VICTIM-PERPETRATOR,REANALYSIS-NONE,STRUCTURED,MRNA,CATEGORICAL_PD,,QUARANTINE,Q15A,F27
5f6d6754c9c5,AIC-TTE,ID-DEFINED,TIME-DEFINED,DOSE-DEFINED,ADDL-ACTUAL-CONFLICT,BIOANALYTICAL-FINAL-FLAG-MISSING,COVARIATE-BASELINE-ONLY,SUBJECT-LEVEL-COVARIATE,DDI-VICTIM-PERPETRATOR,REANALYSIS-NONE,SEMI-STRUCTURED-LEGACY-FLAG,MRNA,CATEGORICAL_PD,,QUARANTINE,Q15A,F27
b82b3c495df2,AIC-BIOMARKER,ID-DEFINED,TIME-DEFINED,DOSE-DEFINED,REGIMEN-FIXED,BIOANALYTICAL-FINAL,COVARIATE-BASELINE-ONLY,SUBJECT-LEVEL-COVARIATE,SINGLE-ANALYTE,REANALYSIS-NONE,STRUCTURED,SMALL_MOLECULE,CONTINUOUS_PD,,AUTO,,F01
8dcc8a6ba48c,AIC-BIOMARKER,ID-DEFINED,TIME-DEFINED,DOSE-DEFINED,REGIMEN-FIXED,BIOANALYTICAL-FINAL,COVARIATE-BASELINE-ONLY,SUBJECT-LEVEL-COVARIATE,SINGLE-ANALYTE,REANALYSIS-NONE,SEMI-STRUCTURED-LEGACY-FLAG,SMALL_MOLECULE,CONTINUOUS_PD,,QUARANTINE,Q15B,F01
62cba5bb252e,AIC-BIOMARKER,ID-DEFINED,TIME-DEFINED,DOSE-DEFINED,REGIMEN-FIXED,BIOANALYTICAL-FINAL,COVARIATE-BASELINE-ONLY,SUBJECT-LEVEL-COVARIATE,MULTI-CMT-DEFINED,REANALYSIS-NONE,STRUCTURED,SMALL_MOLECULE,CONTINUOUS_PD,,REPAIR,,F01
d5c2385e5ebc,AIC-BIOMARKER,ID-DEFINED,TIME-DEFINED,DOSE-DEFINED,REGIMEN-FIXED,BIOANALYTICAL-FINAL,COVARIATE-BASELINE-ONLY,SUBJECT-LEVEL-COVARIATE,MULTI-CMT-DEFINED,REANALYSIS-NONE,SEMI-STRUCTURED-LEGACY-FLAG,SMALL_MOLECULE,CONTINUOUS_PD,,QUARANTINE,Q15B,F01
e79df709f6d7,AIC-BIOMARKER,ID-DEFINED,TIME-DEFINED,DOSE-DEFINED,REGIMEN-FIXED,BIOANALYTICAL-FINAL,COVARIATE-BASELINE-ONLY,SUBJECT-LEVEL-COVARIATE,DDI-VICTIM-PERPETRATOR,REANALYSIS-NONE,STRUCTURED,SMALL_MOLECULE,CONTINUOUS_PD,,REPAIR,,F22
558c1b1477a4,AIC-BIOMARKER,ID-DEFINED,TIME-DEFINED,DOSE-DEFINED,REGIMEN-FIXED,BIOANALYTICAL-FINAL,COVARIATE-BASELINE-ONLY,SUBJECT-LEVEL-COVARIATE,DDI-VICTIM-PERPETRATOR,REANALYSIS-NONE,SEMI-STRUCTURED-LEGACY-FLAG,SMALL_MOLECULE,CONTINUOUS_PD,,QUARANTINE,Q15B,F22
7287cf6e8dd2,AIC-BIOMARKER,ID-DEFINED,TIME-DEFINED,DOSE-DEFINED,REGIMEN-FIXED,BLQ-DEFINED-POLICY,COVARIATE-BASELINE-ONLY,SUBJECT-LEVEL-COVARIATE,SINGLE-ANALYTE,REANALYSIS-NONE,STRUCTURED,SMALL_MOLECULE,CONTINUOUS_PD,,REPAIR,,F01
377076d94ba0,AIC-BIOMARKER,ID-DEFINED,TIME-DEFINED,DOSE-DEFINED,REGIMEN-FIXED,BLQ-DEFINED-POLICY,COVARIATE-BASELINE-ONLY,SUBJECT-LEVEL-COVARIATE,SINGLE-ANALYTE,REANALYSIS-NONE,SEMI-STRUCTURED-LEGACY-FLAG,SMALL_MOLECULE,CONTINUOUS_PD,,QUARANTINE,Q15B,F01
3146f17e9da8,AIC-BIOMARKER,ID-DEFINED,TIME-DEFINED,DOSE-DEFINED,REGIMEN-FIXED,BLQ-DEFINED-POLICY,COVARIATE-BASELINE-ONLY,SUBJECT-LEVEL-COVARIATE,MULTI-CMT-DEFINED,REANALYSIS-NONE,STRUCTURED,SMALL_MOLECULE,CONTINUOUS_PD,,REPAIR,,F01
96df48fdb74b,AIC-BIOMARKER,ID-DEFINED,TIME-DEFINED,DOSE-DEFINED,REGIMEN-FIXED,BLQ-DEFINED-POLICY,COVARIATE-BASELINE-ONLY,SUBJECT-LEVEL-COVARIATE,MULTI-CMT-DEFINED,REANALYSIS-NONE,SEMI-STRUCTURED-LEGACY-FLAG,SMALL_MOLECULE,CONTINUOUS_PD,,QUARANTINE,Q15B,F01
8781ce1e69e8,AIC-BIOMARKER,ID-DEFINED,TIME-DEFINED,DOSE-DEFINED,REGIMEN-FIXED,BLQ-DEFINED-POLICY,COVARIATE-BASELINE-ONLY,SUBJECT-LEVEL-COVARIATE,DDI-VICTIM-PERPETRATOR,REANALYSIS-NONE,STRUCTURED,SMALL_MOLECULE,CONTINUOUS_PD,,REPAIR,,F22
12c6533d4dc7,AIC-BIOMARKER,ID-DEFINED,TIME-DEFINED,DOSE-DEFINED,REGIMEN-FIXED,BLQ-DEFINED-POLICY,COVARIATE-BASELINE-ONLY,SUBJECT-LEVEL-COVARIATE,DDI-VICTIM-PERPETRATOR,REANALYSIS-NONE,SEMI-STRUCTURED-LEGACY-FLAG,SMALL_MOLECULE,CONTINUOUS_PD,,QUARANTINE,Q15B,F22
417ef27f2baa,AIC-BIOMARKER,ID-DEFINED,TIME-DEFINED,DOSE-DEFINED,REGIMEN-FIXED,BIOANALYTICAL-FINAL-FLAG-MISSING,COVARIATE-BASELINE-ONLY,SUBJECT-LEVEL-COVARIATE,SINGLE-ANALYTE,REANALYSIS-NONE,STRUCTURED,SMALL_MOLECULE,CONTINUOUS_PD,,QUARANTINE,Q15A,F01
afec9ec5d3a9,AIC-BIOMARKER,ID-DEFINED,TIME-DEFINED,DOSE-DEFINED,REGIMEN-FIXED,BIOANALYTICAL-FINAL-FLAG-MISSING,COVARIATE-BASELINE-ONLY,SUBJECT-LEVEL-COVARIATE,SINGLE-ANALYTE,REANALYSIS-NONE,SEMI-STRUCTURED-LEGACY-FLAG,SMALL_MOLECULE,CONTINUOUS_PD,,QUARANTINE,Q15A,F01
cdb527cfa29f,AIC-BIOMARKER,ID-DEFINED,TIME-DEFINED,DOSE-DEFINED,REGIMEN-FIXED,BIOANALYTICAL-FINAL-FLAG-MISSING,COVARIATE-BASELINE-ONLY,SUBJECT-LEVEL-COVARIATE,MULTI-CMT-DEFINED,REANALYSIS-NONE,STRUCTURED,SMALL_MOLECULE,CONTINUOUS_PD,,QUARANTINE,Q15A,F01
a18acb6adfa5,AIC-BIOMARKER,ID-DEFINED,TIME-DEFINED,DOSE-DEFINED,REGIMEN-FIXED,BIOANALYTICAL-FINAL-FLAG-MISSING,COVARIATE-BASELINE-ONLY,SUBJECT-LEVEL-COVARIATE,MULTI-CMT-DEFINED,REANALYSIS-NONE,SEMI-STRUCTURED-LEGACY-FLAG,SMALL_MOLECULE,CONTINUOUS_PD,,QUARANTINE,Q15A,F01
a1fc5d7dd145,AIC-BIOMARKER,ID-DEFINED,TIME-DEFINED,DOSE-DEFINED,REGIMEN-FIXED,BIOANALYTICAL-FINAL-FLAG-MISSING,COVARIATE-BASELINE-ONLY,SUBJECT-LEVEL-COVARIATE,DDI-VICTIM-PERPETRATOR,REANALYSIS-NONE,STRUCTURED,SMALL_MOLECULE,CONTINUOUS_PD,,QUARANTINE,Q15A,F22
a7c622c193f6,AIC-BIOMARKER,ID-DEFINED,TIME-DEFINED,DOSE-DEFINED,REGIMEN-FIXED,BIOANALYTICAL-FINAL-FLAG-MISSING,COVARIATE-BASELINE-ONLY,SUBJECT-LEVEL-COVARIATE,DDI-VICTIM-PERPETRATOR,REANALYSIS-NONE,SEMI-STRUCTURED-LEGACY-FLAG,SMALL_MOLECULE,CONTINUOUS_PD,,QUARANTINE,Q15A,F22
ec4a50776b94,AIC-BIOMARKER,ID-DEFINED,TIME-DEFINED,DOSE-DEFINED,ADDL-ACTUAL-CONFLICT,BIOANALYTICAL-FINAL,COVARIATE-BASELINE-ONLY,SUBJECT-LEVEL-COVARIATE,SINGLE-ANALYTE,REANALYSIS-NONE,STRUCTURED,SMALL_MOLECULE,CONTINUOUS_PD,,AUTO,,F01
831ef9585180,AIC-BIOMARKER,ID-DEFINED,TIME-DEFINED,DOSE-DEFINED,ADDL-ACTUAL-CONFLICT,BIOANALYTICAL-FINAL,COVARIATE-BASELINE-ONLY,SUBJECT-LEVEL-COVARIATE,SINGLE-ANALYTE,REANALYSIS-NONE,SEMI-STRUCTURED-LEGACY-FLAG,SMALL_MOLECULE,CONTINUOUS_PD,,QUARANTINE,Q15B,F01
5c365f902287,AIC-BIOMARKER,ID-DEFINED,TIME-DEFINED,DOSE-DEFINED,ADDL-ACTUAL-CONFLICT,BIOANALYTICAL-FINAL,COVARIATE-BASELINE-ONLY,SUBJECT-LEVEL-COVARIATE,MULTI-CMT-DEFINED,REANALYSIS-NONE,STRUCTURED,SMALL_MOLECULE,CONTINUOUS_PD,,REPAIR,,F01
a7b8f2a5749e,AIC-BIOMARKER,ID-DEFINED,TIME-DEFINED,DOSE-DEFINED,ADDL-ACTUAL-CONFLICT,BIOANALYTICAL-FINAL,COVARIATE-BASELINE-ONLY,SUBJECT-LEVEL-COVARIATE,MULTI-CMT-DEFINED,REANALYSIS-NONE,SEMI-STRUCTURED-LEGACY-FLAG,SMALL_MOLECULE,CONTINUOUS_PD,,QUARANTINE,Q15B,F01
a2a5c5a0efba,AIC-BIOMARKER,ID-DEFINED,TIME-DEFINED,DOSE-DEFINED,ADDL-ACTUAL-CONFLICT,BIOANALYTICAL-FINAL,COVARIATE-BASELINE-ONLY,SUBJECT-LEVEL-COVARIATE,DDI-VICTIM-PERPETRATOR,REANALYSIS-NONE,STRUCTURED,SMALL_MOLECULE,CONTINUOUS_PD,,REPAIR,,F22
f4c2c1be3f54,AIC-BIOMARKER,ID-DEFINED,TIME-DEFINED,DOSE-DEFINED,ADDL-ACTUAL-CONFLICT,BIOANALYTICAL-FINAL,COVARIATE-BASELINE-ONLY,SUBJECT-LEVEL-COVARIATE,DDI-VICTIM-PERPETRATOR,REANALYSIS-NONE,SEMI-STRUCTURED-LEGACY-FLAG,SMALL_MOLECULE,CONTINUOUS_PD,,QUARANTINE,Q15B,F22
93a9f187db0b,AIC-BIOMARKER,ID-DEFINED,TIME-DEFINED,DOSE-DEFINED,ADDL-ACTUAL-CONFLICT,BLQ-DEFINED-POLICY,COVARIATE-BASELINE-ONLY,SUBJECT-LEVEL-COVARIATE,SINGLE-ANALYTE,REANALYSIS-NONE,STRUCTURED,SMALL_MOLECULE,CONTINUOUS_PD,,REPAIR,,F01
890fdb90c50f,AIC-BIOMARKER,ID-DEFINED,TIME-DEFINED,DOSE-DEFINED,ADDL-ACTUAL-CONFLICT,BLQ-DEFINED-POLICY,COVARIATE-BASELINE-ONLY,SUBJECT-LEVEL-COVARIATE,SINGLE-ANALYTE,REANALYSIS-NONE,SEMI-STRUCTURED-LEGACY-FLAG,SMALL_MOLECULE,CONTINUOUS_PD,,QUARANTINE,Q15B,F01
df53aad0aea0,AIC-BIOMARKER,ID-DEFINED,TIME-DEFINED,DOSE-DEFINED,ADDL-ACTUAL-CONFLICT,BLQ-DEFINED-POLICY,COVARIATE-BASELINE-ONLY,SUBJECT-LEVEL-COVARIATE,MULTI-CMT-DEFINED,REANALYSIS-NONE,STRUCTURED,SMALL_MOLECULE,CONTINUOUS_PD,,REPAIR,,F01
ee5d9ad891ad,AIC-BIOMARKER,ID-DEFINED,TIME-DEFINED,DOSE-DEFINED,ADDL-ACTUAL-CONFLICT,BLQ-DEFINED-POLICY,COVARIATE-BASELINE-ONLY,SUBJECT-LEVEL-COVARIATE,MULTI-CMT-DEFINED,REANALYSIS-NONE,SEMI-STRUCTURED-LEGACY-FLAG,SMALL_MOLECULE,CONTINUOUS_PD,,QUARANTINE,Q15B,F01
f9896dc2e9e7,AIC-BIOMARKER,ID-DEFINED,TIME-DEFINED,DOSE-DEFINED,ADDL-ACTUAL-CONFLICT,BLQ-DEFINED-POLICY,COVARIATE-BASELINE-ONLY,SUBJECT-LEVEL-COVARIATE,DDI-VICTIM-PERPETRATOR,REANALYSIS-NONE,STRUCTURED,SMALL_MOLECULE,CONTINUOUS_PD,,REPAIR,,F22
1bd363006904,AIC-BIOMARKER,ID-DEFINED,TIME-DEFINED,DOSE-DEFINED,ADDL-ACTUAL-CONFLICT,BLQ-DEFINED-POLICY,COVARIATE-BASELINE-ONLY,SUBJECT-LEVEL-COVARIATE,DDI-VICTIM-PERPETRATOR,REANALYSIS-NONE,SEMI-STRUCTURED-LEGACY-FLAG,SMALL_MOLECULE,CONTINUOUS_PD,,QUARANTINE,Q15B,F22
e26e2199a95f,AIC-BIOMARKER,ID-DEFINED,TIME-DEFINED,DOSE-DEFINED,ADDL-ACTUAL-CONFLICT,BIOANALYTICAL-FINAL-FLAG-MISSING,COVARIATE-BASELINE-ONLY,SUBJECT-LEVEL-COVARIATE,SINGLE-ANALYTE,REANALYSIS-NONE,STRUCTURED,SMALL_MOLECULE,CONTINUOUS_PD,,QUARANTINE,Q15A,F01
b6c1e1cfb688,AIC-BIOMARKER,ID-DEFINED,TIME-DEFINED,DOSE-DEFINED,ADDL-ACTUAL-CONFLICT,BIOANALYTICAL-FINAL-FLAG-MISSING,COVARIATE-BASELINE-ONLY,SUBJECT-LEVEL-COVARIATE,SINGLE-ANALYTE,REANALYSIS-NONE,SEMI-STRUCTURED-LEGACY-FLAG,SMALL_MOLECULE,CONTINUOUS_PD,,QUARANTINE,Q15A,F01
dfc4881eeb27,AIC-BIOMARKER,ID-DEFINED,TIME-DEFINED,DOSE-DEFINED,ADDL-ACTUAL-CONFLICT,BIOANALYTICAL-FINAL-FLAG-MISSING,COVARIATE-BASELINE-ONLY,SUBJECT-LEVEL-COVARIATE,MULTI-CMT-DEFINED,REANALYSIS-NONE,STRUCTURED,SMALL_MOLECULE,CONTINUOUS_PD,,QUARANTINE,Q15A,F01
43822cac712a,AIC-BIOMARKER,ID-DEFINED,TIME-DEFINED,DOSE-DEFINED,ADDL-ACTUAL-CONFLICT,BIOANALYTICAL-FINAL-FLAG-MISSING,COVARIATE-BASELINE-ONLY,SUBJECT-LEVEL-COVARIATE,MULTI-CMT-DEFINED,REANALYSIS-NONE,SEMI-STRUCTURED-LEGACY-FLAG,SMALL_MOLECULE,CONTINUOUS_PD,,QUARANTINE,Q15A,F01
5fb91b3fa2d7,AIC-BIOMARKER,ID-DEFINED,TIME-DEFINED,DOSE-DEFINED,ADDL-ACTUAL-CONFLICT,BIOANALYTICAL-FINAL-FLAG-MISSING,COVARIATE-BASELINE-ONLY,SUBJECT-LEVEL-COVARIATE,DDI-VICTIM-PERPETRATOR,REANALYSIS-NONE,STRUCTURED,SMALL_MOLECULE,CONTINUOUS_PD,,QUARANTINE,Q15A,F22
65e6f33baa79,AIC-BIOMARKER,ID-DEFINED,TIME-DEFINED,DOSE-DEFINED,ADDL-ACTUAL-CONFLICT,BIOANALYTICAL-FINAL-FLAG-MISSING,COVARIATE-BASELINE-ONLY,SUBJECT-LEVEL-COVARIATE,DDI-VICTIM-PERPETRATOR,REANALYSIS-NONE,SEMI-STRUCTURED-LEGACY-FLAG,SMALL_MOLECULE,CONTINUOUS_PD,,QUARANTINE,Q15A,F22
6a1260bcca05,AIC-BIOMARKER,ID-DEFINED,TIME-DEFINED,DOSE-DEFINED,REGIMEN-FIXED,BIOANALYTICAL-FINAL,COVARIATE-BASELINE-ONLY,SUBJECT-LEVEL-COVARIATE,SINGLE-ANALYTE,REANALYSIS-NONE,STRUCTURED,MAB,CONTINUOUS_PD,,AUTO,,F01
0a8994c16910,AIC-BIOMARKER,ID-DEFINED,TIME-DEFINED,DOSE-DEFINED,REGIMEN-FIXED,BIOANALYTICAL-FINAL,COVARIATE-BASELINE-ONLY,SUBJECT-LEVEL-COVARIATE,SINGLE-ANALYTE,REANALYSIS-NONE,SEMI-STRUCTURED-LEGACY-FLAG,MAB,CONTINUOUS_PD,,QUARANTINE,Q15B,F01
7015e3dddf24,AIC-BIOMARKER,ID-DEFINED,TIME-DEFINED,DOSE-DEFINED,REGIMEN-FIXED,BIOANALYTICAL-FINAL,COVARIATE-BASELINE-ONLY,SUBJECT-LEVEL-COVARIATE,MULTI-CMT-DEFINED,REANALYSIS-NONE,STRUCTURED,MAB,CONTINUOUS_PD,,REPAIR,,F01
a268a83c345e,AIC-BIOMARKER,ID-DEFINED,TIME-DEFINED,DOSE-DEFINED,REGIMEN-FIXED,BIOANALYTICAL-FINAL,COVARIATE-BASELINE-ONLY,SUBJECT-LEVEL-COVARIATE,MULTI-CMT-DEFINED,REANALYSIS-NONE,SEMI-STRUCTURED-LEGACY-FLAG,MAB,CONTINUOUS_PD,,QUARANTINE,Q15B,F01
127346d05e96,AIC-BIOMARKER,ID-DEFINED,TIME-DEFINED,DOSE-DEFINED,REGIMEN-FIXED,BIOANALYTICAL-FINAL,COVARIATE-BASELINE-ONLY,SUBJECT-LEVEL-COVARIATE,DDI-VICTIM-PERPETRATOR,REANALYSIS-NONE,STRUCTURED,MAB,CONTINUOUS_PD,,REPAIR,,F22
e7e1326fbf4a,AIC-BIOMARKER,ID-DEFINED,TIME-DEFINED,DOSE-DEFINED,REGIMEN-FIXED,BIOANALYTICAL-FINAL,COVARIATE-BASELINE-ONLY,SUBJECT-LEVEL-COVARIATE,DDI-VICTIM-PERPETRATOR,REANALYSIS-NONE,SEMI-STRUCTURED-LEGACY-FLAG,MAB,CONTINUOUS_PD,,QUARANTINE,Q15B,F22
964ede8f14fd,AIC-BIOMARKER,ID-DEFINED,TIME-DEFINED,DOSE-DEFINED,REGIMEN-FIXED,BLQ-DEFINED-POLICY,COVARIATE-BASELINE-ONLY,SUBJECT-LEVEL-COVARIATE,SINGLE-ANALYTE,REANALYSIS-NONE,STRUCTURED,MAB,CONTINUOUS_PD,,REPAIR,,F01
a34b702f72b4,AIC-BIOMARKER,ID-DEFINED,TIME-DEFINED,DOSE-DEFINED,REGIMEN-FIXED,BLQ-DEFINED-POLICY,COVARIATE-BASELINE-ONLY,SUBJECT-LEVEL-COVARIATE,SINGLE-ANALYTE,REANALYSIS-NONE,SEMI-STRUCTURED-LEGACY-FLAG,MAB,CONTINUOUS_PD,,QUARANTINE,Q15B,F01
79d52d9c0178,AIC-BIOMARKER,ID-DEFINED,TIME-DEFINED,DOSE-DEFINED,REGIMEN-FIXED,BLQ-DEFINED-POLICY,COVARIATE-BASELINE-ONLY,SUBJECT-LEVEL-COVARIATE,MULTI-CMT-DEFINED,REANALYSIS-NONE,STRUCTURED,MAB,CONTINUOUS_PD,,REPAIR,,F01
51dffb7b15cf,AIC-BIOMARKER,ID-DEFINED,TIME-DEFINED,DOSE-DEFINED,REGIMEN-FIXED,BLQ-DEFINED-POLICY,COVARIATE-BASELINE-ONLY,SUBJECT-LEVEL-COVARIATE,MULTI-CMT-DEFINED,REANALYSIS-NONE,SEMI-STRUCTURED-LEGACY-FLAG,MAB,CONTINUOUS_PD,,QUARANTINE,Q15B,F01
078232f68b4b,AIC-BIOMARKER,ID-DEFINED,TIME-DEFINED,DOSE-DEFINED,REGIMEN-FIXED,BLQ-DEFINED-POLICY,COVARIATE-BASELINE-ONLY,SUBJECT-LEVEL-COVARIATE,DDI-VICTIM-PERPETRATOR,REANALYSIS-NONE,STRUCTURED,MAB,CONTINUOUS_PD,,REPAIR,,F22
1409677d3022,AIC-BIOMARKER,ID-DEFINED,TIME-DEFINED,DOSE-DEFINED,REGIMEN-FIXED,BLQ-DEFINED-POLICY,COVARIATE-BASELINE-ONLY,SUBJECT-LEVEL-COVARIATE,DDI-VICTIM-PERPETRATOR,REANALYSIS-NONE,SEMI-STRUCTURED-LEGACY-FLAG,MAB,CONTINUOUS_PD,,QUARANTINE,Q15B,F22
e193e8a4ab62,AIC-BIOMARKER,ID-DEFINED,TIME-DEFINED,DOSE-DEFINED,REGIMEN-FIXED,BIOANALYTICAL-FINAL-FLAG-MISSING,COVARIATE-BASELINE-ONLY,SUBJECT-LEVEL-COVARIATE,SINGLE-ANALYTE,REANALYSIS-NONE,STRUCTURED,MAB,CONTINUOUS_PD,,QUARANTINE,Q15A,F01
e4611e73b1c4,AIC-BIOMARKER,ID-DEFINED,TIME-DEFINED,DOSE-DEFINED,REGIMEN-FIXED,BIOANALYTICAL-FINAL-FLAG-MISSING,COVARIATE-BASELINE-ONLY,SUBJECT-LEVEL-COVARIATE,SINGLE-ANALYTE,REANALYSIS-NONE,SEMI-STRUCTURED-LEGACY-FLAG,MAB,CONTINUOUS_PD,,QUARANTINE,Q15A,F01
e1ba1a4ea8ce,AIC-BIOMARKER,ID-DEFINED,TIME-DEFINED,DOSE-DEFINED,REGIMEN-FIXED,BIOANALYTICAL-FINAL-FLAG-MISSING,COVARIATE-BASELINE-ONLY,SUBJECT-LEVEL-COVARIATE,MULTI-CMT-DEFINED,REANALYSIS-NONE,STRUCTURED,MAB,CONTINUOUS_PD,,QUARANTINE,Q15A,F01
934a83afadae,AIC-BIOMARKER,ID-DEFINED,TIME-DEFINED,DOSE-DEFINED,REGIMEN-FIXED,BIOANALYTICAL-FINAL-FLAG-MISSING,COVARIATE-BASELINE-ONLY,SUBJECT-LEVEL-COVARIATE,MULTI-CMT-DEFINED,REANALYSIS-NONE,SEMI-STRUCTURED-LEGACY-FLAG,MAB,CONTINUOUS_PD,,QUARANTINE,Q15A,F01
8c7317318642,AIC-BIOMARKER,ID-DEFINED,TIME-DEFINED,DOSE-DEFINED,REGIMEN-FIXED,BIOANALYTICAL-FINAL-FLAG-MISSING,COVARIATE-BASELINE-ONLY,SUBJECT-LEVEL-COVARIATE,DDI-VICTIM-PERPETRATOR,REANALYSIS-NONE,STRUCTURED,MAB,CONTINUOUS_PD,,QUARANTINE,Q15A,F22
9811c376c79f,AIC-BIOMARKER,ID-DEFINED,TIME-DEFINED,DOSE-DEFINED,REGIMEN-FIXED,BIOANALYTICAL-FINAL-FLAG-MISSING,COVARIATE-BASELINE-ONLY,SUBJECT-LEVEL-COVARIATE,DDI-VICTIM-PERPETRATOR,REANALYSIS-NONE,SEMI-STRUCTURED-LEGACY-FLAG,MAB,CONTINUOUS_PD,,QUARANTINE,Q15A,F22
0175485e8d8a,AIC-BIOMARKER,ID-DEFINED,TIME-DEFINED,DOSE-DEFINED,ADDL-ACTUAL-CONFLICT,BIOANALYTICAL-FINAL,COVARIATE-BASELINE-ONLY,SUBJECT-LEVEL-COVARIATE,SINGLE-ANALYTE,REANALYSIS-NONE,STRUCTURED,MAB,CONTINUOUS_PD,,AUTO,,F01
ff90f3b1ed09,AIC-BIOMARKER,ID-DEFINED,TIME-DEFINED,DOSE-DEFINED,ADDL-ACTUAL-CONFLICT,BIOANALYTICAL-FINAL,COVARIATE-BASELINE-ONLY,SUBJECT-LEVEL-COVARIATE,SINGLE-ANALYTE,REANALYSIS-NONE,SEMI-STRUCTURED-LEGACY-FLAG,MAB,CONTINUOUS_PD,,QUARANTINE,Q15B,F01
b2e6f2df4727,AIC-BIOMARKER,ID-DEFINED,TIME-DEFINED,DOSE-DEFINED,ADDL-ACTUAL-CONFLICT,BIOANALYTICAL-FINAL,COVARIATE-BASELINE-ONLY,SUBJECT-LEVEL-COVARIATE,MULTI-CMT-DEFINED,REANALYSIS-NONE,STRUCTURED,MAB,CONTINUOUS_PD,,REPAIR,,F01
845ed93c32ad,AIC-BIOMARKER,ID-DEFINED,TIME-DEFINED,DOSE-DEFINED,ADDL-ACTUAL-CONFLICT,BIOANALYTICAL-FINAL,COVARIATE-BASELINE-ONLY,SUBJECT-LEVEL-COVARIATE,MULTI-CMT-DEFINED,REANALYSIS-NONE,SEMI-STRUCTURED-LEGACY-FLAG,MAB,CONTINUOUS_PD,,QUARANTINE,Q15B,F01
bfe237512a01,AIC-BIOMARKER,ID-DEFINED,TIME-DEFINED,DOSE-DEFINED,ADDL-ACTUAL-CONFLICT,BIOANALYTICAL-FINAL,COVARIATE-BASELINE-ONLY,SUBJECT-LEVEL-COVARIATE,DDI-VICTIM-PERPETRATOR,REANALYSIS-NONE,STRUCTURED,MAB,CONTINUOUS_PD,,REPAIR,,F22
8cda0a233720,AIC-BIOMARKER,ID-DEFINED,TIME-DEFINED,DOSE-DEFINED,ADDL-ACTUAL-CONFLICT,BIOANALYTICAL-FINAL,COVARIATE-BASELINE-ONLY,SUBJECT-LEVEL-COVARIATE,DDI-VICTIM-PERPETRATOR,REANALYSIS-NONE,SEMI-STRUCTURED-LEGACY-FLAG,MAB,CONTINUOUS_PD,,QUARANTINE,Q15B,F22
70c0941b7508,AIC-BIOMARKER,ID-DEFINED,TIME-DEFINED,DOSE-DEFINED,ADDL-ACTUAL-CONFLICT,BLQ-DEFINED-POLICY,COVARIATE-BASELINE-ONLY,SUBJECT-LEVEL-COVARIATE,SINGLE-ANALYTE,REANALYSIS-NONE,STRUCTURED,MAB,CONTINUOUS_PD,,REPAIR,,F01
6b6f1a73583a,AIC-BIOMARKER,ID-DEFINED,TIME-DEFINED,DOSE-DEFINED,ADDL-ACTUAL-CONFLICT,BLQ-DEFINED-POLICY,COVARIATE-BASELINE-ONLY,SUBJECT-LEVEL-COVARIATE,SINGLE-ANALYTE,REANALYSIS-NONE,SEMI-STRUCTURED-LEGACY-FLAG,MAB,CONTINUOUS_PD,,QUARANTINE,Q15B,F01
867aaf6b7074,AIC-BIOMARKER,ID-DEFINED,TIME-DEFINED,DOSE-DEFINED,ADDL-ACTUAL-CONFLICT,BLQ-DEFINED-POLICY,COVARIATE-BASELINE-ONLY,SUBJECT-LEVEL-COVARIATE,MULTI-CMT-DEFINED,REANALYSIS-NONE,STRUCTURED,MAB,CONTINUOUS_PD,,REPAIR,,F01
d1cdf41c7ece,AIC-BIOMARKER,ID-DEFINED,TIME-DEFINED,DOSE-DEFINED,ADDL-ACTUAL-CONFLICT,BLQ-DEFINED-POLICY,COVARIATE-BASELINE-ONLY,SUBJECT-LEVEL-COVARIATE,MULTI-CMT-DEFINED,REANALYSIS-NONE,SEMI-STRUCTURED-LEGACY-FLAG,MAB,CONTINUOUS_PD,,QUARANTINE,Q15B,F01
a3f601bf6e27,AIC-BIOMARKER,ID-DEFINED,TIME-DEFINED,DOSE-DEFINED,ADDL-ACTUAL-CONFLICT,BLQ-DEFINED-POLICY,COVARIATE-BASELINE-ONLY,SUBJECT-LEVEL-COVARIATE,DDI-VICTIM-PERPETRATOR,REANALYSIS-NONE,STRUCTURED,MAB,CONTINUOUS_PD,,REPAIR,,F22
694d610a792f,AIC-BIOMARKER,ID-DEFINED,TIME-DEFINED,DOSE-DEFINED,ADDL-ACTUAL-CONFLICT,BLQ-DEFINED-POLICY,COVARIATE-BASELINE-ONLY,SUBJECT-LEVEL-COVARIATE,DDI-VICTIM-PERPETRATOR,REANALYSIS-NONE,SEMI-STRUCTURED-LEGACY-FLAG,MAB,CONTINUOUS_PD,,QUARANTINE,Q15B,F22
d1ffbb0f796c,AIC-BIOMARKER,ID-DEFINED,TIME-DEFINED,DOSE-DEFINED,ADDL-ACTUAL-CONFLICT,BIOANALYTICAL-FINAL-FLAG-MISSING,COVARIATE-BASELINE-ONLY,SUBJECT-LEVEL-COVARIATE,SINGLE-ANALYTE,REANALYSIS-NONE,STRUCTURED,MAB,CONTINUOUS_PD,,QUARANTINE,Q15A,F01
4085767654e2,AIC-BIOMARKER,ID-DEFINED,TIME-DEFINED,DOSE-DEFINED,ADDL-ACTUAL-CONFLICT,BIOANALYTICAL-FINAL-FLAG-MISSING,COVARIATE-BASELINE-ONLY,SUBJECT-LEVEL-COVARIATE,SINGLE-ANALYTE,REANALYSIS-NONE,SEMI-STRUCTURED-LEGACY-FLAG,MAB,CONTINUOUS_PD,,QUARANTINE,Q15A,F01
533fa58b8e20,AIC-BIOMARKER,ID-DEFINED,TIME-DEFINED,DOSE-DEFINED,ADDL-ACTUAL-CONFLICT,BIOANALYTICAL-FINAL-FLAG-MISSING,COVARIATE-BASELINE-ONLY,SUBJECT-LEVEL-COVARIATE,MULTI-CMT-DEFINED,REANALYSIS-NONE,STRUCTURED,MAB,CONTINUOUS_PD,,QUARANTINE,Q15A,F01
715dde12277d,AIC-BIOMARKER,ID-DEFINED,TIME-DEFINED,DOSE-DEFINED,ADDL-ACTUAL-CONFLICT,BIOANALYTICAL-FINAL-FLAG-MISSING,COVARIATE-BASELINE-ONLY,SUBJECT-LEVEL-COVARIATE,MULTI-CMT-DEFINED,REANALYSIS-NONE,SEMI-STRUCTURED-LEGACY-FLAG,MAB,CONTINUOUS_PD,,QUARANTINE,Q15A,F01
b8e5e7717987,AIC-BIOMARKER,ID-DEFINED,TIME-DEFINED,DOSE-DEFINED,ADDL-ACTUAL-CONFLICT,BIOANALYTICAL-FINAL-FLAG-MISSING,COVARIATE-BASELINE-ONLY,SUBJECT-LEVEL-COVARIATE,DDI-VICTIM-PERPETRATOR,REANALYSIS-NONE,STRUCTURED,MAB,CONTINUOUS_PD,,QUARANTINE,Q15A,F22
d3a83b8a8bb3,AIC-BIOMARKER,ID-DEFINED,TIME-DEFINED,DOSE-DEFINED,ADDL-ACTUAL-CONFLICT,BIOANALYTICAL-FINAL-FLAG-MISSING,COVARIATE-BASELINE-ONLY,SUBJECT-LEVEL-COVARIATE,DDI-VICTIM-PERPETRATOR,REANALYSIS-NONE,SEMI-STRUCTURED-LEGACY-FLAG,MAB,CONTINUOUS_PD,,QUARANTINE,Q15A,F22
3dffe9f8980b,AIC-BIOMARKER,ID-DEFINED,TIME-DEFINED,DOSE-DEFINED,REGIMEN-FIXED,BIOANALYTICAL-FINAL,COVARIATE-BASELINE-ONLY,SUBJECT-LEVEL-COVARIATE,SINGLE-ANALYTE,REANALYSIS-NONE,STRUCTURED,ADC,CONTINUOUS_PD,,AUTO,,F01
46ed6c81c9e4,AIC-BIOMARKER,ID-DEFINED,TIME-DEFINED,DOSE-DEFINED,REGIMEN-FIXED,BIOANALYTICAL-FINAL,COVARIATE-BASELINE-ONLY,SUBJECT-LEVEL-COVARIATE,SINGLE-ANALYTE,REANALYSIS-NONE,SEMI-STRUCTURED-LEGACY-FLAG,ADC,CONTINUOUS_PD,,QUARANTINE,Q15B,F01
eb691419f8e6,AIC-BIOMARKER,ID-DEFINED,TIME-DEFINED,DOSE-DEFINED,REGIMEN-FIXED,BIOANALYTICAL-FINAL,COVARIATE-BASELINE-ONLY,SUBJECT-LEVEL-COVARIATE,MULTI-CMT-DEFINED,REANALYSIS-NONE,STRUCTURED,ADC,CONTINUOUS_PD,TOTAL_ANTIBODY|CONJUGATED_ADC|UNCONJUGATED_PAYLOAD,REPAIR,,F24
a662996989ce,AIC-BIOMARKER,ID-DEFINED,TIME-DEFINED,DOSE-DEFINED,REGIMEN-FIXED,BIOANALYTICAL-FINAL,COVARIATE-BASELINE-ONLY,SUBJECT-LEVEL-COVARIATE,MULTI-CMT-DEFINED,REANALYSIS-NONE,STRUCTURED,ADC,CONTINUOUS_PD,,QUARANTINE,Q16,F24
2bf4961bf38b,AIC-BIOMARKER,ID-DEFINED,TIME-DEFINED,DOSE-DEFINED,REGIMEN-FIXED,BIOANALYTICAL-FINAL,COVARIATE-BASELINE-ONLY,SUBJECT-LEVEL-COVARIATE,MULTI-CMT-DEFINED,REANALYSIS-NONE,SEMI-STRUCTURED-LEGACY-FLAG,ADC,CONTINUOUS_PD,TOTAL_ANTIBODY|CONJUGATED_ADC|UNCONJUGATED_PAYLOAD,QUARANTINE,Q15B,F24
75a3f0d868a1,AIC-BIOMARKER,ID-DEFINED,TIME-DEFINED,DOSE-DEFINED,REGIMEN-FIXED,BIOANALYTICAL-FINAL,COVARIATE-BASELINE-ONLY,SUBJECT-LEVEL-COVARIATE,MULTI-CMT-DEFINED,REANALYSIS-NONE,SEMI-STRUCTURED-LEGACY-FLAG,ADC,CONTINUOUS_PD,,QUARANTINE,Q16,F24
eb80a03b96c5,AIC-BIOMARKER,ID-DEFINED,TIME-DEFINED,DOSE-DEFINED,REGIMEN-FIXED,BIOANALYTICAL-FINAL,COVARIATE-BASELINE-ONLY,SUBJECT-LEVEL-COVARIATE,DDI-VICTIM-PERPETRATOR,REANALYSIS-NONE,STRUCTURED,ADC,CONTINUOUS_PD,TOTAL_ANTIBODY|CONJUGATED_ADC|UNCONJUGATED_PAYLOAD,REPAIR,,F22
46d5587af054,AIC-BIOMARKER,ID-DEFINED,TIME-DEFINED,DOSE-DEFINED,REGIMEN-FIXED,BIOANALYTICAL-FINAL,COVARIATE-BASELINE-ONLY,SUBJECT-LEVEL-COVARIATE,DDI-VICTIM-PERPETRATOR,REANALYSIS-NONE,STRUCTURED,ADC,CONTINUOUS_PD,,QUARANTINE,Q16,F22
e72aeaebc59d,AIC-BIOMARKER,ID-DEFINED,TIME-DEFINED,DOSE-DEFINED,REGIMEN-FIXED,BIOANALYTICAL-FINAL,COVARIATE-BASELINE-ONLY,SUBJECT-LEVEL-COVARIATE,DDI-VICTIM-PERPETRATOR,REANALYSIS-NONE,SEMI-STRUCTURED-LEGACY-FLAG,ADC,CONTINUOUS_PD,TOTAL_ANTIBODY|CONJUGATED_ADC|UNCONJUGATED_PAYLOAD,QUARANTINE,Q15B,F22
d5890b1e7dbb,AIC-BIOMARKER,ID-DEFINED,TIME-DEFINED,DOSE-DEFINED,REGIMEN-FIXED,BIOANALYTICAL-FINAL,COVARIATE-BASELINE-ONLY,SUBJECT-LEVEL-COVARIATE,DDI-VICTIM-PERPETRATOR,REANALYSIS-NONE,SEMI-STRUCTURED-LEGACY-FLAG,ADC,CONTINUOUS_PD,,QUARANTINE,Q16,F22
3613e3f1726b,AIC-BIOMARKER,ID-DEFINED,TIME-DEFINED,DOSE-DEFINED,REGIMEN-FIXED,BLQ-DEFINED-POLICY,COVARIATE-BASELINE-ONLY,SUBJECT-LEVEL-COVARIATE,SINGLE-ANALYTE,REANALYSIS-NONE,STRUCTURED,ADC,CONTINUOUS_PD,,REPAIR,,F01
5e0997a17abc,AIC-BIOMARKER,ID-DEFINED,TIME-DEFINED,DOSE-DEFINED,REGIMEN-FIXED,BLQ-DEFINED-POLICY,COVARIATE-BASELINE-ONLY,SUBJECT-LEVEL-COVARIATE,SINGLE-ANALYTE,REANALYSIS-NONE,SEMI-STRUCTURED-LEGACY-FLAG,ADC,CONTINUOUS_PD,,QUARANTINE,Q15B,F01
b22d6af3e971,AIC-BIOMARKER,ID-DEFINED,TIME-DEFINED,DOSE-DEFINED,REGIMEN-FIXED,BLQ-DEFINED-POLICY,COVARIATE-BASELINE-ONLY,SUBJECT-LEVEL-COVARIATE,MULTI-CMT-DEFINED,REANALYSIS-NONE,STRUCTURED,ADC,CONTINUOUS_PD,TOTAL_ANTIBODY|CONJUGATED_ADC|UNCONJUGATED_PAYLOAD,REPAIR,,F24
ca9abc86eef3,AIC-BIOMARKER,ID-DEFINED,TIME-DEFINED,DOSE-DEFINED,REGIMEN-FIXED,BLQ-DEFINED-POLICY,COVARIATE-BASELINE-ONLY,SUBJECT-LEVEL-COVARIATE,MULTI-CMT-DEFINED,REANALYSIS-NONE,STRUCTURED,ADC,CONTINUOUS_PD,,QUARANTINE,Q16,F24
5c81d72ff3b4,AIC-BIOMARKER,ID-DEFINED,TIME-DEFINED,DOSE-DEFINED,REGIMEN-FIXED,BLQ-DEFINED-POLICY,COVARIATE-BASELINE-ONLY,SUBJECT-LEVEL-COVARIATE,MULTI-CMT-DEFINED,REANALYSIS-NONE,SEMI-STRUCTURED-LEGACY-FLAG,ADC,CONTINUOUS_PD,TOTAL_ANTIBODY|CONJUGATED_ADC|UNCONJUGATED_PAYLOAD,QUARANTINE,Q15B,F24
9623dce8da6e,AIC-BIOMARKER,ID-DEFINED,TIME-DEFINED,DOSE-DEFINED,REGIMEN-FIXED,BLQ-DEFINED-POLICY,COVARIATE-BASELINE-ONLY,SUBJECT-LEVEL-COVARIATE,MULTI-CMT-DEFINED,REANALYSIS-NONE,SEMI-STRUCTURED-LEGACY-FLAG,ADC,CONTINUOUS_PD,,QUARANTINE,Q16,F24
6f982013e20b,AIC-BIOMARKER,ID-DEFINED,TIME-DEFINED,DOSE-DEFINED,REGIMEN-FIXED,BLQ-DEFINED-POLICY,COVARIATE-BASELINE-ONLY,SUBJECT-LEVEL-COVARIATE,DDI-VICTIM-PERPETRATOR,REANALYSIS-NONE,STRUCTURED,ADC,CONTINUOUS_PD,TOTAL_ANTIBODY|CONJUGATED_ADC|UNCONJUGATED_PAYLOAD,REPAIR,,F22
95f79ded0b31,AIC-BIOMARKER,ID-DEFINED,TIME-DEFINED,DOSE-DEFINED,REGIMEN-FIXED,BLQ-DEFINED-POLICY,COVARIATE-BASELINE-ONLY,SUBJECT-LEVEL-COVARIATE,DDI-VICTIM-PERPETRATOR,REANALYSIS-NONE,STRUCTURED,ADC,CONTINUOUS_PD,,QUARANTINE,Q16,F22
0eeffefa0b48,AIC-BIOMARKER,ID-DEFINED,TIME-DEFINED,DOSE-DEFINED,REGIMEN-FIXED,BLQ-DEFINED-POLICY,COVARIATE-BASELINE-ONLY,SUBJECT-LEVEL-COVARIATE,DDI-VICTIM-PERPETRATOR,REANALYSIS-NONE,SEMI-STRUCTURED-LEGACY-FLAG,ADC,CONTINUOUS_PD,TOTAL_ANTIBODY|CONJUGATED_ADC|UNCONJUGATED_PAYLOAD,QUARANTINE,Q15B,F22
02778675c2bd,AIC-BIOMARKER,ID-DEFINED,TIME-DEFINED,DOSE-DEFINED,REGIMEN-FIXED,BLQ-DEFINED-POLICY,COVARIATE-BASELINE-ONLY,SUBJECT-LEVEL-COVARIATE,DDI-VICTIM-PERPETRATOR,REANALYSIS-NONE,SEMI-STRUCTURED-LEGACY-FLAG,ADC,CONTINUOUS_PD,,QUARANTINE,Q16,F22
6b05a7318cc2,AIC-BIOMARKER,ID-DEFINED,TIME-DEFINED,DOSE-DEFINED,REGIMEN-FIXED,BIOANALYTICAL-FINAL-FLAG-MISSING,COVARIATE-BASELINE-ONLY,SUBJECT-LEVEL-COVARIATE,SINGLE-ANALYTE,REANALYSIS-NONE,STRUCTURED,ADC,CONTINUOUS_PD,,QUARANTINE,Q15A,F01
2d361113e965,AIC-BIOMARKER,ID-DEFINED,TIME-DEFINED,DOSE-DEFINED,REGIMEN-FIXED,BIOANALYTICAL-FINAL-FLAG-MISSING,COVARIATE-BASELINE-ONLY,SUBJECT-LEVEL-COVARIATE,SINGLE-ANALYTE,REANALYSIS-NONE,SEMI-STRUCTURED-LEGACY-FLAG,ADC,CONTINUOUS_PD,,QUARANTINE,Q15A,F01
33bd8ee1cc3b,AIC-BIOMARKER,ID-DEFINED,TIME-DEFINED,DOSE-DEFINED,REGIMEN-FIXED,BIOANALYTICAL-FINAL-FLAG-MISSING,COVARIATE-BASELINE-ONLY,SUBJECT-LEVEL-COVARIATE,MULTI-CMT-DEFINED,REANALYSIS-NONE,STRUCTURED,ADC,CONTINUOUS_PD,TOTAL_ANTIBODY|CONJUGATED_ADC|UNCONJUGATED_PAYLOAD,QUARANTINE,Q15A,F24
21612b4331b2,AIC-BIOMARKER,ID-DEFINED,TIME-DEFINED,DOSE-DEFINED,REGIMEN-FIXED,BIOANALYTICAL-FINAL-FLAG-MISSING,COVARIATE-BASELINE-ONLY,SUBJECT-LEVEL-COVARIATE,MULTI-CMT-DEFINED,REANALYSIS-NONE,STRUCTURED,ADC,CONTINUOUS_PD,,QUARANTINE,Q15A,F24
3a07aab4516f,AIC-BIOMARKER,ID-DEFINED,TIME-DEFINED,DOSE-DEFINED,REGIMEN-FIXED,BIOANALYTICAL-FINAL-FLAG-MISSING,COVARIATE-BASELINE-ONLY,SUBJECT-LEVEL-COVARIATE,MULTI-CMT-DEFINED,REANALYSIS-NONE,SEMI-STRUCTURED-LEGACY-FLAG,ADC,CONTINUOUS_PD,TOTAL_ANTIBODY|CONJUGATED_ADC|UNCONJUGATED_PAYLOAD,QUARANTINE,Q15A,F24
5a508e986001,AIC-BIOMARKER,ID-DEFINED,TIME-DEFINED,DOSE-DEFINED,REGIMEN-FIXED,BIOANALYTICAL-FINAL-FLAG-MISSING,COVARIATE-BASELINE-ONLY,SUBJECT-LEVEL-COVARIATE,MULTI-CMT-DEFINED,REANALYSIS-NONE,SEMI-STRUCTURED-LEGACY-FLAG,ADC,CONTINUOUS_PD,,QUARANTINE,Q15A,F24
8e29d42c888b,AIC-BIOMARKER,ID-DEFINED,TIME-DEFINED,DOSE-DEFINED,REGIMEN-FIXED,BIOANALYTICAL-FINAL-FLAG-MISSING,COVARIATE-BASELINE-ONLY,SUBJECT-LEVEL-COVARIATE,DDI-VICTIM-PERPETRATOR,REANALYSIS-NONE,STRUCTURED,ADC,CONTINUOUS_PD,TOTAL_ANTIBODY|CONJUGATED_ADC|UNCONJUGATED_PAYLOAD,QUARANTINE,Q15A,F22
1d848b038fe6,AIC-BIOMARKER,ID-DEFINED,TIME-DEFINED,DOSE-DEFINED,REGIMEN-FIXED,BIOANALYTICAL-FINAL-FLAG-MISSING,COVARIATE-BASELINE-ONLY,SUBJECT-LEVEL-COVARIATE,DDI-VICTIM-PERPETRATOR,REANALYSIS-NONE,STRUCTURED,ADC,CONTINUOUS_PD,,QUARANTINE,Q15A,F22
9484ff78211c,AIC-BIOMARKER,ID-DEFINED,TIME-DEFINED,DOSE-DEFINED,REGIMEN-FIXED,BIOANALYTICAL-FINAL-FLAG-MISSING,COVARIATE-BASELINE-ONLY,SUBJECT-LEVEL-COVARIATE,DDI-VICTIM-PERPETRATOR,REANALYSIS-NONE,SEMI-STRUCTURED-LEGACY-FLAG,ADC,CONTINUOUS_PD,TOTAL_ANTIBODY|CONJUGATED_ADC|UNCONJUGATED_PAYLOAD,QUARANTINE,Q15A,F22
233e799f487a,AIC-BIOMARKER,ID-DEFINED,TIME-DEFINED,DOSE-DEFINED,REGIMEN-FIXED,BIOANALYTICAL-FINAL-FLAG-MISSING,COVARIATE-BASELINE-ONLY,SUBJECT-LEVEL-COVARIATE,DDI-VICTIM-PERPETRATOR,REANALYSIS-NONE,SEMI-STRUCTURED-LEGACY-FLAG,ADC,CONTINUOUS_PD,,QUARANTINE,Q15A,F22
aade198d7ae0,AIC-BIOMARKER,ID-DEFINED,TIME-DEFINED,DOSE-DEFINED,ADDL-ACTUAL-CONFLICT,BIOANALYTICAL-FINAL,COVARIATE-BASELINE-ONLY,SUBJECT-LEVEL-COVARIATE,SINGLE-ANALYTE,REANALYSIS-NONE,STRUCTURED,ADC,CONTINUOUS_PD,,AUTO,,F01
3d51fb7dd492,AIC-BIOMARKER,ID-DEFINED,TIME-DEFINED,DOSE-DEFINED,ADDL-ACTUAL-CONFLICT,BIOANALYTICAL-FINAL,COVARIATE-BASELINE-ONLY,SUBJECT-LEVEL-COVARIATE,SINGLE-ANALYTE,REANALYSIS-NONE,SEMI-STRUCTURED-LEGACY-FLAG,ADC,CONTINUOUS_PD,,QUARANTINE,Q15B,F01
d38756810747,AIC-BIOMARKER,ID-DEFINED,TIME-DEFINED,DOSE-DEFINED,ADDL-ACTUAL-CONFLICT,BIOANALYTICAL-FINAL,COVARIATE-BASELINE-ONLY,SUBJECT-LEVEL-COVARIATE,MULTI-CMT-DEFINED,REANALYSIS-NONE,STRUCTURED,ADC,CONTINUOUS_PD,TOTAL_ANTIBODY|CONJUGATED_ADC|UNCONJUGATED_PAYLOAD,REPAIR,,F24
639cf1d32154,AIC-BIOMARKER,ID-DEFINED,TIME-DEFINED,DOSE-DEFINED,ADDL-ACTUAL-CONFLICT,BIOANALYTICAL-FINAL,COVARIATE-BASELINE-ONLY,SUBJECT-LEVEL-COVARIATE,MULTI-CMT-DEFINED,REANALYSIS-NONE,STRUCTURED,ADC,CONTINUOUS_PD,,QUARANTINE,Q16,F24
0ff054db4483,AIC-BIOMARKER,ID-DEFINED,TIME-DEFINED,DOSE-DEFINED,ADDL-ACTUAL-CONFLICT,BIOANALYTICAL-FINAL,COVARIATE-BASELINE-ONLY,SUBJECT-LEVEL-COVARIATE,MULTI-CMT-DEFINED,REANALYSIS-NONE,SEMI-STRUCTURED-LEGACY-FLAG,ADC,CONTINUOUS_PD,TOTAL_ANTIBODY|CONJUGATED_ADC|UNCONJUGATED_PAYLOAD,QUARANTINE,Q15B,F24
8d0a21552ec4,AIC-BIOMARKER,ID-DEFINED,TIME-DEFINED,DOSE-DEFINED,ADDL-ACTUAL-CONFLICT,BIOANALYTICAL-FINAL,COVARIATE-BASELINE-ONLY,SUBJECT-LEVEL-COVARIATE,MULTI-CMT-DEFINED,REANALYSIS-NONE,SEMI-STRUCTURED-LEGACY-FLAG,ADC,CONTINUOUS_PD,,QUARANTINE,Q16,F24
a47e3479e248,AIC-BIOMARKER,ID-DEFINED,TIME-DEFINED,DOSE-DEFINED,ADDL-ACTUAL-CONFLICT,BIOANALYTICAL-FINAL,COVARIATE-BASELINE-ONLY,SUBJECT-LEVEL-COVARIATE,DDI-VICTIM-PERPETRATOR,REANALYSIS-NONE,STRUCTURED,ADC,CONTINUOUS_PD,TOTAL_ANTIBODY|CONJUGATED_ADC|UNCONJUGATED_PAYLOAD,REPAIR,,F22
b0475411d711,AIC-BIOMARKER,ID-DEFINED,TIME-DEFINED,DOSE-DEFINED,ADDL-ACTUAL-CONFLICT,BIOANALYTICAL-FINAL,COVARIATE-BASELINE-ONLY,SUBJECT-LEVEL-COVARIATE,DDI-VICTIM-PERPETRATOR,REANALYSIS-NONE,STRUCTURED,ADC,CONTINUOUS_PD,,QUARANTINE,Q16,F22
58a0e3587cd8,AIC-BIOMARKER,ID-DEFINED,TIME-DEFINED,DOSE-DEFINED,ADDL-ACTUAL-CONFLICT,BIOANALYTICAL-FINAL,COVARIATE-BASELINE-ONLY,SUBJECT-LEVEL-COVARIATE,DDI-VICTIM-PERPETRATOR,REANALYSIS-NONE,SEMI-STRUCTURED-LEGACY-FLAG,ADC,CONTINUOUS_PD,TOTAL_ANTIBODY|CONJUGATED_ADC|UNCONJUGATED_PAYLOAD,QUARANTINE,Q15B,F22
483db4971922,AIC-BIOMARKER,ID-DEFINED,TIME-DEFINED,DOSE-DEFINED,ADDL-ACTUAL-CONFLICT,BIOANALYTICAL-FINAL,COVARIATE-BASELINE-ONLY,SUBJECT-LEVEL-COVARIATE,DDI-VICTIM-PERPETRATOR,REANALYSIS-NONE,SEMI-STRUCTURED-LEGACY-FLAG,ADC,CONTINUOUS_PD,,QUARANTINE,Q16,F22
4e1627b019b0,AIC-BIOMARKER,ID-DEFINED,TIME-DEFINED,DOSE-DEFINED,ADDL-ACTUAL-CONFLICT,BLQ-DEFINED-POLICY,COVARIATE-BASELINE-ONLY,SUBJECT-LEVEL-COVARIATE,SINGLE-ANALYTE,REANALYSIS-NONE,STRUCTURED,ADC,CONTINUOUS_PD,,REPAIR,,F01
02545e1b2d3b,AIC-BIOMARKER,ID-DEFINED,TIME-DEFINED,DOSE-DEFINED,ADDL-ACTUAL-CONFLICT,BLQ-DEFINED-POLICY,COVARIATE-BASELINE-ONLY,SUBJECT-LEVEL-COVARIATE,SINGLE-ANALYTE,REANALYSIS-NONE,SEMI-STRUCTURED-LEGACY-FLAG,ADC,CONTINUOUS_PD,,QUARANTINE,Q15B,F01
cd4113157161,AIC-BIOMARKER,ID-DEFINED,TIME-DEFINED,DOSE-DEFINED,ADDL-ACTUAL-CONFLICT,BLQ-DEFINED-POLICY,COVARIATE-BASELINE-ONLY,SUBJECT-LEVEL-COVARIATE,MULTI-CMT-DEFINED,REANALYSIS-NONE,STRUCTURED,ADC,CONTINUOUS_PD,TOTAL_ANTIBODY|CONJUGATED_ADC|UNCONJUGATED_PAYLOAD,REPAIR,,F24
63a2a441a600,AIC-BIOMARKER,ID-DEFINED,TIME-DEFINED,DOSE-DEFINED,ADDL-ACTUAL-CONFLICT,BLQ-DEFINED-POLICY,COVARIATE-BASELINE-ONLY,SUBJECT-LEVEL-COVARIATE,MULTI-CMT-DEFINED,REANALYSIS-NONE,STRUCTURED,ADC,CONTINUOUS_PD,,QUARANTINE,Q16,F24
41f358929403,AIC-BIOMARKER,ID-DEFINED,TIME-DEFINED,DOSE-DEFINED,ADDL-ACTUAL-CONFLICT,BLQ-DEFINED-POLICY,COVARIATE-BASELINE-ONLY,SUBJECT-LEVEL-COVARIATE,MULTI-CMT-DEFINED,REANALYSIS-NONE,SEMI-STRUCTURED-LEGACY-FLAG,ADC,CONTINUOUS_PD,TOTAL_ANTIBODY|CONJUGATED_ADC|UNCONJUGATED_PAYLOAD,QUARANTINE,Q15B,F24
9c200260ac15,AIC-BIOMARKER,ID-DEFINED,TIME-DEFINED,DOSE-DEFINED,ADDL-ACTUAL-CONFLICT,BLQ-DEFINED-POLICY,COVARIATE-BASELINE-ONLY,SUBJECT-LEVEL-COVARIATE,MULTI-CMT-DEFINED,REANALYSIS-NONE,SEMI-STRUCTURED-LEGACY-FLAG,ADC,CONTINUOUS_PD,,QUARANTINE,Q16,F24
998ef074347c,AIC-BIOMARKER,ID-DEFINED,TIME-DEFINED,DOSE-DEFINED,ADDL-ACTUAL-CONFLICT,BLQ-DEFINED-POLICY,COVARIATE-BASELINE-ONLY,SUBJECT-LEVEL-COVARIATE,DDI-VICTIM-PERPETRATOR,REANALYSIS-NONE,STRUCTURED,ADC,CONTINUOUS_PD,TOTAL_ANTIBODY|CONJUGATED_ADC|UNCONJUGATED_PAYLOAD,REPAIR,,F22
3515a3020e44,AIC-BIOMARKER,ID-DEFINED,TIME-DEFINED,DOSE-DEFINED,ADDL-ACTUAL-CONFLICT,BLQ-DEFINED-POLICY,COVARIATE-BASELINE-ONLY,SUBJECT-LEVEL-COVARIATE,DDI-VICTIM-PERPETRATOR,REANALYSIS-NONE,STRUCTURED,ADC,CONTINUOUS_PD,,QUARANTINE,Q16,F22
b6c3a7498ea6,AIC-BIOMARKER,ID-DEFINED,TIME-DEFINED,DOSE-DEFINED,ADDL-ACTUAL-CONFLICT,BLQ-DEFINED-POLICY,COVARIATE-BASELINE-ONLY,SUBJECT-LEVEL-COVARIATE,DDI-VICTIM-PERPETRATOR,REANALYSIS-NONE,SEMI-STRUCTURED-LEGACY-FLAG,ADC,CONTINUOUS_PD,TOTAL_ANTIBODY|CONJUGATED_ADC|UNCONJUGATED_PAYLOAD,QUARANTINE,Q15B,F22
8ecf28b010df,AIC-BIOMARKER,ID-DEFINED,TIME-DEFINED,DOSE-DEFINED,ADDL-ACTUAL-CONFLICT,BLQ-DEFINED-POLICY,COVARIATE-BASELINE-ONLY,SUBJECT-LEVEL-COVARIATE,DDI-VICTIM-PERPETRATOR,REANALYSIS-NONE,SEMI-STRUCTURED-LEGACY-FLAG,ADC,CONTINUOUS_PD,,QUARANTINE,Q16,F22
021320725f99,AIC-BIOMARKER,ID-DEFINED,TIME-DEFINED,DOSE-DEFINED,ADDL-ACTUAL-CONFLICT,BIOANALYTICAL-FINAL-FLAG-MISSING,COVARIATE-BASELINE-ONLY,SUBJECT-LEVEL-COVARIATE,SINGLE-ANALYTE,REANALYSIS-NONE,STRUCTURED,ADC,CONTINUOUS_PD,,QUARANTINE,Q15A,F01
08749dd96a31,AIC-BIOMARKER,ID-DEFINED,TIME-DEFINED,DOSE-DEFINED,ADDL-ACTUAL-CONFLICT,BIOANALYTICAL-FINAL-FLAG-MISSING,COVARIATE-BASELINE-ONLY,SUBJECT-LEVEL-COVARIATE,SINGLE-ANALYTE,REANALYSIS-NONE,SEMI-STRUCTURED-LEGACY-FLAG,ADC,CONTINUOUS_PD,,QUARANTINE,Q15A,F01
7a7b007c8450,AIC-BIOMARKER,ID-DEFINED,TIME-DEFINED,DOSE-DEFINED,ADDL-ACTUAL-CONFLICT,BIOANALYTICAL-FINAL-FLAG-MISSING,COVARIATE-BASELINE-ONLY,SUBJECT-LEVEL-COVARIATE,MULTI-CMT-DEFINED,REANALYSIS-NONE,STRUCTURED,ADC,CONTINUOUS_PD,TOTAL_ANTIBODY|CONJUGATED_ADC|UNCONJUGATED_PAYLOAD,QUARANTINE,Q15A,F24
803cb01c8172,AIC-BIOMARKER,ID-DEFINED,TIME-DEFINED,DOSE-DEFINED,ADDL-ACTUAL-CONFLICT,BIOANALYTICAL-FINAL-FLAG-MISSING,COVARIATE-BASELINE-ONLY,SUBJECT-LEVEL-COVARIATE,MULTI-CMT-DEFINED,REANALYSIS-NONE,STRUCTURED,ADC,CONTINUOUS_PD,,QUARANTINE,Q15A,F24
b1c42a794787,AIC-BIOMARKER,ID-DEFINED,TIME-DEFINED,DOSE-DEFINED,ADDL-ACTUAL-CONFLICT,BIOANALYTICAL-FINAL-FLAG-MISSING,COVARIATE-BASELINE-ONLY,SUBJECT-LEVEL-COVARIATE,MULTI-CMT-DEFINED,REANALYSIS-NONE,SEMI-STRUCTURED-LEGACY-FLAG,ADC,CONTINUOUS_PD,TOTAL_ANTIBODY|CONJUGATED_ADC|UNCONJUGATED_PAYLOAD,QUARANTINE,Q15A,F24
d9bd6b2745ee,AIC-BIOMARKER,ID-DEFINED,TIME-DEFINED,DOSE-DEFINED,ADDL-ACTUAL-CONFLICT,BIOANALYTICAL-FINAL-FLAG-MISSING,COVARIATE-BASELINE-ONLY,SUBJECT-LEVEL-COVARIATE,MULTI-CMT-DEFINED,REANALYSIS-NONE,SEMI-STRUCTURED-LEGACY-FLAG,ADC,CONTINUOUS_PD,,QUARANTINE,Q15A,F24
d4315fd54353,AIC-BIOMARKER,ID-DEFINED,TIME-DEFINED,DOSE-DEFINED,ADDL-ACTUAL-CONFLICT,BIOANALYTICAL-FINAL-FLAG-MISSING,COVARIATE-BASELINE-ONLY,SUBJECT-LEVEL-COVARIATE,DDI-VICTIM-PERPETRATOR,REANALYSIS-NONE,STRUCTURED,ADC,CONTINUOUS_PD,TOTAL_ANTIBODY|CONJUGATED_ADC|UNCONJUGATED_PAYLOAD,QUARANTINE,Q15A,F22
feae644a840b,AIC-BIOMARKER,ID-DEFINED,TIME-DEFINED,DOSE-DEFINED,ADDL-ACTUAL-CONFLICT,BIOANALYTICAL-FINAL-FLAG-MISSING,COVARIATE-BASELINE-ONLY,SUBJECT-LEVEL-COVARIATE,DDI-VICTIM-PERPETRATOR,REANALYSIS-NONE,STRUCTURED,ADC,CONTINUOUS_PD,,QUARANTINE,Q15A,F22
ab8c3b6af074,AIC-BIOMARKER,ID-DEFINED,TIME-DEFINED,DOSE-DEFINED,ADDL-ACTUAL-CONFLICT,BIOANALYTICAL-FINAL-FLAG-MISSING,COVARIATE-BASELINE-ONLY,SUBJECT-LEVEL-COVARIATE,DDI-VICTIM-PERPETRATOR,REANALYSIS-NONE,SEMI-STRUCTURED-LEGACY-FLAG,ADC,CONTINUOUS_PD,TOTAL_ANTIBODY|CONJUGATED_ADC|UNCONJUGATED_PAYLOAD,QUARANTINE,Q15A,F22
5b2f51affb83,AIC-BIOMARKER,ID-DEFINED,TIME-DEFINED,DOSE-DEFINED,ADDL-ACTUAL-CONFLICT,BIOANALYTICAL-FINAL-FLAG-MISSING,COVARIATE-BASELINE-ONLY,SUBJECT-LEVEL-COVARIATE,DDI-VICTIM-PERPETRATOR,REANALYSIS-NONE,SEMI-STRUCTURED-LEGACY-FLAG,ADC,CONTINUOUS_PD,,QUARANTINE,Q15A,F22
42bbf963ba23,AIC-BIOMARKER,ID-DEFINED,TIME-DEFINED,DOSE-DEFINED,REGIMEN-FIXED,BIOANALYTICAL-FINAL,COVARIATE-BASELINE-ONLY,SUBJECT-LEVEL-COVARIATE,SINGLE-ANALYTE,REANALYSIS-NONE,STRUCTURED,BISPECIFIC,CONTINUOUS_PD,,AUTO,,F01
e7a4786c6eac,AIC-BIOMARKER,ID-DEFINED,TIME-DEFINED,DOSE-DEFINED,REGIMEN-FIXED,BIOANALYTICAL-FINAL,COVARIATE-BASELINE-ONLY,SUBJECT-LEVEL-COVARIATE,SINGLE-ANALYTE,REANALYSIS-NONE,SEMI-STRUCTURED-LEGACY-FLAG,BISPECIFIC,CONTINUOUS_PD,,QUARANTINE,Q15B,F01
e9467854b54a,AIC-BIOMARKER,ID-DEFINED,TIME-DEFINED,DOSE-DEFINED,REGIMEN-FIXED,BIOANALYTICAL-FINAL,COVARIATE-BASELINE-ONLY,SUBJECT-LEVEL-COVARIATE,MULTI-CMT-DEFINED,REANALYSIS-NONE,STRUCTURED,BISPECIFIC,CONTINUOUS_PD,PARENT|SOLUBLE_TARGET|DRUG_TARGET_COMPLEX,REPAIR,,F25
3cdec2d48f2e,AIC-BIOMARKER,ID-DEFINED,TIME-DEFINED,DOSE-DEFINED,REGIMEN-FIXED,BIOANALYTICAL-FINAL,COVARIATE-BASELINE-ONLY,SUBJECT-LEVEL-COVARIATE,MULTI-CMT-DEFINED,REANALYSIS-NONE,STRUCTURED,BISPECIFIC,CONTINUOUS_PD,,QUARANTINE,Q16,F25
6823c5b64cda,AIC-BIOMARKER,ID-DEFINED,TIME-DEFINED,DOSE-DEFINED,REGIMEN-FIXED,BIOANALYTICAL-FINAL,COVARIATE-BASELINE-ONLY,SUBJECT-LEVEL-COVARIATE,MULTI-CMT-DEFINED,REANALYSIS-NONE,SEMI-STRUCTURED-LEGACY-FLAG,BISPECIFIC,CONTINUOUS_PD,PARENT|SOLUBLE_TARGET|DRUG_TARGET_COMPLEX,QUARANTINE,Q15B,F25
5769b352bd4c,AIC-BIOMARKER,ID-DEFINED,TIME-DEFINED,DOSE-DEFINED,REGIMEN-FIXED,BIOANALYTICAL-FINAL,COVARIATE-BASELINE-ONLY,SUBJECT-LEVEL-COVARIATE,MULTI-CMT-DEFINED,REANALYSIS-NONE,SEMI-STRUCTURED-LEGACY-FLAG,BISPECIFIC,CONTINUOUS_PD,,QUARANTINE,Q16,F25
c7285c42f57b,AIC-BIOMARKER,ID-DEFINED,TIME-DEFINED,DOSE-DEFINED,REGIMEN-FIXED,BIOANALYTICAL-FINAL,COVARIATE-BASELINE-ONLY,SUBJECT-LEVEL-COVARIATE,DDI-VICTIM-PERPETRATOR,REANALYSIS-NONE,STRUCTURED,BISPECIFIC,CONTINUOUS_PD,PARENT|SOLUBLE_TARGET|DRUG_TARGET_COMPLEX,REPAIR,,F22
7920f4256745,AIC-BIOMARKER,ID-DEFINED,TIME-DEFINED,DOSE-DEFINED,REGIMEN-FIXED,BIOANALYTICAL-FINAL,COVARIATE-BASELINE-ONLY,SUBJECT-LEVEL-COVARIATE,DDI-VICTIM-PERPETRATOR,REANALYSIS-NONE,STRUCTURED,BISPECIFIC,CONTINUOUS_PD,,QUARANTINE,Q16,F22
da32751db8df,AIC-BIOMARKER,ID-DEFINED,TIME-DEFINED,DOSE-DEFINED,REGIMEN-FIXED,BIOANALYTICAL-FINAL,COVARIATE-BASELINE-ONLY,SUBJECT-LEVEL-COVARIATE,DDI-VICTIM-PERPETRATOR,REANALYSIS-NONE,SEMI-STRUCTURED-LEGACY-FLAG,BISPECIFIC,CONTINUOUS_PD,PARENT|SOLUBLE_TARGET|DRUG_TARGET_COMPLEX,QUARANTINE,Q15B,F22
f2e5188226b7,AIC-BIOMARKER,ID-DEFINED,TIME-DEFINED,DOSE-DEFINED,REGIMEN-FIXED,BIOANALYTICAL-FINAL,COVARIATE-BASELINE-ONLY,SUBJECT-LEVEL-COVARIATE,DDI-VICTIM-PERPETRATOR,REANALYSIS-NONE,SEMI-STRUCTURED-LEGACY-FLAG,BISPECIFIC,CONTINUOUS_PD,,QUARANTINE,Q16,F22
72787147fe12,AIC-BIOMARKER,ID-DEFINED,TIME-DEFINED,DOSE-DEFINED,REGIMEN-FIXED,BLQ-DEFINED-POLICY,COVARIATE-BASELINE-ONLY,SUBJECT-LEVEL-COVARIATE,SINGLE-ANALYTE,REANALYSIS-NONE,STRUCTURED,BISPECIFIC,CONTINUOUS_PD,,REPAIR,,F01
23ff5f36fe4f,AIC-BIOMARKER,ID-DEFINED,TIME-DEFINED,DOSE-DEFINED,REGIMEN-FIXED,BLQ-DEFINED-POLICY,COVARIATE-BASELINE-ONLY,SUBJECT-LEVEL-COVARIATE,SINGLE-ANALYTE,REANALYSIS-NONE,SEMI-STRUCTURED-LEGACY-FLAG,BISPECIFIC,CONTINUOUS_PD,,QUARANTINE,Q15B,F01
4920c42723be,AIC-BIOMARKER,ID-DEFINED,TIME-DEFINED,DOSE-DEFINED,REGIMEN-FIXED,BLQ-DEFINED-POLICY,COVARIATE-BASELINE-ONLY,SUBJECT-LEVEL-COVARIATE,MULTI-CMT-DEFINED,REANALYSIS-NONE,STRUCTURED,BISPECIFIC,CONTINUOUS_PD,PARENT|SOLUBLE_TARGET|DRUG_TARGET_COMPLEX,REPAIR,,F25
dd7cc6e49fdd,AIC-BIOMARKER,ID-DEFINED,TIME-DEFINED,DOSE-DEFINED,REGIMEN-FIXED,BLQ-DEFINED-POLICY,COVARIATE-BASELINE-ONLY,SUBJECT-LEVEL-COVARIATE,MULTI-CMT-DEFINED,REANALYSIS-NONE,STRUCTURED,BISPECIFIC,CONTINUOUS_PD,,QUARANTINE,Q16,F25
f7a907632551,AIC-BIOMARKER,ID-DEFINED,TIME-DEFINED,DOSE-DEFINED,REGIMEN-FIXED,BLQ-DEFINED-POLICY,COVARIATE-BASELINE-ONLY,SUBJECT-LEVEL-COVARIATE,MULTI-CMT-DEFINED,REANALYSIS-NONE,SEMI-STRUCTURED-LEGACY-FLAG,BISPECIFIC,CONTINUOUS_PD,PARENT|SOLUBLE_TARGET|DRUG_TARGET_COMPLEX,QUARANTINE,Q15B,F25
ee31aec9a7f4,AIC-BIOMARKER,ID-DEFINED,TIME-DEFINED,DOSE-DEFINED,REGIMEN-FIXED,BLQ-DEFINED-POLICY,COVARIATE-BASELINE-ONLY,SUBJECT-LEVEL-COVARIATE,MULTI-CMT-DEFINED,REANALYSIS-NONE,SEMI-STRUCTURED-LEGACY-FLAG,BISPECIFIC,CONTINUOUS_PD,,QUARANTINE,Q16,F25
8188838567d3,AIC-BIOMARKER,ID-DEFINED,TIME-DEFINED,DOSE-DEFINED,REGIMEN-FIXED,BLQ-DEFINED-POLICY,COVARIATE-BASELINE-ONLY,SUBJECT-LEVEL-COVARIATE,DDI-VICTIM-PERPETRATOR,REANALYSIS-NONE,STRUCTURED,BISPECIFIC,CONTINUOUS_PD,PARENT|SOLUBLE_TARGET|DRUG_TARGET_COMPLEX,REPAIR,,F22
05a85c9e4650,AIC-BIOMARKER,ID-DEFINED,TIME-DEFINED,DOSE-DEFINED,REGIMEN-FIXED,BLQ-DEFINED-POLICY,COVARIATE-BASELINE-ONLY,SUBJECT-LEVEL-COVARIATE,DDI-VICTIM-PERPETRATOR,REANALYSIS-NONE,STRUCTURED,BISPECIFIC,CONTINUOUS_PD,,QUARANTINE,Q16,F22
f7531a97a83c,AIC-BIOMARKER,ID-DEFINED,TIME-DEFINED,DOSE-DEFINED,REGIMEN-FIXED,BLQ-DEFINED-POLICY,COVARIATE-BASELINE-ONLY,SUBJECT-LEVEL-COVARIATE,DDI-VICTIM-PERPETRATOR,REANALYSIS-NONE,SEMI-STRUCTURED-LEGACY-FLAG,BISPECIFIC,CONTINUOUS_PD,PARENT|SOLUBLE_TARGET|DRUG_TARGET_COMPLEX,QUARANTINE,Q15B,F22
1b7289ddd4cf,AIC-BIOMARKER,ID-DEFINED,TIME-DEFINED,DOSE-DEFINED,REGIMEN-FIXED,BLQ-DEFINED-POLICY,COVARIATE-BASELINE-ONLY,SUBJECT-LEVEL-COVARIATE,DDI-VICTIM-PERPETRATOR,REANALYSIS-NONE,SEMI-STRUCTURED-LEGACY-FLAG,BISPECIFIC,CONTINUOUS_PD,,QUARANTINE,Q16,F22
f326b59d6654,AIC-BIOMARKER,ID-DEFINED,TIME-DEFINED,DOSE-DEFINED,REGIMEN-FIXED,BIOANALYTICAL-FINAL-FLAG-MISSING,COVARIATE-BASELINE-ONLY,SUBJECT-LEVEL-COVARIATE,SINGLE-ANALYTE,REANALYSIS-NONE,STRUCTURED,BISPECIFIC,CONTINUOUS_PD,,QUARANTINE,Q15A,F01
94c9f28ee9d0,AIC-BIOMARKER,ID-DEFINED,TIME-DEFINED,DOSE-DEFINED,REGIMEN-FIXED,BIOANALYTICAL-FINAL-FLAG-MISSING,COVARIATE-BASELINE-ONLY,SUBJECT-LEVEL-COVARIATE,SINGLE-ANALYTE,REANALYSIS-NONE,SEMI-STRUCTURED-LEGACY-FLAG,BISPECIFIC,CONTINUOUS_PD,,QUARANTINE,Q15A,F01
8416f90934e6,AIC-BIOMARKER,ID-DEFINED,TIME-DEFINED,DOSE-DEFINED,REGIMEN-FIXED,BIOANALYTICAL-FINAL-FLAG-MISSING,COVARIATE-BASELINE-ONLY,SUBJECT-LEVEL-COVARIATE,MULTI-CMT-DEFINED,REANALYSIS-NONE,STRUCTURED,BISPECIFIC,CONTINUOUS_PD,PARENT|SOLUBLE_TARGET|DRUG_TARGET_COMPLEX,QUARANTINE,Q15A,F25
3f51ade3be8c,AIC-BIOMARKER,ID-DEFINED,TIME-DEFINED,DOSE-DEFINED,REGIMEN-FIXED,BIOANALYTICAL-FINAL-FLAG-MISSING,COVARIATE-BASELINE-ONLY,SUBJECT-LEVEL-COVARIATE,MULTI-CMT-DEFINED,REANALYSIS-NONE,STRUCTURED,BISPECIFIC,CONTINUOUS_PD,,QUARANTINE,Q15A,F25
547c535431ac,AIC-BIOMARKER,ID-DEFINED,TIME-DEFINED,DOSE-DEFINED,REGIMEN-FIXED,BIOANALYTICAL-FINAL-FLAG-MISSING,COVARIATE-BASELINE-ONLY,SUBJECT-LEVEL-COVARIATE,MULTI-CMT-DEFINED,REANALYSIS-NONE,SEMI-STRUCTURED-LEGACY-FLAG,BISPECIFIC,CONTINUOUS_PD,PARENT|SOLUBLE_TARGET|DRUG_TARGET_COMPLEX,QUARANTINE,Q15A,F25
b3f4066b217e,AIC-BIOMARKER,ID-DEFINED,TIME-DEFINED,DOSE-DEFINED,REGIMEN-FIXED,BIOANALYTICAL-FINAL-FLAG-MISSING,COVARIATE-BASELINE-ONLY,SUBJECT-LEVEL-COVARIATE,MULTI-CMT-DEFINED,REANALYSIS-NONE,SEMI-STRUCTURED-LEGACY-FLAG,BISPECIFIC,CONTINUOUS_PD,,QUARANTINE,Q15A,F25
84359477a5fa,AIC-BIOMARKER,ID-DEFINED,TIME-DEFINED,DOSE-DEFINED,REGIMEN-FIXED,BIOANALYTICAL-FINAL-FLAG-MISSING,COVARIATE-BASELINE-ONLY,SUBJECT-LEVEL-COVARIATE,DDI-VICTIM-PERPETRATOR,REANALYSIS-NONE,STRUCTURED,BISPECIFIC,CONTINUOUS_PD,PARENT|SOLUBLE_TARGET|DRUG_TARGET_COMPLEX,QUARANTINE,Q15A,F22
5985ce0edadb,AIC-BIOMARKER,ID-DEFINED,TIME-DEFINED,DOSE-DEFINED,REGIMEN-FIXED,BIOANALYTICAL-FINAL-FLAG-MISSING,COVARIATE-BASELINE-ONLY,SUBJECT-LEVEL-COVARIATE,DDI-VICTIM-PERPETRATOR,REANALYSIS-NONE,STRUCTURED,BISPECIFIC,CONTINUOUS_PD,,QUARANTINE,Q15A,F22
381337448b91,AIC-BIOMARKER,ID-DEFINED,TIME-DEFINED,DOSE-DEFINED,REGIMEN-FIXED,BIOANALYTICAL-FINAL-FLAG-MISSING,COVARIATE-BASELINE-ONLY,SUBJECT-LEVEL-COVARIATE,DDI-VICTIM-PERPETRATOR,REANALYSIS-NONE,SEMI-STRUCTURED-LEGACY-FLAG,BISPECIFIC,CONTINUOUS_PD,PARENT|SOLUBLE_TARGET|DRUG_TARGET_COMPLEX,QUARANTINE,Q15A,F22
c91d616c61d6,AIC-BIOMARKER,ID-DEFINED,TIME-DEFINED,DOSE-DEFINED,REGIMEN-FIXED,BIOANALYTICAL-FINAL-FLAG-MISSING,COVARIATE-BASELINE-ONLY,SUBJECT-LEVEL-COVARIATE,DDI-VICTIM-PERPETRATOR,REANALYSIS-NONE,SEMI-STRUCTURED-LEGACY-FLAG,BISPECIFIC,CONTINUOUS_PD,,QUARANTINE,Q15A,F22
5ad33e967b0b,AIC-BIOMARKER,ID-DEFINED,TIME-DEFINED,DOSE-DEFINED,ADDL-ACTUAL-CONFLICT,BIOANALYTICAL-FINAL,COVARIATE-BASELINE-ONLY,SUBJECT-LEVEL-COVARIATE,SINGLE-ANALYTE,REANALYSIS-NONE,STRUCTURED,BISPECIFIC,CONTINUOUS_PD,,AUTO,,F01
dad2005d0433,AIC-BIOMARKER,ID-DEFINED,TIME-DEFINED,DOSE-DEFINED,ADDL-ACTUAL-CONFLICT,BIOANALYTICAL-FINAL,COVARIATE-BASELINE-ONLY,SUBJECT-LEVEL-COVARIATE,SINGLE-ANALYTE,REANALYSIS-NONE,SEMI-STRUCTURED-LEGACY-FLAG,BISPECIFIC,CONTINUOUS_PD,,QUARANTINE,Q15B,F01
996a43ff5219,AIC-BIOMARKER,ID-DEFINED,TIME-DEFINED,DOSE-DEFINED,ADDL-ACTUAL-CONFLICT,BIOANALYTICAL-FINAL,COVARIATE-BASELINE-ONLY,SUBJECT-LEVEL-COVARIATE,MULTI-CMT-DEFINED,REANALYSIS-NONE,STRUCTURED,BISPECIFIC,CONTINUOUS_PD,PARENT|SOLUBLE_TARGET|DRUG_TARGET_COMPLEX,REPAIR,,F25
000085a91c48,AIC-BIOMARKER,ID-DEFINED,TIME-DEFINED,DOSE-DEFINED,ADDL-ACTUAL-CONFLICT,BIOANALYTICAL-FINAL,COVARIATE-BASELINE-ONLY,SUBJECT-LEVEL-COVARIATE,MULTI-CMT-DEFINED,REANALYSIS-NONE,STRUCTURED,BISPECIFIC,CONTINUOUS_PD,,QUARANTINE,Q16,F25
33de93cc3988,AIC-BIOMARKER,ID-DEFINED,TIME-DEFINED,DOSE-DEFINED,ADDL-ACTUAL-CONFLICT,BIOANALYTICAL-FINAL,COVARIATE-BASELINE-ONLY,SUBJECT-LEVEL-COVARIATE,MULTI-CMT-DEFINED,REANALYSIS-NONE,SEMI-STRUCTURED-LEGACY-FLAG,BISPECIFIC,CONTINUOUS_PD,PARENT|SOLUBLE_TARGET|DRUG_TARGET_COMPLEX,QUARANTINE,Q15B,F25
2828def64351,AIC-BIOMARKER,ID-DEFINED,TIME-DEFINED,DOSE-DEFINED,ADDL-ACTUAL-CONFLICT,BIOANALYTICAL-FINAL,COVARIATE-BASELINE-ONLY,SUBJECT-LEVEL-COVARIATE,MULTI-CMT-DEFINED,REANALYSIS-NONE,SEMI-STRUCTURED-LEGACY-FLAG,BISPECIFIC,CONTINUOUS_PD,,QUARANTINE,Q16,F25
398ed4943229,AIC-BIOMARKER,ID-DEFINED,TIME-DEFINED,DOSE-DEFINED,ADDL-ACTUAL-CONFLICT,BIOANALYTICAL-FINAL,COVARIATE-BASELINE-ONLY,SUBJECT-LEVEL-COVARIATE,DDI-VICTIM-PERPETRATOR,REANALYSIS-NONE,STRUCTURED,BISPECIFIC,CONTINUOUS_PD,PARENT|SOLUBLE_TARGET|DRUG_TARGET_COMPLEX,REPAIR,,F22
12860e508bc8,AIC-BIOMARKER,ID-DEFINED,TIME-DEFINED,DOSE-DEFINED,ADDL-ACTUAL-CONFLICT,BIOANALYTICAL-FINAL,COVARIATE-BASELINE-ONLY,SUBJECT-LEVEL-COVARIATE,DDI-VICTIM-PERPETRATOR,REANALYSIS-NONE,STRUCTURED,BISPECIFIC,CONTINUOUS_PD,,QUARANTINE,Q16,F22
f6dc0adb7770,AIC-BIOMARKER,ID-DEFINED,TIME-DEFINED,DOSE-DEFINED,ADDL-ACTUAL-CONFLICT,BIOANALYTICAL-FINAL,COVARIATE-BASELINE-ONLY,SUBJECT-LEVEL-COVARIATE,DDI-VICTIM-PERPETRATOR,REANALYSIS-NONE,SEMI-STRUCTURED-LEGACY-FLAG,BISPECIFIC,CONTINUOUS_PD,PARENT|SOLUBLE_TARGET|DRUG_TARGET_COMPLEX,QUARANTINE,Q15B,F22
2721d0e78235,AIC-BIOMARKER,ID-DEFINED,TIME-DEFINED,DOSE-DEFINED,ADDL-ACTUAL-CONFLICT,BIOANALYTICAL-FINAL,COVARIATE-BASELINE-ONLY,SUBJECT-LEVEL-COVARIATE,DDI-VICTIM-PERPETRATOR,REANALYSIS-NONE,SEMI-STRUCTURED-LEGACY-FLAG,BISPECIFIC,CONTINUOUS_PD,,QUARANTINE,Q16,F22
ea17316da378,AIC-BIOMARKER,ID-DEFINED,TIME-DEFINED,DOSE-DEFINED,ADDL-ACTUAL-CONFLICT,BLQ-DEFINED-POLICY,COVARIATE-BASELINE-ONLY,SUBJECT-LEVEL-COVARIATE,SINGLE-ANALYTE,REANALYSIS-NONE,STRUCTURED,BISPECIFIC,CONTINUOUS_PD,,REPAIR,,F01
0cbee3b5ec1b,AIC-BIOMARKER,ID-DEFINED,TIME-DEFINED,DOSE-DEFINED,ADDL-ACTUAL-CONFLICT,BLQ-DEFINED-POLICY,COVARIATE-BASELINE-ONLY,SUBJECT-LEVEL-COVARIATE,SINGLE-ANALYTE,REANALYSIS-NONE,SEMI-STRUCTURED-LEGACY-FLAG,BISPECIFIC,CONTINUOUS_PD,,QUARANTINE,Q15B,F01
90dffaff0fcd,AIC-BIOMARKER,ID-DEFINED,TIME-DEFINED,DOSE-DEFINED,ADDL-ACTUAL-CONFLICT,BLQ-DEFINED-POLICY,COVARIATE-BASELINE-ONLY,SUBJECT-LEVEL-COVARIATE,MULTI-CMT-DEFINED,REANALYSIS-NONE,STRUCTURED,BISPECIFIC,CONTINUOUS_PD,PARENT|SOLUBLE_TARGET|DRUG_TARGET_COMPLEX,REPAIR,,F25
07f05ebfd78d,AIC-BIOMARKER,ID-DEFINED,TIME-DEFINED,DOSE-DEFINED,ADDL-ACTUAL-CONFLICT,BLQ-DEFINED-POLICY,COVARIATE-BASELINE-ONLY,SUBJECT-LEVEL-COVARIATE,MULTI-CMT-DEFINED,REANALYSIS-NONE,STRUCTURED,BISPECIFIC,CONTINUOUS_PD,,QUARANTINE,Q16,F25
f9a7f5e93307,AIC-BIOMARKER,ID-DEFINED,TIME-DEFINED,DOSE-DEFINED,ADDL-ACTUAL-CONFLICT,BLQ-DEFINED-POLICY,COVARIATE-BASELINE-ONLY,SUBJECT-LEVEL-COVARIATE,MULTI-CMT-DEFINED,REANALYSIS-NONE,SEMI-STRUCTURED-LEGACY-FLAG,BISPECIFIC,CONTINUOUS_PD,PARENT|SOLUBLE_TARGET|DRUG_TARGET_COMPLEX,QUARANTINE,Q15B,F25
d2109b8b75e8,AIC-BIOMARKER,ID-DEFINED,TIME-DEFINED,DOSE-DEFINED,ADDL-ACTUAL-CONFLICT,BLQ-DEFINED-POLICY,COVARIATE-BASELINE-ONLY,SUBJECT-LEVEL-COVARIATE,MULTI-CMT-DEFINED,REANALYSIS-NONE,SEMI-STRUCTURED-LEGACY-FLAG,BISPECIFIC,CONTINUOUS_PD,,QUARANTINE,Q16,F25
da0555e3ad2f,AIC-BIOMARKER,ID-DEFINED,TIME-DEFINED,DOSE-DEFINED,ADDL-ACTUAL-CONFLICT,BLQ-DEFINED-POLICY,COVARIATE-BASELINE-ONLY,SUBJECT-LEVEL-COVARIATE,DDI-VICTIM-PERPETRATOR,REANALYSIS-NONE,STRUCTURED,BISPECIFIC,CONTINUOUS_PD,PARENT|SOLUBLE_TARGET|DRUG_TARGET_COMPLEX,REPAIR,,F22
1464bc7e0a42,AIC-BIOMARKER,ID-DEFINED,TIME-DEFINED,DOSE-DEFINED,ADDL-ACTUAL-CONFLICT,BLQ-DEFINED-POLICY,COVARIATE-BASELINE-ONLY,SUBJECT-LEVEL-COVARIATE,DDI-VICTIM-PERPETRATOR,REANALYSIS-NONE,STRUCTURED,BISPECIFIC,CONTINUOUS_PD,,QUARANTINE,Q16,F22
f98a6af99135,AIC-BIOMARKER,ID-DEFINED,TIME-DEFINED,DOSE-DEFINED,ADDL-ACTUAL-CONFLICT,BLQ-DEFINED-POLICY,COVARIATE-BASELINE-ONLY,SUBJECT-LEVEL-COVARIATE,DDI-VICTIM-PERPETRATOR,REANALYSIS-NONE,SEMI-STRUCTURED-LEGACY-FLAG,BISPECIFIC,CONTINUOUS_PD,PARENT|SOLUBLE_TARGET|DRUG_TARGET_COMPLEX,QUARANTINE,Q15B,F22
d99a066aff15,AIC-BIOMARKER,ID-DEFINED,TIME-DEFINED,DOSE-DEFINED,ADDL-ACTUAL-CONFLICT,BLQ-DEFINED-POLICY,COVARIATE-BASELINE-ONLY,SUBJECT-LEVEL-COVARIATE,DDI-VICTIM-PERPETRATOR,REANALYSIS-NONE,SEMI-STRUCTURED-LEGACY-FLAG,BISPECIFIC,CONTINUOUS_PD,,QUARANTINE,Q16,F22
cf730250a7b5,AIC-BIOMARKER,ID-DEFINED,TIME-DEFINED,DOSE-DEFINED,ADDL-ACTUAL-CONFLICT,BIOANALYTICAL-FINAL-FLAG-MISSING,COVARIATE-BASELINE-ONLY,SUBJECT-LEVEL-COVARIATE,SINGLE-ANALYTE,REANALYSIS-NONE,STRUCTURED,BISPECIFIC,CONTINUOUS_PD,,QUARANTINE,Q15A,F01
0580c3a3b7c5,AIC-BIOMARKER,ID-DEFINED,TIME-DEFINED,DOSE-DEFINED,ADDL-ACTUAL-CONFLICT,BIOANALYTICAL-FINAL-FLAG-MISSING,COVARIATE-BASELINE-ONLY,SUBJECT-LEVEL-COVARIATE,SINGLE-ANALYTE,REANALYSIS-NONE,SEMI-STRUCTURED-LEGACY-FLAG,BISPECIFIC,CONTINUOUS_PD,,QUARANTINE,Q15A,F01
60b3ae55439d,AIC-BIOMARKER,ID-DEFINED,TIME-DEFINED,DOSE-DEFINED,ADDL-ACTUAL-CONFLICT,BIOANALYTICAL-FINAL-FLAG-MISSING,COVARIATE-BASELINE-ONLY,SUBJECT-LEVEL-COVARIATE,MULTI-CMT-DEFINED,REANALYSIS-NONE,STRUCTURED,BISPECIFIC,CONTINUOUS_PD,PARENT|SOLUBLE_TARGET|DRUG_TARGET_COMPLEX,QUARANTINE,Q15A,F25
7df732d438b5,AIC-BIOMARKER,ID-DEFINED,TIME-DEFINED,DOSE-DEFINED,ADDL-ACTUAL-CONFLICT,BIOANALYTICAL-FINAL-FLAG-MISSING,COVARIATE-BASELINE-ONLY,SUBJECT-LEVEL-COVARIATE,MULTI-CMT-DEFINED,REANALYSIS-NONE,STRUCTURED,BISPECIFIC,CONTINUOUS_PD,,QUARANTINE,Q15A,F25
1c9ccc11d684,AIC-BIOMARKER,ID-DEFINED,TIME-DEFINED,DOSE-DEFINED,ADDL-ACTUAL-CONFLICT,BIOANALYTICAL-FINAL-FLAG-MISSING,COVARIATE-BASELINE-ONLY,SUBJECT-LEVEL-COVARIATE,MULTI-CMT-DEFINED,REANALYSIS-NONE,SEMI-STRUCTURED-LEGACY-FLAG,BISPECIFIC,CONTINUOUS_PD,PARENT|SOLUBLE_TARGET|DRUG_TARGET_COMPLEX,QUARANTINE,Q15A,F25
872312ca804d,AIC-BIOMARKER,ID-DEFINED,TIME-DEFINED,DOSE-DEFINED,ADDL-ACTUAL-CONFLICT,BIOANALYTICAL-FINAL-FLAG-MISSING,COVARIATE-BASELINE-ONLY,SUBJECT-LEVEL-COVARIATE,MULTI-CMT-DEFINED,REANALYSIS-NONE,SEMI-STRUCTURED-LEGACY-FLAG,BISPECIFIC,CONTINUOUS_PD,,QUARANTINE,Q15A,F25
794b15fc77fa,AIC-BIOMARKER,ID-DEFINED,TIME-DEFINED,DOSE-DEFINED,ADDL-ACTUAL-CONFLICT,BIOANALYTICAL-FINAL-FLAG-MISSING,COVARIATE-BASELINE-ONLY,SUBJECT-LEVEL-COVARIATE,DDI-VICTIM-PERPETRATOR,REANALYSIS-NONE,STRUCTURED,BISPECIFIC,CONTINUOUS_PD,PARENT|SOLUBLE_TARGET|DRUG_TARGET_COMPLEX,QUARANTINE,Q15A,F22
18cf3bb687b4,AIC-BIOMARKER,ID-DEFINED,TIME-DEFINED,DOSE-DEFINED,ADDL-ACTUAL-CONFLICT,BIOANALYTICAL-FINAL-FLAG-MISSING,COVARIATE-BASELINE-ONLY,SUBJECT-LEVEL-COVARIATE,DDI-VICTIM-PERPETRATOR,REANALYSIS-NONE,STRUCTURED,BISPECIFIC,CONTINUOUS_PD,,QUARANTINE,Q15A,F22
9bcece61cf88,AIC-BIOMARKER,ID-DEFINED,TIME-DEFINED,DOSE-DEFINED,ADDL-ACTUAL-CONFLICT,BIOANALYTICAL-FINAL-FLAG-MISSING,COVARIATE-BASELINE-ONLY,SUBJECT-LEVEL-COVARIATE,DDI-VICTIM-PERPETRATOR,REANALYSIS-NONE,SEMI-STRUCTURED-LEGACY-FLAG,BISPECIFIC,CONTINUOUS_PD,PARENT|SOLUBLE_TARGET|DRUG_TARGET_COMPLEX,QUARANTINE,Q15A,F22
cf295a904e76,AIC-BIOMARKER,ID-DEFINED,TIME-DEFINED,DOSE-DEFINED,ADDL-ACTUAL-CONFLICT,BIOANALYTICAL-FINAL-FLAG-MISSING,COVARIATE-BASELINE-ONLY,SUBJECT-LEVEL-COVARIATE,DDI-VICTIM-PERPETRATOR,REANALYSIS-NONE,SEMI-STRUCTURED-LEGACY-FLAG,BISPECIFIC,CONTINUOUS_PD,,QUARANTINE,Q15A,F22
d3e7e2af16ed,AIC-BIOMARKER,ID-DEFINED,TIME-DEFINED,DOSE-DEFINED,REGIMEN-FIXED,BIOANALYTICAL-FINAL,COVARIATE-BASELINE-ONLY,SUBJECT-LEVEL-COVARIATE,SINGLE-ANALYTE,REANALYSIS-NONE,STRUCTURED,CELL_THERAPY,CONTINUOUS_PD,,AUTO,,F01
9dee7bdfd813,AIC-BIOMARKER,ID-DEFINED,TIME-DEFINED,DOSE-DEFINED,REGIMEN-FIXED,BIOANALYTICAL-FINAL,COVARIATE-BASELINE-ONLY,SUBJECT-LEVEL-COVARIATE,SINGLE-ANALYTE,REANALYSIS-NONE,SEMI-STRUCTURED-LEGACY-FLAG,CELL_THERAPY,CONTINUOUS_PD,,QUARANTINE,Q15B,F01
d15e4020bf78,AIC-BIOMARKER,ID-DEFINED,TIME-DEFINED,DOSE-DEFINED,REGIMEN-FIXED,BIOANALYTICAL-FINAL,COVARIATE-BASELINE-ONLY,SUBJECT-LEVEL-COVARIATE,MULTI-CMT-DEFINED,REANALYSIS-NONE,STRUCTURED,CELL_THERAPY,CONTINUOUS_PD,VECTOR_COPY|CAR_POSITIVE_CELL,REPAIR,,F01
5bfaefa1c3f2,AIC-BIOMARKER,ID-DEFINED,TIME-DEFINED,DOSE-DEFINED,REGIMEN-FIXED,BIOANALYTICAL-FINAL,COVARIATE-BASELINE-ONLY,SUBJECT-LEVEL-COVARIATE,MULTI-CMT-DEFINED,REANALYSIS-NONE,STRUCTURED,CELL_THERAPY,CONTINUOUS_PD,,QUARANTINE,Q16,F01
1ae92c23b1fe,AIC-BIOMARKER,ID-DEFINED,TIME-DEFINED,DOSE-DEFINED,REGIMEN-FIXED,BIOANALYTICAL-FINAL,COVARIATE-BASELINE-ONLY,SUBJECT-LEVEL-COVARIATE,MULTI-CMT-DEFINED,REANALYSIS-NONE,SEMI-STRUCTURED-LEGACY-FLAG,CELL_THERAPY,CONTINUOUS_PD,VECTOR_COPY|CAR_POSITIVE_CELL,QUARANTINE,Q15B,F01
acc96e3a1d42,AIC-BIOMARKER,ID-DEFINED,TIME-DEFINED,DOSE-DEFINED,REGIMEN-FIXED,BIOANALYTICAL-FINAL,COVARIATE-BASELINE-ONLY,SUBJECT-LEVEL-COVARIATE,MULTI-CMT-DEFINED,REANALYSIS-NONE,SEMI-STRUCTURED-LEGACY-FLAG,CELL_THERAPY,CONTINUOUS_PD,,QUARANTINE,Q16,F01
417251d92963,AIC-BIOMARKER,ID-DEFINED,TIME-DEFINED,DOSE-DEFINED,REGIMEN-FIXED,BIOANALYTICAL-FINAL,COVARIATE-BASELINE-ONLY,SUBJECT-LEVEL-COVARIATE,DDI-VICTIM-PERPETRATOR,REANALYSIS-NONE,STRUCTURED,CELL_THERAPY,CONTINUOUS_PD,VECTOR_COPY|CAR_POSITIVE_CELL,REPAIR,,F22
c04534a34a84,AIC-BIOMARKER,ID-DEFINED,TIME-DEFINED,DOSE-DEFINED,REGIMEN-FIXED,BIOANALYTICAL-FINAL,COVARIATE-BASELINE-ONLY,SUBJECT-LEVEL-COVARIATE,DDI-VICTIM-PERPETRATOR,REANALYSIS-NONE,STRUCTURED,CELL_THERAPY,CONTINUOUS_PD,,QUARANTINE,Q16,F22
e05def8a196f,AIC-BIOMARKER,ID-DEFINED,TIME-DEFINED,DOSE-DEFINED,REGIMEN-FIXED,BIOANALYTICAL-FINAL,COVARIATE-BASELINE-ONLY,SUBJECT-LEVEL-COVARIATE,DDI-VICTIM-PERPETRATOR,REANALYSIS-NONE,SEMI-STRUCTURED-LEGACY-FLAG,CELL_THERAPY,CONTINUOUS_PD,VECTOR_COPY|CAR_POSITIVE_CELL,QUARANTINE,Q15B,F22
5c8faaad2ea4,AIC-BIOMARKER,ID-DEFINED,TIME-DEFINED,DOSE-DEFINED,REGIMEN-FIXED,BIOANALYTICAL-FINAL,COVARIATE-BASELINE-ONLY,SUBJECT-LEVEL-COVARIATE,DDI-VICTIM-PERPETRATOR,REANALYSIS-NONE,SEMI-STRUCTURED-LEGACY-FLAG,CELL_THERAPY,CONTINUOUS_PD,,QUARANTINE,Q16,F22
80bd60057888,AIC-BIOMARKER,ID-DEFINED,TIME-DEFINED,DOSE-DEFINED,REGIMEN-FIXED,BLQ-DEFINED-POLICY,COVARIATE-BASELINE-ONLY,SUBJECT-LEVEL-COVARIATE,SINGLE-ANALYTE,REANALYSIS-NONE,STRUCTURED,CELL_THERAPY,CONTINUOUS_PD,,REPAIR,,F01
2ed37509e027,AIC-BIOMARKER,ID-DEFINED,TIME-DEFINED,DOSE-DEFINED,REGIMEN-FIXED,BLQ-DEFINED-POLICY,COVARIATE-BASELINE-ONLY,SUBJECT-LEVEL-COVARIATE,SINGLE-ANALYTE,REANALYSIS-NONE,SEMI-STRUCTURED-LEGACY-FLAG,CELL_THERAPY,CONTINUOUS_PD,,QUARANTINE,Q15B,F01
166b0b76c8c7,AIC-BIOMARKER,ID-DEFINED,TIME-DEFINED,DOSE-DEFINED,REGIMEN-FIXED,BLQ-DEFINED-POLICY,COVARIATE-BASELINE-ONLY,SUBJECT-LEVEL-COVARIATE,MULTI-CMT-DEFINED,REANALYSIS-NONE,STRUCTURED,CELL_THERAPY,CONTINUOUS_PD,VECTOR_COPY|CAR_POSITIVE_CELL,REPAIR,,F01
603be453a4c7,AIC-BIOMARKER,ID-DEFINED,TIME-DEFINED,DOSE-DEFINED,REGIMEN-FIXED,BLQ-DEFINED-POLICY,COVARIATE-BASELINE-ONLY,SUBJECT-LEVEL-COVARIATE,MULTI-CMT-DEFINED,REANALYSIS-NONE,STRUCTURED,CELL_THERAPY,CONTINUOUS_PD,,QUARANTINE,Q16,F01
84f80fa07354,AIC-BIOMARKER,ID-DEFINED,TIME-DEFINED,DOSE-DEFINED,REGIMEN-FIXED,BLQ-DEFINED-POLICY,COVARIATE-BASELINE-ONLY,SUBJECT-LEVEL-COVARIATE,MULTI-CMT-DEFINED,REANALYSIS-NONE,SEMI-STRUCTURED-LEGACY-FLAG,CELL_THERAPY,CONTINUOUS_PD,VECTOR_COPY|CAR_POSITIVE_CELL,QUARANTINE,Q15B,F01
25456fb1c937,AIC-BIOMARKER,ID-DEFINED,TIME-DEFINED,DOSE-DEFINED,REGIMEN-FIXED,BLQ-DEFINED-POLICY,COVARIATE-BASELINE-ONLY,SUBJECT-LEVEL-COVARIATE,MULTI-CMT-DEFINED,REANALYSIS-NONE,SEMI-STRUCTURED-LEGACY-FLAG,CELL_THERAPY,CONTINUOUS_PD,,QUARANTINE,Q16,F01
a9cb2f57211a,AIC-BIOMARKER,ID-DEFINED,TIME-DEFINED,DOSE-DEFINED,REGIMEN-FIXED,BLQ-DEFINED-POLICY,COVARIATE-BASELINE-ONLY,SUBJECT-LEVEL-COVARIATE,DDI-VICTIM-PERPETRATOR,REANALYSIS-NONE,STRUCTURED,CELL_THERAPY,CONTINUOUS_PD,VECTOR_COPY|CAR_POSITIVE_CELL,REPAIR,,F22
a8c4ce177481,AIC-BIOMARKER,ID-DEFINED,TIME-DEFINED,DOSE-DEFINED,REGIMEN-FIXED,BLQ-DEFINED-POLICY,COVARIATE-BASELINE-ONLY,SUBJECT-LEVEL-COVARIATE,DDI-VICTIM-PERPETRATOR,REANALYSIS-NONE,STRUCTURED,CELL_THERAPY,CONTINUOUS_PD,,QUARANTINE,Q16,F22
2ed271357b56,AIC-BIOMARKER,ID-DEFINED,TIME-DEFINED,DOSE-DEFINED,REGIMEN-FIXED,BLQ-DEFINED-POLICY,COVARIATE-BASELINE-ONLY,SUBJECT-LEVEL-COVARIATE,DDI-VICTIM-PERPETRATOR,REANALYSIS-NONE,SEMI-STRUCTURED-LEGACY-FLAG,CELL_THERAPY,CONTINUOUS_PD,VECTOR_COPY|CAR_POSITIVE_CELL,QUARANTINE,Q15B,F22
a677927ce037,AIC-BIOMARKER,ID-DEFINED,TIME-DEFINED,DOSE-DEFINED,REGIMEN-FIXED,BLQ-DEFINED-POLICY,COVARIATE-BASELINE-ONLY,SUBJECT-LEVEL-COVARIATE,DDI-VICTIM-PERPETRATOR,REANALYSIS-NONE,SEMI-STRUCTURED-LEGACY-FLAG,CELL_THERAPY,CONTINUOUS_PD,,QUARANTINE,Q16,F22
349b386ac320,AIC-BIOMARKER,ID-DEFINED,TIME-DEFINED,DOSE-DEFINED,REGIMEN-FIXED,BIOANALYTICAL-FINAL-FLAG-MISSING,COVARIATE-BASELINE-ONLY,SUBJECT-LEVEL-COVARIATE,SINGLE-ANALYTE,REANALYSIS-NONE,STRUCTURED,CELL_THERAPY,CONTINUOUS_PD,,QUARANTINE,Q15A,F01
cda109bef4ed,AIC-BIOMARKER,ID-DEFINED,TIME-DEFINED,DOSE-DEFINED,REGIMEN-FIXED,BIOANALYTICAL-FINAL-FLAG-MISSING,COVARIATE-BASELINE-ONLY,SUBJECT-LEVEL-COVARIATE,SINGLE-ANALYTE,REANALYSIS-NONE,SEMI-STRUCTURED-LEGACY-FLAG,CELL_THERAPY,CONTINUOUS_PD,,QUARANTINE,Q15A,F01
9576b8cad39b,AIC-BIOMARKER,ID-DEFINED,TIME-DEFINED,DOSE-DEFINED,REGIMEN-FIXED,BIOANALYTICAL-FINAL-FLAG-MISSING,COVARIATE-BASELINE-ONLY,SUBJECT-LEVEL-COVARIATE,MULTI-CMT-DEFINED,REANALYSIS-NONE,STRUCTURED,CELL_THERAPY,CONTINUOUS_PD,VECTOR_COPY|CAR_POSITIVE_CELL,QUARANTINE,Q15A,F01
000d2b38e8ca,AIC-BIOMARKER,ID-DEFINED,TIME-DEFINED,DOSE-DEFINED,REGIMEN-FIXED,BIOANALYTICAL-FINAL-FLAG-MISSING,COVARIATE-BASELINE-ONLY,SUBJECT-LEVEL-COVARIATE,MULTI-CMT-DEFINED,REANALYSIS-NONE,STRUCTURED,CELL_THERAPY,CONTINUOUS_PD,,QUARANTINE,Q15A,F01
8763da5517e1,AIC-BIOMARKER,ID-DEFINED,TIME-DEFINED,DOSE-DEFINED,REGIMEN-FIXED,BIOANALYTICAL-FINAL-FLAG-MISSING,COVARIATE-BASELINE-ONLY,SUBJECT-LEVEL-COVARIATE,MULTI-CMT-DEFINED,REANALYSIS-NONE,SEMI-STRUCTURED-LEGACY-FLAG,CELL_THERAPY,CONTINUOUS_PD,VECTOR_COPY|CAR_POSITIVE_CELL,QUARANTINE,Q15A,F01
3b5dc891093f,AIC-BIOMARKER,ID-DEFINED,TIME-DEFINED,DOSE-DEFINED,REGIMEN-FIXED,BIOANALYTICAL-FINAL-FLAG-MISSING,COVARIATE-BASELINE-ONLY,SUBJECT-LEVEL-COVARIATE,MULTI-CMT-DEFINED,REANALYSIS-NONE,SEMI-STRUCTURED-LEGACY-FLAG,CELL_THERAPY,CONTINUOUS_PD,,QUARANTINE,Q15A,F01
08c92ca5671f,AIC-BIOMARKER,ID-DEFINED,TIME-DEFINED,DOSE-DEFINED,REGIMEN-FIXED,BIOANALYTICAL-FINAL-FLAG-MISSING,COVARIATE-BASELINE-ONLY,SUBJECT-LEVEL-COVARIATE,DDI-VICTIM-PERPETRATOR,REANALYSIS-NONE,STRUCTURED,CELL_THERAPY,CONTINUOUS_PD,VECTOR_COPY|CAR_POSITIVE_CELL,QUARANTINE,Q15A,F22
f12762806227,AIC-BIOMARKER,ID-DEFINED,TIME-DEFINED,DOSE-DEFINED,REGIMEN-FIXED,BIOANALYTICAL-FINAL-FLAG-MISSING,COVARIATE-BASELINE-ONLY,SUBJECT-LEVEL-COVARIATE,DDI-VICTIM-PERPETRATOR,REANALYSIS-NONE,STRUCTURED,CELL_THERAPY,CONTINUOUS_PD,,QUARANTINE,Q15A,F22
1a88f5041080,AIC-BIOMARKER,ID-DEFINED,TIME-DEFINED,DOSE-DEFINED,REGIMEN-FIXED,BIOANALYTICAL-FINAL-FLAG-MISSING,COVARIATE-BASELINE-ONLY,SUBJECT-LEVEL-COVARIATE,DDI-VICTIM-PERPETRATOR,REANALYSIS-NONE,SEMI-STRUCTURED-LEGACY-FLAG,CELL_THERAPY,CONTINUOUS_PD,VECTOR_COPY|CAR_POSITIVE_CELL,QUARANTINE,Q15A,F22
5da66d21d844,AIC-BIOMARKER,ID-DEFINED,TIME-DEFINED,DOSE-DEFINED,REGIMEN-FIXED,BIOANALYTICAL-FINAL-FLAG-MISSING,COVARIATE-BASELINE-ONLY,SUBJECT-LEVEL-COVARIATE,DDI-VICTIM-PERPETRATOR,REANALYSIS-NONE,SEMI-STRUCTURED-LEGACY-FLAG,CELL_THERAPY,CONTINUOUS_PD,,QUARANTINE,Q15A,F22
ae46f60dac86,AIC-BIOMARKER,ID-DEFINED,TIME-DEFINED,DOSE-DEFINED,ADDL-ACTUAL-CONFLICT,BIOANALYTICAL-FINAL,COVARIATE-BASELINE-ONLY,SUBJECT-LEVEL-COVARIATE,SINGLE-ANALYTE,REANALYSIS-NONE,STRUCTURED,CELL_THERAPY,CONTINUOUS_PD,,AUTO,,F01
bff37103ba3c,AIC-BIOMARKER,ID-DEFINED,TIME-DEFINED,DOSE-DEFINED,ADDL-ACTUAL-CONFLICT,BIOANALYTICAL-FINAL,COVARIATE-BASELINE-ONLY,SUBJECT-LEVEL-COVARIATE,SINGLE-ANALYTE,REANALYSIS-NONE,SEMI-STRUCTURED-LEGACY-FLAG,CELL_THERAPY,CONTINUOUS_PD,,QUARANTINE,Q15B,F01
4199d5a78ffe,AIC-BIOMARKER,ID-DEFINED,TIME-DEFINED,DOSE-DEFINED,ADDL-ACTUAL-CONFLICT,BIOANALYTICAL-FINAL,COVARIATE-BASELINE-ONLY,SUBJECT-LEVEL-COVARIATE,MULTI-CMT-DEFINED,REANALYSIS-NONE,STRUCTURED,CELL_THERAPY,CONTINUOUS_PD,VECTOR_COPY|CAR_POSITIVE_CELL,REPAIR,,F01
9662e7151feb,AIC-BIOMARKER,ID-DEFINED,TIME-DEFINED,DOSE-DEFINED,ADDL-ACTUAL-CONFLICT,BIOANALYTICAL-FINAL,COVARIATE-BASELINE-ONLY,SUBJECT-LEVEL-COVARIATE,MULTI-CMT-DEFINED,REANALYSIS-NONE,STRUCTURED,CELL_THERAPY,CONTINUOUS_PD,,QUARANTINE,Q16,F01
a01353064caf,AIC-BIOMARKER,ID-DEFINED,TIME-DEFINED,DOSE-DEFINED,ADDL-ACTUAL-CONFLICT,BIOANALYTICAL-FINAL,COVARIATE-BASELINE-ONLY,SUBJECT-LEVEL-COVARIATE,MULTI-CMT-DEFINED,REANALYSIS-NONE,SEMI-STRUCTURED-LEGACY-FLAG,CELL_THERAPY,CONTINUOUS_PD,VECTOR_COPY|CAR_POSITIVE_CELL,QUARANTINE,Q15B,F01
a3a890acf22b,AIC-BIOMARKER,ID-DEFINED,TIME-DEFINED,DOSE-DEFINED,ADDL-ACTUAL-CONFLICT,BIOANALYTICAL-FINAL,COVARIATE-BASELINE-ONLY,SUBJECT-LEVEL-COVARIATE,MULTI-CMT-DEFINED,REANALYSIS-NONE,SEMI-STRUCTURED-LEGACY-FLAG,CELL_THERAPY,CONTINUOUS_PD,,QUARANTINE,Q16,F01
fea3b0406f08,AIC-BIOMARKER,ID-DEFINED,TIME-DEFINED,DOSE-DEFINED,ADDL-ACTUAL-CONFLICT,BIOANALYTICAL-FINAL,COVARIATE-BASELINE-ONLY,SUBJECT-LEVEL-COVARIATE,DDI-VICTIM-PERPETRATOR,REANALYSIS-NONE,STRUCTURED,CELL_THERAPY,CONTINUOUS_PD,VECTOR_COPY|CAR_POSITIVE_CELL,REPAIR,,F22
3541b978bf57,AIC-BIOMARKER,ID-DEFINED,TIME-DEFINED,DOSE-DEFINED,ADDL-ACTUAL-CONFLICT,BIOANALYTICAL-FINAL,COVARIATE-BASELINE-ONLY,SUBJECT-LEVEL-COVARIATE,DDI-VICTIM-PERPETRATOR,REANALYSIS-NONE,STRUCTURED,CELL_THERAPY,CONTINUOUS_PD,,QUARANTINE,Q16,F22
7f19e8bc24bc,AIC-BIOMARKER,ID-DEFINED,TIME-DEFINED,DOSE-DEFINED,ADDL-ACTUAL-CONFLICT,BIOANALYTICAL-FINAL,COVARIATE-BASELINE-ONLY,SUBJECT-LEVEL-COVARIATE,DDI-VICTIM-PERPETRATOR,REANALYSIS-NONE,SEMI-STRUCTURED-LEGACY-FLAG,CELL_THERAPY,CONTINUOUS_PD,VECTOR_COPY|CAR_POSITIVE_CELL,QUARANTINE,Q15B,F22
94ce3437b000,AIC-BIOMARKER,ID-DEFINED,TIME-DEFINED,DOSE-DEFINED,ADDL-ACTUAL-CONFLICT,BIOANALYTICAL-FINAL,COVARIATE-BASELINE-ONLY,SUBJECT-LEVEL-COVARIATE,DDI-VICTIM-PERPETRATOR,REANALYSIS-NONE,SEMI-STRUCTURED-LEGACY-FLAG,CELL_THERAPY,CONTINUOUS_PD,,QUARANTINE,Q16,F22
180575da7107,AIC-BIOMARKER,ID-DEFINED,TIME-DEFINED,DOSE-DEFINED,ADDL-ACTUAL-CONFLICT,BLQ-DEFINED-POLICY,COVARIATE-BASELINE-ONLY,SUBJECT-LEVEL-COVARIATE,SINGLE-ANALYTE,REANALYSIS-NONE,STRUCTURED,CELL_THERAPY,CONTINUOUS_PD,,REPAIR,,F01
56fb3bee045c,AIC-BIOMARKER,ID-DEFINED,TIME-DEFINED,DOSE-DEFINED,ADDL-ACTUAL-CONFLICT,BLQ-DEFINED-POLICY,COVARIATE-BASELINE-ONLY,SUBJECT-LEVEL-COVARIATE,SINGLE-ANALYTE,REANALYSIS-NONE,SEMI-STRUCTURED-LEGACY-FLAG,CELL_THERAPY,CONTINUOUS_PD,,QUARANTINE,Q15B,F01
5e7678a9dccc,AIC-BIOMARKER,ID-DEFINED,TIME-DEFINED,DOSE-DEFINED,ADDL-ACTUAL-CONFLICT,BLQ-DEFINED-POLICY,COVARIATE-BASELINE-ONLY,SUBJECT-LEVEL-COVARIATE,MULTI-CMT-DEFINED,REANALYSIS-NONE,STRUCTURED,CELL_THERAPY,CONTINUOUS_PD,VECTOR_COPY|CAR_POSITIVE_CELL,REPAIR,,F01
7564b94feb45,AIC-BIOMARKER,ID-DEFINED,TIME-DEFINED,DOSE-DEFINED,ADDL-ACTUAL-CONFLICT,BLQ-DEFINED-POLICY,COVARIATE-BASELINE-ONLY,SUBJECT-LEVEL-COVARIATE,MULTI-CMT-DEFINED,REANALYSIS-NONE,STRUCTURED,CELL_THERAPY,CONTINUOUS_PD,,QUARANTINE,Q16,F01
9faea1669132,AIC-BIOMARKER,ID-DEFINED,TIME-DEFINED,DOSE-DEFINED,ADDL-ACTUAL-CONFLICT,BLQ-DEFINED-POLICY,COVARIATE-BASELINE-ONLY,SUBJECT-LEVEL-COVARIATE,MULTI-CMT-DEFINED,REANALYSIS-NONE,SEMI-STRUCTURED-LEGACY-FLAG,CELL_THERAPY,CONTINUOUS_PD,VECTOR_COPY|CAR_POSITIVE_CELL,QUARANTINE,Q15B,F01
09feebc11baa,AIC-BIOMARKER,ID-DEFINED,TIME-DEFINED,DOSE-DEFINED,ADDL-ACTUAL-CONFLICT,BLQ-DEFINED-POLICY,COVARIATE-BASELINE-ONLY,SUBJECT-LEVEL-COVARIATE,MULTI-CMT-DEFINED,REANALYSIS-NONE,SEMI-STRUCTURED-LEGACY-FLAG,CELL_THERAPY,CONTINUOUS_PD,,QUARANTINE,Q16,F01
ecffd29debf0,AIC-BIOMARKER,ID-DEFINED,TIME-DEFINED,DOSE-DEFINED,ADDL-ACTUAL-CONFLICT,BLQ-DEFINED-POLICY,COVARIATE-BASELINE-ONLY,SUBJECT-LEVEL-COVARIATE,DDI-VICTIM-PERPETRATOR,REANALYSIS-NONE,STRUCTURED,CELL_THERAPY,CONTINUOUS_PD,VECTOR_COPY|CAR_POSITIVE_CELL,REPAIR,,F22
24ee404f6311,AIC-BIOMARKER,ID-DEFINED,TIME-DEFINED,DOSE-DEFINED,ADDL-ACTUAL-CONFLICT,BLQ-DEFINED-POLICY,COVARIATE-BASELINE-ONLY,SUBJECT-LEVEL-COVARIATE,DDI-VICTIM-PERPETRATOR,REANALYSIS-NONE,STRUCTURED,CELL_THERAPY,CONTINUOUS_PD,,QUARANTINE,Q16,F22
a46c1ecb0057,AIC-BIOMARKER,ID-DEFINED,TIME-DEFINED,DOSE-DEFINED,ADDL-ACTUAL-CONFLICT,BLQ-DEFINED-POLICY,COVARIATE-BASELINE-ONLY,SUBJECT-LEVEL-COVARIATE,DDI-VICTIM-PERPETRATOR,REANALYSIS-NONE,SEMI-STRUCTURED-LEGACY-FLAG,CELL_THERAPY,CONTINUOUS_PD,VECTOR_COPY|CAR_POSITIVE_CELL,QUARANTINE,Q15B,F22
cb5cee0b7d34,AIC-BIOMARKER,ID-DEFINED,TIME-DEFINED,DOSE-DEFINED,ADDL-ACTUAL-CONFLICT,BLQ-DEFINED-POLICY,COVARIATE-BASELINE-ONLY,SUBJECT-LEVEL-COVARIATE,DDI-VICTIM-PERPETRATOR,REANALYSIS-NONE,SEMI-STRUCTURED-LEGACY-FLAG,CELL_THERAPY,CONTINUOUS_PD,,QUARANTINE,Q16,F22
6a0fe53694a4,AIC-BIOMARKER,ID-DEFINED,TIME-DEFINED,DOSE-DEFINED,ADDL-ACTUAL-CONFLICT,BIOANALYTICAL-FINAL-FLAG-MISSING,COVARIATE-BASELINE-ONLY,SUBJECT-LEVEL-COVARIATE,SINGLE-ANALYTE,REANALYSIS-NONE,STRUCTURED,CELL_THERAPY,CONTINUOUS_PD,,QUARANTINE,Q15A,F01
ac86535e4967,AIC-BIOMARKER,ID-DEFINED,TIME-DEFINED,DOSE-DEFINED,ADDL-ACTUAL-CONFLICT,BIOANALYTICAL-FINAL-FLAG-MISSING,COVARIATE-BASELINE-ONLY,SUBJECT-LEVEL-COVARIATE,SINGLE-ANALYTE,REANALYSIS-NONE,SEMI-STRUCTURED-LEGACY-FLAG,CELL_THERAPY,CONTINUOUS_PD,,QUARANTINE,Q15A,F01
1b2bb6a4a81d,AIC-BIOMARKER,ID-DEFINED,TIME-DEFINED,DOSE-DEFINED,ADDL-ACTUAL-CONFLICT,BIOANALYTICAL-FINAL-FLAG-MISSING,COVARIATE-BASELINE-ONLY,SUBJECT-LEVEL-COVARIATE,MULTI-CMT-DEFINED,REANALYSIS-NONE,STRUCTURED,CELL_THERAPY,CONTINUOUS_PD,VECTOR_COPY|CAR_POSITIVE_CELL,QUARANTINE,Q15A,F01
8281ac37288b,AIC-BIOMARKER,ID-DEFINED,TIME-DEFINED,DOSE-DEFINED,ADDL-ACTUAL-CONFLICT,BIOANALYTICAL-FINAL-FLAG-MISSING,COVARIATE-BASELINE-ONLY,SUBJECT-LEVEL-COVARIATE,MULTI-CMT-DEFINED,REANALYSIS-NONE,STRUCTURED,CELL_THERAPY,CONTINUOUS_PD,,QUARANTINE,Q15A,F01
aa23e22e1160,AIC-BIOMARKER,ID-DEFINED,TIME-DEFINED,DOSE-DEFINED,ADDL-ACTUAL-CONFLICT,BIOANALYTICAL-FINAL-FLAG-MISSING,COVARIATE-BASELINE-ONLY,SUBJECT-LEVEL-COVARIATE,MULTI-CMT-DEFINED,REANALYSIS-NONE,SEMI-STRUCTURED-LEGACY-FLAG,CELL_THERAPY,CONTINUOUS_PD,VECTOR_COPY|CAR_POSITIVE_CELL,QUARANTINE,Q15A,F01
fee80f676d21,AIC-BIOMARKER,ID-DEFINED,TIME-DEFINED,DOSE-DEFINED,ADDL-ACTUAL-CONFLICT,BIOANALYTICAL-FINAL-FLAG-MISSING,COVARIATE-BASELINE-ONLY,SUBJECT-LEVEL-COVARIATE,MULTI-CMT-DEFINED,REANALYSIS-NONE,SEMI-STRUCTURED-LEGACY-FLAG,CELL_THERAPY,CONTINUOUS_PD,,QUARANTINE,Q15A,F01
798d025e7adc,AIC-BIOMARKER,ID-DEFINED,TIME-DEFINED,DOSE-DEFINED,ADDL-ACTUAL-CONFLICT,BIOANALYTICAL-FINAL-FLAG-MISSING,COVARIATE-BASELINE-ONLY,SUBJECT-LEVEL-COVARIATE,DDI-VICTIM-PERPETRATOR,REANALYSIS-NONE,STRUCTURED,CELL_THERAPY,CONTINUOUS_PD,VECTOR_COPY|CAR_POSITIVE_CELL,QUARANTINE,Q15A,F22
6c4f141aacdd,AIC-BIOMARKER,ID-DEFINED,TIME-DEFINED,DOSE-DEFINED,ADDL-ACTUAL-CONFLICT,BIOANALYTICAL-FINAL-FLAG-MISSING,COVARIATE-BASELINE-ONLY,SUBJECT-LEVEL-COVARIATE,DDI-VICTIM-PERPETRATOR,REANALYSIS-NONE,STRUCTURED,CELL_THERAPY,CONTINUOUS_PD,,QUARANTINE,Q15A,F22
9922c0ea7b61,AIC-BIOMARKER,ID-DEFINED,TIME-DEFINED,DOSE-DEFINED,ADDL-ACTUAL-CONFLICT,BIOANALYTICAL-FINAL-FLAG-MISSING,COVARIATE-BASELINE-ONLY,SUBJECT-LEVEL-COVARIATE,DDI-VICTIM-PERPETRATOR,REANALYSIS-NONE,SEMI-STRUCTURED-LEGACY-FLAG,CELL_THERAPY,CONTINUOUS_PD,VECTOR_COPY|CAR_POSITIVE_CELL,QUARANTINE,Q15A,F22
30dbc071cfcc,AIC-BIOMARKER,ID-DEFINED,TIME-DEFINED,DOSE-DEFINED,ADDL-ACTUAL-CONFLICT,BIOANALYTICAL-FINAL-FLAG-MISSING,COVARIATE-BASELINE-ONLY,SUBJECT-LEVEL-COVARIATE,DDI-VICTIM-PERPETRATOR,REANALYSIS-NONE,SEMI-STRUCTURED-LEGACY-FLAG,CELL_THERAPY,CONTINUOUS_PD,,QUARANTINE,Q15A,F22
59a66eca8a16,AIC-BIOMARKER,ID-DEFINED,TIME-DEFINED,DOSE-DEFINED,REGIMEN-FIXED,BIOANALYTICAL-FINAL,COVARIATE-BASELINE-ONLY,SUBJECT-LEVEL-COVARIATE,SINGLE-ANALYTE,REANALYSIS-NONE,STRUCTURED,MRNA,CONTINUOUS_PD,,AUTO,,F27
a616da01d477,AIC-BIOMARKER,ID-DEFINED,TIME-DEFINED,DOSE-DEFINED,REGIMEN-FIXED,BIOANALYTICAL-FINAL,COVARIATE-BASELINE-ONLY,SUBJECT-LEVEL-COVARIATE,SINGLE-ANALYTE,REANALYSIS-NONE,SEMI-STRUCTURED-LEGACY-FLAG,MRNA,CONTINUOUS_PD,,QUARANTINE,Q15B,F27
512ced58dc68,AIC-BIOMARKER,ID-DEFINED,TIME-DEFINED,DOSE-DEFINED,REGIMEN-FIXED,BIOANALYTICAL-FINAL,COVARIATE-BASELINE-ONLY,SUBJECT-LEVEL-COVARIATE,MULTI-CMT-DEFINED,REANALYSIS-NONE,STRUCTURED,MRNA,CONTINUOUS_PD,,REPAIR,,F27
f72e99ac0574,AIC-BIOMARKER,ID-DEFINED,TIME-DEFINED,DOSE-DEFINED,REGIMEN-FIXED,BIOANALYTICAL-FINAL,COVARIATE-BASELINE-ONLY,SUBJECT-LEVEL-COVARIATE,MULTI-CMT-DEFINED,REANALYSIS-NONE,SEMI-STRUCTURED-LEGACY-FLAG,MRNA,CONTINUOUS_PD,,QUARANTINE,Q15B,F27
918ce7ddc6bb,AIC-BIOMARKER,ID-DEFINED,TIME-DEFINED,DOSE-DEFINED,REGIMEN-FIXED,BIOANALYTICAL-FINAL,COVARIATE-BASELINE-ONLY,SUBJECT-LEVEL-COVARIATE,DDI-VICTIM-PERPETRATOR,REANALYSIS-NONE,STRUCTURED,MRNA,CONTINUOUS_PD,,REPAIR,,F27
2ac63be242b1,AIC-BIOMARKER,ID-DEFINED,TIME-DEFINED,DOSE-DEFINED,REGIMEN-FIXED,BIOANALYTICAL-FINAL,COVARIATE-BASELINE-ONLY,SUBJECT-LEVEL-COVARIATE,DDI-VICTIM-PERPETRATOR,REANALYSIS-NONE,SEMI-STRUCTURED-LEGACY-FLAG,MRNA,CONTINUOUS_PD,,QUARANTINE,Q15B,F27
8543d2d03225,AIC-BIOMARKER,ID-DEFINED,TIME-DEFINED,DOSE-DEFINED,REGIMEN-FIXED,BLQ-DEFINED-POLICY,COVARIATE-BASELINE-ONLY,SUBJECT-LEVEL-COVARIATE,SINGLE-ANALYTE,REANALYSIS-NONE,STRUCTURED,MRNA,CONTINUOUS_PD,,REPAIR,,F27
92e212287ded,AIC-BIOMARKER,ID-DEFINED,TIME-DEFINED,DOSE-DEFINED,REGIMEN-FIXED,BLQ-DEFINED-POLICY,COVARIATE-BASELINE-ONLY,SUBJECT-LEVEL-COVARIATE,SINGLE-ANALYTE,REANALYSIS-NONE,SEMI-STRUCTURED-LEGACY-FLAG,MRNA,CONTINUOUS_PD,,QUARANTINE,Q15B,F27
405703fb9eff,AIC-BIOMARKER,ID-DEFINED,TIME-DEFINED,DOSE-DEFINED,REGIMEN-FIXED,BLQ-DEFINED-POLICY,COVARIATE-BASELINE-ONLY,SUBJECT-LEVEL-COVARIATE,MULTI-CMT-DEFINED,REANALYSIS-NONE,STRUCTURED,MRNA,CONTINUOUS_PD,,REPAIR,,F27
c4100c62d482,AIC-BIOMARKER,ID-DEFINED,TIME-DEFINED,DOSE-DEFINED,REGIMEN-FIXED,BLQ-DEFINED-POLICY,COVARIATE-BASELINE-ONLY,SUBJECT-LEVEL-COVARIATE,MULTI-CMT-DEFINED,REANALYSIS-NONE,SEMI-STRUCTURED-LEGACY-FLAG,MRNA,CONTINUOUS_PD,,QUARANTINE,Q15B,F27
dc4001df72ce,AIC-BIOMARKER,ID-DEFINED,TIME-DEFINED,DOSE-DEFINED,REGIMEN-FIXED,BLQ-DEFINED-POLICY,COVARIATE-BASELINE-ONLY,SUBJECT-LEVEL-COVARIATE,DDI-VICTIM-PERPETRATOR,REANALYSIS-NONE,STRUCTURED,MRNA,CONTINUOUS_PD,,REPAIR,,F27
e46b801a19e2,AIC-BIOMARKER,ID-DEFINED,TIME-DEFINED,DOSE-DEFINED,REGIMEN-FIXED,BLQ-DEFINED-POLICY,COVARIATE-BASELINE-ONLY,SUBJECT-LEVEL-COVARIATE,DDI-VICTIM-PERPETRATOR,REANALYSIS-NONE,SEMI-STRUCTURED-LEGACY-FLAG,MRNA,CONTINUOUS_PD,,QUARANTINE,Q15B,F27
a36798081ef0,AIC-BIOMARKER,ID-DEFINED,TIME-DEFINED,DOSE-DEFINED,REGIMEN-FIXED,BIOANALYTICAL-FINAL-FLAG-MISSING,COVARIATE-BASELINE-ONLY,SUBJECT-LEVEL-COVARIATE,SINGLE-ANALYTE,REANALYSIS-NONE,STRUCTURED,MRNA,CONTINUOUS_PD,,QUARANTINE,Q15A,F27
7df4fbe063d9,AIC-BIOMARKER,ID-DEFINED,TIME-DEFINED,DOSE-DEFINED,REGIMEN-FIXED,BIOANALYTICAL-FINAL-FLAG-MISSING,COVARIATE-BASELINE-ONLY,SUBJECT-LEVEL-COVARIATE,SINGLE-ANALYTE,REANALYSIS-NONE,SEMI-STRUCTURED-LEGACY-FLAG,MRNA,CONTINUOUS_PD,,QUARANTINE,Q15A,F27
230dfb456951,AIC-BIOMARKER,ID-DEFINED,TIME-DEFINED,DOSE-DEFINED,REGIMEN-FIXED,BIOANALYTICAL-FINAL-FLAG-MISSING,COVARIATE-BASELINE-ONLY,SUBJECT-LEVEL-COVARIATE,MULTI-CMT-DEFINED,REANALYSIS-NONE,STRUCTURED,MRNA,CONTINUOUS_PD,,QUARANTINE,Q15A,F27
312d17caf4eb,AIC-BIOMARKER,ID-DEFINED,TIME-DEFINED,DOSE-DEFINED,REGIMEN-FIXED,BIOANALYTICAL-FINAL-FLAG-MISSING,COVARIATE-BASELINE-ONLY,SUBJECT-LEVEL-COVARIATE,MULTI-CMT-DEFINED,REANALYSIS-NONE,SEMI-STRUCTURED-LEGACY-FLAG,MRNA,CONTINUOUS_PD,,QUARANTINE,Q15A,F27
83c30017cdab,AIC-BIOMARKER,ID-DEFINED,TIME-DEFINED,DOSE-DEFINED,REGIMEN-FIXED,BIOANALYTICAL-FINAL-FLAG-MISSING,COVARIATE-BASELINE-ONLY,SUBJECT-LEVEL-COVARIATE,DDI-VICTIM-PERPETRATOR,REANALYSIS-NONE,STRUCTURED,MRNA,CONTINUOUS_PD,,QUARANTINE,Q15A,F27
947764aadd02,AIC-BIOMARKER,ID-DEFINED,TIME-DEFINED,DOSE-DEFINED,REGIMEN-FIXED,BIOANALYTICAL-FINAL-FLAG-MISSING,COVARIATE-BASELINE-ONLY,SUBJECT-LEVEL-COVARIATE,DDI-VICTIM-PERPETRATOR,REANALYSIS-NONE,SEMI-STRUCTURED-LEGACY-FLAG,MRNA,CONTINUOUS_PD,,QUARANTINE,Q15A,F27
baaf36695803,AIC-BIOMARKER,ID-DEFINED,TIME-DEFINED,DOSE-DEFINED,ADDL-ACTUAL-CONFLICT,BIOANALYTICAL-FINAL,COVARIATE-BASELINE-ONLY,SUBJECT-LEVEL-COVARIATE,SINGLE-ANALYTE,REANALYSIS-NONE,STRUCTURED,MRNA,CONTINUOUS_PD,,AUTO,,F27
8173c0c603d0,AIC-BIOMARKER,ID-DEFINED,TIME-DEFINED,DOSE-DEFINED,ADDL-ACTUAL-CONFLICT,BIOANALYTICAL-FINAL,COVARIATE-BASELINE-ONLY,SUBJECT-LEVEL-COVARIATE,SINGLE-ANALYTE,REANALYSIS-NONE,SEMI-STRUCTURED-LEGACY-FLAG,MRNA,CONTINUOUS_PD,,QUARANTINE,Q15B,F27
af3fe9f0288d,AIC-BIOMARKER,ID-DEFINED,TIME-DEFINED,DOSE-DEFINED,ADDL-ACTUAL-CONFLICT,BIOANALYTICAL-FINAL,COVARIATE-BASELINE-ONLY,SUBJECT-LEVEL-COVARIATE,MULTI-CMT-DEFINED,REANALYSIS-NONE,STRUCTURED,MRNA,CONTINUOUS_PD,,REPAIR,,F27
4089e64bc5fc,AIC-BIOMARKER,ID-DEFINED,TIME-DEFINED,DOSE-DEFINED,ADDL-ACTUAL-CONFLICT,BIOANALYTICAL-FINAL,COVARIATE-BASELINE-ONLY,SUBJECT-LEVEL-COVARIATE,MULTI-CMT-DEFINED,REANALYSIS-NONE,SEMI-STRUCTURED-LEGACY-FLAG,MRNA,CONTINUOUS_PD,,QUARANTINE,Q15B,F27
e581d11a97e5,AIC-BIOMARKER,ID-DEFINED,TIME-DEFINED,DOSE-DEFINED,ADDL-ACTUAL-CONFLICT,BIOANALYTICAL-FINAL,COVARIATE-BASELINE-ONLY,SUBJECT-LEVEL-COVARIATE,DDI-VICTIM-PERPETRATOR,REANALYSIS-NONE,STRUCTURED,MRNA,CONTINUOUS_PD,,REPAIR,,F27
8250f68d5f1d,AIC-BIOMARKER,ID-DEFINED,TIME-DEFINED,DOSE-DEFINED,ADDL-ACTUAL-CONFLICT,BIOANALYTICAL-FINAL,COVARIATE-BASELINE-ONLY,SUBJECT-LEVEL-COVARIATE,DDI-VICTIM-PERPETRATOR,REANALYSIS-NONE,SEMI-STRUCTURED-LEGACY-FLAG,MRNA,CONTINUOUS_PD,,QUARANTINE,Q15B,F27
d867a857e76b,AIC-BIOMARKER,ID-DEFINED,TIME-DEFINED,DOSE-DEFINED,ADDL-ACTUAL-CONFLICT,BLQ-DEFINED-POLICY,COVARIATE-BASELINE-ONLY,SUBJECT-LEVEL-COVARIATE,SINGLE-ANALYTE,REANALYSIS-NONE,STRUCTURED,MRNA,CONTINUOUS_PD,,REPAIR,,F27
7c26bf5378bb,AIC-BIOMARKER,ID-DEFINED,TIME-DEFINED,DOSE-DEFINED,ADDL-ACTUAL-CONFLICT,BLQ-DEFINED-POLICY,COVARIATE-BASELINE-ONLY,SUBJECT-LEVEL-COVARIATE,SINGLE-ANALYTE,REANALYSIS-NONE,SEMI-STRUCTURED-LEGACY-FLAG,MRNA,CONTINUOUS_PD,,QUARANTINE,Q15B,F27
0a8cb296ea98,AIC-BIOMARKER,ID-DEFINED,TIME-DEFINED,DOSE-DEFINED,ADDL-ACTUAL-CONFLICT,BLQ-DEFINED-POLICY,COVARIATE-BASELINE-ONLY,SUBJECT-LEVEL-COVARIATE,MULTI-CMT-DEFINED,REANALYSIS-NONE,STRUCTURED,MRNA,CONTINUOUS_PD,,REPAIR,,F27
e8d58bcdc1ac,AIC-BIOMARKER,ID-DEFINED,TIME-DEFINED,DOSE-DEFINED,ADDL-ACTUAL-CONFLICT,BLQ-DEFINED-POLICY,COVARIATE-BASELINE-ONLY,SUBJECT-LEVEL-COVARIATE,MULTI-CMT-DEFINED,REANALYSIS-NONE,SEMI-STRUCTURED-LEGACY-FLAG,MRNA,CONTINUOUS_PD,,QUARANTINE,Q15B,F27
8f16bb940aa5,AIC-BIOMARKER,ID-DEFINED,TIME-DEFINED,DOSE-DEFINED,ADDL-ACTUAL-CONFLICT,BLQ-DEFINED-POLICY,COVARIATE-BASELINE-ONLY,SUBJECT-LEVEL-COVARIATE,DDI-VICTIM-PERPETRATOR,REANALYSIS-NONE,STRUCTURED,MRNA,CONTINUOUS_PD,,REPAIR,,F27
433e92b38b5d,AIC-BIOMARKER,ID-DEFINED,TIME-DEFINED,DOSE-DEFINED,ADDL-ACTUAL-CONFLICT,BLQ-DEFINED-POLICY,COVARIATE-BASELINE-ONLY,SUBJECT-LEVEL-COVARIATE,DDI-VICTIM-PERPETRATOR,REANALYSIS-NONE,SEMI-STRUCTURED-LEGACY-FLAG,MRNA,CONTINUOUS_PD,,QUARANTINE,Q15B,F27
cab325c550d8,AIC-BIOMARKER,ID-DEFINED,TIME-DEFINED,DOSE-DEFINED,ADDL-ACTUAL-CONFLICT,BIOANALYTICAL-FINAL-FLAG-MISSING,COVARIATE-BASELINE-ONLY,SUBJECT-LEVEL-COVARIATE,SINGLE-ANALYTE,REANALYSIS-NONE,STRUCTURED,MRNA,CONTINUOUS_PD,,QUARANTINE,Q15A,F27
7681e5ec0b58,AIC-BIOMARKER,ID-DEFINED,TIME-DEFINED,DOSE-DEFINED,ADDL-ACTUAL-CONFLICT,BIOANALYTICAL-FINAL-FLAG-MISSING,COVARIATE-BASELINE-ONLY,SUBJECT-LEVEL-COVARIATE,SINGLE-ANALYTE,REANALYSIS-NONE,SEMI-STRUCTURED-LEGACY-FLAG,MRNA,CONTINUOUS_PD,,QUARANTINE,Q15A,F27
b2e9d99d6aa7,AIC-BIOMARKER,ID-DEFINED,TIME-DEFINED,DOSE-DEFINED,ADDL-ACTUAL-CONFLICT,BIOANALYTICAL-FINAL-FLAG-MISSING,COVARIATE-BASELINE-ONLY,SUBJECT-LEVEL-COVARIATE,MULTI-CMT-DEFINED,REANALYSIS-NONE,STRUCTURED,MRNA,CONTINUOUS_PD,,QUARANTINE,Q15A,F27
171a5cc444b8,AIC-BIOMARKER,ID-DEFINED,TIME-DEFINED,DOSE-DEFINED,ADDL-ACTUAL-CONFLICT,BIOANALYTICAL-FINAL-FLAG-MISSING,COVARIATE-BASELINE-ONLY,SUBJECT-LEVEL-COVARIATE,MULTI-CMT-DEFINED,REANALYSIS-NONE,SEMI-STRUCTURED-LEGACY-FLAG,MRNA,CONTINUOUS_PD,,QUARANTINE,Q15A,F27
8ee44df92679,AIC-BIOMARKER,ID-DEFINED,TIME-DEFINED,DOSE-DEFINED,ADDL-ACTUAL-CONFLICT,BIOANALYTICAL-FINAL-FLAG-MISSING,COVARIATE-BASELINE-ONLY,SUBJECT-LEVEL-COVARIATE,DDI-VICTIM-PERPETRATOR,REANALYSIS-NONE,STRUCTURED,MRNA,CONTINUOUS_PD,,QUARANTINE,Q15A,F27
5d6258a51631,AIC-BIOMARKER,ID-DEFINED,TIME-DEFINED,DOSE-DEFINED,ADDL-ACTUAL-CONFLICT,BIOANALYTICAL-FINAL-FLAG-MISSING,COVARIATE-BASELINE-ONLY,SUBJECT-LEVEL-COVARIATE,DDI-VICTIM-PERPETRATOR,REANALYSIS-NONE,SEMI-STRUCTURED-LEGACY-FLAG,MRNA,CONTINUOUS_PD,,QUARANTINE,Q15A,F27
6dfa614c046e,AIC-CELL_THERAPY,ID-DEFINED,TIME-DEFINED,DOSE-DEFINED,REGIMEN-FIXED,BIOANALYTICAL-FINAL,COVARIATE-BASELINE-ONLY,PRODUCT-LEVEL-COVARIATE,SINGLE-ANALYTE,REANALYSIS-NONE,STRUCTURED,CELL_THERAPY,CELLULAR_KINETICS,,REPAIR,,F26
e374446ac4b8,AIC-CELL_THERAPY,ID-DEFINED,TIME-DEFINED,DOSE-DEFINED,REGIMEN-FIXED,BIOANALYTICAL-FINAL,COVARIATE-BASELINE-ONLY,PRODUCT-LEVEL-COVARIATE,SINGLE-ANALYTE,REANALYSIS-NONE,SEMI-STRUCTURED-LEGACY-FLAG,CELL_THERAPY,CELLULAR_KINETICS,,QUARANTINE,Q15B,F26
6cbe2f7b23eb,AIC-CELL_THERAPY,ID-DEFINED,TIME-DEFINED,DOSE-DEFINED,REGIMEN-FIXED,BIOANALYTICAL-FINAL,COVARIATE-BASELINE-ONLY,PRODUCT-LEVEL-COVARIATE,MULTI-CMT-DEFINED,REANALYSIS-NONE,STRUCTURED,CELL_THERAPY,CELLULAR_KINETICS,VECTOR_COPY|CAR_POSITIVE_CELL,REPAIR,,F26
61d04f2d670d,AIC-CELL_THERAPY,ID-DEFINED,TIME-DEFINED,DOSE-DEFINED,REGIMEN-FIXED,BIOANALYTICAL-FINAL,COVARIATE-BASELINE-ONLY,PRODUCT-LEVEL-COVARIATE,MULTI-CMT-DEFINED,REANALYSIS-NONE,STRUCTURED,CELL_THERAPY,CELLULAR_KINETICS,,QUARANTINE,Q16,F26
d1ab085b4c8b,AIC-CELL_THERAPY,ID-DEFINED,TIME-DEFINED,DOSE-DEFINED,REGIMEN-FIXED,BIOANALYTICAL-FINAL,COVARIATE-BASELINE-ONLY,PRODUCT-LEVEL-COVARIATE,MULTI-CMT-DEFINED,REANALYSIS-NONE,SEMI-STRUCTURED-LEGACY-FLAG,CELL_THERAPY,CELLULAR_KINETICS,VECTOR_COPY|CAR_POSITIVE_CELL,QUARANTINE,Q15B,F26
0e4dc53e8779,AIC-CELL_THERAPY,ID-DEFINED,TIME-DEFINED,DOSE-DEFINED,REGIMEN-FIXED,BIOANALYTICAL-FINAL,COVARIATE-BASELINE-ONLY,PRODUCT-LEVEL-COVARIATE,MULTI-CMT-DEFINED,REANALYSIS-NONE,SEMI-STRUCTURED-LEGACY-FLAG,CELL_THERAPY,CELLULAR_KINETICS,,QUARANTINE,Q16,F26
fb479d719341,AIC-CELL_THERAPY,ID-DEFINED,TIME-DEFINED,DOSE-DEFINED,REGIMEN-FIXED,BIOANALYTICAL-FINAL,COVARIATE-BASELINE-ONLY,PRODUCT-LEVEL-COVARIATE,DDI-VICTIM-PERPETRATOR,REANALYSIS-NONE,STRUCTURED,CELL_THERAPY,CELLULAR_KINETICS,VECTOR_COPY|CAR_POSITIVE_CELL,REPAIR,,F26
00cbb056dca6,AIC-CELL_THERAPY,ID-DEFINED,TIME-DEFINED,DOSE-DEFINED,REGIMEN-FIXED,BIOANALYTICAL-FINAL,COVARIATE-BASELINE-ONLY,PRODUCT-LEVEL-COVARIATE,DDI-VICTIM-PERPETRATOR,REANALYSIS-NONE,STRUCTURED,CELL_THERAPY,CELLULAR_KINETICS,,QUARANTINE,Q16,F26
10f0a04d5fc7,AIC-CELL_THERAPY,ID-DEFINED,TIME-DEFINED,DOSE-DEFINED,REGIMEN-FIXED,BIOANALYTICAL-FINAL,COVARIATE-BASELINE-ONLY,PRODUCT-LEVEL-COVARIATE,DDI-VICTIM-PERPETRATOR,REANALYSIS-NONE,SEMI-STRUCTURED-LEGACY-FLAG,CELL_THERAPY,CELLULAR_KINETICS,VECTOR_COPY|CAR_POSITIVE_CELL,QUARANTINE,Q15B,F26
80abb22ee7b4,AIC-CELL_THERAPY,ID-DEFINED,TIME-DEFINED,DOSE-DEFINED,REGIMEN-FIXED,BIOANALYTICAL-FINAL,COVARIATE-BASELINE-ONLY,PRODUCT-LEVEL-COVARIATE,DDI-VICTIM-PERPETRATOR,REANALYSIS-NONE,SEMI-STRUCTURED-LEGACY-FLAG,CELL_THERAPY,CELLULAR_KINETICS,,QUARANTINE,Q16,F26
89e727554a31,AIC-CELL_THERAPY,ID-DEFINED,TIME-DEFINED,DOSE-DEFINED,REGIMEN-FIXED,BLQ-DEFINED-POLICY,COVARIATE-BASELINE-ONLY,PRODUCT-LEVEL-COVARIATE,SINGLE-ANALYTE,REANALYSIS-NONE,STRUCTURED,CELL_THERAPY,CELLULAR_KINETICS,,REPAIR,,F26
f79da554e18f,AIC-CELL_THERAPY,ID-DEFINED,TIME-DEFINED,DOSE-DEFINED,REGIMEN-FIXED,BLQ-DEFINED-POLICY,COVARIATE-BASELINE-ONLY,PRODUCT-LEVEL-COVARIATE,SINGLE-ANALYTE,REANALYSIS-NONE,SEMI-STRUCTURED-LEGACY-FLAG,CELL_THERAPY,CELLULAR_KINETICS,,QUARANTINE,Q15B,F26
d5ca329aa708,AIC-CELL_THERAPY,ID-DEFINED,TIME-DEFINED,DOSE-DEFINED,REGIMEN-FIXED,BLQ-DEFINED-POLICY,COVARIATE-BASELINE-ONLY,PRODUCT-LEVEL-COVARIATE,MULTI-CMT-DEFINED,REANALYSIS-NONE,STRUCTURED,CELL_THERAPY,CELLULAR_KINETICS,VECTOR_COPY|CAR_POSITIVE_CELL,REPAIR,,F26
f90c36c947f9,AIC-CELL_THERAPY,ID-DEFINED,TIME-DEFINED,DOSE-DEFINED,REGIMEN-FIXED,BLQ-DEFINED-POLICY,COVARIATE-BASELINE-ONLY,PRODUCT-LEVEL-COVARIATE,MULTI-CMT-DEFINED,REANALYSIS-NONE,STRUCTURED,CELL_THERAPY,CELLULAR_KINETICS,,QUARANTINE,Q16,F26
0b692c311899,AIC-CELL_THERAPY,ID-DEFINED,TIME-DEFINED,DOSE-DEFINED,REGIMEN-FIXED,BLQ-DEFINED-POLICY,COVARIATE-BASELINE-ONLY,PRODUCT-LEVEL-COVARIATE,MULTI-CMT-DEFINED,REANALYSIS-NONE,SEMI-STRUCTURED-LEGACY-FLAG,CELL_THERAPY,CELLULAR_KINETICS,VECTOR_COPY|CAR_POSITIVE_CELL,QUARANTINE,Q15B,F26
a087c121b70c,AIC-CELL_THERAPY,ID-DEFINED,TIME-DEFINED,DOSE-DEFINED,REGIMEN-FIXED,BLQ-DEFINED-POLICY,COVARIATE-BASELINE-ONLY,PRODUCT-LEVEL-COVARIATE,MULTI-CMT-DEFINED,REANALYSIS-NONE,SEMI-STRUCTURED-LEGACY-FLAG,CELL_THERAPY,CELLULAR_KINETICS,,QUARANTINE,Q16,F26
d442bc643229,AIC-CELL_THERAPY,ID-DEFINED,TIME-DEFINED,DOSE-DEFINED,REGIMEN-FIXED,BLQ-DEFINED-POLICY,COVARIATE-BASELINE-ONLY,PRODUCT-LEVEL-COVARIATE,DDI-VICTIM-PERPETRATOR,REANALYSIS-NONE,STRUCTURED,CELL_THERAPY,CELLULAR_KINETICS,VECTOR_COPY|CAR_POSITIVE_CELL,REPAIR,,F26
4600c72b9ded,AIC-CELL_THERAPY,ID-DEFINED,TIME-DEFINED,DOSE-DEFINED,REGIMEN-FIXED,BLQ-DEFINED-POLICY,COVARIATE-BASELINE-ONLY,PRODUCT-LEVEL-COVARIATE,DDI-VICTIM-PERPETRATOR,REANALYSIS-NONE,STRUCTURED,CELL_THERAPY,CELLULAR_KINETICS,,QUARANTINE,Q16,F26
eb9a7ccd2b32,AIC-CELL_THERAPY,ID-DEFINED,TIME-DEFINED,DOSE-DEFINED,REGIMEN-FIXED,BLQ-DEFINED-POLICY,COVARIATE-BASELINE-ONLY,PRODUCT-LEVEL-COVARIATE,DDI-VICTIM-PERPETRATOR,REANALYSIS-NONE,SEMI-STRUCTURED-LEGACY-FLAG,CELL_THERAPY,CELLULAR_KINETICS,VECTOR_COPY|CAR_POSITIVE_CELL,QUARANTINE,Q15B,F26
afedca177be0,AIC-CELL_THERAPY,ID-DEFINED,TIME-DEFINED,DOSE-DEFINED,REGIMEN-FIXED,BLQ-DEFINED-POLICY,COVARIATE-BASELINE-ONLY,PRODUCT-LEVEL-COVARIATE,DDI-VICTIM-PERPETRATOR,REANALYSIS-NONE,SEMI-STRUCTURED-LEGACY-FLAG,CELL_THERAPY,CELLULAR_KINETICS,,QUARANTINE,Q16,F26
6de0002c47bd,AIC-CELL_THERAPY,ID-DEFINED,TIME-DEFINED,DOSE-DEFINED,REGIMEN-FIXED,BIOANALYTICAL-FINAL-FLAG-MISSING,COVARIATE-BASELINE-ONLY,PRODUCT-LEVEL-COVARIATE,SINGLE-ANALYTE,REANALYSIS-NONE,STRUCTURED,CELL_THERAPY,CELLULAR_KINETICS,,QUARANTINE,Q15A,F26
f86d314a3cdd,AIC-CELL_THERAPY,ID-DEFINED,TIME-DEFINED,DOSE-DEFINED,REGIMEN-FIXED,BIOANALYTICAL-FINAL-FLAG-MISSING,COVARIATE-BASELINE-ONLY,PRODUCT-LEVEL-COVARIATE,SINGLE-ANALYTE,REANALYSIS-NONE,SEMI-STRUCTURED-LEGACY-FLAG,CELL_THERAPY,CELLULAR_KINETICS,,QUARANTINE,Q15A,F26
ac9053530cd0,AIC-CELL_THERAPY,ID-DEFINED,TIME-DEFINED,DOSE-DEFINED,REGIMEN-FIXED,BIOANALYTICAL-FINAL-FLAG-MISSING,COVARIATE-BASELINE-ONLY,PRODUCT-LEVEL-COVARIATE,MULTI-CMT-DEFINED,REANALYSIS-NONE,STRUCTURED,CELL_THERAPY,CELLULAR_KINETICS,VECTOR_COPY|CAR_POSITIVE_CELL,QUARANTINE,Q15A,F26
23b05f23c95d,AIC-CELL_THERAPY,ID-DEFINED,TIME-DEFINED,DOSE-DEFINED,REGIMEN-FIXED,BIOANALYTICAL-FINAL-FLAG-MISSING,COVARIATE-BASELINE-ONLY,PRODUCT-LEVEL-COVARIATE,MULTI-CMT-DEFINED,REANALYSIS-NONE,STRUCTURED,CELL_THERAPY,CELLULAR_KINETICS,,QUARANTINE,Q15A,F26
e2e220bd9173,AIC-CELL_THERAPY,ID-DEFINED,TIME-DEFINED,DOSE-DEFINED,REGIMEN-FIXED,BIOANALYTICAL-FINAL-FLAG-MISSING,COVARIATE-BASELINE-ONLY,PRODUCT-LEVEL-COVARIATE,MULTI-CMT-DEFINED,REANALYSIS-NONE,SEMI-STRUCTURED-LEGACY-FLAG,CELL_THERAPY,CELLULAR_KINETICS,VECTOR_COPY|CAR_POSITIVE_CELL,QUARANTINE,Q15A,F26
b6bb958b2c3d,AIC-CELL_THERAPY,ID-DEFINED,TIME-DEFINED,DOSE-DEFINED,REGIMEN-FIXED,BIOANALYTICAL-FINAL-FLAG-MISSING,COVARIATE-BASELINE-ONLY,PRODUCT-LEVEL-COVARIATE,MULTI-CMT-DEFINED,REANALYSIS-NONE,SEMI-STRUCTURED-LEGACY-FLAG,CELL_THERAPY,CELLULAR_KINETICS,,QUARANTINE,Q15A,F26
1287fdba6102,AIC-CELL_THERAPY,ID-DEFINED,TIME-DEFINED,DOSE-DEFINED,REGIMEN-FIXED,BIOANALYTICAL-FINAL-FLAG-MISSING,COVARIATE-BASELINE-ONLY,PRODUCT-LEVEL-COVARIATE,DDI-VICTIM-PERPETRATOR,REANALYSIS-NONE,STRUCTURED,CELL_THERAPY,CELLULAR_KINETICS,VECTOR_COPY|CAR_POSITIVE_CELL,QUARANTINE,Q15A,F26
45de486eb241,AIC-CELL_THERAPY,ID-DEFINED,TIME-DEFINED,DOSE-DEFINED,REGIMEN-FIXED,BIOANALYTICAL-FINAL-FLAG-MISSING,COVARIATE-BASELINE-ONLY,PRODUCT-LEVEL-COVARIATE,DDI-VICTIM-PERPETRATOR,REANALYSIS-NONE,STRUCTURED,CELL_THERAPY,CELLULAR_KINETICS,,QUARANTINE,Q15A,F26
d856b2af59d2,AIC-CELL_THERAPY,ID-DEFINED,TIME-DEFINED,DOSE-DEFINED,REGIMEN-FIXED,BIOANALYTICAL-FINAL-FLAG-MISSING,COVARIATE-BASELINE-ONLY,PRODUCT-LEVEL-COVARIATE,DDI-VICTIM-PERPETRATOR,REANALYSIS-NONE,SEMI-STRUCTURED-LEGACY-FLAG,CELL_THERAPY,CELLULAR_KINETICS,VECTOR_COPY|CAR_POSITIVE_CELL,QUARANTINE,Q15A,F26
09ab685f73a0,AIC-CELL_THERAPY,ID-DEFINED,TIME-DEFINED,DOSE-DEFINED,REGIMEN-FIXED,BIOANALYTICAL-FINAL-FLAG-MISSING,COVARIATE-BASELINE-ONLY,PRODUCT-LEVEL-COVARIATE,DDI-VICTIM-PERPETRATOR,REANALYSIS-NONE,SEMI-STRUCTURED-LEGACY-FLAG,CELL_THERAPY,CELLULAR_KINETICS,,QUARANTINE,Q15A,F26
c2d0ddf9b20a,AIC-CELL_THERAPY,ID-DEFINED,TIME-DEFINED,DOSE-DEFINED,REGIMEN-FIXED,CELLULAR-BLQ-DEFINED,COVARIATE-BASELINE-ONLY,PRODUCT-LEVEL-COVARIATE,SINGLE-ANALYTE,REANALYSIS-NONE,STRUCTURED,CELL_THERAPY,CELLULAR_KINETICS,,REPAIR,,F26
fca80fafacea,AIC-CELL_THERAPY,ID-DEFINED,TIME-DEFINED,DOSE-DEFINED,REGIMEN-FIXED,CELLULAR-BLQ-DEFINED,COVARIATE-BASELINE-ONLY,PRODUCT-LEVEL-COVARIATE,SINGLE-ANALYTE,REANALYSIS-NONE,SEMI-STRUCTURED-LEGACY-FLAG,CELL_THERAPY,CELLULAR_KINETICS,,QUARANTINE,Q15B,F26
81d9d0d1b299,AIC-CELL_THERAPY,ID-DEFINED,TIME-DEFINED,DOSE-DEFINED,REGIMEN-FIXED,CELLULAR-BLQ-DEFINED,COVARIATE-BASELINE-ONLY,PRODUCT-LEVEL-COVARIATE,MULTI-CMT-DEFINED,REANALYSIS-NONE,STRUCTURED,CELL_THERAPY,CELLULAR_KINETICS,VECTOR_COPY|CAR_POSITIVE_CELL,REPAIR,,F26
f8742a0c6451,AIC-CELL_THERAPY,ID-DEFINED,TIME-DEFINED,DOSE-DEFINED,REGIMEN-FIXED,CELLULAR-BLQ-DEFINED,COVARIATE-BASELINE-ONLY,PRODUCT-LEVEL-COVARIATE,MULTI-CMT-DEFINED,REANALYSIS-NONE,STRUCTURED,CELL_THERAPY,CELLULAR_KINETICS,,QUARANTINE,Q16,F26
651b54f782f9,AIC-CELL_THERAPY,ID-DEFINED,TIME-DEFINED,DOSE-DEFINED,REGIMEN-FIXED,CELLULAR-BLQ-DEFINED,COVARIATE-BASELINE-ONLY,PRODUCT-LEVEL-COVARIATE,MULTI-CMT-DEFINED,REANALYSIS-NONE,SEMI-STRUCTURED-LEGACY-FLAG,CELL_THERAPY,CELLULAR_KINETICS,VECTOR_COPY|CAR_POSITIVE_CELL,QUARANTINE,Q15B,F26
b9a697f5a061,AIC-CELL_THERAPY,ID-DEFINED,TIME-DEFINED,DOSE-DEFINED,REGIMEN-FIXED,CELLULAR-BLQ-DEFINED,COVARIATE-BASELINE-ONLY,PRODUCT-LEVEL-COVARIATE,MULTI-CMT-DEFINED,REANALYSIS-NONE,SEMI-STRUCTURED-LEGACY-FLAG,CELL_THERAPY,CELLULAR_KINETICS,,QUARANTINE,Q16,F26
22239238aece,AIC-CELL_THERAPY,ID-DEFINED,TIME-DEFINED,DOSE-DEFINED,REGIMEN-FIXED,CELLULAR-BLQ-DEFINED,COVARIATE-BASELINE-ONLY,PRODUCT-LEVEL-COVARIATE,DDI-VICTIM-PERPETRATOR,REANALYSIS-NONE,STRUCTURED,CELL_THERAPY,CELLULAR_KINETICS,VECTOR_COPY|CAR_POSITIVE_CELL,REPAIR,,F26
362bf5a285dd,AIC-CELL_THERAPY,ID-DEFINED,TIME-DEFINED,DOSE-DEFINED,REGIMEN-FIXED,CELLULAR-BLQ-DEFINED,COVARIATE-BASELINE-ONLY,PRODUCT-LEVEL-COVARIATE,DDI-VICTIM-PERPETRATOR,REANALYSIS-NONE,STRUCTURED,CELL_THERAPY,CELLULAR_KINETICS,,QUARANTINE,Q16,F26
9903e3869b33,AIC-CELL_THERAPY,ID-DEFINED,TIME-DEFINED,DOSE-DEFINED,REGIMEN-FIXED,CELLULAR-BLQ-DEFINED,COVARIATE-BASELINE-ONLY,PRODUCT-LEVEL-COVARIATE,DDI-VICTIM-PERPETRATOR,REANALYSIS-NONE,SEMI-STRUCTURED-LEGACY-FLAG,CELL_THERAPY,CELLULAR_KINETICS,VECTOR_COPY|CAR_POSITIVE_CELL,QUARANTINE,Q15B,F26
94067d09b1c7,AIC-CELL_THERAPY,ID-DEFINED,TIME-DEFINED,DOSE-DEFINED,REGIMEN-FIXED,CELLULAR-BLQ-DEFINED,COVARIATE-BASELINE-ONLY,PRODUCT-LEVEL-COVARIATE,DDI-VICTIM-PERPETRATOR,REANALYSIS-NONE,SEMI-STRUCTURED-LEGACY-FLAG,CELL_THERAPY,CELLULAR_KINETICS,,QUARANTINE,Q16,F26
fca48223aa27,AIC-CELL_THERAPY,ID-DEFINED,TIME-DEFINED,DOSE-DEFINED,ADDL-ACTUAL-CONFLICT,BIOANALYTICAL-FINAL,COVARIATE-BASELINE-ONLY,PRODUCT-LEVEL-COVARIATE,SINGLE-ANALYTE,REANALYSIS-NONE,STRUCTURED,CELL_THERAPY,CELLULAR_KINETICS,,REPAIR,,F26
e9ebf78480c0,AIC-CELL_THERAPY,ID-DEFINED,TIME-DEFINED,DOSE-DEFINED,ADDL-ACTUAL-CONFLICT,BIOANALYTICAL-FINAL,COVARIATE-BASELINE-ONLY,PRODUCT-LEVEL-COVARIATE,SINGLE-ANALYTE,REANALYSIS-NONE,SEMI-STRUCTURED-LEGACY-FLAG,CELL_THERAPY,CELLULAR_KINETICS,,QUARANTINE,Q15B,F26
2a0b789d13c2,AIC-CELL_THERAPY,ID-DEFINED,TIME-DEFINED,DOSE-DEFINED,ADDL-ACTUAL-CONFLICT,BIOANALYTICAL-FINAL,COVARIATE-BASELINE-ONLY,PRODUCT-LEVEL-COVARIATE,MULTI-CMT-DEFINED,REANALYSIS-NONE,STRUCTURED,CELL_THERAPY,CELLULAR_KINETICS,VECTOR_COPY|CAR_POSITIVE_CELL,REPAIR,,F26
e04ea7d9d634,AIC-CELL_THERAPY,ID-DEFINED,TIME-DEFINED,DOSE-DEFINED,ADDL-ACTUAL-CONFLICT,BIOANALYTICAL-FINAL,COVARIATE-BASELINE-ONLY,PRODUCT-LEVEL-COVARIATE,MULTI-CMT-DEFINED,REANALYSIS-NONE,STRUCTURED,CELL_THERAPY,CELLULAR_KINETICS,,QUARANTINE,Q16,F26
fd553fe93e35,AIC-CELL_THERAPY,ID-DEFINED,TIME-DEFINED,DOSE-DEFINED,ADDL-ACTUAL-CONFLICT,BIOANALYTICAL-FINAL,COVARIATE-BASELINE-ONLY,PRODUCT-LEVEL-COVARIATE,MULTI-CMT-DEFINED,REANALYSIS-NONE,SEMI-STRUCTURED-LEGACY-FLAG,CELL_THERAPY,CELLULAR_KINETICS,VECTOR_COPY|CAR_POSITIVE_CELL,QUARANTINE,Q15B,F26
b3f69d377207,AIC-CELL_THERAPY,ID-DEFINED,TIME-DEFINED,DOSE-DEFINED,ADDL-ACTUAL-CONFLICT,BIOANALYTICAL-FINAL,COVARIATE-BASELINE-ONLY,PRODUCT-LEVEL-COVARIATE,MULTI-CMT-DEFINED,REANALYSIS-NONE,SEMI-STRUCTURED-LEGACY-FLAG,CELL_THERAPY,CELLULAR_KINETICS,,QUARANTINE,Q16,F26
6e67ce428b03,AIC-CELL_THERAPY,ID-DEFINED,TIME-DEFINED,DOSE-DEFINED,ADDL-ACTUAL-CONFLICT,BIOANALYTICAL-FINAL,COVARIATE-BASELINE-ONLY,PRODUCT-LEVEL-COVARIATE,DDI-VICTIM-PERPETRATOR,REANALYSIS-NONE,STRUCTURED,CELL_THERAPY,CELLULAR_KINETICS,VECTOR_COPY|CAR_POSITIVE_CELL,REPAIR,,F26
397d1ce56154,AIC-CELL_THERAPY,ID-DEFINED,TIME-DEFINED,DOSE-DEFINED,ADDL-ACTUAL-CONFLICT,BIOANALYTICAL-FINAL,COVARIATE-BASELINE-ONLY,PRODUCT-LEVEL-COVARIATE,DDI-VICTIM-PERPETRATOR,REANALYSIS-NONE,STRUCTURED,CELL_THERAPY,CELLULAR_KINETICS,,QUARANTINE,Q16,F26
a9a815522083,AIC-CELL_THERAPY,ID-DEFINED,TIME-DEFINED,DOSE-DEFINED,ADDL-ACTUAL-CONFLICT,BIOANALYTICAL-FINAL,COVARIATE-BASELINE-ONLY,PRODUCT-LEVEL-COVARIATE,DDI-VICTIM-PERPETRATOR,REANALYSIS-NONE,SEMI-STRUCTURED-LEGACY-FLAG,CELL_THERAPY,CELLULAR_KINETICS,VECTOR_COPY|CAR_POSITIVE_CELL,QUARANTINE,Q15B,F26
87685f4b7aaa,AIC-CELL_THERAPY,ID-DEFINED,TIME-DEFINED,DOSE-DEFINED,ADDL-ACTUAL-CONFLICT,BIOANALYTICAL-FINAL,COVARIATE-BASELINE-ONLY,PRODUCT-LEVEL-COVARIATE,DDI-VICTIM-PERPETRATOR,REANALYSIS-NONE,SEMI-STRUCTURED-LEGACY-FLAG,CELL_THERAPY,CELLULAR_KINETICS,,QUARANTINE,Q16,F26
497977497629,AIC-CELL_THERAPY,ID-DEFINED,TIME-DEFINED,DOSE-DEFINED,ADDL-ACTUAL-CONFLICT,BLQ-DEFINED-POLICY,COVARIATE-BASELINE-ONLY,PRODUCT-LEVEL-COVARIATE,SINGLE-ANALYTE,REANALYSIS-NONE,STRUCTURED,CELL_THERAPY,CELLULAR_KINETICS,,REPAIR,,F26
f26b329782ca,AIC-CELL_THERAPY,ID-DEFINED,TIME-DEFINED,DOSE-DEFINED,ADDL-ACTUAL-CONFLICT,BLQ-DEFINED-POLICY,COVARIATE-BASELINE-ONLY,PRODUCT-LEVEL-COVARIATE,SINGLE-ANALYTE,REANALYSIS-NONE,SEMI-STRUCTURED-LEGACY-FLAG,CELL_THERAPY,CELLULAR_KINETICS,,QUARANTINE,Q15B,F26
cd7961bbac21,AIC-CELL_THERAPY,ID-DEFINED,TIME-DEFINED,DOSE-DEFINED,ADDL-ACTUAL-CONFLICT,BLQ-DEFINED-POLICY,COVARIATE-BASELINE-ONLY,PRODUCT-LEVEL-COVARIATE,MULTI-CMT-DEFINED,REANALYSIS-NONE,STRUCTURED,CELL_THERAPY,CELLULAR_KINETICS,VECTOR_COPY|CAR_POSITIVE_CELL,REPAIR,,F26
33a27d44445b,AIC-CELL_THERAPY,ID-DEFINED,TIME-DEFINED,DOSE-DEFINED,ADDL-ACTUAL-CONFLICT,BLQ-DEFINED-POLICY,COVARIATE-BASELINE-ONLY,PRODUCT-LEVEL-COVARIATE,MULTI-CMT-DEFINED,REANALYSIS-NONE,STRUCTURED,CELL_THERAPY,CELLULAR_KINETICS,,QUARANTINE,Q16,F26
18f30c42114e,AIC-CELL_THERAPY,ID-DEFINED,TIME-DEFINED,DOSE-DEFINED,ADDL-ACTUAL-CONFLICT,BLQ-DEFINED-POLICY,COVARIATE-BASELINE-ONLY,PRODUCT-LEVEL-COVARIATE,MULTI-CMT-DEFINED,REANALYSIS-NONE,SEMI-STRUCTURED-LEGACY-FLAG,CELL_THERAPY,CELLULAR_KINETICS,VECTOR_COPY|CAR_POSITIVE_CELL,QUARANTINE,Q15B,F26
64071adf948b,AIC-CELL_THERAPY,ID-DEFINED,TIME-DEFINED,DOSE-DEFINED,ADDL-ACTUAL-CONFLICT,BLQ-DEFINED-POLICY,COVARIATE-BASELINE-ONLY,PRODUCT-LEVEL-COVARIATE,MULTI-CMT-DEFINED,REANALYSIS-NONE,SEMI-STRUCTURED-LEGACY-FLAG,CELL_THERAPY,CELLULAR_KINETICS,,QUARANTINE,Q16,F26
3fa55545622f,AIC-CELL_THERAPY,ID-DEFINED,TIME-DEFINED,DOSE-DEFINED,ADDL-ACTUAL-CONFLICT,BLQ-DEFINED-POLICY,COVARIATE-BASELINE-ONLY,PRODUCT-LEVEL-COVARIATE,DDI-VICTIM-PERPETRATOR,REANALYSIS-NONE,STRUCTURED,CELL_THERAPY,CELLULAR_KINETICS,VECTOR_COPY|CAR_POSITIVE_CELL,REPAIR,,F26
a992b6122657,AIC-CELL_THERAPY,ID-DEFINED,TIME-DEFINED,DOSE-DEFINED,ADDL-ACTUAL-CONFLICT,BLQ-DEFINED-POLICY,COVARIATE-BASELINE-ONLY,PRODUCT-LEVEL-COVARIATE,DDI-VICTIM-PERPETRATOR,REANALYSIS-NONE,STRUCTURED,CELL_THERAPY,CELLULAR_KINETICS,,QUARANTINE,Q16,F26
3bb62ed3097c,AIC-CELL_THERAPY,ID-DEFINED,TIME-DEFINED,DOSE-DEFINED,ADDL-ACTUAL-CONFLICT,BLQ-DEFINED-POLICY,COVARIATE-BASELINE-ONLY,PRODUCT-LEVEL-COVARIATE,DDI-VICTIM-PERPETRATOR,REANALYSIS-NONE,SEMI-STRUCTURED-LEGACY-FLAG,CELL_THERAPY,CELLULAR_KINETICS,VECTOR_COPY|CAR_POSITIVE_CELL,QUARANTINE,Q15B,F26
3752b927e931,AIC-CELL_THERAPY,ID-DEFINED,TIME-DEFINED,DOSE-DEFINED,ADDL-ACTUAL-CONFLICT,BLQ-DEFINED-POLICY,COVARIATE-BASELINE-ONLY,PRODUCT-LEVEL-COVARIATE,DDI-VICTIM-PERPETRATOR,REANALYSIS-NONE,SEMI-STRUCTURED-LEGACY-FLAG,CELL_THERAPY,CELLULAR_KINETICS,,QUARANTINE,Q16,F26
9c860d7fcdd0,AIC-CELL_THERAPY,ID-DEFINED,TIME-DEFINED,DOSE-DEFINED,ADDL-ACTUAL-CONFLICT,BIOANALYTICAL-FINAL-FLAG-MISSING,COVARIATE-BASELINE-ONLY,PRODUCT-LEVEL-COVARIATE,SINGLE-ANALYTE,REANALYSIS-NONE,STRUCTURED,CELL_THERAPY,CELLULAR_KINETICS,,QUARANTINE,Q15A,F26
d317f847d92f,AIC-CELL_THERAPY,ID-DEFINED,TIME-DEFINED,DOSE-DEFINED,ADDL-ACTUAL-CONFLICT,BIOANALYTICAL-FINAL-FLAG-MISSING,COVARIATE-BASELINE-ONLY,PRODUCT-LEVEL-COVARIATE,SINGLE-ANALYTE,REANALYSIS-NONE,SEMI-STRUCTURED-LEGACY-FLAG,CELL_THERAPY,CELLULAR_KINETICS,,QUARANTINE,Q15A,F26
a04d0aeecd7f,AIC-CELL_THERAPY,ID-DEFINED,TIME-DEFINED,DOSE-DEFINED,ADDL-ACTUAL-CONFLICT,BIOANALYTICAL-FINAL-FLAG-MISSING,COVARIATE-BASELINE-ONLY,PRODUCT-LEVEL-COVARIATE,MULTI-CMT-DEFINED,REANALYSIS-NONE,STRUCTURED,CELL_THERAPY,CELLULAR_KINETICS,VECTOR_COPY|CAR_POSITIVE_CELL,QUARANTINE,Q15A,F26
3663e6021304,AIC-CELL_THERAPY,ID-DEFINED,TIME-DEFINED,DOSE-DEFINED,ADDL-ACTUAL-CONFLICT,BIOANALYTICAL-FINAL-FLAG-MISSING,COVARIATE-BASELINE-ONLY,PRODUCT-LEVEL-COVARIATE,MULTI-CMT-DEFINED,REANALYSIS-NONE,STRUCTURED,CELL_THERAPY,CELLULAR_KINETICS,,QUARANTINE,Q15A,F26
8f94abb5f20c,AIC-CELL_THERAPY,ID-DEFINED,TIME-DEFINED,DOSE-DEFINED,ADDL-ACTUAL-CONFLICT,BIOANALYTICAL-FINAL-FLAG-MISSING,COVARIATE-BASELINE-ONLY,PRODUCT-LEVEL-COVARIATE,MULTI-CMT-DEFINED,REANALYSIS-NONE,SEMI-STRUCTURED-LEGACY-FLAG,CELL_THERAPY,CELLULAR_KINETICS,VECTOR_COPY|CAR_POSITIVE_CELL,QUARANTINE,Q15A,F26
bf52a2480d2a,AIC-CELL_THERAPY,ID-DEFINED,TIME-DEFINED,DOSE-DEFINED,ADDL-ACTUAL-CONFLICT,BIOANALYTICAL-FINAL-FLAG-MISSING,COVARIATE-BASELINE-ONLY,PRODUCT-LEVEL-COVARIATE,MULTI-CMT-DEFINED,REANALYSIS-NONE,SEMI-STRUCTURED-LEGACY-FLAG,CELL_THERAPY,CELLULAR_KINETICS,,QUARANTINE,Q15A,F26
d4dcdd5d3a64,AIC-CELL_THERAPY,ID-DEFINED,TIME-DEFINED,DOSE-DEFINED,ADDL-ACTUAL-CONFLICT,BIOANALYTICAL-FINAL-FLAG-MISSING,COVARIATE-BASELINE-ONLY,PRODUCT-LEVEL-COVARIATE,DDI-VICTIM-PERPETRATOR,REANALYSIS-NONE,STRUCTURED,CELL_THERAPY,CELLULAR_KINETICS,VECTOR_COPY|CAR_POSITIVE_CELL,QUARANTINE,Q15A,F26
e9dc1285129e,AIC-CELL_THERAPY,ID-DEFINED,TIME-DEFINED,DOSE-DEFINED,ADDL-ACTUAL-CONFLICT,BIOANALYTICAL-FINAL-FLAG-MISSING,COVARIATE-BASELINE-ONLY,PRODUCT-LEVEL-COVARIATE,DDI-VICTIM-PERPETRATOR,REANALYSIS-NONE,STRUCTURED,CELL_THERAPY,CELLULAR_KINETICS,,QUARANTINE,Q15A,F26
4dffaa242faa,AIC-CELL_THERAPY,ID-DEFINED,TIME-DEFINED,DOSE-DEFINED,ADDL-ACTUAL-CONFLICT,BIOANALYTICAL-FINAL-FLAG-MISSING,COVARIATE-BASELINE-ONLY,PRODUCT-LEVEL-COVARIATE,DDI-VICTIM-PERPETRATOR,REANALYSIS-NONE,SEMI-STRUCTURED-LEGACY-FLAG,CELL_THERAPY,CELLULAR_KINETICS,VECTOR_COPY|CAR_POSITIVE_CELL,QUARANTINE,Q15A,F26
f6611d7ff0e2,AIC-CELL_THERAPY,ID-DEFINED,TIME-DEFINED,DOSE-DEFINED,ADDL-ACTUAL-CONFLICT,BIOANALYTICAL-FINAL-FLAG-MISSING,COVARIATE-BASELINE-ONLY,PRODUCT-LEVEL-COVARIATE,DDI-VICTIM-PERPETRATOR,REANALYSIS-NONE,SEMI-STRUCTURED-LEGACY-FLAG,CELL_THERAPY,CELLULAR_KINETICS,,QUARANTINE,Q15A,F26
302dd0c62e8f,AIC-CELL_THERAPY,ID-DEFINED,TIME-DEFINED,DOSE-DEFINED,ADDL-ACTUAL-CONFLICT,CELLULAR-BLQ-DEFINED,COVARIATE-BASELINE-ONLY,PRODUCT-LEVEL-COVARIATE,SINGLE-ANALYTE,REANALYSIS-NONE,STRUCTURED,CELL_THERAPY,CELLULAR_KINETICS,,REPAIR,,F26
dbc4d97ea8a1,AIC-CELL_THERAPY,ID-DEFINED,TIME-DEFINED,DOSE-DEFINED,ADDL-ACTUAL-CONFLICT,CELLULAR-BLQ-DEFINED,COVARIATE-BASELINE-ONLY,PRODUCT-LEVEL-COVARIATE,SINGLE-ANALYTE,REANALYSIS-NONE,SEMI-STRUCTURED-LEGACY-FLAG,CELL_THERAPY,CELLULAR_KINETICS,,QUARANTINE,Q15B,F26
67c7b283d269,AIC-CELL_THERAPY,ID-DEFINED,TIME-DEFINED,DOSE-DEFINED,ADDL-ACTUAL-CONFLICT,CELLULAR-BLQ-DEFINED,COVARIATE-BASELINE-ONLY,PRODUCT-LEVEL-COVARIATE,MULTI-CMT-DEFINED,REANALYSIS-NONE,STRUCTURED,CELL_THERAPY,CELLULAR_KINETICS,VECTOR_COPY|CAR_POSITIVE_CELL,REPAIR,,F26
4824d8c8d457,AIC-CELL_THERAPY,ID-DEFINED,TIME-DEFINED,DOSE-DEFINED,ADDL-ACTUAL-CONFLICT,CELLULAR-BLQ-DEFINED,COVARIATE-BASELINE-ONLY,PRODUCT-LEVEL-COVARIATE,MULTI-CMT-DEFINED,REANALYSIS-NONE,STRUCTURED,CELL_THERAPY,CELLULAR_KINETICS,,QUARANTINE,Q16,F26
05a1c105e10d,AIC-CELL_THERAPY,ID-DEFINED,TIME-DEFINED,DOSE-DEFINED,ADDL-ACTUAL-CONFLICT,CELLULAR-BLQ-DEFINED,COVARIATE-BASELINE-ONLY,PRODUCT-LEVEL-COVARIATE,MULTI-CMT-DEFINED,REANALYSIS-NONE,SEMI-STRUCTURED-LEGACY-FLAG,CELL_THERAPY,CELLULAR_KINETICS,VECTOR_COPY|CAR_POSITIVE_CELL,QUARANTINE,Q15B,F26
ab3b74b2e84c,AIC-CELL_THERAPY,ID-DEFINED,TIME-DEFINED,DOSE-DEFINED,ADDL-ACTUAL-CONFLICT,CELLULAR-BLQ-DEFINED,COVARIATE-BASELINE-ONLY,PRODUCT-LEVEL-COVARIATE,MULTI-CMT-DEFINED,REANALYSIS-NONE,SEMI-STRUCTURED-LEGACY-FLAG,CELL_THERAPY,CELLULAR_KINETICS,,QUARANTINE,Q16,F26
e0f2ba0dd38b,AIC-CELL_THERAPY,ID-DEFINED,TIME-DEFINED,DOSE-DEFINED,ADDL-ACTUAL-CONFLICT,CELLULAR-BLQ-DEFINED,COVARIATE-BASELINE-ONLY,PRODUCT-LEVEL-COVARIATE,DDI-VICTIM-PERPETRATOR,REANALYSIS-NONE,STRUCTURED,CELL_THERAPY,CELLULAR_KINETICS,VECTOR_COPY|CAR_POSITIVE_CELL,REPAIR,,F26
11679be9a0b4,AIC-CELL_THERAPY,ID-DEFINED,TIME-DEFINED,DOSE-DEFINED,ADDL-ACTUAL-CONFLICT,CELLULAR-BLQ-DEFINED,COVARIATE-BASELINE-ONLY,PRODUCT-LEVEL-COVARIATE,DDI-VICTIM-PERPETRATOR,REANALYSIS-NONE,STRUCTURED,CELL_THERAPY,CELLULAR_KINETICS,,QUARANTINE,Q16,F26
ea7af08b047a,AIC-CELL_THERAPY,ID-DEFINED,TIME-DEFINED,DOSE-DEFINED,ADDL-ACTUAL-CONFLICT,CELLULAR-BLQ-DEFINED,COVARIATE-BASELINE-ONLY,PRODUCT-LEVEL-COVARIATE,DDI-VICTIM-PERPETRATOR,REANALYSIS-NONE,SEMI-STRUCTURED-LEGACY-FLAG,CELL_THERAPY,CELLULAR_KINETICS,VECTOR_COPY|CAR_POSITIVE_CELL,QUARANTINE,Q15B,F26
0d301c98b825,AIC-CELL_THERAPY,ID-DEFINED,TIME-DEFINED,DOSE-DEFINED,ADDL-ACTUAL-CONFLICT,CELLULAR-BLQ-DEFINED,COVARIATE-BASELINE-ONLY,PRODUCT-LEVEL-COVARIATE,DDI-VICTIM-PERPETRATOR,REANALYSIS-NONE,SEMI-STRUCTURED-LEGACY-FLAG,CELL_THERAPY,CELLULAR_KINETICS,,QUARANTINE,Q16,F26
a425bcdbc01e,AIC-IMMUNOGEN,ID-DEFINED,TIME-DEFINED,DOSE-DEFINED,REGIMEN-FIXED,BIOANALYTICAL-FINAL,COVARIATE-BASELINE-ONLY,SUBJECT-LEVEL-COVARIATE,SINGLE-ANALYTE,REANALYSIS-NONE,STRUCTURED,MAB,IMMUNOGENICITY,,AUTO,,F01
53d7a0caa89c,AIC-IMMUNOGEN,ID-DEFINED,TIME-DEFINED,DOSE-DEFINED,REGIMEN-FIXED,BIOANALYTICAL-FINAL,COVARIATE-BASELINE-ONLY,SUBJECT-LEVEL-COVARIATE,SINGLE-ANALYTE,REANALYSIS-NONE,SEMI-STRUCTURED-LEGACY-FLAG,MAB,IMMUNOGENICITY,,QUARANTINE,Q15B,F01
df1d384358ee,AIC-IMMUNOGEN,ID-DEFINED,TIME-DEFINED,DOSE-DEFINED,REGIMEN-FIXED,BIOANALYTICAL-FINAL,COVARIATE-BASELINE-ONLY,SUBJECT-LEVEL-COVARIATE,MULTI-CMT-DEFINED,REANALYSIS-NONE,STRUCTURED,MAB,IMMUNOGENICITY,,REPAIR,,F01
c38e64c09c28,AIC-IMMUNOGEN,ID-DEFINED,TIME-DEFINED,DOSE-DEFINED,REGIMEN-FIXED,BIOANALYTICAL-FINAL,COVARIATE-BASELINE-ONLY,SUBJECT-LEVEL-COVARIATE,MULTI-CMT-DEFINED,REANALYSIS-NONE,SEMI-STRUCTURED-LEGACY-FLAG,MAB,IMMUNOGENICITY,,QUARANTINE,Q15B,F01
d0aeb31b45f9,AIC-IMMUNOGEN,ID-DEFINED,TIME-DEFINED,DOSE-DEFINED,REGIMEN-FIXED,BIOANALYTICAL-FINAL,COVARIATE-BASELINE-ONLY,SUBJECT-LEVEL-COVARIATE,DDI-VICTIM-PERPETRATOR,REANALYSIS-NONE,STRUCTURED,MAB,IMMUNOGENICITY,,REPAIR,,F22
0aecb02dde8e,AIC-IMMUNOGEN,ID-DEFINED,TIME-DEFINED,DOSE-DEFINED,REGIMEN-FIXED,BIOANALYTICAL-FINAL,COVARIATE-BASELINE-ONLY,SUBJECT-LEVEL-COVARIATE,DDI-VICTIM-PERPETRATOR,REANALYSIS-NONE,SEMI-STRUCTURED-LEGACY-FLAG,MAB,IMMUNOGENICITY,,QUARANTINE,Q15B,F22
8a68df8419e9,AIC-IMMUNOGEN,ID-DEFINED,TIME-DEFINED,DOSE-DEFINED,REGIMEN-FIXED,BLQ-DEFINED-POLICY,COVARIATE-BASELINE-ONLY,SUBJECT-LEVEL-COVARIATE,SINGLE-ANALYTE,REANALYSIS-NONE,STRUCTURED,MAB,IMMUNOGENICITY,,REPAIR,,F01
72fc04d71426,AIC-IMMUNOGEN,ID-DEFINED,TIME-DEFINED,DOSE-DEFINED,REGIMEN-FIXED,BLQ-DEFINED-POLICY,COVARIATE-BASELINE-ONLY,SUBJECT-LEVEL-COVARIATE,SINGLE-ANALYTE,REANALYSIS-NONE,SEMI-STRUCTURED-LEGACY-FLAG,MAB,IMMUNOGENICITY,,QUARANTINE,Q15B,F01
3f440840b8f6,AIC-IMMUNOGEN,ID-DEFINED,TIME-DEFINED,DOSE-DEFINED,REGIMEN-FIXED,BLQ-DEFINED-POLICY,COVARIATE-BASELINE-ONLY,SUBJECT-LEVEL-COVARIATE,MULTI-CMT-DEFINED,REANALYSIS-NONE,STRUCTURED,MAB,IMMUNOGENICITY,,REPAIR,,F01
834a389656dc,AIC-IMMUNOGEN,ID-DEFINED,TIME-DEFINED,DOSE-DEFINED,REGIMEN-FIXED,BLQ-DEFINED-POLICY,COVARIATE-BASELINE-ONLY,SUBJECT-LEVEL-COVARIATE,MULTI-CMT-DEFINED,REANALYSIS-NONE,SEMI-STRUCTURED-LEGACY-FLAG,MAB,IMMUNOGENICITY,,QUARANTINE,Q15B,F01
06219def0a3c,AIC-IMMUNOGEN,ID-DEFINED,TIME-DEFINED,DOSE-DEFINED,REGIMEN-FIXED,BLQ-DEFINED-POLICY,COVARIATE-BASELINE-ONLY,SUBJECT-LEVEL-COVARIATE,DDI-VICTIM-PERPETRATOR,REANALYSIS-NONE,STRUCTURED,MAB,IMMUNOGENICITY,,REPAIR,,F22
5b6aba31aff7,AIC-IMMUNOGEN,ID-DEFINED,TIME-DEFINED,DOSE-DEFINED,REGIMEN-FIXED,BLQ-DEFINED-POLICY,COVARIATE-BASELINE-ONLY,SUBJECT-LEVEL-COVARIATE,DDI-VICTIM-PERPETRATOR,REANALYSIS-NONE,SEMI-STRUCTURED-LEGACY-FLAG,MAB,IMMUNOGENICITY,,QUARANTINE,Q15B,F22
3396b695bee9,AIC-IMMUNOGEN,ID-DEFINED,TIME-DEFINED,DOSE-DEFINED,REGIMEN-FIXED,BIOANALYTICAL-FINAL-FLAG-MISSING,COVARIATE-BASELINE-ONLY,SUBJECT-LEVEL-COVARIATE,SINGLE-ANALYTE,REANALYSIS-NONE,STRUCTURED,MAB,IMMUNOGENICITY,,QUARANTINE,Q15A,F01
ef0b6a3a27c0,AIC-IMMUNOGEN,ID-DEFINED,TIME-DEFINED,DOSE-DEFINED,REGIMEN-FIXED,BIOANALYTICAL-FINAL-FLAG-MISSING,COVARIATE-BASELINE-ONLY,SUBJECT-LEVEL-COVARIATE,SINGLE-ANALYTE,REANALYSIS-NONE,SEMI-STRUCTURED-LEGACY-FLAG,MAB,IMMUNOGENICITY,,QUARANTINE,Q15A,F01
5c361fea2194,AIC-IMMUNOGEN,ID-DEFINED,TIME-DEFINED,DOSE-DEFINED,REGIMEN-FIXED,BIOANALYTICAL-FINAL-FLAG-MISSING,COVARIATE-BASELINE-ONLY,SUBJECT-LEVEL-COVARIATE,MULTI-CMT-DEFINED,REANALYSIS-NONE,STRUCTURED,MAB,IMMUNOGENICITY,,QUARANTINE,Q15A,F01
f8d05243a86a,AIC-IMMUNOGEN,ID-DEFINED,TIME-DEFINED,DOSE-DEFINED,REGIMEN-FIXED,BIOANALYTICAL-FINAL-FLAG-MISSING,COVARIATE-BASELINE-ONLY,SUBJECT-LEVEL-COVARIATE,MULTI-CMT-DEFINED,REANALYSIS-NONE,SEMI-STRUCTURED-LEGACY-FLAG,MAB,IMMUNOGENICITY,,QUARANTINE,Q15A,F01
8b8fe9643bfe,AIC-IMMUNOGEN,ID-DEFINED,TIME-DEFINED,DOSE-DEFINED,REGIMEN-FIXED,BIOANALYTICAL-FINAL-FLAG-MISSING,COVARIATE-BASELINE-ONLY,SUBJECT-LEVEL-COVARIATE,DDI-VICTIM-PERPETRATOR,REANALYSIS-NONE,STRUCTURED,MAB,IMMUNOGENICITY,,QUARANTINE,Q15A,F22
2a1a124f4664,AIC-IMMUNOGEN,ID-DEFINED,TIME-DEFINED,DOSE-DEFINED,REGIMEN-FIXED,BIOANALYTICAL-FINAL-FLAG-MISSING,COVARIATE-BASELINE-ONLY,SUBJECT-LEVEL-COVARIATE,DDI-VICTIM-PERPETRATOR,REANALYSIS-NONE,SEMI-STRUCTURED-LEGACY-FLAG,MAB,IMMUNOGENICITY,,QUARANTINE,Q15A,F22
e72474d70d95,AIC-IMMUNOGEN,ID-DEFINED,TIME-DEFINED,DOSE-DEFINED,REGIMEN-FIXED,IMMUNOGEN-POSITIVITY-DEFINED,COVARIATE-BASELINE-ONLY,SUBJECT-LEVEL-COVARIATE,SINGLE-ANALYTE,REANALYSIS-NONE,STRUCTURED,MAB,IMMUNOGENICITY,,REPAIR,,F01
6718d31b3c5b,AIC-IMMUNOGEN,ID-DEFINED,TIME-DEFINED,DOSE-DEFINED,REGIMEN-FIXED,IMMUNOGEN-POSITIVITY-DEFINED,COVARIATE-BASELINE-ONLY,SUBJECT-LEVEL-COVARIATE,SINGLE-ANALYTE,REANALYSIS-NONE,SEMI-STRUCTURED-LEGACY-FLAG,MAB,IMMUNOGENICITY,,QUARANTINE,Q15B,F01
0ecca13702e2,AIC-IMMUNOGEN,ID-DEFINED,TIME-DEFINED,DOSE-DEFINED,REGIMEN-FIXED,IMMUNOGEN-POSITIVITY-DEFINED,COVARIATE-BASELINE-ONLY,SUBJECT-LEVEL-COVARIATE,MULTI-CMT-DEFINED,REANALYSIS-NONE,STRUCTURED,MAB,IMMUNOGENICITY,,REPAIR,,F01
09ae3ce72f15,AIC-IMMUNOGEN,ID-DEFINED,TIME-DEFINED,DOSE-DEFINED,REGIMEN-FIXED,IMMUNOGEN-POSITIVITY-DEFINED,COVARIATE-BASELINE-ONLY,SUBJECT-LEVEL-COVARIATE,MULTI-CMT-DEFINED,REANALYSIS-NONE,SEMI-STRUCTURED-LEGACY-FLAG,MAB,IMMUNOGENICITY,,QUARANTINE,Q15B,F01
f64794ed4fd7,AIC-IMMUNOGEN,ID-DEFINED,TIME-DEFINED,DOSE-DEFINED,REGIMEN-FIXED,IMMUNOGEN-POSITIVITY-DEFINED,COVARIATE-BASELINE-ONLY,SUBJECT-LEVEL-COVARIATE,DDI-VICTIM-PERPETRATOR,REANALYSIS-NONE,STRUCTURED,MAB,IMMUNOGENICITY,,REPAIR,,F22
b37eea48e0a6,AIC-IMMUNOGEN,ID-DEFINED,TIME-DEFINED,DOSE-DEFINED,REGIMEN-FIXED,IMMUNOGEN-POSITIVITY-DEFINED,COVARIATE-BASELINE-ONLY,SUBJECT-LEVEL-COVARIATE,DDI-VICTIM-PERPETRATOR,REANALYSIS-NONE,SEMI-STRUCTURED-LEGACY-FLAG,MAB,IMMUNOGENICITY,,QUARANTINE,Q15B,F22
280f7d7b246f,AIC-IMMUNOGEN,ID-DEFINED,TIME-DEFINED,DOSE-DEFINED,ADDL-ACTUAL-CONFLICT,BIOANALYTICAL-FINAL,COVARIATE-BASELINE-ONLY,SUBJECT-LEVEL-COVARIATE,SINGLE-ANALYTE,REANALYSIS-NONE,STRUCTURED,MAB,IMMUNOGENICITY,,AUTO,,F01
f0718a57b1d6,AIC-IMMUNOGEN,ID-DEFINED,TIME-DEFINED,DOSE-DEFINED,ADDL-ACTUAL-CONFLICT,BIOANALYTICAL-FINAL,COVARIATE-BASELINE-ONLY,SUBJECT-LEVEL-COVARIATE,SINGLE-ANALYTE,REANALYSIS-NONE,SEMI-STRUCTURED-LEGACY-FLAG,MAB,IMMUNOGENICITY,,QUARANTINE,Q15B,F01
4d39e3ea7476,AIC-IMMUNOGEN,ID-DEFINED,TIME-DEFINED,DOSE-DEFINED,ADDL-ACTUAL-CONFLICT,BIOANALYTICAL-FINAL,COVARIATE-BASELINE-ONLY,SUBJECT-LEVEL-COVARIATE,MULTI-CMT-DEFINED,REANALYSIS-NONE,STRUCTURED,MAB,IMMUNOGENICITY,,REPAIR,,F01
fcc8e81a2b7f,AIC-IMMUNOGEN,ID-DEFINED,TIME-DEFINED,DOSE-DEFINED,ADDL-ACTUAL-CONFLICT,BIOANALYTICAL-FINAL,COVARIATE-BASELINE-ONLY,SUBJECT-LEVEL-COVARIATE,MULTI-CMT-DEFINED,REANALYSIS-NONE,SEMI-STRUCTURED-LEGACY-FLAG,MAB,IMMUNOGENICITY,,QUARANTINE,Q15B,F01
adde57075e07,AIC-IMMUNOGEN,ID-DEFINED,TIME-DEFINED,DOSE-DEFINED,ADDL-ACTUAL-CONFLICT,BIOANALYTICAL-FINAL,COVARIATE-BASELINE-ONLY,SUBJECT-LEVEL-COVARIATE,DDI-VICTIM-PERPETRATOR,REANALYSIS-NONE,STRUCTURED,MAB,IMMUNOGENICITY,,REPAIR,,F22
300767513479,AIC-IMMUNOGEN,ID-DEFINED,TIME-DEFINED,DOSE-DEFINED,ADDL-ACTUAL-CONFLICT,BIOANALYTICAL-FINAL,COVARIATE-BASELINE-ONLY,SUBJECT-LEVEL-COVARIATE,DDI-VICTIM-PERPETRATOR,REANALYSIS-NONE,SEMI-STRUCTURED-LEGACY-FLAG,MAB,IMMUNOGENICITY,,QUARANTINE,Q15B,F22
6f10b4996fea,AIC-IMMUNOGEN,ID-DEFINED,TIME-DEFINED,DOSE-DEFINED,ADDL-ACTUAL-CONFLICT,BLQ-DEFINED-POLICY,COVARIATE-BASELINE-ONLY,SUBJECT-LEVEL-COVARIATE,SINGLE-ANALYTE,REANALYSIS-NONE,STRUCTURED,MAB,IMMUNOGENICITY,,REPAIR,,F01
5e79a1caa272,AIC-IMMUNOGEN,ID-DEFINED,TIME-DEFINED,DOSE-DEFINED,ADDL-ACTUAL-CONFLICT,BLQ-DEFINED-POLICY,COVARIATE-BASELINE-ONLY,SUBJECT-LEVEL-COVARIATE,SINGLE-ANALYTE,REANALYSIS-NONE,SEMI-STRUCTURED-LEGACY-FLAG,MAB,IMMUNOGENICITY,,QUARANTINE,Q15B,F01
7e57bb24dfce,AIC-IMMUNOGEN,ID-DEFINED,TIME-DEFINED,DOSE-DEFINED,ADDL-ACTUAL-CONFLICT,BLQ-DEFINED-POLICY,COVARIATE-BASELINE-ONLY,SUBJECT-LEVEL-COVARIATE,MULTI-CMT-DEFINED,REANALYSIS-NONE,STRUCTURED,MAB,IMMUNOGENICITY,,REPAIR,,F01
56331962039f,AIC-IMMUNOGEN,ID-DEFINED,TIME-DEFINED,DOSE-DEFINED,ADDL-ACTUAL-CONFLICT,BLQ-DEFINED-POLICY,COVARIATE-BASELINE-ONLY,SUBJECT-LEVEL-COVARIATE,MULTI-CMT-DEFINED,REANALYSIS-NONE,SEMI-STRUCTURED-LEGACY-FLAG,MAB,IMMUNOGENICITY,,QUARANTINE,Q15B,F01
4357405c8f18,AIC-IMMUNOGEN,ID-DEFINED,TIME-DEFINED,DOSE-DEFINED,ADDL-ACTUAL-CONFLICT,BLQ-DEFINED-POLICY,COVARIATE-BASELINE-ONLY,SUBJECT-LEVEL-COVARIATE,DDI-VICTIM-PERPETRATOR,REANALYSIS-NONE,STRUCTURED,MAB,IMMUNOGENICITY,,REPAIR,,F22
8542cae7d49d,AIC-IMMUNOGEN,ID-DEFINED,TIME-DEFINED,DOSE-DEFINED,ADDL-ACTUAL-CONFLICT,BLQ-DEFINED-POLICY,COVARIATE-BASELINE-ONLY,SUBJECT-LEVEL-COVARIATE,DDI-VICTIM-PERPETRATOR,REANALYSIS-NONE,SEMI-STRUCTURED-LEGACY-FLAG,MAB,IMMUNOGENICITY,,QUARANTINE,Q15B,F22
837b4ce4bc84,AIC-IMMUNOGEN,ID-DEFINED,TIME-DEFINED,DOSE-DEFINED,ADDL-ACTUAL-CONFLICT,BIOANALYTICAL-FINAL-FLAG-MISSING,COVARIATE-BASELINE-ONLY,SUBJECT-LEVEL-COVARIATE,SINGLE-ANALYTE,REANALYSIS-NONE,STRUCTURED,MAB,IMMUNOGENICITY,,QUARANTINE,Q15A,F01
6d09b10d28c8,AIC-IMMUNOGEN,ID-DEFINED,TIME-DEFINED,DOSE-DEFINED,ADDL-ACTUAL-CONFLICT,BIOANALYTICAL-FINAL-FLAG-MISSING,COVARIATE-BASELINE-ONLY,SUBJECT-LEVEL-COVARIATE,SINGLE-ANALYTE,REANALYSIS-NONE,SEMI-STRUCTURED-LEGACY-FLAG,MAB,IMMUNOGENICITY,,QUARANTINE,Q15A,F01
c30571d8b293,AIC-IMMUNOGEN,ID-DEFINED,TIME-DEFINED,DOSE-DEFINED,ADDL-ACTUAL-CONFLICT,BIOANALYTICAL-FINAL-FLAG-MISSING,COVARIATE-BASELINE-ONLY,SUBJECT-LEVEL-COVARIATE,MULTI-CMT-DEFINED,REANALYSIS-NONE,STRUCTURED,MAB,IMMUNOGENICITY,,QUARANTINE,Q15A,F01
2b91700106e4,AIC-IMMUNOGEN,ID-DEFINED,TIME-DEFINED,DOSE-DEFINED,ADDL-ACTUAL-CONFLICT,BIOANALYTICAL-FINAL-FLAG-MISSING,COVARIATE-BASELINE-ONLY,SUBJECT-LEVEL-COVARIATE,MULTI-CMT-DEFINED,REANALYSIS-NONE,SEMI-STRUCTURED-LEGACY-FLAG,MAB,IMMUNOGENICITY,,QUARANTINE,Q15A,F01
6d8a3d344692,AIC-IMMUNOGEN,ID-DEFINED,TIME-DEFINED,DOSE-DEFINED,ADDL-ACTUAL-CONFLICT,BIOANALYTICAL-FINAL-FLAG-MISSING,COVARIATE-BASELINE-ONLY,SUBJECT-LEVEL-COVARIATE,DDI-VICTIM-PERPETRATOR,REANALYSIS-NONE,STRUCTURED,MAB,IMMUNOGENICITY,,QUARANTINE,Q15A,F22
dc7705571d5a,AIC-IMMUNOGEN,ID-DEFINED,TIME-DEFINED,DOSE-DEFINED,ADDL-ACTUAL-CONFLICT,BIOANALYTICAL-FINAL-FLAG-MISSING,COVARIATE-BASELINE-ONLY,SUBJECT-LEVEL-COVARIATE,DDI-VICTIM-PERPETRATOR,REANALYSIS-NONE,SEMI-STRUCTURED-LEGACY-FLAG,MAB,IMMUNOGENICITY,,QUARANTINE,Q15A,F22
bb6fa86c3a56,AIC-IMMUNOGEN,ID-DEFINED,TIME-DEFINED,DOSE-DEFINED,ADDL-ACTUAL-CONFLICT,IMMUNOGEN-POSITIVITY-DEFINED,COVARIATE-BASELINE-ONLY,SUBJECT-LEVEL-COVARIATE,SINGLE-ANALYTE,REANALYSIS-NONE,STRUCTURED,MAB,IMMUNOGENICITY,,REPAIR,,F01
4f9147ef6f56,AIC-IMMUNOGEN,ID-DEFINED,TIME-DEFINED,DOSE-DEFINED,ADDL-ACTUAL-CONFLICT,IMMUNOGEN-POSITIVITY-DEFINED,COVARIATE-BASELINE-ONLY,SUBJECT-LEVEL-COVARIATE,SINGLE-ANALYTE,REANALYSIS-NONE,SEMI-STRUCTURED-LEGACY-FLAG,MAB,IMMUNOGENICITY,,QUARANTINE,Q15B,F01
86a681aefa16,AIC-IMMUNOGEN,ID-DEFINED,TIME-DEFINED,DOSE-DEFINED,ADDL-ACTUAL-CONFLICT,IMMUNOGEN-POSITIVITY-DEFINED,COVARIATE-BASELINE-ONLY,SUBJECT-LEVEL-COVARIATE,MULTI-CMT-DEFINED,REANALYSIS-NONE,STRUCTURED,MAB,IMMUNOGENICITY,,REPAIR,,F01
f9ea7090c57f,AIC-IMMUNOGEN,ID-DEFINED,TIME-DEFINED,DOSE-DEFINED,ADDL-ACTUAL-CONFLICT,IMMUNOGEN-POSITIVITY-DEFINED,COVARIATE-BASELINE-ONLY,SUBJECT-LEVEL-COVARIATE,MULTI-CMT-DEFINED,REANALYSIS-NONE,SEMI-STRUCTURED-LEGACY-FLAG,MAB,IMMUNOGENICITY,,QUARANTINE,Q15B,F01
93ef71fde74a,AIC-IMMUNOGEN,ID-DEFINED,TIME-DEFINED,DOSE-DEFINED,ADDL-ACTUAL-CONFLICT,IMMUNOGEN-POSITIVITY-DEFINED,COVARIATE-BASELINE-ONLY,SUBJECT-LEVEL-COVARIATE,DDI-VICTIM-PERPETRATOR,REANALYSIS-NONE,STRUCTURED,MAB,IMMUNOGENICITY,,REPAIR,,F22
3b44759d3772,AIC-IMMUNOGEN,ID-DEFINED,TIME-DEFINED,DOSE-DEFINED,ADDL-ACTUAL-CONFLICT,IMMUNOGEN-POSITIVITY-DEFINED,COVARIATE-BASELINE-ONLY,SUBJECT-LEVEL-COVARIATE,DDI-VICTIM-PERPETRATOR,REANALYSIS-NONE,SEMI-STRUCTURED-LEGACY-FLAG,MAB,IMMUNOGENICITY,,QUARANTINE,Q15B,F22
7899972561c6,AIC-IMMUNOGEN,ID-DEFINED,TIME-DEFINED,DOSE-DEFINED,REGIMEN-FIXED,BIOANALYTICAL-FINAL,COVARIATE-BASELINE-ONLY,SUBJECT-LEVEL-COVARIATE,SINGLE-ANALYTE,REANALYSIS-NONE,STRUCTURED,MRNA,IMMUNOGENICITY,,AUTO,,F27
bdb4ac5b6a0b,AIC-IMMUNOGEN,ID-DEFINED,TIME-DEFINED,DOSE-DEFINED,REGIMEN-FIXED,BIOANALYTICAL-FINAL,COVARIATE-BASELINE-ONLY,SUBJECT-LEVEL-COVARIATE,SINGLE-ANALYTE,REANALYSIS-NONE,SEMI-STRUCTURED-LEGACY-FLAG,MRNA,IMMUNOGENICITY,,QUARANTINE,Q15B,F27
90e6591d0210,AIC-IMMUNOGEN,ID-DEFINED,TIME-DEFINED,DOSE-DEFINED,REGIMEN-FIXED,BIOANALYTICAL-FINAL,COVARIATE-BASELINE-ONLY,SUBJECT-LEVEL-COVARIATE,MULTI-CMT-DEFINED,REANALYSIS-NONE,STRUCTURED,MRNA,IMMUNOGENICITY,,REPAIR,,F27
597487ac49ed,AIC-IMMUNOGEN,ID-DEFINED,TIME-DEFINED,DOSE-DEFINED,REGIMEN-FIXED,BIOANALYTICAL-FINAL,COVARIATE-BASELINE-ONLY,SUBJECT-LEVEL-COVARIATE,MULTI-CMT-DEFINED,REANALYSIS-NONE,SEMI-STRUCTURED-LEGACY-FLAG,MRNA,IMMUNOGENICITY,,QUARANTINE,Q15B,F27
139762434359,AIC-IMMUNOGEN,ID-DEFINED,TIME-DEFINED,DOSE-DEFINED,REGIMEN-FIXED,BIOANALYTICAL-FINAL,COVARIATE-BASELINE-ONLY,SUBJECT-LEVEL-COVARIATE,DDI-VICTIM-PERPETRATOR,REANALYSIS-NONE,STRUCTURED,MRNA,IMMUNOGENICITY,,REPAIR,,F27
ca294bcccfd6,AIC-IMMUNOGEN,ID-DEFINED,TIME-DEFINED,DOSE-DEFINED,REGIMEN-FIXED,BIOANALYTICAL-FINAL,COVARIATE-BASELINE-ONLY,SUBJECT-LEVEL-COVARIATE,DDI-VICTIM-PERPETRATOR,REANALYSIS-NONE,SEMI-STRUCTURED-LEGACY-FLAG,MRNA,IMMUNOGENICITY,,QUARANTINE,Q15B,F27
d48883c10d0b,AIC-IMMUNOGEN,ID-DEFINED,TIME-DEFINED,DOSE-DEFINED,REGIMEN-FIXED,BLQ-DEFINED-POLICY,COVARIATE-BASELINE-ONLY,SUBJECT-LEVEL-COVARIATE,SINGLE-ANALYTE,REANALYSIS-NONE,STRUCTURED,MRNA,IMMUNOGENICITY,,REPAIR,,F27
acd66d4535a8,AIC-IMMUNOGEN,ID-DEFINED,TIME-DEFINED,DOSE-DEFINED,REGIMEN-FIXED,BLQ-DEFINED-POLICY,COVARIATE-BASELINE-ONLY,SUBJECT-LEVEL-COVARIATE,SINGLE-ANALYTE,REANALYSIS-NONE,SEMI-STRUCTURED-LEGACY-FLAG,MRNA,IMMUNOGENICITY,,QUARANTINE,Q15B,F27
9493664a6997,AIC-IMMUNOGEN,ID-DEFINED,TIME-DEFINED,DOSE-DEFINED,REGIMEN-FIXED,BLQ-DEFINED-POLICY,COVARIATE-BASELINE-ONLY,SUBJECT-LEVEL-COVARIATE,MULTI-CMT-DEFINED,REANALYSIS-NONE,STRUCTURED,MRNA,IMMUNOGENICITY,,REPAIR,,F27
f33ec983d2c8,AIC-IMMUNOGEN,ID-DEFINED,TIME-DEFINED,DOSE-DEFINED,REGIMEN-FIXED,BLQ-DEFINED-POLICY,COVARIATE-BASELINE-ONLY,SUBJECT-LEVEL-COVARIATE,MULTI-CMT-DEFINED,REANALYSIS-NONE,SEMI-STRUCTURED-LEGACY-FLAG,MRNA,IMMUNOGENICITY,,QUARANTINE,Q15B,F27
afd225945d8e,AIC-IMMUNOGEN,ID-DEFINED,TIME-DEFINED,DOSE-DEFINED,REGIMEN-FIXED,BLQ-DEFINED-POLICY,COVARIATE-BASELINE-ONLY,SUBJECT-LEVEL-COVARIATE,DDI-VICTIM-PERPETRATOR,REANALYSIS-NONE,STRUCTURED,MRNA,IMMUNOGENICITY,,REPAIR,,F27
1a33149cc905,AIC-IMMUNOGEN,ID-DEFINED,TIME-DEFINED,DOSE-DEFINED,REGIMEN-FIXED,BLQ-DEFINED-POLICY,COVARIATE-BASELINE-ONLY,SUBJECT-LEVEL-COVARIATE,DDI-VICTIM-PERPETRATOR,REANALYSIS-NONE,SEMI-STRUCTURED-LEGACY-FLAG,MRNA,IMMUNOGENICITY,,QUARANTINE,Q15B,F27
f9ccd855743e,AIC-IMMUNOGEN,ID-DEFINED,TIME-DEFINED,DOSE-DEFINED,REGIMEN-FIXED,BIOANALYTICAL-FINAL-FLAG-MISSING,COVARIATE-BASELINE-ONLY,SUBJECT-LEVEL-COVARIATE,SINGLE-ANALYTE,REANALYSIS-NONE,STRUCTURED,MRNA,IMMUNOGENICITY,,QUARANTINE,Q15A,F27
d62b452a57a5,AIC-IMMUNOGEN,ID-DEFINED,TIME-DEFINED,DOSE-DEFINED,REGIMEN-FIXED,BIOANALYTICAL-FINAL-FLAG-MISSING,COVARIATE-BASELINE-ONLY,SUBJECT-LEVEL-COVARIATE,SINGLE-ANALYTE,REANALYSIS-NONE,SEMI-STRUCTURED-LEGACY-FLAG,MRNA,IMMUNOGENICITY,,QUARANTINE,Q15A,F27
770e171975be,AIC-IMMUNOGEN,ID-DEFINED,TIME-DEFINED,DOSE-DEFINED,REGIMEN-FIXED,BIOANALYTICAL-FINAL-FLAG-MISSING,COVARIATE-BASELINE-ONLY,SUBJECT-LEVEL-COVARIATE,MULTI-CMT-DEFINED,REANALYSIS-NONE,STRUCTURED,MRNA,IMMUNOGENICITY,,QUARANTINE,Q15A,F27
513b28c3f7ae,AIC-IMMUNOGEN,ID-DEFINED,TIME-DEFINED,DOSE-DEFINED,REGIMEN-FIXED,BIOANALYTICAL-FINAL-FLAG-MISSING,COVARIATE-BASELINE-ONLY,SUBJECT-LEVEL-COVARIATE,MULTI-CMT-DEFINED,REANALYSIS-NONE,SEMI-STRUCTURED-LEGACY-FLAG,MRNA,IMMUNOGENICITY,,QUARANTINE,Q15A,F27
fb1a5c5ede6e,AIC-IMMUNOGEN,ID-DEFINED,TIME-DEFINED,DOSE-DEFINED,REGIMEN-FIXED,BIOANALYTICAL-FINAL-FLAG-MISSING,COVARIATE-BASELINE-ONLY,SUBJECT-LEVEL-COVARIATE,DDI-VICTIM-PERPETRATOR,REANALYSIS-NONE,STRUCTURED,MRNA,IMMUNOGENICITY,,QUARANTINE,Q15A,F27
77c9db94e79c,AIC-IMMUNOGEN,ID-DEFINED,TIME-DEFINED,DOSE-DEFINED,REGIMEN-FIXED,BIOANALYTICAL-FINAL-FLAG-MISSING,COVARIATE-BASELINE-ONLY,SUBJECT-LEVEL-COVARIATE,DDI-VICTIM-PERPETRATOR,REANALYSIS-NONE,SEMI-STRUCTURED-LEGACY-FLAG,MRNA,IMMUNOGENICITY,,QUARANTINE,Q15A,F27
9f03b5216aeb,AIC-IMMUNOGEN,ID-DEFINED,TIME-DEFINED,DOSE-DEFINED,REGIMEN-FIXED,IMMUNOGEN-POSITIVITY-DEFINED,COVARIATE-BASELINE-ONLY,SUBJECT-LEVEL-COVARIATE,SINGLE-ANALYTE,REANALYSIS-NONE,STRUCTURED,MRNA,IMMUNOGENICITY,,REPAIR,,F27
d7107eb34ba2,AIC-IMMUNOGEN,ID-DEFINED,TIME-DEFINED,DOSE-DEFINED,REGIMEN-FIXED,IMMUNOGEN-POSITIVITY-DEFINED,COVARIATE-BASELINE-ONLY,SUBJECT-LEVEL-COVARIATE,SINGLE-ANALYTE,REANALYSIS-NONE,SEMI-STRUCTURED-LEGACY-FLAG,MRNA,IMMUNOGENICITY,,QUARANTINE,Q15B,F27
16654d9155c2,AIC-IMMUNOGEN,ID-DEFINED,TIME-DEFINED,DOSE-DEFINED,REGIMEN-FIXED,IMMUNOGEN-POSITIVITY-DEFINED,COVARIATE-BASELINE-ONLY,SUBJECT-LEVEL-COVARIATE,MULTI-CMT-DEFINED,REANALYSIS-NONE,STRUCTURED,MRNA,IMMUNOGENICITY,,REPAIR,,F27
176bbbb1759c,AIC-IMMUNOGEN,ID-DEFINED,TIME-DEFINED,DOSE-DEFINED,REGIMEN-FIXED,IMMUNOGEN-POSITIVITY-DEFINED,COVARIATE-BASELINE-ONLY,SUBJECT-LEVEL-COVARIATE,MULTI-CMT-DEFINED,REANALYSIS-NONE,SEMI-STRUCTURED-LEGACY-FLAG,MRNA,IMMUNOGENICITY,,QUARANTINE,Q15B,F27
cd2a7cae220f,AIC-IMMUNOGEN,ID-DEFINED,TIME-DEFINED,DOSE-DEFINED,REGIMEN-FIXED,IMMUNOGEN-POSITIVITY-DEFINED,COVARIATE-BASELINE-ONLY,SUBJECT-LEVEL-COVARIATE,DDI-VICTIM-PERPETRATOR,REANALYSIS-NONE,STRUCTURED,MRNA,IMMUNOGENICITY,,REPAIR,,F27
9f3931cbc7d5,AIC-IMMUNOGEN,ID-DEFINED,TIME-DEFINED,DOSE-DEFINED,REGIMEN-FIXED,IMMUNOGEN-POSITIVITY-DEFINED,COVARIATE-BASELINE-ONLY,SUBJECT-LEVEL-COVARIATE,DDI-VICTIM-PERPETRATOR,REANALYSIS-NONE,SEMI-STRUCTURED-LEGACY-FLAG,MRNA,IMMUNOGENICITY,,QUARANTINE,Q15B,F27
5a1db2beb52d,AIC-IMMUNOGEN,ID-DEFINED,TIME-DEFINED,DOSE-DEFINED,ADDL-ACTUAL-CONFLICT,BIOANALYTICAL-FINAL,COVARIATE-BASELINE-ONLY,SUBJECT-LEVEL-COVARIATE,SINGLE-ANALYTE,REANALYSIS-NONE,STRUCTURED,MRNA,IMMUNOGENICITY,,AUTO,,F27
01f74e638ca6,AIC-IMMUNOGEN,ID-DEFINED,TIME-DEFINED,DOSE-DEFINED,ADDL-ACTUAL-CONFLICT,BIOANALYTICAL-FINAL,COVARIATE-BASELINE-ONLY,SUBJECT-LEVEL-COVARIATE,SINGLE-ANALYTE,REANALYSIS-NONE,SEMI-STRUCTURED-LEGACY-FLAG,MRNA,IMMUNOGENICITY,,QUARANTINE,Q15B,F27
cfc11dbb1c36,AIC-IMMUNOGEN,ID-DEFINED,TIME-DEFINED,DOSE-DEFINED,ADDL-ACTUAL-CONFLICT,BIOANALYTICAL-FINAL,COVARIATE-BASELINE-ONLY,SUBJECT-LEVEL-COVARIATE,MULTI-CMT-DEFINED,REANALYSIS-NONE,STRUCTURED,MRNA,IMMUNOGENICITY,,REPAIR,,F27
404d2889791c,AIC-IMMUNOGEN,ID-DEFINED,TIME-DEFINED,DOSE-DEFINED,ADDL-ACTUAL-CONFLICT,BIOANALYTICAL-FINAL,COVARIATE-BASELINE-ONLY,SUBJECT-LEVEL-COVARIATE,MULTI-CMT-DEFINED,REANALYSIS-NONE,SEMI-STRUCTURED-LEGACY-FLAG,MRNA,IMMUNOGENICITY,,QUARANTINE,Q15B,F27
b3119276cb45,AIC-IMMUNOGEN,ID-DEFINED,TIME-DEFINED,DOSE-DEFINED,ADDL-ACTUAL-CONFLICT,BIOANALYTICAL-FINAL,COVARIATE-BASELINE-ONLY,SUBJECT-LEVEL-COVARIATE,DDI-VICTIM-PERPETRATOR,REANALYSIS-NONE,STRUCTURED,MRNA,IMMUNOGENICITY,,REPAIR,,F27
b7622dd0314f,AIC-IMMUNOGEN,ID-DEFINED,TIME-DEFINED,DOSE-DEFINED,ADDL-ACTUAL-CONFLICT,BIOANALYTICAL-FINAL,COVARIATE-BASELINE-ONLY,SUBJECT-LEVEL-COVARIATE,DDI-VICTIM-PERPETRATOR,REANALYSIS-NONE,SEMI-STRUCTURED-LEGACY-FLAG,MRNA,IMMUNOGENICITY,,QUARANTINE,Q15B,F27
99b2dced4906,AIC-IMMUNOGEN,ID-DEFINED,TIME-DEFINED,DOSE-DEFINED,ADDL-ACTUAL-CONFLICT,BLQ-DEFINED-POLICY,COVARIATE-BASELINE-ONLY,SUBJECT-LEVEL-COVARIATE,SINGLE-ANALYTE,REANALYSIS-NONE,STRUCTURED,MRNA,IMMUNOGENICITY,,REPAIR,,F27
a9beaa56495e,AIC-IMMUNOGEN,ID-DEFINED,TIME-DEFINED,DOSE-DEFINED,ADDL-ACTUAL-CONFLICT,BLQ-DEFINED-POLICY,COVARIATE-BASELINE-ONLY,SUBJECT-LEVEL-COVARIATE,SINGLE-ANALYTE,REANALYSIS-NONE,SEMI-STRUCTURED-LEGACY-FLAG,MRNA,IMMUNOGENICITY,,QUARANTINE,Q15B,F27
456272c323a2,AIC-IMMUNOGEN,ID-DEFINED,TIME-DEFINED,DOSE-DEFINED,ADDL-ACTUAL-CONFLICT,BLQ-DEFINED-POLICY,COVARIATE-BASELINE-ONLY,SUBJECT-LEVEL-COVARIATE,MULTI-CMT-DEFINED,REANALYSIS-NONE,STRUCTURED,MRNA,IMMUNOGENICITY,,REPAIR,,F27
44adc16b9b81,AIC-IMMUNOGEN,ID-DEFINED,TIME-DEFINED,DOSE-DEFINED,ADDL-ACTUAL-CONFLICT,BLQ-DEFINED-POLICY,COVARIATE-BASELINE-ONLY,SUBJECT-LEVEL-COVARIATE,MULTI-CMT-DEFINED,REANALYSIS-NONE,SEMI-STRUCTURED-LEGACY-FLAG,MRNA,IMMUNOGENICITY,,QUARANTINE,Q15B,F27
b6af1cb8faf2,AIC-IMMUNOGEN,ID-DEFINED,TIME-DEFINED,DOSE-DEFINED,ADDL-ACTUAL-CONFLICT,BLQ-DEFINED-POLICY,COVARIATE-BASELINE-ONLY,SUBJECT-LEVEL-COVARIATE,DDI-VICTIM-PERPETRATOR,REANALYSIS-NONE,STRUCTURED,MRNA,IMMUNOGENICITY,,REPAIR,,F27
d73903ecb207,AIC-IMMUNOGEN,ID-DEFINED,TIME-DEFINED,DOSE-DEFINED,ADDL-ACTUAL-CONFLICT,BLQ-DEFINED-POLICY,COVARIATE-BASELINE-ONLY,SUBJECT-LEVEL-COVARIATE,DDI-VICTIM-PERPETRATOR,REANALYSIS-NONE,SEMI-STRUCTURED-LEGACY-FLAG,MRNA,IMMUNOGENICITY,,QUARANTINE,Q15B,F27
5f2846d0c1f1,AIC-IMMUNOGEN,ID-DEFINED,TIME-DEFINED,DOSE-DEFINED,ADDL-ACTUAL-CONFLICT,BIOANALYTICAL-FINAL-FLAG-MISSING,COVARIATE-BASELINE-ONLY,SUBJECT-LEVEL-COVARIATE,SINGLE-ANALYTE,REANALYSIS-NONE,STRUCTURED,MRNA,IMMUNOGENICITY,,QUARANTINE,Q15A,F27
fef67031c29d,AIC-IMMUNOGEN,ID-DEFINED,TIME-DEFINED,DOSE-DEFINED,ADDL-ACTUAL-CONFLICT,BIOANALYTICAL-FINAL-FLAG-MISSING,COVARIATE-BASELINE-ONLY,SUBJECT-LEVEL-COVARIATE,SINGLE-ANALYTE,REANALYSIS-NONE,SEMI-STRUCTURED-LEGACY-FLAG,MRNA,IMMUNOGENICITY,,QUARANTINE,Q15A,F27
850e3912a04c,AIC-IMMUNOGEN,ID-DEFINED,TIME-DEFINED,DOSE-DEFINED,ADDL-ACTUAL-CONFLICT,BIOANALYTICAL-FINAL-FLAG-MISSING,COVARIATE-BASELINE-ONLY,SUBJECT-LEVEL-COVARIATE,MULTI-CMT-DEFINED,REANALYSIS-NONE,STRUCTURED,MRNA,IMMUNOGENICITY,,QUARANTINE,Q15A,F27
cab5b778e651,AIC-IMMUNOGEN,ID-DEFINED,TIME-DEFINED,DOSE-DEFINED,ADDL-ACTUAL-CONFLICT,BIOANALYTICAL-FINAL-FLAG-MISSING,COVARIATE-BASELINE-ONLY,SUBJECT-LEVEL-COVARIATE,MULTI-CMT-DEFINED,REANALYSIS-NONE,SEMI-STRUCTURED-LEGACY-FLAG,MRNA,IMMUNOGENICITY,,QUARANTINE,Q15A,F27
889fdec1bba9,AIC-IMMUNOGEN,ID-DEFINED,TIME-DEFINED,DOSE-DEFINED,ADDL-ACTUAL-CONFLICT,BIOANALYTICAL-FINAL-FLAG-MISSING,COVARIATE-BASELINE-ONLY,SUBJECT-LEVEL-COVARIATE,DDI-VICTIM-PERPETRATOR,REANALYSIS-NONE,STRUCTURED,MRNA,IMMUNOGENICITY,,QUARANTINE,Q15A,F27
76417d289e7a,AIC-IMMUNOGEN,ID-DEFINED,TIME-DEFINED,DOSE-DEFINED,ADDL-ACTUAL-CONFLICT,BIOANALYTICAL-FINAL-FLAG-MISSING,COVARIATE-BASELINE-ONLY,SUBJECT-LEVEL-COVARIATE,DDI-VICTIM-PERPETRATOR,REANALYSIS-NONE,SEMI-STRUCTURED-LEGACY-FLAG,MRNA,IMMUNOGENICITY,,QUARANTINE,Q15A,F27
3dcbf20dde19,AIC-IMMUNOGEN,ID-DEFINED,TIME-DEFINED,DOSE-DEFINED,ADDL-ACTUAL-CONFLICT,IMMUNOGEN-POSITIVITY-DEFINED,COVARIATE-BASELINE-ONLY,SUBJECT-LEVEL-COVARIATE,SINGLE-ANALYTE,REANALYSIS-NONE,STRUCTURED,MRNA,IMMUNOGENICITY,,REPAIR,,F27
4ca5def13a9f,AIC-IMMUNOGEN,ID-DEFINED,TIME-DEFINED,DOSE-DEFINED,ADDL-ACTUAL-CONFLICT,IMMUNOGEN-POSITIVITY-DEFINED,COVARIATE-BASELINE-ONLY,SUBJECT-LEVEL-COVARIATE,SINGLE-ANALYTE,REANALYSIS-NONE,SEMI-STRUCTURED-LEGACY-FLAG,MRNA,IMMUNOGENICITY,,QUARANTINE,Q15B,F27
28059d063112,AIC-IMMUNOGEN,ID-DEFINED,TIME-DEFINED,DOSE-DEFINED,ADDL-ACTUAL-CONFLICT,IMMUNOGEN-POSITIVITY-DEFINED,COVARIATE-BASELINE-ONLY,SUBJECT-LEVEL-COVARIATE,MULTI-CMT-DEFINED,REANALYSIS-NONE,STRUCTURED,MRNA,IMMUNOGENICITY,,REPAIR,,F27
462b7ed643b7,AIC-IMMUNOGEN,ID-DEFINED,TIME-DEFINED,DOSE-DEFINED,ADDL-ACTUAL-CONFLICT,IMMUNOGEN-POSITIVITY-DEFINED,COVARIATE-BASELINE-ONLY,SUBJECT-LEVEL-COVARIATE,MULTI-CMT-DEFINED,REANALYSIS-NONE,SEMI-STRUCTURED-LEGACY-FLAG,MRNA,IMMUNOGENICITY,,QUARANTINE,Q15B,F27
52f0f21221c3,AIC-IMMUNOGEN,ID-DEFINED,TIME-DEFINED,DOSE-DEFINED,ADDL-ACTUAL-CONFLICT,IMMUNOGEN-POSITIVITY-DEFINED,COVARIATE-BASELINE-ONLY,SUBJECT-LEVEL-COVARIATE,DDI-VICTIM-PERPETRATOR,REANALYSIS-NONE,STRUCTURED,MRNA,IMMUNOGENICITY,,REPAIR,,F27
099600851ec2,AIC-IMMUNOGEN,ID-DEFINED,TIME-DEFINED,DOSE-DEFINED,ADDL-ACTUAL-CONFLICT,IMMUNOGEN-POSITIVITY-DEFINED,COVARIATE-BASELINE-ONLY,SUBJECT-LEVEL-COVARIATE,DDI-VICTIM-PERPETRATOR,REANALYSIS-NONE,SEMI-STRUCTURED-LEGACY-FLAG,MRNA,IMMUNOGENICITY,,QUARANTINE,Q15B,F27
3955bf05b3d4,AIC-LACTATION,ID-DYAD-LINKABLE,TIME-ELAPSED-RESOLVABLE,DOSE-DEFINED,REGIMEN-FIXED,BIOANALYTICAL-FINAL,COVARIATE-BASELINE-ONLY,SUBJECT-LEVEL-COVARIATE,SINGLE-ANALYTE,REANALYSIS-NONE,STRUCTURED,SMALL_MOLECULE,MATERNAL_INFANT_PK,,REPAIR,,F29
de99fcbc0a57,AIC-LACTATION,ID-DYAD-LINKABLE,TIME-ELAPSED-RESOLVABLE,DOSE-DEFINED,REGIMEN-FIXED,BIOANALYTICAL-FINAL,COVARIATE-BASELINE-ONLY,SUBJECT-LEVEL-COVARIATE,SINGLE-ANALYTE,REANALYSIS-NONE,SEMI-STRUCTURED-LEGACY-FLAG,SMALL_MOLECULE,MATERNAL_INFANT_PK,,QUARANTINE,Q15B,F29
438319dc6b35,AIC-LACTATION,ID-DYAD-LINKABLE,TIME-ELAPSED-RESOLVABLE,DOSE-DEFINED,REGIMEN-FIXED,BIOANALYTICAL-FINAL,COVARIATE-BASELINE-ONLY,SUBJECT-LEVEL-COVARIATE,MULTI-CMT-DEFINED,REANALYSIS-NONE,STRUCTURED,SMALL_MOLECULE,MATERNAL_INFANT_PK,,REPAIR,,F29
acc146879e2f,AIC-LACTATION,ID-DYAD-LINKABLE,TIME-ELAPSED-RESOLVABLE,DOSE-DEFINED,REGIMEN-FIXED,BIOANALYTICAL-FINAL,COVARIATE-BASELINE-ONLY,SUBJECT-LEVEL-COVARIATE,MULTI-CMT-DEFINED,REANALYSIS-NONE,SEMI-STRUCTURED-LEGACY-FLAG,SMALL_MOLECULE,MATERNAL_INFANT_PK,,QUARANTINE,Q15B,F29
e61b6fae79fb,AIC-LACTATION,ID-DYAD-LINKABLE,TIME-ELAPSED-RESOLVABLE,DOSE-DEFINED,REGIMEN-FIXED,BIOANALYTICAL-FINAL,COVARIATE-BASELINE-ONLY,SUBJECT-LEVEL-COVARIATE,DDI-VICTIM-PERPETRATOR,REANALYSIS-NONE,STRUCTURED,SMALL_MOLECULE,MATERNAL_INFANT_PK,,REPAIR,,F29
e945f137e892,AIC-LACTATION,ID-DYAD-LINKABLE,TIME-ELAPSED-RESOLVABLE,DOSE-DEFINED,REGIMEN-FIXED,BIOANALYTICAL-FINAL,COVARIATE-BASELINE-ONLY,SUBJECT-LEVEL-COVARIATE,DDI-VICTIM-PERPETRATOR,REANALYSIS-NONE,SEMI-STRUCTURED-LEGACY-FLAG,SMALL_MOLECULE,MATERNAL_INFANT_PK,,QUARANTINE,Q15B,F29
7a2be80fb7d5,AIC-LACTATION,ID-DYAD-LINKABLE,TIME-ELAPSED-RESOLVABLE,DOSE-DEFINED,REGIMEN-FIXED,BLQ-DEFINED-POLICY,COVARIATE-BASELINE-ONLY,SUBJECT-LEVEL-COVARIATE,SINGLE-ANALYTE,REANALYSIS-NONE,STRUCTURED,SMALL_MOLECULE,MATERNAL_INFANT_PK,,REPAIR,,F29
2e9a1ea29a6c,AIC-LACTATION,ID-DYAD-LINKABLE,TIME-ELAPSED-RESOLVABLE,DOSE-DEFINED,REGIMEN-FIXED,BLQ-DEFINED-POLICY,COVARIATE-BASELINE-ONLY,SUBJECT-LEVEL-COVARIATE,SINGLE-ANALYTE,REANALYSIS-NONE,SEMI-STRUCTURED-LEGACY-FLAG,SMALL_MOLECULE,MATERNAL_INFANT_PK,,QUARANTINE,Q15B,F29
406292864adf,AIC-LACTATION,ID-DYAD-LINKABLE,TIME-ELAPSED-RESOLVABLE,DOSE-DEFINED,REGIMEN-FIXED,BLQ-DEFINED-POLICY,COVARIATE-BASELINE-ONLY,SUBJECT-LEVEL-COVARIATE,MULTI-CMT-DEFINED,REANALYSIS-NONE,STRUCTURED,SMALL_MOLECULE,MATERNAL_INFANT_PK,,REPAIR,,F29
5df4314f0201,AIC-LACTATION,ID-DYAD-LINKABLE,TIME-ELAPSED-RESOLVABLE,DOSE-DEFINED,REGIMEN-FIXED,BLQ-DEFINED-POLICY,COVARIATE-BASELINE-ONLY,SUBJECT-LEVEL-COVARIATE,MULTI-CMT-DEFINED,REANALYSIS-NONE,SEMI-STRUCTURED-LEGACY-FLAG,SMALL_MOLECULE,MATERNAL_INFANT_PK,,QUARANTINE,Q15B,F29
dc7eb8f00868,AIC-LACTATION,ID-DYAD-LINKABLE,TIME-ELAPSED-RESOLVABLE,DOSE-DEFINED,REGIMEN-FIXED,BLQ-DEFINED-POLICY,COVARIATE-BASELINE-ONLY,SUBJECT-LEVEL-COVARIATE,DDI-VICTIM-PERPETRATOR,REANALYSIS-NONE,STRUCTURED,SMALL_MOLECULE,MATERNAL_INFANT_PK,,REPAIR,,F29
448da51ee7c7,AIC-LACTATION,ID-DYAD-LINKABLE,TIME-ELAPSED-RESOLVABLE,DOSE-DEFINED,REGIMEN-FIXED,BLQ-DEFINED-POLICY,COVARIATE-BASELINE-ONLY,SUBJECT-LEVEL-COVARIATE,DDI-VICTIM-PERPETRATOR,REANALYSIS-NONE,SEMI-STRUCTURED-LEGACY-FLAG,SMALL_MOLECULE,MATERNAL_INFANT_PK,,QUARANTINE,Q15B,F29
36a66640d6b8,AIC-LACTATION,ID-DYAD-LINKABLE,TIME-ELAPSED-RESOLVABLE,DOSE-DEFINED,REGIMEN-FIXED,BIOANALYTICAL-FINAL-FLAG-MISSING,COVARIATE-BASELINE-ONLY,SUBJECT-LEVEL-COVARIATE,SINGLE-ANALYTE,REANALYSIS-NONE,STRUCTURED,SMALL_MOLECULE,MATERNAL_INFANT_PK,,QUARANTINE,Q15A,F29
2ef968b455bf,AIC-LACTATION,ID-DYAD-LINKABLE,TIME-ELAPSED-RESOLVABLE,DOSE-DEFINED,REGIMEN-FIXED,BIOANALYTICAL-FINAL-FLAG-MISSING,COVARIATE-BASELINE-ONLY,SUBJECT-LEVEL-COVARIATE,SINGLE-ANALYTE,REANALYSIS-NONE,SEMI-STRUCTURED-LEGACY-FLAG,SMALL_MOLECULE,MATERNAL_INFANT_PK,,QUARANTINE,Q15A,F29
21ae1d4faf4d,AIC-LACTATION,ID-DYAD-LINKABLE,TIME-ELAPSED-RESOLVABLE,DOSE-DEFINED,REGIMEN-FIXED,BIOANALYTICAL-FINAL-FLAG-MISSING,COVARIATE-BASELINE-ONLY,SUBJECT-LEVEL-COVARIATE,MULTI-CMT-DEFINED,REANALYSIS-NONE,STRUCTURED,SMALL_MOLECULE,MATERNAL_INFANT_PK,,QUARANTINE,Q15A,F29
0b5f467bc3a3,AIC-LACTATION,ID-DYAD-LINKABLE,TIME-ELAPSED-RESOLVABLE,DOSE-DEFINED,REGIMEN-FIXED,BIOANALYTICAL-FINAL-FLAG-MISSING,COVARIATE-BASELINE-ONLY,SUBJECT-LEVEL-COVARIATE,MULTI-CMT-DEFINED,REANALYSIS-NONE,SEMI-STRUCTURED-LEGACY-FLAG,SMALL_MOLECULE,MATERNAL_INFANT_PK,,QUARANTINE,Q15A,F29
94a36ad5b3ae,AIC-LACTATION,ID-DYAD-LINKABLE,TIME-ELAPSED-RESOLVABLE,DOSE-DEFINED,REGIMEN-FIXED,BIOANALYTICAL-FINAL-FLAG-MISSING,COVARIATE-BASELINE-ONLY,SUBJECT-LEVEL-COVARIATE,DDI-VICTIM-PERPETRATOR,REANALYSIS-NONE,STRUCTURED,SMALL_MOLECULE,MATERNAL_INFANT_PK,,QUARANTINE,Q15A,F29
ef0486d4a9ac,AIC-LACTATION,ID-DYAD-LINKABLE,TIME-ELAPSED-RESOLVABLE,DOSE-DEFINED,REGIMEN-FIXED,BIOANALYTICAL-FINAL-FLAG-MISSING,COVARIATE-BASELINE-ONLY,SUBJECT-LEVEL-COVARIATE,DDI-VICTIM-PERPETRATOR,REANALYSIS-NONE,SEMI-STRUCTURED-LEGACY-FLAG,SMALL_MOLECULE,MATERNAL_INFANT_PK,,QUARANTINE,Q15A,F29
05cd1c0aba27,AIC-LACTATION,ID-DYAD-LINKABLE,TIME-ELAPSED-RESOLVABLE,DOSE-DEFINED,ADDL-ACTUAL-CONFLICT,BIOANALYTICAL-FINAL,COVARIATE-BASELINE-ONLY,SUBJECT-LEVEL-COVARIATE,SINGLE-ANALYTE,REANALYSIS-NONE,STRUCTURED,SMALL_MOLECULE,MATERNAL_INFANT_PK,,REPAIR,,F29
8d973647519a,AIC-LACTATION,ID-DYAD-LINKABLE,TIME-ELAPSED-RESOLVABLE,DOSE-DEFINED,ADDL-ACTUAL-CONFLICT,BIOANALYTICAL-FINAL,COVARIATE-BASELINE-ONLY,SUBJECT-LEVEL-COVARIATE,SINGLE-ANALYTE,REANALYSIS-NONE,SEMI-STRUCTURED-LEGACY-FLAG,SMALL_MOLECULE,MATERNAL_INFANT_PK,,QUARANTINE,Q15B,F29
4ce9fb66c8cc,AIC-LACTATION,ID-DYAD-LINKABLE,TIME-ELAPSED-RESOLVABLE,DOSE-DEFINED,ADDL-ACTUAL-CONFLICT,BIOANALYTICAL-FINAL,COVARIATE-BASELINE-ONLY,SUBJECT-LEVEL-COVARIATE,MULTI-CMT-DEFINED,REANALYSIS-NONE,STRUCTURED,SMALL_MOLECULE,MATERNAL_INFANT_PK,,REPAIR,,F29
aba895119570,AIC-LACTATION,ID-DYAD-LINKABLE,TIME-ELAPSED-RESOLVABLE,DOSE-DEFINED,ADDL-ACTUAL-CONFLICT,BIOANALYTICAL-FINAL,COVARIATE-BASELINE-ONLY,SUBJECT-LEVEL-COVARIATE,MULTI-CMT-DEFINED,REANALYSIS-NONE,SEMI-STRUCTURED-LEGACY-FLAG,SMALL_MOLECULE,MATERNAL_INFANT_PK,,QUARANTINE,Q15B,F29
4e3ecd162010,AIC-LACTATION,ID-DYAD-LINKABLE,TIME-ELAPSED-RESOLVABLE,DOSE-DEFINED,ADDL-ACTUAL-CONFLICT,BIOANALYTICAL-FINAL,COVARIATE-BASELINE-ONLY,SUBJECT-LEVEL-COVARIATE,DDI-VICTIM-PERPETRATOR,REANALYSIS-NONE,STRUCTURED,SMALL_MOLECULE,MATERNAL_INFANT_PK,,REPAIR,,F29
f89f3c0f1ea8,AIC-LACTATION,ID-DYAD-LINKABLE,TIME-ELAPSED-RESOLVABLE,DOSE-DEFINED,ADDL-ACTUAL-CONFLICT,BIOANALYTICAL-FINAL,COVARIATE-BASELINE-ONLY,SUBJECT-LEVEL-COVARIATE,DDI-VICTIM-PERPETRATOR,REANALYSIS-NONE,SEMI-STRUCTURED-LEGACY-FLAG,SMALL_MOLECULE,MATERNAL_INFANT_PK,,QUARANTINE,Q15B,F29
b7fd97dda83e,AIC-LACTATION,ID-DYAD-LINKABLE,TIME-ELAPSED-RESOLVABLE,DOSE-DEFINED,ADDL-ACTUAL-CONFLICT,BLQ-DEFINED-POLICY,COVARIATE-BASELINE-ONLY,SUBJECT-LEVEL-COVARIATE,SINGLE-ANALYTE,REANALYSIS-NONE,STRUCTURED,SMALL_MOLECULE,MATERNAL_INFANT_PK,,REPAIR,,F29
76aa5d5828f3,AIC-LACTATION,ID-DYAD-LINKABLE,TIME-ELAPSED-RESOLVABLE,DOSE-DEFINED,ADDL-ACTUAL-CONFLICT,BLQ-DEFINED-POLICY,COVARIATE-BASELINE-ONLY,SUBJECT-LEVEL-COVARIATE,SINGLE-ANALYTE,REANALYSIS-NONE,SEMI-STRUCTURED-LEGACY-FLAG,SMALL_MOLECULE,MATERNAL_INFANT_PK,,QUARANTINE,Q15B,F29
d8ea7ae0dd32,AIC-LACTATION,ID-DYAD-LINKABLE,TIME-ELAPSED-RESOLVABLE,DOSE-DEFINED,ADDL-ACTUAL-CONFLICT,BLQ-DEFINED-POLICY,COVARIATE-BASELINE-ONLY,SUBJECT-LEVEL-COVARIATE,MULTI-CMT-DEFINED,REANALYSIS-NONE,STRUCTURED,SMALL_MOLECULE,MATERNAL_INFANT_PK,,REPAIR,,F29
db7994446af3,AIC-LACTATION,ID-DYAD-LINKABLE,TIME-ELAPSED-RESOLVABLE,DOSE-DEFINED,ADDL-ACTUAL-CONFLICT,BLQ-DEFINED-POLICY,COVARIATE-BASELINE-ONLY,SUBJECT-LEVEL-COVARIATE,MULTI-CMT-DEFINED,REANALYSIS-NONE,SEMI-STRUCTURED-LEGACY-FLAG,SMALL_MOLECULE,MATERNAL_INFANT_PK,,QUARANTINE,Q15B,F29
3e9f4db5d139,AIC-LACTATION,ID-DYAD-LINKABLE,TIME-ELAPSED-RESOLVABLE,DOSE-DEFINED,ADDL-ACTUAL-CONFLICT,BLQ-DEFINED-POLICY,COVARIATE-BASELINE-ONLY,SUBJECT-LEVEL-COVARIATE,DDI-VICTIM-PERPETRATOR,REANALYSIS-NONE,STRUCTURED,SMALL_MOLECULE,MATERNAL_INFANT_PK,,REPAIR,,F29
c50e5d61970b,AIC-LACTATION,ID-DYAD-LINKABLE,TIME-ELAPSED-RESOLVABLE,DOSE-DEFINED,ADDL-ACTUAL-CONFLICT,BLQ-DEFINED-POLICY,COVARIATE-BASELINE-ONLY,SUBJECT-LEVEL-COVARIATE,DDI-VICTIM-PERPETRATOR,REANALYSIS-NONE,SEMI-STRUCTURED-LEGACY-FLAG,SMALL_MOLECULE,MATERNAL_INFANT_PK,,QUARANTINE,Q15B,F29
21211f1e9401,AIC-LACTATION,ID-DYAD-LINKABLE,TIME-ELAPSED-RESOLVABLE,DOSE-DEFINED,ADDL-ACTUAL-CONFLICT,BIOANALYTICAL-FINAL-FLAG-MISSING,COVARIATE-BASELINE-ONLY,SUBJECT-LEVEL-COVARIATE,SINGLE-ANALYTE,REANALYSIS-NONE,STRUCTURED,SMALL_MOLECULE,MATERNAL_INFANT_PK,,QUARANTINE,Q15A,F29
ec497b9f6e5b,AIC-LACTATION,ID-DYAD-LINKABLE,TIME-ELAPSED-RESOLVABLE,DOSE-DEFINED,ADDL-ACTUAL-CONFLICT,BIOANALYTICAL-FINAL-FLAG-MISSING,COVARIATE-BASELINE-ONLY,SUBJECT-LEVEL-COVARIATE,SINGLE-ANALYTE,REANALYSIS-NONE,SEMI-STRUCTURED-LEGACY-FLAG,SMALL_MOLECULE,MATERNAL_INFANT_PK,,QUARANTINE,Q15A,F29
145af3889f4d,AIC-LACTATION,ID-DYAD-LINKABLE,TIME-ELAPSED-RESOLVABLE,DOSE-DEFINED,ADDL-ACTUAL-CONFLICT,BIOANALYTICAL-FINAL-FLAG-MISSING,COVARIATE-BASELINE-ONLY,SUBJECT-LEVEL-COVARIATE,MULTI-CMT-DEFINED,REANALYSIS-NONE,STRUCTURED,SMALL_MOLECULE,MATERNAL_INFANT_PK,,QUARANTINE,Q15A,F29
21d00ba00a26,AIC-LACTATION,ID-DYAD-LINKABLE,TIME-ELAPSED-RESOLVABLE,DOSE-DEFINED,ADDL-ACTUAL-CONFLICT,BIOANALYTICAL-FINAL-FLAG-MISSING,COVARIATE-BASELINE-ONLY,SUBJECT-LEVEL-COVARIATE,MULTI-CMT-DEFINED,REANALYSIS-NONE,SEMI-STRUCTURED-LEGACY-FLAG,SMALL_MOLECULE,MATERNAL_INFANT_PK,,QUARANTINE,Q15A,F29
4af3d1fecb6d,AIC-LACTATION,ID-DYAD-LINKABLE,TIME-ELAPSED-RESOLVABLE,DOSE-DEFINED,ADDL-ACTUAL-CONFLICT,BIOANALYTICAL-FINAL-FLAG-MISSING,COVARIATE-BASELINE-ONLY,SUBJECT-LEVEL-COVARIATE,DDI-VICTIM-PERPETRATOR,REANALYSIS-NONE,STRUCTURED,SMALL_MOLECULE,MATERNAL_INFANT_PK,,QUARANTINE,Q15A,F29
47199ae6b74b,AIC-LACTATION,ID-DYAD-LINKABLE,TIME-ELAPSED-RESOLVABLE,DOSE-DEFINED,ADDL-ACTUAL-CONFLICT,BIOANALYTICAL-FINAL-FLAG-MISSING,COVARIATE-BASELINE-ONLY,SUBJECT-LEVEL-COVARIATE,DDI-VICTIM-PERPETRATOR,REANALYSIS-NONE,SEMI-STRUCTURED-LEGACY-FLAG,SMALL_MOLECULE,MATERNAL_INFANT_PK,,QUARANTINE,Q15A,F29
400a3c393dda,AIC-LACTATION,ID-DYAD-LINKABLE,TIME-ELAPSED-RESOLVABLE,DOSE-DEFINED,REGIMEN-FIXED,BIOANALYTICAL-FINAL,COVARIATE-BASELINE-ONLY,SUBJECT-LEVEL-COVARIATE,SINGLE-ANALYTE,REANALYSIS-NONE,STRUCTURED,MAB,MATERNAL_INFANT_PK,,REPAIR,,F29
290eb71d9126,AIC-LACTATION,ID-DYAD-LINKABLE,TIME-ELAPSED-RESOLVABLE,DOSE-DEFINED,REGIMEN-FIXED,BIOANALYTICAL-FINAL,COVARIATE-BASELINE-ONLY,SUBJECT-LEVEL-COVARIATE,SINGLE-ANALYTE,REANALYSIS-NONE,SEMI-STRUCTURED-LEGACY-FLAG,MAB,MATERNAL_INFANT_PK,,QUARANTINE,Q15B,F29
cf228ef6acb1,AIC-LACTATION,ID-DYAD-LINKABLE,TIME-ELAPSED-RESOLVABLE,DOSE-DEFINED,REGIMEN-FIXED,BIOANALYTICAL-FINAL,COVARIATE-BASELINE-ONLY,SUBJECT-LEVEL-COVARIATE,MULTI-CMT-DEFINED,REANALYSIS-NONE,STRUCTURED,MAB,MATERNAL_INFANT_PK,,REPAIR,,F29
04e06a310a6c,AIC-LACTATION,ID-DYAD-LINKABLE,TIME-ELAPSED-RESOLVABLE,DOSE-DEFINED,REGIMEN-FIXED,BIOANALYTICAL-FINAL,COVARIATE-BASELINE-ONLY,SUBJECT-LEVEL-COVARIATE,MULTI-CMT-DEFINED,REANALYSIS-NONE,SEMI-STRUCTURED-LEGACY-FLAG,MAB,MATERNAL_INFANT_PK,,QUARANTINE,Q15B,F29
0cbf42a738f0,AIC-LACTATION,ID-DYAD-LINKABLE,TIME-ELAPSED-RESOLVABLE,DOSE-DEFINED,REGIMEN-FIXED,BIOANALYTICAL-FINAL,COVARIATE-BASELINE-ONLY,SUBJECT-LEVEL-COVARIATE,DDI-VICTIM-PERPETRATOR,REANALYSIS-NONE,STRUCTURED,MAB,MATERNAL_INFANT_PK,,REPAIR,,F29
c83d329450b5,AIC-LACTATION,ID-DYAD-LINKABLE,TIME-ELAPSED-RESOLVABLE,DOSE-DEFINED,REGIMEN-FIXED,BIOANALYTICAL-FINAL,COVARIATE-BASELINE-ONLY,SUBJECT-LEVEL-COVARIATE,DDI-VICTIM-PERPETRATOR,REANALYSIS-NONE,SEMI-STRUCTURED-LEGACY-FLAG,MAB,MATERNAL_INFANT_PK,,QUARANTINE,Q15B,F29
be71e8b1c6dd,AIC-LACTATION,ID-DYAD-LINKABLE,TIME-ELAPSED-RESOLVABLE,DOSE-DEFINED,REGIMEN-FIXED,BLQ-DEFINED-POLICY,COVARIATE-BASELINE-ONLY,SUBJECT-LEVEL-COVARIATE,SINGLE-ANALYTE,REANALYSIS-NONE,STRUCTURED,MAB,MATERNAL_INFANT_PK,,REPAIR,,F29
bbcc81efad96,AIC-LACTATION,ID-DYAD-LINKABLE,TIME-ELAPSED-RESOLVABLE,DOSE-DEFINED,REGIMEN-FIXED,BLQ-DEFINED-POLICY,COVARIATE-BASELINE-ONLY,SUBJECT-LEVEL-COVARIATE,SINGLE-ANALYTE,REANALYSIS-NONE,SEMI-STRUCTURED-LEGACY-FLAG,MAB,MATERNAL_INFANT_PK,,QUARANTINE,Q15B,F29
1f38ed1a9e7f,AIC-LACTATION,ID-DYAD-LINKABLE,TIME-ELAPSED-RESOLVABLE,DOSE-DEFINED,REGIMEN-FIXED,BLQ-DEFINED-POLICY,COVARIATE-BASELINE-ONLY,SUBJECT-LEVEL-COVARIATE,MULTI-CMT-DEFINED,REANALYSIS-NONE,STRUCTURED,MAB,MATERNAL_INFANT_PK,,REPAIR,,F29
b372ab62b77b,AIC-LACTATION,ID-DYAD-LINKABLE,TIME-ELAPSED-RESOLVABLE,DOSE-DEFINED,REGIMEN-FIXED,BLQ-DEFINED-POLICY,COVARIATE-BASELINE-ONLY,SUBJECT-LEVEL-COVARIATE,MULTI-CMT-DEFINED,REANALYSIS-NONE,SEMI-STRUCTURED-LEGACY-FLAG,MAB,MATERNAL_INFANT_PK,,QUARANTINE,Q15B,F29
2b68b39957ab,AIC-LACTATION,ID-DYAD-LINKABLE,TIME-ELAPSED-RESOLVABLE,DOSE-DEFINED,REGIMEN-FIXED,BLQ-DEFINED-POLICY,COVARIATE-BASELINE-ONLY,SUBJECT-LEVEL-COVARIATE,DDI-VICTIM-PERPETRATOR,REANALYSIS-NONE,STRUCTURED,MAB,MATERNAL_INFANT_PK,,REPAIR,,F29
53ca4637e8ac,AIC-LACTATION,ID-DYAD-LINKABLE,TIME-ELAPSED-RESOLVABLE,DOSE-DEFINED,REGIMEN-FIXED,BLQ-DEFINED-POLICY,COVARIATE-BASELINE-ONLY,SUBJECT-LEVEL-COVARIATE,DDI-VICTIM-PERPETRATOR,REANALYSIS-NONE,SEMI-STRUCTURED-LEGACY-FLAG,MAB,MATERNAL_INFANT_PK,,QUARANTINE,Q15B,F29
a33dc60e3eb7,AIC-LACTATION,ID-DYAD-LINKABLE,TIME-ELAPSED-RESOLVABLE,DOSE-DEFINED,REGIMEN-FIXED,BIOANALYTICAL-FINAL-FLAG-MISSING,COVARIATE-BASELINE-ONLY,SUBJECT-LEVEL-COVARIATE,SINGLE-ANALYTE,REANALYSIS-NONE,STRUCTURED,MAB,MATERNAL_INFANT_PK,,QUARANTINE,Q15A,F29
b04bed0ddba0,AIC-LACTATION,ID-DYAD-LINKABLE,TIME-ELAPSED-RESOLVABLE,DOSE-DEFINED,REGIMEN-FIXED,BIOANALYTICAL-FINAL-FLAG-MISSING,COVARIATE-BASELINE-ONLY,SUBJECT-LEVEL-COVARIATE,SINGLE-ANALYTE,REANALYSIS-NONE,SEMI-STRUCTURED-LEGACY-FLAG,MAB,MATERNAL_INFANT_PK,,QUARANTINE,Q15A,F29
dc44b12b5e95,AIC-LACTATION,ID-DYAD-LINKABLE,TIME-ELAPSED-RESOLVABLE,DOSE-DEFINED,REGIMEN-FIXED,BIOANALYTICAL-FINAL-FLAG-MISSING,COVARIATE-BASELINE-ONLY,SUBJECT-LEVEL-COVARIATE,MULTI-CMT-DEFINED,REANALYSIS-NONE,STRUCTURED,MAB,MATERNAL_INFANT_PK,,QUARANTINE,Q15A,F29
22bb0d93ea44,AIC-LACTATION,ID-DYAD-LINKABLE,TIME-ELAPSED-RESOLVABLE,DOSE-DEFINED,REGIMEN-FIXED,BIOANALYTICAL-FINAL-FLAG-MISSING,COVARIATE-BASELINE-ONLY,SUBJECT-LEVEL-COVARIATE,MULTI-CMT-DEFINED,REANALYSIS-NONE,SEMI-STRUCTURED-LEGACY-FLAG,MAB,MATERNAL_INFANT_PK,,QUARANTINE,Q15A,F29
238be7760809,AIC-LACTATION,ID-DYAD-LINKABLE,TIME-ELAPSED-RESOLVABLE,DOSE-DEFINED,REGIMEN-FIXED,BIOANALYTICAL-FINAL-FLAG-MISSING,COVARIATE-BASELINE-ONLY,SUBJECT-LEVEL-COVARIATE,DDI-VICTIM-PERPETRATOR,REANALYSIS-NONE,STRUCTURED,MAB,MATERNAL_INFANT_PK,,QUARANTINE,Q15A,F29
27cf77065f71,AIC-LACTATION,ID-DYAD-LINKABLE,TIME-ELAPSED-RESOLVABLE,DOSE-DEFINED,REGIMEN-FIXED,BIOANALYTICAL-FINAL-FLAG-MISSING,COVARIATE-BASELINE-ONLY,SUBJECT-LEVEL-COVARIATE,DDI-VICTIM-PERPETRATOR,REANALYSIS-NONE,SEMI-STRUCTURED-LEGACY-FLAG,MAB,MATERNAL_INFANT_PK,,QUARANTINE,Q15A,F29
7ec7acbab4c0,AIC-LACTATION,ID-DYAD-LINKABLE,TIME-ELAPSED-RESOLVABLE,DOSE-DEFINED,ADDL-ACTUAL-CONFLICT,BIOANALYTICAL-FINAL,COVARIATE-BASELINE-ONLY,SUBJECT-LEVEL-COVARIATE,SINGLE-ANALYTE,REANALYSIS-NONE,STRUCTURED,MAB,MATERNAL_INFANT_PK,,REPAIR,,F29
0b8aeda8ed70,AIC-LACTATION,ID-DYAD-LINKABLE,TIME-ELAPSED-RESOLVABLE,DOSE-DEFINED,ADDL-ACTUAL-CONFLICT,BIOANALYTICAL-FINAL,COVARIATE-BASELINE-ONLY,SUBJECT-LEVEL-COVARIATE,SINGLE-ANALYTE,REANALYSIS-NONE,SEMI-STRUCTURED-LEGACY-FLAG,MAB,MATERNAL_INFANT_PK,,QUARANTINE,Q15B,F29
726eebc95801,AIC-LACTATION,ID-DYAD-LINKABLE,TIME-ELAPSED-RESOLVABLE,DOSE-DEFINED,ADDL-ACTUAL-CONFLICT,BIOANALYTICAL-FINAL,COVARIATE-BASELINE-ONLY,SUBJECT-LEVEL-COVARIATE,MULTI-CMT-DEFINED,REANALYSIS-NONE,STRUCTURED,MAB,MATERNAL_INFANT_PK,,REPAIR,,F29
092967ef316b,AIC-LACTATION,ID-DYAD-LINKABLE,TIME-ELAPSED-RESOLVABLE,DOSE-DEFINED,ADDL-ACTUAL-CONFLICT,BIOANALYTICAL-FINAL,COVARIATE-BASELINE-ONLY,SUBJECT-LEVEL-COVARIATE,MULTI-CMT-DEFINED,REANALYSIS-NONE,SEMI-STRUCTURED-LEGACY-FLAG,MAB,MATERNAL_INFANT_PK,,QUARANTINE,Q15B,F29
a7375e3f6fea,AIC-LACTATION,ID-DYAD-LINKABLE,TIME-ELAPSED-RESOLVABLE,DOSE-DEFINED,ADDL-ACTUAL-CONFLICT,BIOANALYTICAL-FINAL,COVARIATE-BASELINE-ONLY,SUBJECT-LEVEL-COVARIATE,DDI-VICTIM-PERPETRATOR,REANALYSIS-NONE,STRUCTURED,MAB,MATERNAL_INFANT_PK,,REPAIR,,F29
2fc5291d917f,AIC-LACTATION,ID-DYAD-LINKABLE,TIME-ELAPSED-RESOLVABLE,DOSE-DEFINED,ADDL-ACTUAL-CONFLICT,BIOANALYTICAL-FINAL,COVARIATE-BASELINE-ONLY,SUBJECT-LEVEL-COVARIATE,DDI-VICTIM-PERPETRATOR,REANALYSIS-NONE,SEMI-STRUCTURED-LEGACY-FLAG,MAB,MATERNAL_INFANT_PK,,QUARANTINE,Q15B,F29
fc08ae29a8e1,AIC-LACTATION,ID-DYAD-LINKABLE,TIME-ELAPSED-RESOLVABLE,DOSE-DEFINED,ADDL-ACTUAL-CONFLICT,BLQ-DEFINED-POLICY,COVARIATE-BASELINE-ONLY,SUBJECT-LEVEL-COVARIATE,SINGLE-ANALYTE,REANALYSIS-NONE,STRUCTURED,MAB,MATERNAL_INFANT_PK,,REPAIR,,F29
1d8f81549771,AIC-LACTATION,ID-DYAD-LINKABLE,TIME-ELAPSED-RESOLVABLE,DOSE-DEFINED,ADDL-ACTUAL-CONFLICT,BLQ-DEFINED-POLICY,COVARIATE-BASELINE-ONLY,SUBJECT-LEVEL-COVARIATE,SINGLE-ANALYTE,REANALYSIS-NONE,SEMI-STRUCTURED-LEGACY-FLAG,MAB,MATERNAL_INFANT_PK,,QUARANTINE,Q15B,F29
7d815053ef70,AIC-LACTATION,ID-DYAD-LINKABLE,TIME-ELAPSED-RESOLVABLE,DOSE-DEFINED,ADDL-ACTUAL-CONFLICT,BLQ-DEFINED-POLICY,COVARIATE-BASELINE-ONLY,SUBJECT-LEVEL-COVARIATE,MULTI-CMT-DEFINED,REANALYSIS-NONE,STRUCTURED,MAB,MATERNAL_INFANT_PK,,REPAIR,,F29
07e894c5961f,AIC-LACTATION,ID-DYAD-LINKABLE,TIME-ELAPSED-RESOLVABLE,DOSE-DEFINED,ADDL-ACTUAL-CONFLICT,BLQ-DEFINED-POLICY,COVARIATE-BASELINE-ONLY,SUBJECT-LEVEL-COVARIATE,MULTI-CMT-DEFINED,REANALYSIS-NONE,SEMI-STRUCTURED-LEGACY-FLAG,MAB,MATERNAL_INFANT_PK,,QUARANTINE,Q15B,F29
c06f7d0749ad,AIC-LACTATION,ID-DYAD-LINKABLE,TIME-ELAPSED-RESOLVABLE,DOSE-DEFINED,ADDL-ACTUAL-CONFLICT,BLQ-DEFINED-POLICY,COVARIATE-BASELINE-ONLY,SUBJECT-LEVEL-COVARIATE,DDI-VICTIM-PERPETRATOR,REANALYSIS-NONE,STRUCTURED,MAB,MATERNAL_INFANT_PK,,REPAIR,,F29
ec86db75cfd3,AIC-LACTATION,ID-DYAD-LINKABLE,TIME-ELAPSED-RESOLVABLE,DOSE-DEFINED,ADDL-ACTUAL-CONFLICT,BLQ-DEFINED-POLICY,COVARIATE-BASELINE-ONLY,SUBJECT-LEVEL-COVARIATE,DDI-VICTIM-PERPETRATOR,REANALYSIS-NONE,SEMI-STRUCTURED-LEGACY-FLAG,MAB,MATERNAL_INFANT_PK,,QUARANTINE,Q15B,F29
714ebef0aae2,AIC-LACTATION,ID-DYAD-LINKABLE,TIME-ELAPSED-RESOLVABLE,DOSE-DEFINED,ADDL-ACTUAL-CONFLICT,BIOANALYTICAL-FINAL-FLAG-MISSING,COVARIATE-BASELINE-ONLY,SUBJECT-LEVEL-COVARIATE,SINGLE-ANALYTE,REANALYSIS-NONE,STRUCTURED,MAB,MATERNAL_INFANT_PK,,QUARANTINE,Q15A,F29
07b1e90eb2f1,AIC-LACTATION,ID-DYAD-LINKABLE,TIME-ELAPSED-RESOLVABLE,DOSE-DEFINED,ADDL-ACTUAL-CONFLICT,BIOANALYTICAL-FINAL-FLAG-MISSING,COVARIATE-BASELINE-ONLY,SUBJECT-LEVEL-COVARIATE,SINGLE-ANALYTE,REANALYSIS-NONE,SEMI-STRUCTURED-LEGACY-FLAG,MAB,MATERNAL_INFANT_PK,,QUARANTINE,Q15A,F29
35816e7a7d02,AIC-LACTATION,ID-DYAD-LINKABLE,TIME-ELAPSED-RESOLVABLE,DOSE-DEFINED,ADDL-ACTUAL-CONFLICT,BIOANALYTICAL-FINAL-FLAG-MISSING,COVARIATE-BASELINE-ONLY,SUBJECT-LEVEL-COVARIATE,MULTI-CMT-DEFINED,REANALYSIS-NONE,STRUCTURED,MAB,MATERNAL_INFANT_PK,,QUARANTINE,Q15A,F29
47b4356eb79a,AIC-LACTATION,ID-DYAD-LINKABLE,TIME-ELAPSED-RESOLVABLE,DOSE-DEFINED,ADDL-ACTUAL-CONFLICT,BIOANALYTICAL-FINAL-FLAG-MISSING,COVARIATE-BASELINE-ONLY,SUBJECT-LEVEL-COVARIATE,MULTI-CMT-DEFINED,REANALYSIS-NONE,SEMI-STRUCTURED-LEGACY-FLAG,MAB,MATERNAL_INFANT_PK,,QUARANTINE,Q15A,F29
4464c541dddb,AIC-LACTATION,ID-DYAD-LINKABLE,TIME-ELAPSED-RESOLVABLE,DOSE-DEFINED,ADDL-ACTUAL-CONFLICT,BIOANALYTICAL-FINAL-FLAG-MISSING,COVARIATE-BASELINE-ONLY,SUBJECT-LEVEL-COVARIATE,DDI-VICTIM-PERPETRATOR,REANALYSIS-NONE,STRUCTURED,MAB,MATERNAL_INFANT_PK,,QUARANTINE,Q15A,F29
9eb913f48c19,AIC-LACTATION,ID-DYAD-LINKABLE,TIME-ELAPSED-RESOLVABLE,DOSE-DEFINED,ADDL-ACTUAL-CONFLICT,BIOANALYTICAL-FINAL-FLAG-MISSING,COVARIATE-BASELINE-ONLY,SUBJECT-LEVEL-COVARIATE,DDI-VICTIM-PERPETRATOR,REANALYSIS-NONE,SEMI-STRUCTURED-LEGACY-FLAG,MAB,MATERNAL_INFANT_PK,,QUARANTINE,Q15A,F29
38cb373cfe26,AIC-LACTATION,ID-DEFINED,TIME-DEFINED,DOSE-DEFINED,REGIMEN-FIXED,BIOANALYTICAL-FINAL,COVARIATE-BASELINE-ONLY,SUBJECT-LEVEL-COVARIATE,SINGLE-ANALYTE,REANALYSIS-NONE,STRUCTURED,SMALL_MOLECULE,MILK_PK,,AUTO,,F29
84e263769187,AIC-LACTATION,ID-DEFINED,TIME-DEFINED,DOSE-DEFINED,REGIMEN-FIXED,BIOANALYTICAL-FINAL,COVARIATE-BASELINE-ONLY,SUBJECT-LEVEL-COVARIATE,SINGLE-ANALYTE,REANALYSIS-NONE,SEMI-STRUCTURED-LEGACY-FLAG,SMALL_MOLECULE,MILK_PK,,QUARANTINE,Q15B,F29
bc57110d0804,AIC-LACTATION,ID-DEFINED,TIME-DEFINED,DOSE-DEFINED,REGIMEN-FIXED,BIOANALYTICAL-FINAL,COVARIATE-BASELINE-ONLY,SUBJECT-LEVEL-COVARIATE,MULTI-CMT-DEFINED,REANALYSIS-NONE,STRUCTURED,SMALL_MOLECULE,MILK_PK,,REPAIR,,F29
72f03fc039cf,AIC-LACTATION,ID-DEFINED,TIME-DEFINED,DOSE-DEFINED,REGIMEN-FIXED,BIOANALYTICAL-FINAL,COVARIATE-BASELINE-ONLY,SUBJECT-LEVEL-COVARIATE,MULTI-CMT-DEFINED,REANALYSIS-NONE,SEMI-STRUCTURED-LEGACY-FLAG,SMALL_MOLECULE,MILK_PK,,QUARANTINE,Q15B,F29
d08760fa8862,AIC-LACTATION,ID-DEFINED,TIME-DEFINED,DOSE-DEFINED,REGIMEN-FIXED,BIOANALYTICAL-FINAL,COVARIATE-BASELINE-ONLY,SUBJECT-LEVEL-COVARIATE,DDI-VICTIM-PERPETRATOR,REANALYSIS-NONE,STRUCTURED,SMALL_MOLECULE,MILK_PK,,REPAIR,,F29
3c07fb997e61,AIC-LACTATION,ID-DEFINED,TIME-DEFINED,DOSE-DEFINED,REGIMEN-FIXED,BIOANALYTICAL-FINAL,COVARIATE-BASELINE-ONLY,SUBJECT-LEVEL-COVARIATE,DDI-VICTIM-PERPETRATOR,REANALYSIS-NONE,SEMI-STRUCTURED-LEGACY-FLAG,SMALL_MOLECULE,MILK_PK,,QUARANTINE,Q15B,F29
58bcedfc0302,AIC-LACTATION,ID-DEFINED,TIME-DEFINED,DOSE-DEFINED,REGIMEN-FIXED,BLQ-DEFINED-POLICY,COVARIATE-BASELINE-ONLY,SUBJECT-LEVEL-COVARIATE,SINGLE-ANALYTE,REANALYSIS-NONE,STRUCTURED,SMALL_MOLECULE,MILK_PK,,REPAIR,,F29
79d58a13295a,AIC-LACTATION,ID-DEFINED,TIME-DEFINED,DOSE-DEFINED,REGIMEN-FIXED,BLQ-DEFINED-POLICY,COVARIATE-BASELINE-ONLY,SUBJECT-LEVEL-COVARIATE,SINGLE-ANALYTE,REANALYSIS-NONE,SEMI-STRUCTURED-LEGACY-FLAG,SMALL_MOLECULE,MILK_PK,,QUARANTINE,Q15B,F29
aa41cd9e9b1a,AIC-LACTATION,ID-DEFINED,TIME-DEFINED,DOSE-DEFINED,REGIMEN-FIXED,BLQ-DEFINED-POLICY,COVARIATE-BASELINE-ONLY,SUBJECT-LEVEL-COVARIATE,MULTI-CMT-DEFINED,REANALYSIS-NONE,STRUCTURED,SMALL_MOLECULE,MILK_PK,,REPAIR,,F29
73f5214f4d49,AIC-LACTATION,ID-DEFINED,TIME-DEFINED,DOSE-DEFINED,REGIMEN-FIXED,BLQ-DEFINED-POLICY,COVARIATE-BASELINE-ONLY,SUBJECT-LEVEL-COVARIATE,MULTI-CMT-DEFINED,REANALYSIS-NONE,SEMI-STRUCTURED-LEGACY-FLAG,SMALL_MOLECULE,MILK_PK,,QUARANTINE,Q15B,F29
615db1a24cb9,AIC-LACTATION,ID-DEFINED,TIME-DEFINED,DOSE-DEFINED,REGIMEN-FIXED,BLQ-DEFINED-POLICY,COVARIATE-BASELINE-ONLY,SUBJECT-LEVEL-COVARIATE,DDI-VICTIM-PERPETRATOR,REANALYSIS-NONE,STRUCTURED,SMALL_MOLECULE,MILK_PK,,REPAIR,,F29
5fcd53899816,AIC-LACTATION,ID-DEFINED,TIME-DEFINED,DOSE-DEFINED,REGIMEN-FIXED,BLQ-DEFINED-POLICY,COVARIATE-BASELINE-ONLY,SUBJECT-LEVEL-COVARIATE,DDI-VICTIM-PERPETRATOR,REANALYSIS-NONE,SEMI-STRUCTURED-LEGACY-FLAG,SMALL_MOLECULE,MILK_PK,,QUARANTINE,Q15B,F29
64ef9ea5a30e,AIC-LACTATION,ID-DEFINED,TIME-DEFINED,DOSE-DEFINED,REGIMEN-FIXED,BIOANALYTICAL-FINAL-FLAG-MISSING,COVARIATE-BASELINE-ONLY,SUBJECT-LEVEL-COVARIATE,SINGLE-ANALYTE,REANALYSIS-NONE,STRUCTURED,SMALL_MOLECULE,MILK_PK,,QUARANTINE,Q15A,F29
3d4421057f3a,AIC-LACTATION,ID-DEFINED,TIME-DEFINED,DOSE-DEFINED,REGIMEN-FIXED,BIOANALYTICAL-FINAL-FLAG-MISSING,COVARIATE-BASELINE-ONLY,SUBJECT-LEVEL-COVARIATE,SINGLE-ANALYTE,REANALYSIS-NONE,SEMI-STRUCTURED-LEGACY-FLAG,SMALL_MOLECULE,MILK_PK,,QUARANTINE,Q15A,F29
5399fd3f2aef,AIC-LACTATION,ID-DEFINED,TIME-DEFINED,DOSE-DEFINED,REGIMEN-FIXED,BIOANALYTICAL-FINAL-FLAG-MISSING,COVARIATE-BASELINE-ONLY,SUBJECT-LEVEL-COVARIATE,MULTI-CMT-DEFINED,REANALYSIS-NONE,STRUCTURED,SMALL_MOLECULE,MILK_PK,,QUARANTINE,Q15A,F29
1c376b8d39f9,AIC-LACTATION,ID-DEFINED,TIME-DEFINED,DOSE-DEFINED,REGIMEN-FIXED,BIOANALYTICAL-FINAL-FLAG-MISSING,COVARIATE-BASELINE-ONLY,SUBJECT-LEVEL-COVARIATE,MULTI-CMT-DEFINED,REANALYSIS-NONE,SEMI-STRUCTURED-LEGACY-FLAG,SMALL_MOLECULE,MILK_PK,,QUARANTINE,Q15A,F29
738a855d319e,AIC-LACTATION,ID-DEFINED,TIME-DEFINED,DOSE-DEFINED,REGIMEN-FIXED,BIOANALYTICAL-FINAL-FLAG-MISSING,COVARIATE-BASELINE-ONLY,SUBJECT-LEVEL-COVARIATE,DDI-VICTIM-PERPETRATOR,REANALYSIS-NONE,STRUCTURED,SMALL_MOLECULE,MILK_PK,,QUARANTINE,Q15A,F29
13e701492fdb,AIC-LACTATION,ID-DEFINED,TIME-DEFINED,DOSE-DEFINED,REGIMEN-FIXED,BIOANALYTICAL-FINAL-FLAG-MISSING,COVARIATE-BASELINE-ONLY,SUBJECT-LEVEL-COVARIATE,DDI-VICTIM-PERPETRATOR,REANALYSIS-NONE,SEMI-STRUCTURED-LEGACY-FLAG,SMALL_MOLECULE,MILK_PK,,QUARANTINE,Q15A,F29
b66db0ce4142,AIC-LACTATION,ID-DEFINED,TIME-DEFINED,DOSE-DEFINED,ADDL-ACTUAL-CONFLICT,BIOANALYTICAL-FINAL,COVARIATE-BASELINE-ONLY,SUBJECT-LEVEL-COVARIATE,SINGLE-ANALYTE,REANALYSIS-NONE,STRUCTURED,SMALL_MOLECULE,MILK_PK,,AUTO,,F29
e237547669ca,AIC-LACTATION,ID-DEFINED,TIME-DEFINED,DOSE-DEFINED,ADDL-ACTUAL-CONFLICT,BIOANALYTICAL-FINAL,COVARIATE-BASELINE-ONLY,SUBJECT-LEVEL-COVARIATE,SINGLE-ANALYTE,REANALYSIS-NONE,SEMI-STRUCTURED-LEGACY-FLAG,SMALL_MOLECULE,MILK_PK,,QUARANTINE,Q15B,F29
d49bab717d66,AIC-LACTATION,ID-DEFINED,TIME-DEFINED,DOSE-DEFINED,ADDL-ACTUAL-CONFLICT,BIOANALYTICAL-FINAL,COVARIATE-BASELINE-ONLY,SUBJECT-LEVEL-COVARIATE,MULTI-CMT-DEFINED,REANALYSIS-NONE,STRUCTURED,SMALL_MOLECULE,MILK_PK,,REPAIR,,F29
3166212c682a,AIC-LACTATION,ID-DEFINED,TIME-DEFINED,DOSE-DEFINED,ADDL-ACTUAL-CONFLICT,BIOANALYTICAL-FINAL,COVARIATE-BASELINE-ONLY,SUBJECT-LEVEL-COVARIATE,MULTI-CMT-DEFINED,REANALYSIS-NONE,SEMI-STRUCTURED-LEGACY-FLAG,SMALL_MOLECULE,MILK_PK,,QUARANTINE,Q15B,F29
f597bd8eaa65,AIC-LACTATION,ID-DEFINED,TIME-DEFINED,DOSE-DEFINED,ADDL-ACTUAL-CONFLICT,BIOANALYTICAL-FINAL,COVARIATE-BASELINE-ONLY,SUBJECT-LEVEL-COVARIATE,DDI-VICTIM-PERPETRATOR,REANALYSIS-NONE,STRUCTURED,SMALL_MOLECULE,MILK_PK,,REPAIR,,F29
0225846b6411,AIC-LACTATION,ID-DEFINED,TIME-DEFINED,DOSE-DEFINED,ADDL-ACTUAL-CONFLICT,BIOANALYTICAL-FINAL,COVARIATE-BASELINE-ONLY,SUBJECT-LEVEL-COVARIATE,DDI-VICTIM-PERPETRATOR,REANALYSIS-NONE,SEMI-STRUCTURED-LEGACY-FLAG,SMALL_MOLECULE,MILK_PK,,QUARANTINE,Q15B,F29
18c2c92b76e3,AIC-LACTATION,ID-DEFINED,TIME-DEFINED,DOSE-DEFINED,ADDL-ACTUAL-CONFLICT,BLQ-DEFINED-POLICY,COVARIATE-BASELINE-ONLY,SUBJECT-LEVEL-COVARIATE,SINGLE-ANALYTE,REANALYSIS-NONE,STRUCTURED,SMALL_MOLECULE,MILK_PK,,REPAIR,,F29
a9c3dbf4ea26,AIC-LACTATION,ID-DEFINED,TIME-DEFINED,DOSE-DEFINED,ADDL-ACTUAL-CONFLICT,BLQ-DEFINED-POLICY,COVARIATE-BASELINE-ONLY,SUBJECT-LEVEL-COVARIATE,SINGLE-ANALYTE,REANALYSIS-NONE,SEMI-STRUCTURED-LEGACY-FLAG,SMALL_MOLECULE,MILK_PK,,QUARANTINE,Q15B,F29
74928c30458c,AIC-LACTATION,ID-DEFINED,TIME-DEFINED,DOSE-DEFINED,ADDL-ACTUAL-CONFLICT,BLQ-DEFINED-POLICY,COVARIATE-BASELINE-ONLY,SUBJECT-LEVEL-COVARIATE,MULTI-CMT-DEFINED,REANALYSIS-NONE,STRUCTURED,SMALL_MOLECULE,MILK_PK,,REPAIR,,F29
0a99f677dcc4,AIC-LACTATION,ID-DEFINED,TIME-DEFINED,DOSE-DEFINED,ADDL-ACTUAL-CONFLICT,BLQ-DEFINED-POLICY,COVARIATE-BASELINE-ONLY,SUBJECT-LEVEL-COVARIATE,MULTI-CMT-DEFINED,REANALYSIS-NONE,SEMI-STRUCTURED-LEGACY-FLAG,SMALL_MOLECULE,MILK_PK,,QUARANTINE,Q15B,F29
c57b529ec1a4,AIC-LACTATION,ID-DEFINED,TIME-DEFINED,DOSE-DEFINED,ADDL-ACTUAL-CONFLICT,BLQ-DEFINED-POLICY,COVARIATE-BASELINE-ONLY,SUBJECT-LEVEL-COVARIATE,DDI-VICTIM-PERPETRATOR,REANALYSIS-NONE,STRUCTURED,SMALL_MOLECULE,MILK_PK,,REPAIR,,F29
2b19654c0260,AIC-LACTATION,ID-DEFINED,TIME-DEFINED,DOSE-DEFINED,ADDL-ACTUAL-CONFLICT,BLQ-DEFINED-POLICY,COVARIATE-BASELINE-ONLY,SUBJECT-LEVEL-COVARIATE,DDI-VICTIM-PERPETRATOR,REANALYSIS-NONE,SEMI-STRUCTURED-LEGACY-FLAG,SMALL_MOLECULE,MILK_PK,,QUARANTINE,Q15B,F29
38807abc9bab,AIC-LACTATION,ID-DEFINED,TIME-DEFINED,DOSE-DEFINED,ADDL-ACTUAL-CONFLICT,BIOANALYTICAL-FINAL-FLAG-MISSING,COVARIATE-BASELINE-ONLY,SUBJECT-LEVEL-COVARIATE,SINGLE-ANALYTE,REANALYSIS-NONE,STRUCTURED,SMALL_MOLECULE,MILK_PK,,QUARANTINE,Q15A,F29
ab0fdffb66dd,AIC-LACTATION,ID-DEFINED,TIME-DEFINED,DOSE-DEFINED,ADDL-ACTUAL-CONFLICT,BIOANALYTICAL-FINAL-FLAG-MISSING,COVARIATE-BASELINE-ONLY,SUBJECT-LEVEL-COVARIATE,SINGLE-ANALYTE,REANALYSIS-NONE,SEMI-STRUCTURED-LEGACY-FLAG,SMALL_MOLECULE,MILK_PK,,QUARANTINE,Q15A,F29
60701ed9ebf1,AIC-LACTATION,ID-DEFINED,TIME-DEFINED,DOSE-DEFINED,ADDL-ACTUAL-CONFLICT,BIOANALYTICAL-FINAL-FLAG-MISSING,COVARIATE-BASELINE-ONLY,SUBJECT-LEVEL-COVARIATE,MULTI-CMT-DEFINED,REANALYSIS-NONE,STRUCTURED,SMALL_MOLECULE,MILK_PK,,QUARANTINE,Q15A,F29
0248e3f82ec2,AIC-LACTATION,ID-DEFINED,TIME-DEFINED,DOSE-DEFINED,ADDL-ACTUAL-CONFLICT,BIOANALYTICAL-FINAL-FLAG-MISSING,COVARIATE-BASELINE-ONLY,SUBJECT-LEVEL-COVARIATE,MULTI-CMT-DEFINED,REANALYSIS-NONE,SEMI-STRUCTURED-LEGACY-FLAG,SMALL_MOLECULE,MILK_PK,,QUARANTINE,Q15A,F29
8c43d921e285,AIC-LACTATION,ID-DEFINED,TIME-DEFINED,DOSE-DEFINED,ADDL-ACTUAL-CONFLICT,BIOANALYTICAL-FINAL-FLAG-MISSING,COVARIATE-BASELINE-ONLY,SUBJECT-LEVEL-COVARIATE,DDI-VICTIM-PERPETRATOR,REANALYSIS-NONE,STRUCTURED,SMALL_MOLECULE,MILK_PK,,QUARANTINE,Q15A,F29
21ab035aad40,AIC-LACTATION,ID-DEFINED,TIME-DEFINED,DOSE-DEFINED,ADDL-ACTUAL-CONFLICT,BIOANALYTICAL-FINAL-FLAG-MISSING,COVARIATE-BASELINE-ONLY,SUBJECT-LEVEL-COVARIATE,DDI-VICTIM-PERPETRATOR,REANALYSIS-NONE,SEMI-STRUCTURED-LEGACY-FLAG,SMALL_MOLECULE,MILK_PK,,QUARANTINE,Q15A,F29
ac6adbb3d856,AIC-LACTATION,ID-DEFINED,TIME-DEFINED,DOSE-DEFINED,REGIMEN-FIXED,BIOANALYTICAL-FINAL,COVARIATE-BASELINE-ONLY,SUBJECT-LEVEL-COVARIATE,SINGLE-ANALYTE,REANALYSIS-NONE,STRUCTURED,MAB,MILK_PK,,AUTO,,F29
17fa4bd7e2b0,AIC-LACTATION,ID-DEFINED,TIME-DEFINED,DOSE-DEFINED,REGIMEN-FIXED,BIOANALYTICAL-FINAL,COVARIATE-BASELINE-ONLY,SUBJECT-LEVEL-COVARIATE,SINGLE-ANALYTE,REANALYSIS-NONE,SEMI-STRUCTURED-LEGACY-FLAG,MAB,MILK_PK,,QUARANTINE,Q15B,F29
a755638a9c50,AIC-LACTATION,ID-DEFINED,TIME-DEFINED,DOSE-DEFINED,REGIMEN-FIXED,BIOANALYTICAL-FINAL,COVARIATE-BASELINE-ONLY,SUBJECT-LEVEL-COVARIATE,MULTI-CMT-DEFINED,REANALYSIS-NONE,STRUCTURED,MAB,MILK_PK,,REPAIR,,F29
2f5cd42f946f,AIC-LACTATION,ID-DEFINED,TIME-DEFINED,DOSE-DEFINED,REGIMEN-FIXED,BIOANALYTICAL-FINAL,COVARIATE-BASELINE-ONLY,SUBJECT-LEVEL-COVARIATE,MULTI-CMT-DEFINED,REANALYSIS-NONE,SEMI-STRUCTURED-LEGACY-FLAG,MAB,MILK_PK,,QUARANTINE,Q15B,F29
890bc35a892c,AIC-LACTATION,ID-DEFINED,TIME-DEFINED,DOSE-DEFINED,REGIMEN-FIXED,BIOANALYTICAL-FINAL,COVARIATE-BASELINE-ONLY,SUBJECT-LEVEL-COVARIATE,DDI-VICTIM-PERPETRATOR,REANALYSIS-NONE,STRUCTURED,MAB,MILK_PK,,REPAIR,,F29
dc0a9dce813a,AIC-LACTATION,ID-DEFINED,TIME-DEFINED,DOSE-DEFINED,REGIMEN-FIXED,BIOANALYTICAL-FINAL,COVARIATE-BASELINE-ONLY,SUBJECT-LEVEL-COVARIATE,DDI-VICTIM-PERPETRATOR,REANALYSIS-NONE,SEMI-STRUCTURED-LEGACY-FLAG,MAB,MILK_PK,,QUARANTINE,Q15B,F29
b6b305c362f1,AIC-LACTATION,ID-DEFINED,TIME-DEFINED,DOSE-DEFINED,REGIMEN-FIXED,BLQ-DEFINED-POLICY,COVARIATE-BASELINE-ONLY,SUBJECT-LEVEL-COVARIATE,SINGLE-ANALYTE,REANALYSIS-NONE,STRUCTURED,MAB,MILK_PK,,REPAIR,,F29
9b0953705403,AIC-LACTATION,ID-DEFINED,TIME-DEFINED,DOSE-DEFINED,REGIMEN-FIXED,BLQ-DEFINED-POLICY,COVARIATE-BASELINE-ONLY,SUBJECT-LEVEL-COVARIATE,SINGLE-ANALYTE,REANALYSIS-NONE,SEMI-STRUCTURED-LEGACY-FLAG,MAB,MILK_PK,,QUARANTINE,Q15B,F29
72e7a4509005,AIC-LACTATION,ID-DEFINED,TIME-DEFINED,DOSE-DEFINED,REGIMEN-FIXED,BLQ-DEFINED-POLICY,COVARIATE-BASELINE-ONLY,SUBJECT-LEVEL-COVARIATE,MULTI-CMT-DEFINED,REANALYSIS-NONE,STRUCTURED,MAB,MILK_PK,,REPAIR,,F29
8be64caf9daa,AIC-LACTATION,ID-DEFINED,TIME-DEFINED,DOSE-DEFINED,REGIMEN-FIXED,BLQ-DEFINED-POLICY,COVARIATE-BASELINE-ONLY,SUBJECT-LEVEL-COVARIATE,MULTI-CMT-DEFINED,REANALYSIS-NONE,SEMI-STRUCTURED-LEGACY-FLAG,MAB,MILK_PK,,QUARANTINE,Q15B,F29
b7c0bfeaa0ff,AIC-LACTATION,ID-DEFINED,TIME-DEFINED,DOSE-DEFINED,REGIMEN-FIXED,BLQ-DEFINED-POLICY,COVARIATE-BASELINE-ONLY,SUBJECT-LEVEL-COVARIATE,DDI-VICTIM-PERPETRATOR,REANALYSIS-NONE,STRUCTURED,MAB,MILK_PK,,REPAIR,,F29
502b64eb29f5,AIC-LACTATION,ID-DEFINED,TIME-DEFINED,DOSE-DEFINED,REGIMEN-FIXED,BLQ-DEFINED-POLICY,COVARIATE-BASELINE-ONLY,SUBJECT-LEVEL-COVARIATE,DDI-VICTIM-PERPETRATOR,REANALYSIS-NONE,SEMI-STRUCTURED-LEGACY-FLAG,MAB,MILK_PK,,QUARANTINE,Q15B,F29
86781c1ad4f6,AIC-LACTATION,ID-DEFINED,TIME-DEFINED,DOSE-DEFINED,REGIMEN-FIXED,BIOANALYTICAL-FINAL-FLAG-MISSING,COVARIATE-BASELINE-ONLY,SUBJECT-LEVEL-COVARIATE,SINGLE-ANALYTE,REANALYSIS-NONE,STRUCTURED,MAB,MILK_PK,,QUARANTINE,Q15A,F29
7ed997b39be8,AIC-LACTATION,ID-DEFINED,TIME-DEFINED,DOSE-DEFINED,REGIMEN-FIXED,BIOANALYTICAL-FINAL-FLAG-MISSING,COVARIATE-BASELINE-ONLY,SUBJECT-LEVEL-COVARIATE,SINGLE-ANALYTE,REANALYSIS-NONE,SEMI-STRUCTURED-LEGACY-FLAG,MAB,MILK_PK,,QUARANTINE,Q15A,F29
7d4cefe306c7,AIC-LACTATION,ID-DEFINED,TIME-DEFINED,DOSE-DEFINED,REGIMEN-FIXED,BIOANALYTICAL-FINAL-FLAG-MISSING,COVARIATE-BASELINE-ONLY,SUBJECT-LEVEL-COVARIATE,MULTI-CMT-DEFINED,REANALYSIS-NONE,STRUCTURED,MAB,MILK_PK,,QUARANTINE,Q15A,F29
ba41c7f26b44,AIC-LACTATION,ID-DEFINED,TIME-DEFINED,DOSE-DEFINED,REGIMEN-FIXED,BIOANALYTICAL-FINAL-FLAG-MISSING,COVARIATE-BASELINE-ONLY,SUBJECT-LEVEL-COVARIATE,MULTI-CMT-DEFINED,REANALYSIS-NONE,SEMI-STRUCTURED-LEGACY-FLAG,MAB,MILK_PK,,QUARANTINE,Q15A,F29
7b2049681923,AIC-LACTATION,ID-DEFINED,TIME-DEFINED,DOSE-DEFINED,REGIMEN-FIXED,BIOANALYTICAL-FINAL-FLAG-MISSING,COVARIATE-BASELINE-ONLY,SUBJECT-LEVEL-COVARIATE,DDI-VICTIM-PERPETRATOR,REANALYSIS-NONE,STRUCTURED,MAB,MILK_PK,,QUARANTINE,Q15A,F29
338bb7c4ca8e,AIC-LACTATION,ID-DEFINED,TIME-DEFINED,DOSE-DEFINED,REGIMEN-FIXED,BIOANALYTICAL-FINAL-FLAG-MISSING,COVARIATE-BASELINE-ONLY,SUBJECT-LEVEL-COVARIATE,DDI-VICTIM-PERPETRATOR,REANALYSIS-NONE,SEMI-STRUCTURED-LEGACY-FLAG,MAB,MILK_PK,,QUARANTINE,Q15A,F29
03d73726c6e5,AIC-LACTATION,ID-DEFINED,TIME-DEFINED,DOSE-DEFINED,ADDL-ACTUAL-CONFLICT,BIOANALYTICAL-FINAL,COVARIATE-BASELINE-ONLY,SUBJECT-LEVEL-COVARIATE,SINGLE-ANALYTE,REANALYSIS-NONE,STRUCTURED,MAB,MILK_PK,,AUTO,,F29
1d1a2b134bd1,AIC-LACTATION,ID-DEFINED,TIME-DEFINED,DOSE-DEFINED,ADDL-ACTUAL-CONFLICT,BIOANALYTICAL-FINAL,COVARIATE-BASELINE-ONLY,SUBJECT-LEVEL-COVARIATE,SINGLE-ANALYTE,REANALYSIS-NONE,SEMI-STRUCTURED-LEGACY-FLAG,MAB,MILK_PK,,QUARANTINE,Q15B,F29
5f6a5906febe,AIC-LACTATION,ID-DEFINED,TIME-DEFINED,DOSE-DEFINED,ADDL-ACTUAL-CONFLICT,BIOANALYTICAL-FINAL,COVARIATE-BASELINE-ONLY,SUBJECT-LEVEL-COVARIATE,MULTI-CMT-DEFINED,REANALYSIS-NONE,STRUCTURED,MAB,MILK_PK,,REPAIR,,F29
2ace35e47302,AIC-LACTATION,ID-DEFINED,TIME-DEFINED,DOSE-DEFINED,ADDL-ACTUAL-CONFLICT,BIOANALYTICAL-FINAL,COVARIATE-BASELINE-ONLY,SUBJECT-LEVEL-COVARIATE,MULTI-CMT-DEFINED,REANALYSIS-NONE,SEMI-STRUCTURED-LEGACY-FLAG,MAB,MILK_PK,,QUARANTINE,Q15B,F29
6f648505ff6a,AIC-LACTATION,ID-DEFINED,TIME-DEFINED,DOSE-DEFINED,ADDL-ACTUAL-CONFLICT,BIOANALYTICAL-FINAL,COVARIATE-BASELINE-ONLY,SUBJECT-LEVEL-COVARIATE,DDI-VICTIM-PERPETRATOR,REANALYSIS-NONE,STRUCTURED,MAB,MILK_PK,,REPAIR,,F29
e5bf2db8cabf,AIC-LACTATION,ID-DEFINED,TIME-DEFINED,DOSE-DEFINED,ADDL-ACTUAL-CONFLICT,BIOANALYTICAL-FINAL,COVARIATE-BASELINE-ONLY,SUBJECT-LEVEL-COVARIATE,DDI-VICTIM-PERPETRATOR,REANALYSIS-NONE,SEMI-STRUCTURED-LEGACY-FLAG,MAB,MILK_PK,,QUARANTINE,Q15B,F29
5baa12a763fc,AIC-LACTATION,ID-DEFINED,TIME-DEFINED,DOSE-DEFINED,ADDL-ACTUAL-CONFLICT,BLQ-DEFINED-POLICY,COVARIATE-BASELINE-ONLY,SUBJECT-LEVEL-COVARIATE,SINGLE-ANALYTE,REANALYSIS-NONE,STRUCTURED,MAB,MILK_PK,,REPAIR,,F29
a07cd0834d9c,AIC-LACTATION,ID-DEFINED,TIME-DEFINED,DOSE-DEFINED,ADDL-ACTUAL-CONFLICT,BLQ-DEFINED-POLICY,COVARIATE-BASELINE-ONLY,SUBJECT-LEVEL-COVARIATE,SINGLE-ANALYTE,REANALYSIS-NONE,SEMI-STRUCTURED-LEGACY-FLAG,MAB,MILK_PK,,QUARANTINE,Q15B,F29
58b71b67ffd0,AIC-LACTATION,ID-DEFINED,TIME-DEFINED,DOSE-DEFINED,ADDL-ACTUAL-CONFLICT,BLQ-DEFINED-POLICY,COVARIATE-BASELINE-ONLY,SUBJECT-LEVEL-COVARIATE,MULTI-CMT-DEFINED,REANALYSIS-NONE,STRUCTURED,MAB,MILK_PK,,REPAIR,,F29
3e53985b2d45,AIC-LACTATION,ID-DEFINED,TIME-DEFINED,DOSE-DEFINED,ADDL-ACTUAL-CONFLICT,BLQ-DEFINED-POLICY,COVARIATE-BASELINE-ONLY,SUBJECT-LEVEL-COVARIATE,MULTI-CMT-DEFINED,REANALYSIS-NONE,SEMI-STRUCTURED-LEGACY-FLAG,MAB,MILK_PK,,QUARANTINE,Q15B,F29
bd36b72de0ef,AIC-LACTATION,ID-DEFINED,TIME-DEFINED,DOSE-DEFINED,ADDL-ACTUAL-CONFLICT,BLQ-DEFINED-POLICY,COVARIATE-BASELINE-ONLY,SUBJECT-LEVEL-COVARIATE,DDI-VICTIM-PERPETRATOR,REANALYSIS-NONE,STRUCTURED,MAB,MILK_PK,,REPAIR,,F29
529e1c5517fa,AIC-LACTATION,ID-DEFINED,TIME-DEFINED,DOSE-DEFINED,ADDL-ACTUAL-CONFLICT,BLQ-DEFINED-POLICY,COVARIATE-BASELINE-ONLY,SUBJECT-LEVEL-COVARIATE,DDI-VICTIM-PERPETRATOR,REANALYSIS-NONE,SEMI-STRUCTURED-LEGACY-FLAG,MAB,MILK_PK,,QUARANTINE,Q15B,F29
f7ff5d98889e,AIC-LACTATION,ID-DEFINED,TIME-DEFINED,DOSE-DEFINED,ADDL-ACTUAL-CONFLICT,BIOANALYTICAL-FINAL-FLAG-MISSING,COVARIATE-BASELINE-ONLY,SUBJECT-LEVEL-COVARIATE,SINGLE-ANALYTE,REANALYSIS-NONE,STRUCTURED,MAB,MILK_PK,,QUARANTINE,Q15A,F29
927e0223f655,AIC-LACTATION,ID-DEFINED,TIME-DEFINED,DOSE-DEFINED,ADDL-ACTUAL-CONFLICT,BIOANALYTICAL-FINAL-FLAG-MISSING,COVARIATE-BASELINE-ONLY,SUBJECT-LEVEL-COVARIATE,SINGLE-ANALYTE,REANALYSIS-NONE,SEMI-STRUCTURED-LEGACY-FLAG,MAB,MILK_PK,,QUARANTINE,Q15A,F29
ec647b1c7c4f,AIC-LACTATION,ID-DEFINED,TIME-DEFINED,DOSE-DEFINED,ADDL-ACTUAL-CONFLICT,BIOANALYTICAL-FINAL-FLAG-MISSING,COVARIATE-BASELINE-ONLY,SUBJECT-LEVEL-COVARIATE,MULTI-CMT-DEFINED,REANALYSIS-NONE,STRUCTURED,MAB,MILK_PK,,QUARANTINE,Q15A,F29
899a2d6182b8,AIC-LACTATION,ID-DEFINED,TIME-DEFINED,DOSE-DEFINED,ADDL-ACTUAL-CONFLICT,BIOANALYTICAL-FINAL-FLAG-MISSING,COVARIATE-BASELINE-ONLY,SUBJECT-LEVEL-COVARIATE,MULTI-CMT-DEFINED,REANALYSIS-NONE,SEMI-STRUCTURED-LEGACY-FLAG,MAB,MILK_PK,,QUARANTINE,Q15A,F29
53911bb07347,AIC-LACTATION,ID-DEFINED,TIME-DEFINED,DOSE-DEFINED,ADDL-ACTUAL-CONFLICT,BIOANALYTICAL-FINAL-FLAG-MISSING,COVARIATE-BASELINE-ONLY,SUBJECT-LEVEL-COVARIATE,DDI-VICTIM-PERPETRATOR,REANALYSIS-NONE,STRUCTURED,MAB,MILK_PK,,QUARANTINE,Q15A,F29
04df2d0839fe,AIC-LACTATION,ID-DEFINED,TIME-DEFINED,DOSE-DEFINED,ADDL-ACTUAL-CONFLICT,BIOANALYTICAL-FINAL-FLAG-MISSING,COVARIATE-BASELINE-ONLY,SUBJECT-LEVEL-COVARIATE,DDI-VICTIM-PERPETRATOR,REANALYSIS-NONE,SEMI-STRUCTURED-LEGACY-FLAG,MAB,MILK_PK,,QUARANTINE,Q15A,F29
999eb76ffdce,AIC-PRECLINICAL,ID-DEFINED,TIME-DEFINED,DOSE-DEFINED,REGIMEN-FIXED,BIOANALYTICAL-FINAL,COVARIATE-BASELINE-ONLY,SUBJECT-LEVEL-COVARIATE,SINGLE-ANALYTE,REANALYSIS-NONE,STRUCTURED,SMALL_MOLECULE,PK_CONCENTRATION,,AUTO,,F19
fc6092aa5f81,AIC-PRECLINICAL,ID-DEFINED,TIME-DEFINED,DOSE-DEFINED,REGIMEN-FIXED,BIOANALYTICAL-FINAL,COVARIATE-BASELINE-ONLY,SUBJECT-LEVEL-COVARIATE,SINGLE-ANALYTE,REANALYSIS-NONE,SEMI-STRUCTURED-LEGACY-FLAG,SMALL_MOLECULE,PK_CONCENTRATION,,QUARANTINE,Q15B,F19
a1a5b3ec007b,AIC-PRECLINICAL,ID-DEFINED,TIME-DEFINED,DOSE-DEFINED,REGIMEN-FIXED,BIOANALYTICAL-FINAL,COVARIATE-BASELINE-ONLY,SUBJECT-LEVEL-COVARIATE,MULTI-CMT-DEFINED,REANALYSIS-NONE,STRUCTURED,SMALL_MOLECULE,PK_CONCENTRATION,,REPAIR,,F19
552b99a69b9e,AIC-PRECLINICAL,ID-DEFINED,TIME-DEFINED,DOSE-DEFINED,REGIMEN-FIXED,BIOANALYTICAL-FINAL,COVARIATE-BASELINE-ONLY,SUBJECT-LEVEL-COVARIATE,MULTI-CMT-DEFINED,REANALYSIS-NONE,SEMI-STRUCTURED-LEGACY-FLAG,SMALL_MOLECULE,PK_CONCENTRATION,,QUARANTINE,Q15B,F19
1dd5f6a54563,AIC-PRECLINICAL,ID-DEFINED,TIME-DEFINED,DOSE-DEFINED,REGIMEN-FIXED,BIOANALYTICAL-FINAL,COVARIATE-BASELINE-ONLY,SUBJECT-LEVEL-COVARIATE,DDI-VICTIM-PERPETRATOR,REANALYSIS-NONE,STRUCTURED,SMALL_MOLECULE,PK_CONCENTRATION,,REPAIR,,F22
37809bb8a1ab,AIC-PRECLINICAL,ID-DEFINED,TIME-DEFINED,DOSE-DEFINED,REGIMEN-FIXED,BIOANALYTICAL-FINAL,COVARIATE-BASELINE-ONLY,SUBJECT-LEVEL-COVARIATE,DDI-VICTIM-PERPETRATOR,REANALYSIS-NONE,SEMI-STRUCTURED-LEGACY-FLAG,SMALL_MOLECULE,PK_CONCENTRATION,,QUARANTINE,Q15B,F22
4ce6c44e1c6d,AIC-PRECLINICAL,ID-DEFINED,TIME-DEFINED,DOSE-DEFINED,REGIMEN-FIXED,BLQ-DEFINED-POLICY,COVARIATE-BASELINE-ONLY,SUBJECT-LEVEL-COVARIATE,SINGLE-ANALYTE,REANALYSIS-NONE,STRUCTURED,SMALL_MOLECULE,PK_CONCENTRATION,,REPAIR,,F19
9219a2d46dfc,AIC-PRECLINICAL,ID-DEFINED,TIME-DEFINED,DOSE-DEFINED,REGIMEN-FIXED,BLQ-DEFINED-POLICY,COVARIATE-BASELINE-ONLY,SUBJECT-LEVEL-COVARIATE,SINGLE-ANALYTE,REANALYSIS-NONE,SEMI-STRUCTURED-LEGACY-FLAG,SMALL_MOLECULE,PK_CONCENTRATION,,QUARANTINE,Q15B,F19
188875d9b55b,AIC-PRECLINICAL,ID-DEFINED,TIME-DEFINED,DOSE-DEFINED,REGIMEN-FIXED,BLQ-DEFINED-POLICY,COVARIATE-BASELINE-ONLY,SUBJECT-LEVEL-COVARIATE,MULTI-CMT-DEFINED,REANALYSIS-NONE,STRUCTURED,SMALL_MOLECULE,PK_CONCENTRATION,,REPAIR,,F19
66e5028a9d88,AIC-PRECLINICAL,ID-DEFINED,TIME-DEFINED,DOSE-DEFINED,REGIMEN-FIXED,BLQ-DEFINED-POLICY,COVARIATE-BASELINE-ONLY,SUBJECT-LEVEL-COVARIATE,MULTI-CMT-DEFINED,REANALYSIS-NONE,SEMI-STRUCTURED-LEGACY-FLAG,SMALL_MOLECULE,PK_CONCENTRATION,,QUARANTINE,Q15B,F19
3430f823555d,AIC-PRECLINICAL,ID-DEFINED,TIME-DEFINED,DOSE-DEFINED,REGIMEN-FIXED,BLQ-DEFINED-POLICY,COVARIATE-BASELINE-ONLY,SUBJECT-LEVEL-COVARIATE,DDI-VICTIM-PERPETRATOR,REANALYSIS-NONE,STRUCTURED,SMALL_MOLECULE,PK_CONCENTRATION,,REPAIR,,F22
36cfcbf7f643,AIC-PRECLINICAL,ID-DEFINED,TIME-DEFINED,DOSE-DEFINED,REGIMEN-FIXED,BLQ-DEFINED-POLICY,COVARIATE-BASELINE-ONLY,SUBJECT-LEVEL-COVARIATE,DDI-VICTIM-PERPETRATOR,REANALYSIS-NONE,SEMI-STRUCTURED-LEGACY-FLAG,SMALL_MOLECULE,PK_CONCENTRATION,,QUARANTINE,Q15B,F22
23a220779e0d,AIC-PRECLINICAL,ID-DEFINED,TIME-DEFINED,DOSE-DEFINED,REGIMEN-FIXED,BIOANALYTICAL-FINAL-FLAG-MISSING,COVARIATE-BASELINE-ONLY,SUBJECT-LEVEL-COVARIATE,SINGLE-ANALYTE,REANALYSIS-NONE,STRUCTURED,SMALL_MOLECULE,PK_CONCENTRATION,,QUARANTINE,Q15A,F19
aa5b0949d93f,AIC-PRECLINICAL,ID-DEFINED,TIME-DEFINED,DOSE-DEFINED,REGIMEN-FIXED,BIOANALYTICAL-FINAL-FLAG-MISSING,COVARIATE-BASELINE-ONLY,SUBJECT-LEVEL-COVARIATE,SINGLE-ANALYTE,REANALYSIS-NONE,SEMI-STRUCTURED-LEGACY-FLAG,SMALL_MOLECULE,PK_CONCENTRATION,,QUARANTINE,Q15A,F19
1097bd4c564e,AIC-PRECLINICAL,ID-DEFINED,TIME-DEFINED,DOSE-DEFINED,REGIMEN-FIXED,BIOANALYTICAL-FINAL-FLAG-MISSING,COVARIATE-BASELINE-ONLY,SUBJECT-LEVEL-COVARIATE,MULTI-CMT-DEFINED,REANALYSIS-NONE,STRUCTURED,SMALL_MOLECULE,PK_CONCENTRATION,,QUARANTINE,Q15A,F19
18dc8c74f439,AIC-PRECLINICAL,ID-DEFINED,TIME-DEFINED,DOSE-DEFINED,REGIMEN-FIXED,BIOANALYTICAL-FINAL-FLAG-MISSING,COVARIATE-BASELINE-ONLY,SUBJECT-LEVEL-COVARIATE,MULTI-CMT-DEFINED,REANALYSIS-NONE,SEMI-STRUCTURED-LEGACY-FLAG,SMALL_MOLECULE,PK_CONCENTRATION,,QUARANTINE,Q15A,F19
57c560751d1d,AIC-PRECLINICAL,ID-DEFINED,TIME-DEFINED,DOSE-DEFINED,REGIMEN-FIXED,BIOANALYTICAL-FINAL-FLAG-MISSING,COVARIATE-BASELINE-ONLY,SUBJECT-LEVEL-COVARIATE,DDI-VICTIM-PERPETRATOR,REANALYSIS-NONE,STRUCTURED,SMALL_MOLECULE,PK_CONCENTRATION,,QUARANTINE,Q15A,F22
3df7a81f4ef0,AIC-PRECLINICAL,ID-DEFINED,TIME-DEFINED,DOSE-DEFINED,REGIMEN-FIXED,BIOANALYTICAL-FINAL-FLAG-MISSING,COVARIATE-BASELINE-ONLY,SUBJECT-LEVEL-COVARIATE,DDI-VICTIM-PERPETRATOR,REANALYSIS-NONE,SEMI-STRUCTURED-LEGACY-FLAG,SMALL_MOLECULE,PK_CONCENTRATION,,QUARANTINE,Q15A,F22
4caf392eb1d2,AIC-PRECLINICAL,ID-DEFINED,TIME-DEFINED,DOSE-DEFINED,ADDL-ACTUAL-CONFLICT,BIOANALYTICAL-FINAL,COVARIATE-BASELINE-ONLY,SUBJECT-LEVEL-COVARIATE,SINGLE-ANALYTE,REANALYSIS-NONE,STRUCTURED,SMALL_MOLECULE,PK_CONCENTRATION,,AUTO,,F19
071d3896a584,AIC-PRECLINICAL,ID-DEFINED,TIME-DEFINED,DOSE-DEFINED,ADDL-ACTUAL-CONFLICT,BIOANALYTICAL-FINAL,COVARIATE-BASELINE-ONLY,SUBJECT-LEVEL-COVARIATE,SINGLE-ANALYTE,REANALYSIS-NONE,SEMI-STRUCTURED-LEGACY-FLAG,SMALL_MOLECULE,PK_CONCENTRATION,,QUARANTINE,Q15B,F19
65112546657f,AIC-PRECLINICAL,ID-DEFINED,TIME-DEFINED,DOSE-DEFINED,ADDL-ACTUAL-CONFLICT,BIOANALYTICAL-FINAL,COVARIATE-BASELINE-ONLY,SUBJECT-LEVEL-COVARIATE,MULTI-CMT-DEFINED,REANALYSIS-NONE,STRUCTURED,SMALL_MOLECULE,PK_CONCENTRATION,,REPAIR,,F19
8fe7f010461e,AIC-PRECLINICAL,ID-DEFINED,TIME-DEFINED,DOSE-DEFINED,ADDL-ACTUAL-CONFLICT,BIOANALYTICAL-FINAL,COVARIATE-BASELINE-ONLY,SUBJECT-LEVEL-COVARIATE,MULTI-CMT-DEFINED,REANALYSIS-NONE,SEMI-STRUCTURED-LEGACY-FLAG,SMALL_MOLECULE,PK_CONCENTRATION,,QUARANTINE,Q15B,F19
f9278e5ac29f,AIC-PRECLINICAL,ID-DEFINED,TIME-DEFINED,DOSE-DEFINED,ADDL-ACTUAL-CONFLICT,BIOANALYTICAL-FINAL,COVARIATE-BASELINE-ONLY,SUBJECT-LEVEL-COVARIATE,DDI-VICTIM-PERPETRATOR,REANALYSIS-NONE,STRUCTURED,SMALL_MOLECULE,PK_CONCENTRATION,,REPAIR,,F22
a184e4f8e2b2,AIC-PRECLINICAL,ID-DEFINED,TIME-DEFINED,DOSE-DEFINED,ADDL-ACTUAL-CONFLICT,BIOANALYTICAL-FINAL,COVARIATE-BASELINE-ONLY,SUBJECT-LEVEL-COVARIATE,DDI-VICTIM-PERPETRATOR,REANALYSIS-NONE,SEMI-STRUCTURED-LEGACY-FLAG,SMALL_MOLECULE,PK_CONCENTRATION,,QUARANTINE,Q15B,F22
ec4dfdd7eede,AIC-PRECLINICAL,ID-DEFINED,TIME-DEFINED,DOSE-DEFINED,ADDL-ACTUAL-CONFLICT,BLQ-DEFINED-POLICY,COVARIATE-BASELINE-ONLY,SUBJECT-LEVEL-COVARIATE,SINGLE-ANALYTE,REANALYSIS-NONE,STRUCTURED,SMALL_MOLECULE,PK_CONCENTRATION,,REPAIR,,F19
240654c0e3c3,AIC-PRECLINICAL,ID-DEFINED,TIME-DEFINED,DOSE-DEFINED,ADDL-ACTUAL-CONFLICT,BLQ-DEFINED-POLICY,COVARIATE-BASELINE-ONLY,SUBJECT-LEVEL-COVARIATE,SINGLE-ANALYTE,REANALYSIS-NONE,SEMI-STRUCTURED-LEGACY-FLAG,SMALL_MOLECULE,PK_CONCENTRATION,,QUARANTINE,Q15B,F19
2a39d2e7b124,AIC-PRECLINICAL,ID-DEFINED,TIME-DEFINED,DOSE-DEFINED,ADDL-ACTUAL-CONFLICT,BLQ-DEFINED-POLICY,COVARIATE-BASELINE-ONLY,SUBJECT-LEVEL-COVARIATE,MULTI-CMT-DEFINED,REANALYSIS-NONE,STRUCTURED,SMALL_MOLECULE,PK_CONCENTRATION,,REPAIR,,F19
5afd59d4d76c,AIC-PRECLINICAL,ID-DEFINED,TIME-DEFINED,DOSE-DEFINED,ADDL-ACTUAL-CONFLICT,BLQ-DEFINED-POLICY,COVARIATE-BASELINE-ONLY,SUBJECT-LEVEL-COVARIATE,MULTI-CMT-DEFINED,REANALYSIS-NONE,SEMI-STRUCTURED-LEGACY-FLAG,SMALL_MOLECULE,PK_CONCENTRATION,,QUARANTINE,Q15B,F19
0d0c121eea2a,AIC-PRECLINICAL,ID-DEFINED,TIME-DEFINED,DOSE-DEFINED,ADDL-ACTUAL-CONFLICT,BLQ-DEFINED-POLICY,COVARIATE-BASELINE-ONLY,SUBJECT-LEVEL-COVARIATE,DDI-VICTIM-PERPETRATOR,REANALYSIS-NONE,STRUCTURED,SMALL_MOLECULE,PK_CONCENTRATION,,REPAIR,,F22
3595b7d55b6b,AIC-PRECLINICAL,ID-DEFINED,TIME-DEFINED,DOSE-DEFINED,ADDL-ACTUAL-CONFLICT,BLQ-DEFINED-POLICY,COVARIATE-BASELINE-ONLY,SUBJECT-LEVEL-COVARIATE,DDI-VICTIM-PERPETRATOR,REANALYSIS-NONE,SEMI-STRUCTURED-LEGACY-FLAG,SMALL_MOLECULE,PK_CONCENTRATION,,QUARANTINE,Q15B,F22
80c4635a0162,AIC-PRECLINICAL,ID-DEFINED,TIME-DEFINED,DOSE-DEFINED,ADDL-ACTUAL-CONFLICT,BIOANALYTICAL-FINAL-FLAG-MISSING,COVARIATE-BASELINE-ONLY,SUBJECT-LEVEL-COVARIATE,SINGLE-ANALYTE,REANALYSIS-NONE,STRUCTURED,SMALL_MOLECULE,PK_CONCENTRATION,,QUARANTINE,Q15A,F19
cb2138967aa8,AIC-PRECLINICAL,ID-DEFINED,TIME-DEFINED,DOSE-DEFINED,ADDL-ACTUAL-CONFLICT,BIOANALYTICAL-FINAL-FLAG-MISSING,COVARIATE-BASELINE-ONLY,SUBJECT-LEVEL-COVARIATE,SINGLE-ANALYTE,REANALYSIS-NONE,SEMI-STRUCTURED-LEGACY-FLAG,SMALL_MOLECULE,PK_CONCENTRATION,,QUARANTINE,Q15A,F19
f28d007e65ae,AIC-PRECLINICAL,ID-DEFINED,TIME-DEFINED,DOSE-DEFINED,ADDL-ACTUAL-CONFLICT,BIOANALYTICAL-FINAL-FLAG-MISSING,COVARIATE-BASELINE-ONLY,SUBJECT-LEVEL-COVARIATE,MULTI-CMT-DEFINED,REANALYSIS-NONE,STRUCTURED,SMALL_MOLECULE,PK_CONCENTRATION,,QUARANTINE,Q15A,F19
508f746ac36b,AIC-PRECLINICAL,ID-DEFINED,TIME-DEFINED,DOSE-DEFINED,ADDL-ACTUAL-CONFLICT,BIOANALYTICAL-FINAL-FLAG-MISSING,COVARIATE-BASELINE-ONLY,SUBJECT-LEVEL-COVARIATE,MULTI-CMT-DEFINED,REANALYSIS-NONE,SEMI-STRUCTURED-LEGACY-FLAG,SMALL_MOLECULE,PK_CONCENTRATION,,QUARANTINE,Q15A,F19
0ad7ea1d83b7,AIC-PRECLINICAL,ID-DEFINED,TIME-DEFINED,DOSE-DEFINED,ADDL-ACTUAL-CONFLICT,BIOANALYTICAL-FINAL-FLAG-MISSING,COVARIATE-BASELINE-ONLY,SUBJECT-LEVEL-COVARIATE,DDI-VICTIM-PERPETRATOR,REANALYSIS-NONE,STRUCTURED,SMALL_MOLECULE,PK_CONCENTRATION,,QUARANTINE,Q15A,F22
f9b9fa6590ab,AIC-PRECLINICAL,ID-DEFINED,TIME-DEFINED,DOSE-DEFINED,ADDL-ACTUAL-CONFLICT,BIOANALYTICAL-FINAL-FLAG-MISSING,COVARIATE-BASELINE-ONLY,SUBJECT-LEVEL-COVARIATE,DDI-VICTIM-PERPETRATOR,REANALYSIS-NONE,SEMI-STRUCTURED-LEGACY-FLAG,SMALL_MOLECULE,PK_CONCENTRATION,,QUARANTINE,Q15A,F22
1ba80b1eab2d,AIC-PRECLINICAL,ID-DEFINED,TIME-DEFINED,DOSE-DEFINED,REGIMEN-FIXED,BIOANALYTICAL-FINAL,COVARIATE-BASELINE-ONLY,SUBJECT-LEVEL-COVARIATE,SINGLE-ANALYTE,REANALYSIS-NONE,STRUCTURED,MAB,PK_CONCENTRATION,,AUTO,,F19
a2913dc57695,AIC-PRECLINICAL,ID-DEFINED,TIME-DEFINED,DOSE-DEFINED,REGIMEN-FIXED,BIOANALYTICAL-FINAL,COVARIATE-BASELINE-ONLY,SUBJECT-LEVEL-COVARIATE,SINGLE-ANALYTE,REANALYSIS-NONE,SEMI-STRUCTURED-LEGACY-FLAG,MAB,PK_CONCENTRATION,,QUARANTINE,Q15B,F19
c69d4694fc75,AIC-PRECLINICAL,ID-DEFINED,TIME-DEFINED,DOSE-DEFINED,REGIMEN-FIXED,BIOANALYTICAL-FINAL,COVARIATE-BASELINE-ONLY,SUBJECT-LEVEL-COVARIATE,MULTI-CMT-DEFINED,REANALYSIS-NONE,STRUCTURED,MAB,PK_CONCENTRATION,,REPAIR,,F19
fc2ba0499328,AIC-PRECLINICAL,ID-DEFINED,TIME-DEFINED,DOSE-DEFINED,REGIMEN-FIXED,BIOANALYTICAL-FINAL,COVARIATE-BASELINE-ONLY,SUBJECT-LEVEL-COVARIATE,MULTI-CMT-DEFINED,REANALYSIS-NONE,SEMI-STRUCTURED-LEGACY-FLAG,MAB,PK_CONCENTRATION,,QUARANTINE,Q15B,F19
214719acc24b,AIC-PRECLINICAL,ID-DEFINED,TIME-DEFINED,DOSE-DEFINED,REGIMEN-FIXED,BIOANALYTICAL-FINAL,COVARIATE-BASELINE-ONLY,SUBJECT-LEVEL-COVARIATE,DDI-VICTIM-PERPETRATOR,REANALYSIS-NONE,STRUCTURED,MAB,PK_CONCENTRATION,,REPAIR,,F22
bee7489836a8,AIC-PRECLINICAL,ID-DEFINED,TIME-DEFINED,DOSE-DEFINED,REGIMEN-FIXED,BIOANALYTICAL-FINAL,COVARIATE-BASELINE-ONLY,SUBJECT-LEVEL-COVARIATE,DDI-VICTIM-PERPETRATOR,REANALYSIS-NONE,SEMI-STRUCTURED-LEGACY-FLAG,MAB,PK_CONCENTRATION,,QUARANTINE,Q15B,F22
1d339064a70f,AIC-PRECLINICAL,ID-DEFINED,TIME-DEFINED,DOSE-DEFINED,REGIMEN-FIXED,BLQ-DEFINED-POLICY,COVARIATE-BASELINE-ONLY,SUBJECT-LEVEL-COVARIATE,SINGLE-ANALYTE,REANALYSIS-NONE,STRUCTURED,MAB,PK_CONCENTRATION,,REPAIR,,F19
758f43afb455,AIC-PRECLINICAL,ID-DEFINED,TIME-DEFINED,DOSE-DEFINED,REGIMEN-FIXED,BLQ-DEFINED-POLICY,COVARIATE-BASELINE-ONLY,SUBJECT-LEVEL-COVARIATE,SINGLE-ANALYTE,REANALYSIS-NONE,SEMI-STRUCTURED-LEGACY-FLAG,MAB,PK_CONCENTRATION,,QUARANTINE,Q15B,F19
f898158dc87b,AIC-PRECLINICAL,ID-DEFINED,TIME-DEFINED,DOSE-DEFINED,REGIMEN-FIXED,BLQ-DEFINED-POLICY,COVARIATE-BASELINE-ONLY,SUBJECT-LEVEL-COVARIATE,MULTI-CMT-DEFINED,REANALYSIS-NONE,STRUCTURED,MAB,PK_CONCENTRATION,,REPAIR,,F19
a96b735ed87c,AIC-PRECLINICAL,ID-DEFINED,TIME-DEFINED,DOSE-DEFINED,REGIMEN-FIXED,BLQ-DEFINED-POLICY,COVARIATE-BASELINE-ONLY,SUBJECT-LEVEL-COVARIATE,MULTI-CMT-DEFINED,REANALYSIS-NONE,SEMI-STRUCTURED-LEGACY-FLAG,MAB,PK_CONCENTRATION,,QUARANTINE,Q15B,F19
70e5c9c2bcdd,AIC-PRECLINICAL,ID-DEFINED,TIME-DEFINED,DOSE-DEFINED,REGIMEN-FIXED,BLQ-DEFINED-POLICY,COVARIATE-BASELINE-ONLY,SUBJECT-LEVEL-COVARIATE,DDI-VICTIM-PERPETRATOR,REANALYSIS-NONE,STRUCTURED,MAB,PK_CONCENTRATION,,REPAIR,,F22
68b85e574001,AIC-PRECLINICAL,ID-DEFINED,TIME-DEFINED,DOSE-DEFINED,REGIMEN-FIXED,BLQ-DEFINED-POLICY,COVARIATE-BASELINE-ONLY,SUBJECT-LEVEL-COVARIATE,DDI-VICTIM-PERPETRATOR,REANALYSIS-NONE,SEMI-STRUCTURED-LEGACY-FLAG,MAB,PK_CONCENTRATION,,QUARANTINE,Q15B,F22
2d53e23dd872,AIC-PRECLINICAL,ID-DEFINED,TIME-DEFINED,DOSE-DEFINED,REGIMEN-FIXED,BIOANALYTICAL-FINAL-FLAG-MISSING,COVARIATE-BASELINE-ONLY,SUBJECT-LEVEL-COVARIATE,SINGLE-ANALYTE,REANALYSIS-NONE,STRUCTURED,MAB,PK_CONCENTRATION,,QUARANTINE,Q15A,F19
fe8842f7d153,AIC-PRECLINICAL,ID-DEFINED,TIME-DEFINED,DOSE-DEFINED,REGIMEN-FIXED,BIOANALYTICAL-FINAL-FLAG-MISSING,COVARIATE-BASELINE-ONLY,SUBJECT-LEVEL-COVARIATE,SINGLE-ANALYTE,REANALYSIS-NONE,SEMI-STRUCTURED-LEGACY-FLAG,MAB,PK_CONCENTRATION,,QUARANTINE,Q15A,F19
e7a75338acdf,AIC-PRECLINICAL,ID-DEFINED,TIME-DEFINED,DOSE-DEFINED,REGIMEN-FIXED,BIOANALYTICAL-FINAL-FLAG-MISSING,COVARIATE-BASELINE-ONLY,SUBJECT-LEVEL-COVARIATE,MULTI-CMT-DEFINED,REANALYSIS-NONE,STRUCTURED,MAB,PK_CONCENTRATION,,QUARANTINE,Q15A,F19
a3200a4cdf37,AIC-PRECLINICAL,ID-DEFINED,TIME-DEFINED,DOSE-DEFINED,REGIMEN-FIXED,BIOANALYTICAL-FINAL-FLAG-MISSING,COVARIATE-BASELINE-ONLY,SUBJECT-LEVEL-COVARIATE,MULTI-CMT-DEFINED,REANALYSIS-NONE,SEMI-STRUCTURED-LEGACY-FLAG,MAB,PK_CONCENTRATION,,QUARANTINE,Q15A,F19
d1769baff5fd,AIC-PRECLINICAL,ID-DEFINED,TIME-DEFINED,DOSE-DEFINED,REGIMEN-FIXED,BIOANALYTICAL-FINAL-FLAG-MISSING,COVARIATE-BASELINE-ONLY,SUBJECT-LEVEL-COVARIATE,DDI-VICTIM-PERPETRATOR,REANALYSIS-NONE,STRUCTURED,MAB,PK_CONCENTRATION,,QUARANTINE,Q15A,F22
a94efa110b31,AIC-PRECLINICAL,ID-DEFINED,TIME-DEFINED,DOSE-DEFINED,REGIMEN-FIXED,BIOANALYTICAL-FINAL-FLAG-MISSING,COVARIATE-BASELINE-ONLY,SUBJECT-LEVEL-COVARIATE,DDI-VICTIM-PERPETRATOR,REANALYSIS-NONE,SEMI-STRUCTURED-LEGACY-FLAG,MAB,PK_CONCENTRATION,,QUARANTINE,Q15A,F22
01a7df402ebb,AIC-PRECLINICAL,ID-DEFINED,TIME-DEFINED,DOSE-DEFINED,ADDL-ACTUAL-CONFLICT,BIOANALYTICAL-FINAL,COVARIATE-BASELINE-ONLY,SUBJECT-LEVEL-COVARIATE,SINGLE-ANALYTE,REANALYSIS-NONE,STRUCTURED,MAB,PK_CONCENTRATION,,AUTO,,F19
b6fdae3631da,AIC-PRECLINICAL,ID-DEFINED,TIME-DEFINED,DOSE-DEFINED,ADDL-ACTUAL-CONFLICT,BIOANALYTICAL-FINAL,COVARIATE-BASELINE-ONLY,SUBJECT-LEVEL-COVARIATE,SINGLE-ANALYTE,REANALYSIS-NONE,SEMI-STRUCTURED-LEGACY-FLAG,MAB,PK_CONCENTRATION,,QUARANTINE,Q15B,F19
ce364f07dc22,AIC-PRECLINICAL,ID-DEFINED,TIME-DEFINED,DOSE-DEFINED,ADDL-ACTUAL-CONFLICT,BIOANALYTICAL-FINAL,COVARIATE-BASELINE-ONLY,SUBJECT-LEVEL-COVARIATE,MULTI-CMT-DEFINED,REANALYSIS-NONE,STRUCTURED,MAB,PK_CONCENTRATION,,REPAIR,,F19
5ebb19f51516,AIC-PRECLINICAL,ID-DEFINED,TIME-DEFINED,DOSE-DEFINED,ADDL-ACTUAL-CONFLICT,BIOANALYTICAL-FINAL,COVARIATE-BASELINE-ONLY,SUBJECT-LEVEL-COVARIATE,MULTI-CMT-DEFINED,REANALYSIS-NONE,SEMI-STRUCTURED-LEGACY-FLAG,MAB,PK_CONCENTRATION,,QUARANTINE,Q15B,F19
faf12c1df155,AIC-PRECLINICAL,ID-DEFINED,TIME-DEFINED,DOSE-DEFINED,ADDL-ACTUAL-CONFLICT,BIOANALYTICAL-FINAL,COVARIATE-BASELINE-ONLY,SUBJECT-LEVEL-COVARIATE,DDI-VICTIM-PERPETRATOR,REANALYSIS-NONE,STRUCTURED,MAB,PK_CONCENTRATION,,REPAIR,,F22
11016c0fe5dc,AIC-PRECLINICAL,ID-DEFINED,TIME-DEFINED,DOSE-DEFINED,ADDL-ACTUAL-CONFLICT,BIOANALYTICAL-FINAL,COVARIATE-BASELINE-ONLY,SUBJECT-LEVEL-COVARIATE,DDI-VICTIM-PERPETRATOR,REANALYSIS-NONE,SEMI-STRUCTURED-LEGACY-FLAG,MAB,PK_CONCENTRATION,,QUARANTINE,Q15B,F22
48792ecea9e4,AIC-PRECLINICAL,ID-DEFINED,TIME-DEFINED,DOSE-DEFINED,ADDL-ACTUAL-CONFLICT,BLQ-DEFINED-POLICY,COVARIATE-BASELINE-ONLY,SUBJECT-LEVEL-COVARIATE,SINGLE-ANALYTE,REANALYSIS-NONE,STRUCTURED,MAB,PK_CONCENTRATION,,REPAIR,,F19
5a975f28497c,AIC-PRECLINICAL,ID-DEFINED,TIME-DEFINED,DOSE-DEFINED,ADDL-ACTUAL-CONFLICT,BLQ-DEFINED-POLICY,COVARIATE-BASELINE-ONLY,SUBJECT-LEVEL-COVARIATE,SINGLE-ANALYTE,REANALYSIS-NONE,SEMI-STRUCTURED-LEGACY-FLAG,MAB,PK_CONCENTRATION,,QUARANTINE,Q15B,F19
bde711781c5e,AIC-PRECLINICAL,ID-DEFINED,TIME-DEFINED,DOSE-DEFINED,ADDL-ACTUAL-CONFLICT,BLQ-DEFINED-POLICY,COVARIATE-BASELINE-ONLY,SUBJECT-LEVEL-COVARIATE,MULTI-CMT-DEFINED,REANALYSIS-NONE,STRUCTURED,MAB,PK_CONCENTRATION,,REPAIR,,F19
508f16492315,AIC-PRECLINICAL,ID-DEFINED,TIME-DEFINED,DOSE-DEFINED,ADDL-ACTUAL-CONFLICT,BLQ-DEFINED-POLICY,COVARIATE-BASELINE-ONLY,SUBJECT-LEVEL-COVARIATE,MULTI-CMT-DEFINED,REANALYSIS-NONE,SEMI-STRUCTURED-LEGACY-FLAG,MAB,PK_CONCENTRATION,,QUARANTINE,Q15B,F19
13738d8a683a,AIC-PRECLINICAL,ID-DEFINED,TIME-DEFINED,DOSE-DEFINED,ADDL-ACTUAL-CONFLICT,BLQ-DEFINED-POLICY,COVARIATE-BASELINE-ONLY,SUBJECT-LEVEL-COVARIATE,DDI-VICTIM-PERPETRATOR,REANALYSIS-NONE,STRUCTURED,MAB,PK_CONCENTRATION,,REPAIR,,F22
0e193c6cfe96,AIC-PRECLINICAL,ID-DEFINED,TIME-DEFINED,DOSE-DEFINED,ADDL-ACTUAL-CONFLICT,BLQ-DEFINED-POLICY,COVARIATE-BASELINE-ONLY,SUBJECT-LEVEL-COVARIATE,DDI-VICTIM-PERPETRATOR,REANALYSIS-NONE,SEMI-STRUCTURED-LEGACY-FLAG,MAB,PK_CONCENTRATION,,QUARANTINE,Q15B,F22
1385f92cc6d9,AIC-PRECLINICAL,ID-DEFINED,TIME-DEFINED,DOSE-DEFINED,ADDL-ACTUAL-CONFLICT,BIOANALYTICAL-FINAL-FLAG-MISSING,COVARIATE-BASELINE-ONLY,SUBJECT-LEVEL-COVARIATE,SINGLE-ANALYTE,REANALYSIS-NONE,STRUCTURED,MAB,PK_CONCENTRATION,,QUARANTINE,Q15A,F19
2139b26f1ee2,AIC-PRECLINICAL,ID-DEFINED,TIME-DEFINED,DOSE-DEFINED,ADDL-ACTUAL-CONFLICT,BIOANALYTICAL-FINAL-FLAG-MISSING,COVARIATE-BASELINE-ONLY,SUBJECT-LEVEL-COVARIATE,SINGLE-ANALYTE,REANALYSIS-NONE,SEMI-STRUCTURED-LEGACY-FLAG,MAB,PK_CONCENTRATION,,QUARANTINE,Q15A,F19
b801e434bf41,AIC-PRECLINICAL,ID-DEFINED,TIME-DEFINED,DOSE-DEFINED,ADDL-ACTUAL-CONFLICT,BIOANALYTICAL-FINAL-FLAG-MISSING,COVARIATE-BASELINE-ONLY,SUBJECT-LEVEL-COVARIATE,MULTI-CMT-DEFINED,REANALYSIS-NONE,STRUCTURED,MAB,PK_CONCENTRATION,,QUARANTINE,Q15A,F19
949220fc897c,AIC-PRECLINICAL,ID-DEFINED,TIME-DEFINED,DOSE-DEFINED,ADDL-ACTUAL-CONFLICT,BIOANALYTICAL-FINAL-FLAG-MISSING,COVARIATE-BASELINE-ONLY,SUBJECT-LEVEL-COVARIATE,MULTI-CMT-DEFINED,REANALYSIS-NONE,SEMI-STRUCTURED-LEGACY-FLAG,MAB,PK_CONCENTRATION,,QUARANTINE,Q15A,F19
5f0b951502f5,AIC-PRECLINICAL,ID-DEFINED,TIME-DEFINED,DOSE-DEFINED,ADDL-ACTUAL-CONFLICT,BIOANALYTICAL-FINAL-FLAG-MISSING,COVARIATE-BASELINE-ONLY,SUBJECT-LEVEL-COVARIATE,DDI-VICTIM-PERPETRATOR,REANALYSIS-NONE,STRUCTURED,MAB,PK_CONCENTRATION,,QUARANTINE,Q15A,F22
c959e546bfe8,AIC-PRECLINICAL,ID-DEFINED,TIME-DEFINED,DOSE-DEFINED,ADDL-ACTUAL-CONFLICT,BIOANALYTICAL-FINAL-FLAG-MISSING,COVARIATE-BASELINE-ONLY,SUBJECT-LEVEL-COVARIATE,DDI-VICTIM-PERPETRATOR,REANALYSIS-NONE,SEMI-STRUCTURED-LEGACY-FLAG,MAB,PK_CONCENTRATION,,QUARANTINE,Q15A,F22
e2e291081f32,AIC-PRECLINICAL,ID-DEFINED,TIME-DEFINED,DOSE-DEFINED,REGIMEN-FIXED,BIOANALYTICAL-FINAL,COVARIATE-BASELINE-ONLY,SUBJECT-LEVEL-COVARIATE,SINGLE-ANALYTE,REANALYSIS-NONE,STRUCTURED,ADC,PK_CONCENTRATION,,AUTO,,F19
25eb4dbe032e,AIC-PRECLINICAL,ID-DEFINED,TIME-DEFINED,DOSE-DEFINED,REGIMEN-FIXED,BIOANALYTICAL-FINAL,COVARIATE-BASELINE-ONLY,SUBJECT-LEVEL-COVARIATE,SINGLE-ANALYTE,REANALYSIS-NONE,SEMI-STRUCTURED-LEGACY-FLAG,ADC,PK_CONCENTRATION,,QUARANTINE,Q15B,F19
1737c6680689,AIC-PRECLINICAL,ID-DEFINED,TIME-DEFINED,DOSE-DEFINED,REGIMEN-FIXED,BIOANALYTICAL-FINAL,COVARIATE-BASELINE-ONLY,SUBJECT-LEVEL-COVARIATE,MULTI-CMT-DEFINED,REANALYSIS-NONE,STRUCTURED,ADC,PK_CONCENTRATION,TOTAL_ANTIBODY|CONJUGATED_ADC|UNCONJUGATED_PAYLOAD,REPAIR,,F24
7abbc6f0a6d9,AIC-PRECLINICAL,ID-DEFINED,TIME-DEFINED,DOSE-DEFINED,REGIMEN-FIXED,BIOANALYTICAL-FINAL,COVARIATE-BASELINE-ONLY,SUBJECT-LEVEL-COVARIATE,MULTI-CMT-DEFINED,REANALYSIS-NONE,STRUCTURED,ADC,PK_CONCENTRATION,,QUARANTINE,Q16,F24
026845ef011b,AIC-PRECLINICAL,ID-DEFINED,TIME-DEFINED,DOSE-DEFINED,REGIMEN-FIXED,BIOANALYTICAL-FINAL,COVARIATE-BASELINE-ONLY,SUBJECT-LEVEL-COVARIATE,MULTI-CMT-DEFINED,REANALYSIS-NONE,SEMI-STRUCTURED-LEGACY-FLAG,ADC,PK_CONCENTRATION,TOTAL_ANTIBODY|CONJUGATED_ADC|UNCONJUGATED_PAYLOAD,QUARANTINE,Q15B,F24
b871a44d8407,AIC-PRECLINICAL,ID-DEFINED,TIME-DEFINED,DOSE-DEFINED,REGIMEN-FIXED,BIOANALYTICAL-FINAL,COVARIATE-BASELINE-ONLY,SUBJECT-LEVEL-COVARIATE,MULTI-CMT-DEFINED,REANALYSIS-NONE,SEMI-STRUCTURED-LEGACY-FLAG,ADC,PK_CONCENTRATION,,QUARANTINE,Q16,F24
9c6e62dee537,AIC-PRECLINICAL,ID-DEFINED,TIME-DEFINED,DOSE-DEFINED,REGIMEN-FIXED,BIOANALYTICAL-FINAL,COVARIATE-BASELINE-ONLY,SUBJECT-LEVEL-COVARIATE,DDI-VICTIM-PERPETRATOR,REANALYSIS-NONE,STRUCTURED,ADC,PK_CONCENTRATION,TOTAL_ANTIBODY|CONJUGATED_ADC|UNCONJUGATED_PAYLOAD,REPAIR,,F22
64f8e393fd45,AIC-PRECLINICAL,ID-DEFINED,TIME-DEFINED,DOSE-DEFINED,REGIMEN-FIXED,BIOANALYTICAL-FINAL,COVARIATE-BASELINE-ONLY,SUBJECT-LEVEL-COVARIATE,DDI-VICTIM-PERPETRATOR,REANALYSIS-NONE,STRUCTURED,ADC,PK_CONCENTRATION,,QUARANTINE,Q16,F22
fe06264d8a99,AIC-PRECLINICAL,ID-DEFINED,TIME-DEFINED,DOSE-DEFINED,REGIMEN-FIXED,BIOANALYTICAL-FINAL,COVARIATE-BASELINE-ONLY,SUBJECT-LEVEL-COVARIATE,DDI-VICTIM-PERPETRATOR,REANALYSIS-NONE,SEMI-STRUCTURED-LEGACY-FLAG,ADC,PK_CONCENTRATION,TOTAL_ANTIBODY|CONJUGATED_ADC|UNCONJUGATED_PAYLOAD,QUARANTINE,Q15B,F22
47d179579d6a,AIC-PRECLINICAL,ID-DEFINED,TIME-DEFINED,DOSE-DEFINED,REGIMEN-FIXED,BIOANALYTICAL-FINAL,COVARIATE-BASELINE-ONLY,SUBJECT-LEVEL-COVARIATE,DDI-VICTIM-PERPETRATOR,REANALYSIS-NONE,SEMI-STRUCTURED-LEGACY-FLAG,ADC,PK_CONCENTRATION,,QUARANTINE,Q16,F22
a7da1f5046e8,AIC-PRECLINICAL,ID-DEFINED,TIME-DEFINED,DOSE-DEFINED,REGIMEN-FIXED,BLQ-DEFINED-POLICY,COVARIATE-BASELINE-ONLY,SUBJECT-LEVEL-COVARIATE,SINGLE-ANALYTE,REANALYSIS-NONE,STRUCTURED,ADC,PK_CONCENTRATION,,REPAIR,,F19
d1595388f96d,AIC-PRECLINICAL,ID-DEFINED,TIME-DEFINED,DOSE-DEFINED,REGIMEN-FIXED,BLQ-DEFINED-POLICY,COVARIATE-BASELINE-ONLY,SUBJECT-LEVEL-COVARIATE,SINGLE-ANALYTE,REANALYSIS-NONE,SEMI-STRUCTURED-LEGACY-FLAG,ADC,PK_CONCENTRATION,,QUARANTINE,Q15B,F19
0beb96db8c4c,AIC-PRECLINICAL,ID-DEFINED,TIME-DEFINED,DOSE-DEFINED,REGIMEN-FIXED,BLQ-DEFINED-POLICY,COVARIATE-BASELINE-ONLY,SUBJECT-LEVEL-COVARIATE,MULTI-CMT-DEFINED,REANALYSIS-NONE,STRUCTURED,ADC,PK_CONCENTRATION,TOTAL_ANTIBODY|CONJUGATED_ADC|UNCONJUGATED_PAYLOAD,REPAIR,,F24
0497ee3968bb,AIC-PRECLINICAL,ID-DEFINED,TIME-DEFINED,DOSE-DEFINED,REGIMEN-FIXED,BLQ-DEFINED-POLICY,COVARIATE-BASELINE-ONLY,SUBJECT-LEVEL-COVARIATE,MULTI-CMT-DEFINED,REANALYSIS-NONE,STRUCTURED,ADC,PK_CONCENTRATION,,QUARANTINE,Q16,F24
6ba4b56630f2,AIC-PRECLINICAL,ID-DEFINED,TIME-DEFINED,DOSE-DEFINED,REGIMEN-FIXED,BLQ-DEFINED-POLICY,COVARIATE-BASELINE-ONLY,SUBJECT-LEVEL-COVARIATE,MULTI-CMT-DEFINED,REANALYSIS-NONE,SEMI-STRUCTURED-LEGACY-FLAG,ADC,PK_CONCENTRATION,TOTAL_ANTIBODY|CONJUGATED_ADC|UNCONJUGATED_PAYLOAD,QUARANTINE,Q15B,F24
2f0377b35e57,AIC-PRECLINICAL,ID-DEFINED,TIME-DEFINED,DOSE-DEFINED,REGIMEN-FIXED,BLQ-DEFINED-POLICY,COVARIATE-BASELINE-ONLY,SUBJECT-LEVEL-COVARIATE,MULTI-CMT-DEFINED,REANALYSIS-NONE,SEMI-STRUCTURED-LEGACY-FLAG,ADC,PK_CONCENTRATION,,QUARANTINE,Q16,F24
73093bf4d8bf,AIC-PRECLINICAL,ID-DEFINED,TIME-DEFINED,DOSE-DEFINED,REGIMEN-FIXED,BLQ-DEFINED-POLICY,COVARIATE-BASELINE-ONLY,SUBJECT-LEVEL-COVARIATE,DDI-VICTIM-PERPETRATOR,REANALYSIS-NONE,STRUCTURED,ADC,PK_CONCENTRATION,TOTAL_ANTIBODY|CONJUGATED_ADC|UNCONJUGATED_PAYLOAD,REPAIR,,F22
4ca3a9e13941,AIC-PRECLINICAL,ID-DEFINED,TIME-DEFINED,DOSE-DEFINED,REGIMEN-FIXED,BLQ-DEFINED-POLICY,COVARIATE-BASELINE-ONLY,SUBJECT-LEVEL-COVARIATE,DDI-VICTIM-PERPETRATOR,REANALYSIS-NONE,STRUCTURED,ADC,PK_CONCENTRATION,,QUARANTINE,Q16,F22
574a944ed6d9,AIC-PRECLINICAL,ID-DEFINED,TIME-DEFINED,DOSE-DEFINED,REGIMEN-FIXED,BLQ-DEFINED-POLICY,COVARIATE-BASELINE-ONLY,SUBJECT-LEVEL-COVARIATE,DDI-VICTIM-PERPETRATOR,REANALYSIS-NONE,SEMI-STRUCTURED-LEGACY-FLAG,ADC,PK_CONCENTRATION,TOTAL_ANTIBODY|CONJUGATED_ADC|UNCONJUGATED_PAYLOAD,QUARANTINE,Q15B,F22
765e8882cca3,AIC-PRECLINICAL,ID-DEFINED,TIME-DEFINED,DOSE-DEFINED,REGIMEN-FIXED,BLQ-DEFINED-POLICY,COVARIATE-BASELINE-ONLY,SUBJECT-LEVEL-COVARIATE,DDI-VICTIM-PERPETRATOR,REANALYSIS-NONE,SEMI-STRUCTURED-LEGACY-FLAG,ADC,PK_CONCENTRATION,,QUARANTINE,Q16,F22
18366cd2e3cb,AIC-PRECLINICAL,ID-DEFINED,TIME-DEFINED,DOSE-DEFINED,REGIMEN-FIXED,BIOANALYTICAL-FINAL-FLAG-MISSING,COVARIATE-BASELINE-ONLY,SUBJECT-LEVEL-COVARIATE,SINGLE-ANALYTE,REANALYSIS-NONE,STRUCTURED,ADC,PK_CONCENTRATION,,QUARANTINE,Q15A,F19
aa43ccb047a8,AIC-PRECLINICAL,ID-DEFINED,TIME-DEFINED,DOSE-DEFINED,REGIMEN-FIXED,BIOANALYTICAL-FINAL-FLAG-MISSING,COVARIATE-BASELINE-ONLY,SUBJECT-LEVEL-COVARIATE,SINGLE-ANALYTE,REANALYSIS-NONE,SEMI-STRUCTURED-LEGACY-FLAG,ADC,PK_CONCENTRATION,,QUARANTINE,Q15A,F19
9c9c488e2cc7,AIC-PRECLINICAL,ID-DEFINED,TIME-DEFINED,DOSE-DEFINED,REGIMEN-FIXED,BIOANALYTICAL-FINAL-FLAG-MISSING,COVARIATE-BASELINE-ONLY,SUBJECT-LEVEL-COVARIATE,MULTI-CMT-DEFINED,REANALYSIS-NONE,STRUCTURED,ADC,PK_CONCENTRATION,TOTAL_ANTIBODY|CONJUGATED_ADC|UNCONJUGATED_PAYLOAD,QUARANTINE,Q15A,F24
c8b7be5f026e,AIC-PRECLINICAL,ID-DEFINED,TIME-DEFINED,DOSE-DEFINED,REGIMEN-FIXED,BIOANALYTICAL-FINAL-FLAG-MISSING,COVARIATE-BASELINE-ONLY,SUBJECT-LEVEL-COVARIATE,MULTI-CMT-DEFINED,REANALYSIS-NONE,STRUCTURED,ADC,PK_CONCENTRATION,,QUARANTINE,Q15A,F24
d5993151f52b,AIC-PRECLINICAL,ID-DEFINED,TIME-DEFINED,DOSE-DEFINED,REGIMEN-FIXED,BIOANALYTICAL-FINAL-FLAG-MISSING,COVARIATE-BASELINE-ONLY,SUBJECT-LEVEL-COVARIATE,MULTI-CMT-DEFINED,REANALYSIS-NONE,SEMI-STRUCTURED-LEGACY-FLAG,ADC,PK_CONCENTRATION,TOTAL_ANTIBODY|CONJUGATED_ADC|UNCONJUGATED_PAYLOAD,QUARANTINE,Q15A,F24
d551ea03988c,AIC-PRECLINICAL,ID-DEFINED,TIME-DEFINED,DOSE-DEFINED,REGIMEN-FIXED,BIOANALYTICAL-FINAL-FLAG-MISSING,COVARIATE-BASELINE-ONLY,SUBJECT-LEVEL-COVARIATE,MULTI-CMT-DEFINED,REANALYSIS-NONE,SEMI-STRUCTURED-LEGACY-FLAG,ADC,PK_CONCENTRATION,,QUARANTINE,Q15A,F24
f890b0ff3ed9,AIC-PRECLINICAL,ID-DEFINED,TIME-DEFINED,DOSE-DEFINED,REGIMEN-FIXED,BIOANALYTICAL-FINAL-FLAG-MISSING,COVARIATE-BASELINE-ONLY,SUBJECT-LEVEL-COVARIATE,DDI-VICTIM-PERPETRATOR,REANALYSIS-NONE,STRUCTURED,ADC,PK_CONCENTRATION,TOTAL_ANTIBODY|CONJUGATED_ADC|UNCONJUGATED_PAYLOAD,QUARANTINE,Q15A,F22
b8d0efd80b89,AIC-PRECLINICAL,ID-DEFINED,TIME-DEFINED,DOSE-DEFINED,REGIMEN-FIXED,BIOANALYTICAL-FINAL-FLAG-MISSING,COVARIATE-BASELINE-ONLY,SUBJECT-LEVEL-COVARIATE,DDI-VICTIM-PERPETRATOR,REANALYSIS-NONE,STRUCTURED,ADC,PK_CONCENTRATION,,QUARANTINE,Q15A,F22
2a447e9bfe7b,AIC-PRECLINICAL,ID-DEFINED,TIME-DEFINED,DOSE-DEFINED,REGIMEN-FIXED,BIOANALYTICAL-FINAL-FLAG-MISSING,COVARIATE-BASELINE-ONLY,SUBJECT-LEVEL-COVARIATE,DDI-VICTIM-PERPETRATOR,REANALYSIS-NONE,SEMI-STRUCTURED-LEGACY-FLAG,ADC,PK_CONCENTRATION,TOTAL_ANTIBODY|CONJUGATED_ADC|UNCONJUGATED_PAYLOAD,QUARANTINE,Q15A,F22
532e3ef03e2d,AIC-PRECLINICAL,ID-DEFINED,TIME-DEFINED,DOSE-DEFINED,REGIMEN-FIXED,BIOANALYTICAL-FINAL-FLAG-MISSING,COVARIATE-BASELINE-ONLY,SUBJECT-LEVEL-COVARIATE,DDI-VICTIM-PERPETRATOR,REANALYSIS-NONE,SEMI-STRUCTURED-LEGACY-FLAG,ADC,PK_CONCENTRATION,,QUARANTINE,Q15A,F22
24d38e4f473e,AIC-PRECLINICAL,ID-DEFINED,TIME-DEFINED,DOSE-DEFINED,ADDL-ACTUAL-CONFLICT,BIOANALYTICAL-FINAL,COVARIATE-BASELINE-ONLY,SUBJECT-LEVEL-COVARIATE,SINGLE-ANALYTE,REANALYSIS-NONE,STRUCTURED,ADC,PK_CONCENTRATION,,AUTO,,F19
aa845bf83ed4,AIC-PRECLINICAL,ID-DEFINED,TIME-DEFINED,DOSE-DEFINED,ADDL-ACTUAL-CONFLICT,BIOANALYTICAL-FINAL,COVARIATE-BASELINE-ONLY,SUBJECT-LEVEL-COVARIATE,SINGLE-ANALYTE,REANALYSIS-NONE,SEMI-STRUCTURED-LEGACY-FLAG,ADC,PK_CONCENTRATION,,QUARANTINE,Q15B,F19
d67111218f68,AIC-PRECLINICAL,ID-DEFINED,TIME-DEFINED,DOSE-DEFINED,ADDL-ACTUAL-CONFLICT,BIOANALYTICAL-FINAL,COVARIATE-BASELINE-ONLY,SUBJECT-LEVEL-COVARIATE,MULTI-CMT-DEFINED,REANALYSIS-NONE,STRUCTURED,ADC,PK_CONCENTRATION,TOTAL_ANTIBODY|CONJUGATED_ADC|UNCONJUGATED_PAYLOAD,REPAIR,,F24
fb3dd5fb7864,AIC-PRECLINICAL,ID-DEFINED,TIME-DEFINED,DOSE-DEFINED,ADDL-ACTUAL-CONFLICT,BIOANALYTICAL-FINAL,COVARIATE-BASELINE-ONLY,SUBJECT-LEVEL-COVARIATE,MULTI-CMT-DEFINED,REANALYSIS-NONE,STRUCTURED,ADC,PK_CONCENTRATION,,QUARANTINE,Q16,F24
be2d892ffe65,AIC-PRECLINICAL,ID-DEFINED,TIME-DEFINED,DOSE-DEFINED,ADDL-ACTUAL-CONFLICT,BIOANALYTICAL-FINAL,COVARIATE-BASELINE-ONLY,SUBJECT-LEVEL-COVARIATE,MULTI-CMT-DEFINED,REANALYSIS-NONE,SEMI-STRUCTURED-LEGACY-FLAG,ADC,PK_CONCENTRATION,TOTAL_ANTIBODY|CONJUGATED_ADC|UNCONJUGATED_PAYLOAD,QUARANTINE,Q15B,F24
f961f17627c5,AIC-PRECLINICAL,ID-DEFINED,TIME-DEFINED,DOSE-DEFINED,ADDL-ACTUAL-CONFLICT,BIOANALYTICAL-FINAL,COVARIATE-BASELINE-ONLY,SUBJECT-LEVEL-COVARIATE,MULTI-CMT-DEFINED,REANALYSIS-NONE,SEMI-STRUCTURED-LEGACY-FLAG,ADC,PK_CONCENTRATION,,QUARANTINE,Q16,F24
74229d9375e2,AIC-PRECLINICAL,ID-DEFINED,TIME-DEFINED,DOSE-DEFINED,ADDL-ACTUAL-CONFLICT,BIOANALYTICAL-FINAL,COVARIATE-BASELINE-ONLY,SUBJECT-LEVEL-COVARIATE,DDI-VICTIM-PERPETRATOR,REANALYSIS-NONE,STRUCTURED,ADC,PK_CONCENTRATION,TOTAL_ANTIBODY|CONJUGATED_ADC|UNCONJUGATED_PAYLOAD,REPAIR,,F22
3d1b92de66a2,AIC-PRECLINICAL,ID-DEFINED,TIME-DEFINED,DOSE-DEFINED,ADDL-ACTUAL-CONFLICT,BIOANALYTICAL-FINAL,COVARIATE-BASELINE-ONLY,SUBJECT-LEVEL-COVARIATE,DDI-VICTIM-PERPETRATOR,REANALYSIS-NONE,STRUCTURED,ADC,PK_CONCENTRATION,,QUARANTINE,Q16,F22
a8b3a6823b70,AIC-PRECLINICAL,ID-DEFINED,TIME-DEFINED,DOSE-DEFINED,ADDL-ACTUAL-CONFLICT,BIOANALYTICAL-FINAL,COVARIATE-BASELINE-ONLY,SUBJECT-LEVEL-COVARIATE,DDI-VICTIM-PERPETRATOR,REANALYSIS-NONE,SEMI-STRUCTURED-LEGACY-FLAG,ADC,PK_CONCENTRATION,TOTAL_ANTIBODY|CONJUGATED_ADC|UNCONJUGATED_PAYLOAD,QUARANTINE,Q15B,F22
c1c3a497f9f0,AIC-PRECLINICAL,ID-DEFINED,TIME-DEFINED,DOSE-DEFINED,ADDL-ACTUAL-CONFLICT,BIOANALYTICAL-FINAL,COVARIATE-BASELINE-ONLY,SUBJECT-LEVEL-COVARIATE,DDI-VICTIM-PERPETRATOR,REANALYSIS-NONE,SEMI-STRUCTURED-LEGACY-FLAG,ADC,PK_CONCENTRATION,,QUARANTINE,Q16,F22
e5931483372c,AIC-PRECLINICAL,ID-DEFINED,TIME-DEFINED,DOSE-DEFINED,ADDL-ACTUAL-CONFLICT,BLQ-DEFINED-POLICY,COVARIATE-BASELINE-ONLY,SUBJECT-LEVEL-COVARIATE,SINGLE-ANALYTE,REANALYSIS-NONE,STRUCTURED,ADC,PK_CONCENTRATION,,REPAIR,,F19
a805d102a803,AIC-PRECLINICAL,ID-DEFINED,TIME-DEFINED,DOSE-DEFINED,ADDL-ACTUAL-CONFLICT,BLQ-DEFINED-POLICY,COVARIATE-BASELINE-ONLY,SUBJECT-LEVEL-COVARIATE,SINGLE-ANALYTE,REANALYSIS-NONE,SEMI-STRUCTURED-LEGACY-FLAG,ADC,PK_CONCENTRATION,,QUARANTINE,Q15B,F19
ce9e8eaabbfe,AIC-PRECLINICAL,ID-DEFINED,TIME-DEFINED,DOSE-DEFINED,ADDL-ACTUAL-CONFLICT,BLQ-DEFINED-POLICY,COVARIATE-BASELINE-ONLY,SUBJECT-LEVEL-COVARIATE,MULTI-CMT-DEFINED,REANALYSIS-NONE,STRUCTURED,ADC,PK_CONCENTRATION,TOTAL_ANTIBODY|CONJUGATED_ADC|UNCONJUGATED_PAYLOAD,REPAIR,,F24
e9916dfe86bb,AIC-PRECLINICAL,ID-DEFINED,TIME-DEFINED,DOSE-DEFINED,ADDL-ACTUAL-CONFLICT,BLQ-DEFINED-POLICY,COVARIATE-BASELINE-ONLY,SUBJECT-LEVEL-COVARIATE,MULTI-CMT-DEFINED,REANALYSIS-NONE,STRUCTURED,ADC,PK_CONCENTRATION,,QUARANTINE,Q16,F24
989120c64584,AIC-PRECLINICAL,ID-DEFINED,TIME-DEFINED,DOSE-DEFINED,ADDL-ACTUAL-CONFLICT,BLQ-DEFINED-POLICY,COVARIATE-BASELINE-ONLY,SUBJECT-LEVEL-COVARIATE,MULTI-CMT-DEFINED,REANALYSIS-NONE,SEMI-STRUCTURED-LEGACY-FLAG,ADC,PK_CONCENTRATION,TOTAL_ANTIBODY|CONJUGATED_ADC|UNCONJUGATED_PAYLOAD,QUARANTINE,Q15B,F24
423d361d5049,AIC-PRECLINICAL,ID-DEFINED,TIME-DEFINED,DOSE-DEFINED,ADDL-ACTUAL-CONFLICT,BLQ-DEFINED-POLICY,COVARIATE-BASELINE-ONLY,SUBJECT-LEVEL-COVARIATE,MULTI-CMT-DEFINED,REANALYSIS-NONE,SEMI-STRUCTURED-LEGACY-FLAG,ADC,PK_CONCENTRATION,,QUARANTINE,Q16,F24
e5d4db0dc1ac,AIC-PRECLINICAL,ID-DEFINED,TIME-DEFINED,DOSE-DEFINED,ADDL-ACTUAL-CONFLICT,BLQ-DEFINED-POLICY,COVARIATE-BASELINE-ONLY,SUBJECT-LEVEL-COVARIATE,DDI-VICTIM-PERPETRATOR,REANALYSIS-NONE,STRUCTURED,ADC,PK_CONCENTRATION,TOTAL_ANTIBODY|CONJUGATED_ADC|UNCONJUGATED_PAYLOAD,REPAIR,,F22
fff3c1d3e732,AIC-PRECLINICAL,ID-DEFINED,TIME-DEFINED,DOSE-DEFINED,ADDL-ACTUAL-CONFLICT,BLQ-DEFINED-POLICY,COVARIATE-BASELINE-ONLY,SUBJECT-LEVEL-COVARIATE,DDI-VICTIM-PERPETRATOR,REANALYSIS-NONE,STRUCTURED,ADC,PK_CONCENTRATION,,QUARANTINE,Q16,F22
08891b36052b,AIC-PRECLINICAL,ID-DEFINED,TIME-DEFINED,DOSE-DEFINED,ADDL-ACTUAL-CONFLICT,BLQ-DEFINED-POLICY,COVARIATE-BASELINE-ONLY,SUBJECT-LEVEL-COVARIATE,DDI-VICTIM-PERPETRATOR,REANALYSIS-NONE,SEMI-STRUCTURED-LEGACY-FLAG,ADC,PK_CONCENTRATION,TOTAL_ANTIBODY|CONJUGATED_ADC|UNCONJUGATED_PAYLOAD,QUARANTINE,Q15B,F22
39ec57934875,AIC-PRECLINICAL,ID-DEFINED,TIME-DEFINED,DOSE-DEFINED,ADDL-ACTUAL-CONFLICT,BLQ-DEFINED-POLICY,COVARIATE-BASELINE-ONLY,SUBJECT-LEVEL-COVARIATE,DDI-VICTIM-PERPETRATOR,REANALYSIS-NONE,SEMI-STRUCTURED-LEGACY-FLAG,ADC,PK_CONCENTRATION,,QUARANTINE,Q16,F22
26d296c2e617,AIC-PRECLINICAL,ID-DEFINED,TIME-DEFINED,DOSE-DEFINED,ADDL-ACTUAL-CONFLICT,BIOANALYTICAL-FINAL-FLAG-MISSING,COVARIATE-BASELINE-ONLY,SUBJECT-LEVEL-COVARIATE,SINGLE-ANALYTE,REANALYSIS-NONE,STRUCTURED,ADC,PK_CONCENTRATION,,QUARANTINE,Q15A,F19
c8106dda5a32,AIC-PRECLINICAL,ID-DEFINED,TIME-DEFINED,DOSE-DEFINED,ADDL-ACTUAL-CONFLICT,BIOANALYTICAL-FINAL-FLAG-MISSING,COVARIATE-BASELINE-ONLY,SUBJECT-LEVEL-COVARIATE,SINGLE-ANALYTE,REANALYSIS-NONE,SEMI-STRUCTURED-LEGACY-FLAG,ADC,PK_CONCENTRATION,,QUARANTINE,Q15A,F19
b4c9d984958f,AIC-PRECLINICAL,ID-DEFINED,TIME-DEFINED,DOSE-DEFINED,ADDL-ACTUAL-CONFLICT,BIOANALYTICAL-FINAL-FLAG-MISSING,COVARIATE-BASELINE-ONLY,SUBJECT-LEVEL-COVARIATE,MULTI-CMT-DEFINED,REANALYSIS-NONE,STRUCTURED,ADC,PK_CONCENTRATION,TOTAL_ANTIBODY|CONJUGATED_ADC|UNCONJUGATED_PAYLOAD,QUARANTINE,Q15A,F24
e894e3267746,AIC-PRECLINICAL,ID-DEFINED,TIME-DEFINED,DOSE-DEFINED,ADDL-ACTUAL-CONFLICT,BIOANALYTICAL-FINAL-FLAG-MISSING,COVARIATE-BASELINE-ONLY,SUBJECT-LEVEL-COVARIATE,MULTI-CMT-DEFINED,REANALYSIS-NONE,STRUCTURED,ADC,PK_CONCENTRATION,,QUARANTINE,Q15A,F24
2c84b7469222,AIC-PRECLINICAL,ID-DEFINED,TIME-DEFINED,DOSE-DEFINED,ADDL-ACTUAL-CONFLICT,BIOANALYTICAL-FINAL-FLAG-MISSING,COVARIATE-BASELINE-ONLY,SUBJECT-LEVEL-COVARIATE,MULTI-CMT-DEFINED,REANALYSIS-NONE,SEMI-STRUCTURED-LEGACY-FLAG,ADC,PK_CONCENTRATION,TOTAL_ANTIBODY|CONJUGATED_ADC|UNCONJUGATED_PAYLOAD,QUARANTINE,Q15A,F24
78c34448c17b,AIC-PRECLINICAL,ID-DEFINED,TIME-DEFINED,DOSE-DEFINED,ADDL-ACTUAL-CONFLICT,BIOANALYTICAL-FINAL-FLAG-MISSING,COVARIATE-BASELINE-ONLY,SUBJECT-LEVEL-COVARIATE,MULTI-CMT-DEFINED,REANALYSIS-NONE,SEMI-STRUCTURED-LEGACY-FLAG,ADC,PK_CONCENTRATION,,QUARANTINE,Q15A,F24
17b8b6d450b0,AIC-PRECLINICAL,ID-DEFINED,TIME-DEFINED,DOSE-DEFINED,ADDL-ACTUAL-CONFLICT,BIOANALYTICAL-FINAL-FLAG-MISSING,COVARIATE-BASELINE-ONLY,SUBJECT-LEVEL-COVARIATE,DDI-VICTIM-PERPETRATOR,REANALYSIS-NONE,STRUCTURED,ADC,PK_CONCENTRATION,TOTAL_ANTIBODY|CONJUGATED_ADC|UNCONJUGATED_PAYLOAD,QUARANTINE,Q15A,F22
8f726f5ffb19,AIC-PRECLINICAL,ID-DEFINED,TIME-DEFINED,DOSE-DEFINED,ADDL-ACTUAL-CONFLICT,BIOANALYTICAL-FINAL-FLAG-MISSING,COVARIATE-BASELINE-ONLY,SUBJECT-LEVEL-COVARIATE,DDI-VICTIM-PERPETRATOR,REANALYSIS-NONE,STRUCTURED,ADC,PK_CONCENTRATION,,QUARANTINE,Q15A,F22
28ba95bbd36a,AIC-PRECLINICAL,ID-DEFINED,TIME-DEFINED,DOSE-DEFINED,ADDL-ACTUAL-CONFLICT,BIOANALYTICAL-FINAL-FLAG-MISSING,COVARIATE-BASELINE-ONLY,SUBJECT-LEVEL-COVARIATE,DDI-VICTIM-PERPETRATOR,REANALYSIS-NONE,SEMI-STRUCTURED-LEGACY-FLAG,ADC,PK_CONCENTRATION,TOTAL_ANTIBODY|CONJUGATED_ADC|UNCONJUGATED_PAYLOAD,QUARANTINE,Q15A,F22
9bd6599cd5ba,AIC-PRECLINICAL,ID-DEFINED,TIME-DEFINED,DOSE-DEFINED,ADDL-ACTUAL-CONFLICT,BIOANALYTICAL-FINAL-FLAG-MISSING,COVARIATE-BASELINE-ONLY,SUBJECT-LEVEL-COVARIATE,DDI-VICTIM-PERPETRATOR,REANALYSIS-NONE,SEMI-STRUCTURED-LEGACY-FLAG,ADC,PK_CONCENTRATION,,QUARANTINE,Q15A,F22
9e572203e992,AIC-PRECLINICAL,ID-DEFINED,TIME-DEFINED,DOSE-DEFINED,REGIMEN-FIXED,BIOANALYTICAL-FINAL,COVARIATE-BASELINE-ONLY,SUBJECT-LEVEL-COVARIATE,SINGLE-ANALYTE,REANALYSIS-NONE,STRUCTURED,BISPECIFIC,PK_CONCENTRATION,,AUTO,,F19
adc71f63fe9e,AIC-PRECLINICAL,ID-DEFINED,TIME-DEFINED,DOSE-DEFINED,REGIMEN-FIXED,BIOANALYTICAL-FINAL,COVARIATE-BASELINE-ONLY,SUBJECT-LEVEL-COVARIATE,SINGLE-ANALYTE,REANALYSIS-NONE,SEMI-STRUCTURED-LEGACY-FLAG,BISPECIFIC,PK_CONCENTRATION,,QUARANTINE,Q15B,F19
8ccd929f44bc,AIC-PRECLINICAL,ID-DEFINED,TIME-DEFINED,DOSE-DEFINED,REGIMEN-FIXED,BIOANALYTICAL-FINAL,COVARIATE-BASELINE-ONLY,SUBJECT-LEVEL-COVARIATE,MULTI-CMT-DEFINED,REANALYSIS-NONE,STRUCTURED,BISPECIFIC,PK_CONCENTRATION,PARENT|SOLUBLE_TARGET|DRUG_TARGET_COMPLEX,REPAIR,,F25
bd30b193013f,AIC-PRECLINICAL,ID-DEFINED,TIME-DEFINED,DOSE-DEFINED,REGIMEN-FIXED,BIOANALYTICAL-FINAL,COVARIATE-BASELINE-ONLY,SUBJECT-LEVEL-COVARIATE,MULTI-CMT-DEFINED,REANALYSIS-NONE,STRUCTURED,BISPECIFIC,PK_CONCENTRATION,,QUARANTINE,Q16,F25
b401e2f53b18,AIC-PRECLINICAL,ID-DEFINED,TIME-DEFINED,DOSE-DEFINED,REGIMEN-FIXED,BIOANALYTICAL-FINAL,COVARIATE-BASELINE-ONLY,SUBJECT-LEVEL-COVARIATE,MULTI-CMT-DEFINED,REANALYSIS-NONE,SEMI-STRUCTURED-LEGACY-FLAG,BISPECIFIC,PK_CONCENTRATION,PARENT|SOLUBLE_TARGET|DRUG_TARGET_COMPLEX,QUARANTINE,Q15B,F25
130962f2f9ae,AIC-PRECLINICAL,ID-DEFINED,TIME-DEFINED,DOSE-DEFINED,REGIMEN-FIXED,BIOANALYTICAL-FINAL,COVARIATE-BASELINE-ONLY,SUBJECT-LEVEL-COVARIATE,MULTI-CMT-DEFINED,REANALYSIS-NONE,SEMI-STRUCTURED-LEGACY-FLAG,BISPECIFIC,PK_CONCENTRATION,,QUARANTINE,Q16,F25
8299426f526b,AIC-PRECLINICAL,ID-DEFINED,TIME-DEFINED,DOSE-DEFINED,REGIMEN-FIXED,BIOANALYTICAL-FINAL,COVARIATE-BASELINE-ONLY,SUBJECT-LEVEL-COVARIATE,DDI-VICTIM-PERPETRATOR,REANALYSIS-NONE,STRUCTURED,BISPECIFIC,PK_CONCENTRATION,PARENT|SOLUBLE_TARGET|DRUG_TARGET_COMPLEX,REPAIR,,F22
2c7904385c87,AIC-PRECLINICAL,ID-DEFINED,TIME-DEFINED,DOSE-DEFINED,REGIMEN-FIXED,BIOANALYTICAL-FINAL,COVARIATE-BASELINE-ONLY,SUBJECT-LEVEL-COVARIATE,DDI-VICTIM-PERPETRATOR,REANALYSIS-NONE,STRUCTURED,BISPECIFIC,PK_CONCENTRATION,,QUARANTINE,Q16,F22
db9902a90a10,AIC-PRECLINICAL,ID-DEFINED,TIME-DEFINED,DOSE-DEFINED,REGIMEN-FIXED,BIOANALYTICAL-FINAL,COVARIATE-BASELINE-ONLY,SUBJECT-LEVEL-COVARIATE,DDI-VICTIM-PERPETRATOR,REANALYSIS-NONE,SEMI-STRUCTURED-LEGACY-FLAG,BISPECIFIC,PK_CONCENTRATION,PARENT|SOLUBLE_TARGET|DRUG_TARGET_COMPLEX,QUARANTINE,Q15B,F22
76a789c8a19c,AIC-PRECLINICAL,ID-DEFINED,TIME-DEFINED,DOSE-DEFINED,REGIMEN-FIXED,BIOANALYTICAL-FINAL,COVARIATE-BASELINE-ONLY,SUBJECT-LEVEL-COVARIATE,DDI-VICTIM-PERPETRATOR,REANALYSIS-NONE,SEMI-STRUCTURED-LEGACY-FLAG,BISPECIFIC,PK_CONCENTRATION,,QUARANTINE,Q16,F22
68ce54d82cc4,AIC-PRECLINICAL,ID-DEFINED,TIME-DEFINED,DOSE-DEFINED,REGIMEN-FIXED,BLQ-DEFINED-POLICY,COVARIATE-BASELINE-ONLY,SUBJECT-LEVEL-COVARIATE,SINGLE-ANALYTE,REANALYSIS-NONE,STRUCTURED,BISPECIFIC,PK_CONCENTRATION,,REPAIR,,F19
b0f888d08a1e,AIC-PRECLINICAL,ID-DEFINED,TIME-DEFINED,DOSE-DEFINED,REGIMEN-FIXED,BLQ-DEFINED-POLICY,COVARIATE-BASELINE-ONLY,SUBJECT-LEVEL-COVARIATE,SINGLE-ANALYTE,REANALYSIS-NONE,SEMI-STRUCTURED-LEGACY-FLAG,BISPECIFIC,PK_CONCENTRATION,,QUARANTINE,Q15B,F19
9291216292e1,AIC-PRECLINICAL,ID-DEFINED,TIME-DEFINED,DOSE-DEFINED,REGIMEN-FIXED,BLQ-DEFINED-POLICY,COVARIATE-BASELINE-ONLY,SUBJECT-LEVEL-COVARIATE,MULTI-CMT-DEFINED,REANALYSIS-NONE,STRUCTURED,BISPECIFIC,PK_CONCENTRATION,PARENT|SOLUBLE_TARGET|DRUG_TARGET_COMPLEX,REPAIR,,F25
17ca1723a4c2,AIC-PRECLINICAL,ID-DEFINED,TIME-DEFINED,DOSE-DEFINED,REGIMEN-FIXED,BLQ-DEFINED-POLICY,COVARIATE-BASELINE-ONLY,SUBJECT-LEVEL-COVARIATE,MULTI-CMT-DEFINED,REANALYSIS-NONE,STRUCTURED,BISPECIFIC,PK_CONCENTRATION,,QUARANTINE,Q16,F25
020f6bbad502,AIC-PRECLINICAL,ID-DEFINED,TIME-DEFINED,DOSE-DEFINED,REGIMEN-FIXED,BLQ-DEFINED-POLICY,COVARIATE-BASELINE-ONLY,SUBJECT-LEVEL-COVARIATE,MULTI-CMT-DEFINED,REANALYSIS-NONE,SEMI-STRUCTURED-LEGACY-FLAG,BISPECIFIC,PK_CONCENTRATION,PARENT|SOLUBLE_TARGET|DRUG_TARGET_COMPLEX,QUARANTINE,Q15B,F25
17ad71814423,AIC-PRECLINICAL,ID-DEFINED,TIME-DEFINED,DOSE-DEFINED,REGIMEN-FIXED,BLQ-DEFINED-POLICY,COVARIATE-BASELINE-ONLY,SUBJECT-LEVEL-COVARIATE,MULTI-CMT-DEFINED,REANALYSIS-NONE,SEMI-STRUCTURED-LEGACY-FLAG,BISPECIFIC,PK_CONCENTRATION,,QUARANTINE,Q16,F25
452a478fd962,AIC-PRECLINICAL,ID-DEFINED,TIME-DEFINED,DOSE-DEFINED,REGIMEN-FIXED,BLQ-DEFINED-POLICY,COVARIATE-BASELINE-ONLY,SUBJECT-LEVEL-COVARIATE,DDI-VICTIM-PERPETRATOR,REANALYSIS-NONE,STRUCTURED,BISPECIFIC,PK_CONCENTRATION,PARENT|SOLUBLE_TARGET|DRUG_TARGET_COMPLEX,REPAIR,,F22
7039bd50039d,AIC-PRECLINICAL,ID-DEFINED,TIME-DEFINED,DOSE-DEFINED,REGIMEN-FIXED,BLQ-DEFINED-POLICY,COVARIATE-BASELINE-ONLY,SUBJECT-LEVEL-COVARIATE,DDI-VICTIM-PERPETRATOR,REANALYSIS-NONE,STRUCTURED,BISPECIFIC,PK_CONCENTRATION,,QUARANTINE,Q16,F22
7c74c606008c,AIC-PRECLINICAL,ID-DEFINED,TIME-DEFINED,DOSE-DEFINED,REGIMEN-FIXED,BLQ-DEFINED-POLICY,COVARIATE-BASELINE-ONLY,SUBJECT-LEVEL-COVARIATE,DDI-VICTIM-PERPETRATOR,REANALYSIS-NONE,SEMI-STRUCTURED-LEGACY-FLAG,BISPECIFIC,PK_CONCENTRATION,PARENT|SOLUBLE_TARGET|DRUG_TARGET_COMPLEX,QUARANTINE,Q15B,F22
b29f3d1138d2,AIC-PRECLINICAL,ID-DEFINED,TIME-DEFINED,DOSE-DEFINED,REGIMEN-FIXED,BLQ-DEFINED-POLICY,COVARIATE-BASELINE-ONLY,SUBJECT-LEVEL-COVARIATE,DDI-VICTIM-PERPETRATOR,REANALYSIS-NONE,SEMI-STRUCTURED-LEGACY-FLAG,BISPECIFIC,PK_CONCENTRATION,,QUARANTINE,Q16,F22
1ae12cc3f732,AIC-PRECLINICAL,ID-DEFINED,TIME-DEFINED,DOSE-DEFINED,REGIMEN-FIXED,BIOANALYTICAL-FINAL-FLAG-MISSING,COVARIATE-BASELINE-ONLY,SUBJECT-LEVEL-COVARIATE,SINGLE-ANALYTE,REANALYSIS-NONE,STRUCTURED,BISPECIFIC,PK_CONCENTRATION,,QUARANTINE,Q15A,F19
dc9b44d08c76,AIC-PRECLINICAL,ID-DEFINED,TIME-DEFINED,DOSE-DEFINED,REGIMEN-FIXED,BIOANALYTICAL-FINAL-FLAG-MISSING,COVARIATE-BASELINE-ONLY,SUBJECT-LEVEL-COVARIATE,SINGLE-ANALYTE,REANALYSIS-NONE,SEMI-STRUCTURED-LEGACY-FLAG,BISPECIFIC,PK_CONCENTRATION,,QUARANTINE,Q15A,F19
17bff15bad3c,AIC-PRECLINICAL,ID-DEFINED,TIME-DEFINED,DOSE-DEFINED,REGIMEN-FIXED,BIOANALYTICAL-FINAL-FLAG-MISSING,COVARIATE-BASELINE-ONLY,SUBJECT-LEVEL-COVARIATE,MULTI-CMT-DEFINED,REANALYSIS-NONE,STRUCTURED,BISPECIFIC,PK_CONCENTRATION,PARENT|SOLUBLE_TARGET|DRUG_TARGET_COMPLEX,QUARANTINE,Q15A,F25
b20dd8cf855d,AIC-PRECLINICAL,ID-DEFINED,TIME-DEFINED,DOSE-DEFINED,REGIMEN-FIXED,BIOANALYTICAL-FINAL-FLAG-MISSING,COVARIATE-BASELINE-ONLY,SUBJECT-LEVEL-COVARIATE,MULTI-CMT-DEFINED,REANALYSIS-NONE,STRUCTURED,BISPECIFIC,PK_CONCENTRATION,,QUARANTINE,Q15A,F25
c8dfdee201d1,AIC-PRECLINICAL,ID-DEFINED,TIME-DEFINED,DOSE-DEFINED,REGIMEN-FIXED,BIOANALYTICAL-FINAL-FLAG-MISSING,COVARIATE-BASELINE-ONLY,SUBJECT-LEVEL-COVARIATE,MULTI-CMT-DEFINED,REANALYSIS-NONE,SEMI-STRUCTURED-LEGACY-FLAG,BISPECIFIC,PK_CONCENTRATION,PARENT|SOLUBLE_TARGET|DRUG_TARGET_COMPLEX,QUARANTINE,Q15A,F25
1547520c09ac,AIC-PRECLINICAL,ID-DEFINED,TIME-DEFINED,DOSE-DEFINED,REGIMEN-FIXED,BIOANALYTICAL-FINAL-FLAG-MISSING,COVARIATE-BASELINE-ONLY,SUBJECT-LEVEL-COVARIATE,MULTI-CMT-DEFINED,REANALYSIS-NONE,SEMI-STRUCTURED-LEGACY-FLAG,BISPECIFIC,PK_CONCENTRATION,,QUARANTINE,Q15A,F25
a97c967973ff,AIC-PRECLINICAL,ID-DEFINED,TIME-DEFINED,DOSE-DEFINED,REGIMEN-FIXED,BIOANALYTICAL-FINAL-FLAG-MISSING,COVARIATE-BASELINE-ONLY,SUBJECT-LEVEL-COVARIATE,DDI-VICTIM-PERPETRATOR,REANALYSIS-NONE,STRUCTURED,BISPECIFIC,PK_CONCENTRATION,PARENT|SOLUBLE_TARGET|DRUG_TARGET_COMPLEX,QUARANTINE,Q15A,F22
e710dc290599,AIC-PRECLINICAL,ID-DEFINED,TIME-DEFINED,DOSE-DEFINED,REGIMEN-FIXED,BIOANALYTICAL-FINAL-FLAG-MISSING,COVARIATE-BASELINE-ONLY,SUBJECT-LEVEL-COVARIATE,DDI-VICTIM-PERPETRATOR,REANALYSIS-NONE,STRUCTURED,BISPECIFIC,PK_CONCENTRATION,,QUARANTINE,Q15A,F22
70441b424a92,AIC-PRECLINICAL,ID-DEFINED,TIME-DEFINED,DOSE-DEFINED,REGIMEN-FIXED,BIOANALYTICAL-FINAL-FLAG-MISSING,COVARIATE-BASELINE-ONLY,SUBJECT-LEVEL-COVARIATE,DDI-VICTIM-PERPETRATOR,REANALYSIS-NONE,SEMI-STRUCTURED-LEGACY-FLAG,BISPECIFIC,PK_CONCENTRATION,PARENT|SOLUBLE_TARGET|DRUG_TARGET_COMPLEX,QUARANTINE,Q15A,F22
d35380c85ef6,AIC-PRECLINICAL,ID-DEFINED,TIME-DEFINED,DOSE-DEFINED,REGIMEN-FIXED,BIOANALYTICAL-FINAL-FLAG-MISSING,COVARIATE-BASELINE-ONLY,SUBJECT-LEVEL-COVARIATE,DDI-VICTIM-PERPETRATOR,REANALYSIS-NONE,SEMI-STRUCTURED-LEGACY-FLAG,BISPECIFIC,PK_CONCENTRATION,,QUARANTINE,Q15A,F22
5e3becd283b8,AIC-PRECLINICAL,ID-DEFINED,TIME-DEFINED,DOSE-DEFINED,ADDL-ACTUAL-CONFLICT,BIOANALYTICAL-FINAL,COVARIATE-BASELINE-ONLY,SUBJECT-LEVEL-COVARIATE,SINGLE-ANALYTE,REANALYSIS-NONE,STRUCTURED,BISPECIFIC,PK_CONCENTRATION,,AUTO,,F19
0dfa6b51db8c,AIC-PRECLINICAL,ID-DEFINED,TIME-DEFINED,DOSE-DEFINED,ADDL-ACTUAL-CONFLICT,BIOANALYTICAL-FINAL,COVARIATE-BASELINE-ONLY,SUBJECT-LEVEL-COVARIATE,SINGLE-ANALYTE,REANALYSIS-NONE,SEMI-STRUCTURED-LEGACY-FLAG,BISPECIFIC,PK_CONCENTRATION,,QUARANTINE,Q15B,F19
169985d75c29,AIC-PRECLINICAL,ID-DEFINED,TIME-DEFINED,DOSE-DEFINED,ADDL-ACTUAL-CONFLICT,BIOANALYTICAL-FINAL,COVARIATE-BASELINE-ONLY,SUBJECT-LEVEL-COVARIATE,MULTI-CMT-DEFINED,REANALYSIS-NONE,STRUCTURED,BISPECIFIC,PK_CONCENTRATION,PARENT|SOLUBLE_TARGET|DRUG_TARGET_COMPLEX,REPAIR,,F25
8cf077448e4c,AIC-PRECLINICAL,ID-DEFINED,TIME-DEFINED,DOSE-DEFINED,ADDL-ACTUAL-CONFLICT,BIOANALYTICAL-FINAL,COVARIATE-BASELINE-ONLY,SUBJECT-LEVEL-COVARIATE,MULTI-CMT-DEFINED,REANALYSIS-NONE,STRUCTURED,BISPECIFIC,PK_CONCENTRATION,,QUARANTINE,Q16,F25
17695bf598d9,AIC-PRECLINICAL,ID-DEFINED,TIME-DEFINED,DOSE-DEFINED,ADDL-ACTUAL-CONFLICT,BIOANALYTICAL-FINAL,COVARIATE-BASELINE-ONLY,SUBJECT-LEVEL-COVARIATE,MULTI-CMT-DEFINED,REANALYSIS-NONE,SEMI-STRUCTURED-LEGACY-FLAG,BISPECIFIC,PK_CONCENTRATION,PARENT|SOLUBLE_TARGET|DRUG_TARGET_COMPLEX,QUARANTINE,Q15B,F25
aa058c0a3771,AIC-PRECLINICAL,ID-DEFINED,TIME-DEFINED,DOSE-DEFINED,ADDL-ACTUAL-CONFLICT,BIOANALYTICAL-FINAL,COVARIATE-BASELINE-ONLY,SUBJECT-LEVEL-COVARIATE,MULTI-CMT-DEFINED,REANALYSIS-NONE,SEMI-STRUCTURED-LEGACY-FLAG,BISPECIFIC,PK_CONCENTRATION,,QUARANTINE,Q16,F25
e6317e3637fa,AIC-PRECLINICAL,ID-DEFINED,TIME-DEFINED,DOSE-DEFINED,ADDL-ACTUAL-CONFLICT,BIOANALYTICAL-FINAL,COVARIATE-BASELINE-ONLY,SUBJECT-LEVEL-COVARIATE,DDI-VICTIM-PERPETRATOR,REANALYSIS-NONE,STRUCTURED,BISPECIFIC,PK_CONCENTRATION,PARENT|SOLUBLE_TARGET|DRUG_TARGET_COMPLEX,REPAIR,,F22
dae526a5e7e2,AIC-PRECLINICAL,ID-DEFINED,TIME-DEFINED,DOSE-DEFINED,ADDL-ACTUAL-CONFLICT,BIOANALYTICAL-FINAL,COVARIATE-BASELINE-ONLY,SUBJECT-LEVEL-COVARIATE,DDI-VICTIM-PERPETRATOR,REANALYSIS-NONE,STRUCTURED,BISPECIFIC,PK_CONCENTRATION,,QUARANTINE,Q16,F22
18202e830726,AIC-PRECLINICAL,ID-DEFINED,TIME-DEFINED,DOSE-DEFINED,ADDL-ACTUAL-CONFLICT,BIOANALYTICAL-FINAL,COVARIATE-BASELINE-ONLY,SUBJECT-LEVEL-COVARIATE,DDI-VICTIM-PERPETRATOR,REANALYSIS-NONE,SEMI-STRUCTURED-LEGACY-FLAG,BISPECIFIC,PK_CONCENTRATION,PARENT|SOLUBLE_TARGET|DRUG_TARGET_COMPLEX,QUARANTINE,Q15B,F22
885f0e3b366b,AIC-PRECLINICAL,ID-DEFINED,TIME-DEFINED,DOSE-DEFINED,ADDL-ACTUAL-CONFLICT,BIOANALYTICAL-FINAL,COVARIATE-BASELINE-ONLY,SUBJECT-LEVEL-COVARIATE,DDI-VICTIM-PERPETRATOR,REANALYSIS-NONE,SEMI-STRUCTURED-LEGACY-FLAG,BISPECIFIC,PK_CONCENTRATION,,QUARANTINE,Q16,F22
543e86537973,AIC-PRECLINICAL,ID-DEFINED,TIME-DEFINED,DOSE-DEFINED,ADDL-ACTUAL-CONFLICT,BLQ-DEFINED-POLICY,COVARIATE-BASELINE-ONLY,SUBJECT-LEVEL-COVARIATE,SINGLE-ANALYTE,REANALYSIS-NONE,STRUCTURED,BISPECIFIC,PK_CONCENTRATION,,REPAIR,,F19
663a476a6b14,AIC-PRECLINICAL,ID-DEFINED,TIME-DEFINED,DOSE-DEFINED,ADDL-ACTUAL-CONFLICT,BLQ-DEFINED-POLICY,COVARIATE-BASELINE-ONLY,SUBJECT-LEVEL-COVARIATE,SINGLE-ANALYTE,REANALYSIS-NONE,SEMI-STRUCTURED-LEGACY-FLAG,BISPECIFIC,PK_CONCENTRATION,,QUARANTINE,Q15B,F19
5336450f9568,AIC-PRECLINICAL,ID-DEFINED,TIME-DEFINED,DOSE-DEFINED,ADDL-ACTUAL-CONFLICT,BLQ-DEFINED-POLICY,COVARIATE-BASELINE-ONLY,SUBJECT-LEVEL-COVARIATE,MULTI-CMT-DEFINED,REANALYSIS-NONE,STRUCTURED,BISPECIFIC,PK_CONCENTRATION,PARENT|SOLUBLE_TARGET|DRUG_TARGET_COMPLEX,REPAIR,,F25
448e316f2ef6,AIC-PRECLINICAL,ID-DEFINED,TIME-DEFINED,DOSE-DEFINED,ADDL-ACTUAL-CONFLICT,BLQ-DEFINED-POLICY,COVARIATE-BASELINE-ONLY,SUBJECT-LEVEL-COVARIATE,MULTI-CMT-DEFINED,REANALYSIS-NONE,STRUCTURED,BISPECIFIC,PK_CONCENTRATION,,QUARANTINE,Q16,F25
d969465a93c4,AIC-PRECLINICAL,ID-DEFINED,TIME-DEFINED,DOSE-DEFINED,ADDL-ACTUAL-CONFLICT,BLQ-DEFINED-POLICY,COVARIATE-BASELINE-ONLY,SUBJECT-LEVEL-COVARIATE,MULTI-CMT-DEFINED,REANALYSIS-NONE,SEMI-STRUCTURED-LEGACY-FLAG,BISPECIFIC,PK_CONCENTRATION,PARENT|SOLUBLE_TARGET|DRUG_TARGET_COMPLEX,QUARANTINE,Q15B,F25
cd8e72f510a2,AIC-PRECLINICAL,ID-DEFINED,TIME-DEFINED,DOSE-DEFINED,ADDL-ACTUAL-CONFLICT,BLQ-DEFINED-POLICY,COVARIATE-BASELINE-ONLY,SUBJECT-LEVEL-COVARIATE,MULTI-CMT-DEFINED,REANALYSIS-NONE,SEMI-STRUCTURED-LEGACY-FLAG,BISPECIFIC,PK_CONCENTRATION,,QUARANTINE,Q16,F25
6ee3a825ab54,AIC-PRECLINICAL,ID-DEFINED,TIME-DEFINED,DOSE-DEFINED,ADDL-ACTUAL-CONFLICT,BLQ-DEFINED-POLICY,COVARIATE-BASELINE-ONLY,SUBJECT-LEVEL-COVARIATE,DDI-VICTIM-PERPETRATOR,REANALYSIS-NONE,STRUCTURED,BISPECIFIC,PK_CONCENTRATION,PARENT|SOLUBLE_TARGET|DRUG_TARGET_COMPLEX,REPAIR,,F22
4f66a9836061,AIC-PRECLINICAL,ID-DEFINED,TIME-DEFINED,DOSE-DEFINED,ADDL-ACTUAL-CONFLICT,BLQ-DEFINED-POLICY,COVARIATE-BASELINE-ONLY,SUBJECT-LEVEL-COVARIATE,DDI-VICTIM-PERPETRATOR,REANALYSIS-NONE,STRUCTURED,BISPECIFIC,PK_CONCENTRATION,,QUARANTINE,Q16,F22
8e8117caa5b9,AIC-PRECLINICAL,ID-DEFINED,TIME-DEFINED,DOSE-DEFINED,ADDL-ACTUAL-CONFLICT,BLQ-DEFINED-POLICY,COVARIATE-BASELINE-ONLY,SUBJECT-LEVEL-COVARIATE,DDI-VICTIM-PERPETRATOR,REANALYSIS-NONE,SEMI-STRUCTURED-LEGACY-FLAG,BISPECIFIC,PK_CONCENTRATION,PARENT|SOLUBLE_TARGET|DRUG_TARGET_COMPLEX,QUARANTINE,Q15B,F22
5643850ce0a5,AIC-PRECLINICAL,ID-DEFINED,TIME-DEFINED,DOSE-DEFINED,ADDL-ACTUAL-CONFLICT,BLQ-DEFINED-POLICY,COVARIATE-BASELINE-ONLY,SUBJECT-LEVEL-COVARIATE,DDI-VICTIM-PERPETRATOR,REANALYSIS-NONE,SEMI-STRUCTURED-LEGACY-FLAG,BISPECIFIC,PK_CONCENTRATION,,QUARANTINE,Q16,F22
4505256eebbc,AIC-PRECLINICAL,ID-DEFINED,TIME-DEFINED,DOSE-DEFINED,ADDL-ACTUAL-CONFLICT,BIOANALYTICAL-FINAL-FLAG-MISSING,COVARIATE-BASELINE-ONLY,SUBJECT-LEVEL-COVARIATE,SINGLE-ANALYTE,REANALYSIS-NONE,STRUCTURED,BISPECIFIC,PK_CONCENTRATION,,QUARANTINE,Q15A,F19
edf2b32d666f,AIC-PRECLINICAL,ID-DEFINED,TIME-DEFINED,DOSE-DEFINED,ADDL-ACTUAL-CONFLICT,BIOANALYTICAL-FINAL-FLAG-MISSING,COVARIATE-BASELINE-ONLY,SUBJECT-LEVEL-COVARIATE,SINGLE-ANALYTE,REANALYSIS-NONE,SEMI-STRUCTURED-LEGACY-FLAG,BISPECIFIC,PK_CONCENTRATION,,QUARANTINE,Q15A,F19
458a8bc83b16,AIC-PRECLINICAL,ID-DEFINED,TIME-DEFINED,DOSE-DEFINED,ADDL-ACTUAL-CONFLICT,BIOANALYTICAL-FINAL-FLAG-MISSING,COVARIATE-BASELINE-ONLY,SUBJECT-LEVEL-COVARIATE,MULTI-CMT-DEFINED,REANALYSIS-NONE,STRUCTURED,BISPECIFIC,PK_CONCENTRATION,PARENT|SOLUBLE_TARGET|DRUG_TARGET_COMPLEX,QUARANTINE,Q15A,F25
c377caa3e417,AIC-PRECLINICAL,ID-DEFINED,TIME-DEFINED,DOSE-DEFINED,ADDL-ACTUAL-CONFLICT,BIOANALYTICAL-FINAL-FLAG-MISSING,COVARIATE-BASELINE-ONLY,SUBJECT-LEVEL-COVARIATE,MULTI-CMT-DEFINED,REANALYSIS-NONE,STRUCTURED,BISPECIFIC,PK_CONCENTRATION,,QUARANTINE,Q15A,F25
b8669452ec3c,AIC-PRECLINICAL,ID-DEFINED,TIME-DEFINED,DOSE-DEFINED,ADDL-ACTUAL-CONFLICT,BIOANALYTICAL-FINAL-FLAG-MISSING,COVARIATE-BASELINE-ONLY,SUBJECT-LEVEL-COVARIATE,MULTI-CMT-DEFINED,REANALYSIS-NONE,SEMI-STRUCTURED-LEGACY-FLAG,BISPECIFIC,PK_CONCENTRATION,PARENT|SOLUBLE_TARGET|DRUG_TARGET_COMPLEX,QUARANTINE,Q15A,F25
6fbf05b3cbe4,AIC-PRECLINICAL,ID-DEFINED,TIME-DEFINED,DOSE-DEFINED,ADDL-ACTUAL-CONFLICT,BIOANALYTICAL-FINAL-FLAG-MISSING,COVARIATE-BASELINE-ONLY,SUBJECT-LEVEL-COVARIATE,MULTI-CMT-DEFINED,REANALYSIS-NONE,SEMI-STRUCTURED-LEGACY-FLAG,BISPECIFIC,PK_CONCENTRATION,,QUARANTINE,Q15A,F25
ec356fcf8ffb,AIC-PRECLINICAL,ID-DEFINED,TIME-DEFINED,DOSE-DEFINED,ADDL-ACTUAL-CONFLICT,BIOANALYTICAL-FINAL-FLAG-MISSING,COVARIATE-BASELINE-ONLY,SUBJECT-LEVEL-COVARIATE,DDI-VICTIM-PERPETRATOR,REANALYSIS-NONE,STRUCTURED,BISPECIFIC,PK_CONCENTRATION,PARENT|SOLUBLE_TARGET|DRUG_TARGET_COMPLEX,QUARANTINE,Q15A,F22
4c8b58e396e3,AIC-PRECLINICAL,ID-DEFINED,TIME-DEFINED,DOSE-DEFINED,ADDL-ACTUAL-CONFLICT,BIOANALYTICAL-FINAL-FLAG-MISSING,COVARIATE-BASELINE-ONLY,SUBJECT-LEVEL-COVARIATE,DDI-VICTIM-PERPETRATOR,REANALYSIS-NONE,STRUCTURED,BISPECIFIC,PK_CONCENTRATION,,QUARANTINE,Q15A,F22
4a8570916a42,AIC-PRECLINICAL,ID-DEFINED,TIME-DEFINED,DOSE-DEFINED,ADDL-ACTUAL-CONFLICT,BIOANALYTICAL-FINAL-FLAG-MISSING,COVARIATE-BASELINE-ONLY,SUBJECT-LEVEL-COVARIATE,DDI-VICTIM-PERPETRATOR,REANALYSIS-NONE,SEMI-STRUCTURED-LEGACY-FLAG,BISPECIFIC,PK_CONCENTRATION,PARENT|SOLUBLE_TARGET|DRUG_TARGET_COMPLEX,QUARANTINE,Q15A,F22
4b79c3011ac5,AIC-PRECLINICAL,ID-DEFINED,TIME-DEFINED,DOSE-DEFINED,ADDL-ACTUAL-CONFLICT,BIOANALYTICAL-FINAL-FLAG-MISSING,COVARIATE-BASELINE-ONLY,SUBJECT-LEVEL-COVARIATE,DDI-VICTIM-PERPETRATOR,REANALYSIS-NONE,SEMI-STRUCTURED-LEGACY-FLAG,BISPECIFIC,PK_CONCENTRATION,,QUARANTINE,Q15A,F22
a29e20ebe36e,AIC-PRECLINICAL,ID-DEFINED,TIME-DEFINED,DOSE-DEFINED,REGIMEN-FIXED,BIOANALYTICAL-FINAL,COVARIATE-BASELINE-ONLY,SUBJECT-LEVEL-COVARIATE,SINGLE-ANALYTE,REANALYSIS-NONE,STRUCTURED,CELL_THERAPY,PK_CONCENTRATION,,AUTO,,F19
4b796700d910,AIC-PRECLINICAL,ID-DEFINED,TIME-DEFINED,DOSE-DEFINED,REGIMEN-FIXED,BIOANALYTICAL-FINAL,COVARIATE-BASELINE-ONLY,SUBJECT-LEVEL-COVARIATE,SINGLE-ANALYTE,REANALYSIS-NONE,SEMI-STRUCTURED-LEGACY-FLAG,CELL_THERAPY,PK_CONCENTRATION,,QUARANTINE,Q15B,F19
184c7b193b7f,AIC-PRECLINICAL,ID-DEFINED,TIME-DEFINED,DOSE-DEFINED,REGIMEN-FIXED,BIOANALYTICAL-FINAL,COVARIATE-BASELINE-ONLY,SUBJECT-LEVEL-COVARIATE,MULTI-CMT-DEFINED,REANALYSIS-NONE,STRUCTURED,CELL_THERAPY,PK_CONCENTRATION,VECTOR_COPY|CAR_POSITIVE_CELL,REPAIR,,F19
d59bb3c568ce,AIC-PRECLINICAL,ID-DEFINED,TIME-DEFINED,DOSE-DEFINED,REGIMEN-FIXED,BIOANALYTICAL-FINAL,COVARIATE-BASELINE-ONLY,SUBJECT-LEVEL-COVARIATE,MULTI-CMT-DEFINED,REANALYSIS-NONE,STRUCTURED,CELL_THERAPY,PK_CONCENTRATION,,QUARANTINE,Q16,F19
76dada16c9b2,AIC-PRECLINICAL,ID-DEFINED,TIME-DEFINED,DOSE-DEFINED,REGIMEN-FIXED,BIOANALYTICAL-FINAL,COVARIATE-BASELINE-ONLY,SUBJECT-LEVEL-COVARIATE,MULTI-CMT-DEFINED,REANALYSIS-NONE,SEMI-STRUCTURED-LEGACY-FLAG,CELL_THERAPY,PK_CONCENTRATION,VECTOR_COPY|CAR_POSITIVE_CELL,QUARANTINE,Q15B,F19
da86dba10144,AIC-PRECLINICAL,ID-DEFINED,TIME-DEFINED,DOSE-DEFINED,REGIMEN-FIXED,BIOANALYTICAL-FINAL,COVARIATE-BASELINE-ONLY,SUBJECT-LEVEL-COVARIATE,MULTI-CMT-DEFINED,REANALYSIS-NONE,SEMI-STRUCTURED-LEGACY-FLAG,CELL_THERAPY,PK_CONCENTRATION,,QUARANTINE,Q16,F19
346ce67a5201,AIC-PRECLINICAL,ID-DEFINED,TIME-DEFINED,DOSE-DEFINED,REGIMEN-FIXED,BIOANALYTICAL-FINAL,COVARIATE-BASELINE-ONLY,SUBJECT-LEVEL-COVARIATE,DDI-VICTIM-PERPETRATOR,REANALYSIS-NONE,STRUCTURED,CELL_THERAPY,PK_CONCENTRATION,VECTOR_COPY|CAR_POSITIVE_CELL,REPAIR,,F22
e6e7fed085fe,AIC-PRECLINICAL,ID-DEFINED,TIME-DEFINED,DOSE-DEFINED,REGIMEN-FIXED,BIOANALYTICAL-FINAL,COVARIATE-BASELINE-ONLY,SUBJECT-LEVEL-COVARIATE,DDI-VICTIM-PERPETRATOR,REANALYSIS-NONE,STRUCTURED,CELL_THERAPY,PK_CONCENTRATION,,QUARANTINE,Q16,F22
b50837f0a072,AIC-PRECLINICAL,ID-DEFINED,TIME-DEFINED,DOSE-DEFINED,REGIMEN-FIXED,BIOANALYTICAL-FINAL,COVARIATE-BASELINE-ONLY,SUBJECT-LEVEL-COVARIATE,DDI-VICTIM-PERPETRATOR,REANALYSIS-NONE,SEMI-STRUCTURED-LEGACY-FLAG,CELL_THERAPY,PK_CONCENTRATION,VECTOR_COPY|CAR_POSITIVE_CELL,QUARANTINE,Q15B,F22
96acf3ecd6cc,AIC-PRECLINICAL,ID-DEFINED,TIME-DEFINED,DOSE-DEFINED,REGIMEN-FIXED,BIOANALYTICAL-FINAL,COVARIATE-BASELINE-ONLY,SUBJECT-LEVEL-COVARIATE,DDI-VICTIM-PERPETRATOR,REANALYSIS-NONE,SEMI-STRUCTURED-LEGACY-FLAG,CELL_THERAPY,PK_CONCENTRATION,,QUARANTINE,Q16,F22
e91c56e82814,AIC-PRECLINICAL,ID-DEFINED,TIME-DEFINED,DOSE-DEFINED,REGIMEN-FIXED,BLQ-DEFINED-POLICY,COVARIATE-BASELINE-ONLY,SUBJECT-LEVEL-COVARIATE,SINGLE-ANALYTE,REANALYSIS-NONE,STRUCTURED,CELL_THERAPY,PK_CONCENTRATION,,REPAIR,,F19
13896982887c,AIC-PRECLINICAL,ID-DEFINED,TIME-DEFINED,DOSE-DEFINED,REGIMEN-FIXED,BLQ-DEFINED-POLICY,COVARIATE-BASELINE-ONLY,SUBJECT-LEVEL-COVARIATE,SINGLE-ANALYTE,REANALYSIS-NONE,SEMI-STRUCTURED-LEGACY-FLAG,CELL_THERAPY,PK_CONCENTRATION,,QUARANTINE,Q15B,F19
1547e9adc231,AIC-PRECLINICAL,ID-DEFINED,TIME-DEFINED,DOSE-DEFINED,REGIMEN-FIXED,BLQ-DEFINED-POLICY,COVARIATE-BASELINE-ONLY,SUBJECT-LEVEL-COVARIATE,MULTI-CMT-DEFINED,REANALYSIS-NONE,STRUCTURED,CELL_THERAPY,PK_CONCENTRATION,VECTOR_COPY|CAR_POSITIVE_CELL,REPAIR,,F19
9fe6c1db3733,AIC-PRECLINICAL,ID-DEFINED,TIME-DEFINED,DOSE-DEFINED,REGIMEN-FIXED,BLQ-DEFINED-POLICY,COVARIATE-BASELINE-ONLY,SUBJECT-LEVEL-COVARIATE,MULTI-CMT-DEFINED,REANALYSIS-NONE,STRUCTURED,CELL_THERAPY,PK_CONCENTRATION,,QUARANTINE,Q16,F19
5f9fd8bec4d1,AIC-PRECLINICAL,ID-DEFINED,TIME-DEFINED,DOSE-DEFINED,REGIMEN-FIXED,BLQ-DEFINED-POLICY,COVARIATE-BASELINE-ONLY,SUBJECT-LEVEL-COVARIATE,MULTI-CMT-DEFINED,REANALYSIS-NONE,SEMI-STRUCTURED-LEGACY-FLAG,CELL_THERAPY,PK_CONCENTRATION,VECTOR_COPY|CAR_POSITIVE_CELL,QUARANTINE,Q15B,F19
0bd0d9fb1f15,AIC-PRECLINICAL,ID-DEFINED,TIME-DEFINED,DOSE-DEFINED,REGIMEN-FIXED,BLQ-DEFINED-POLICY,COVARIATE-BASELINE-ONLY,SUBJECT-LEVEL-COVARIATE,MULTI-CMT-DEFINED,REANALYSIS-NONE,SEMI-STRUCTURED-LEGACY-FLAG,CELL_THERAPY,PK_CONCENTRATION,,QUARANTINE,Q16,F19
42f441503090,AIC-PRECLINICAL,ID-DEFINED,TIME-DEFINED,DOSE-DEFINED,REGIMEN-FIXED,BLQ-DEFINED-POLICY,COVARIATE-BASELINE-ONLY,SUBJECT-LEVEL-COVARIATE,DDI-VICTIM-PERPETRATOR,REANALYSIS-NONE,STRUCTURED,CELL_THERAPY,PK_CONCENTRATION,VECTOR_COPY|CAR_POSITIVE_CELL,REPAIR,,F22
4f5255f39117,AIC-PRECLINICAL,ID-DEFINED,TIME-DEFINED,DOSE-DEFINED,REGIMEN-FIXED,BLQ-DEFINED-POLICY,COVARIATE-BASELINE-ONLY,SUBJECT-LEVEL-COVARIATE,DDI-VICTIM-PERPETRATOR,REANALYSIS-NONE,STRUCTURED,CELL_THERAPY,PK_CONCENTRATION,,QUARANTINE,Q16,F22
310b6b5c10c0,AIC-PRECLINICAL,ID-DEFINED,TIME-DEFINED,DOSE-DEFINED,REGIMEN-FIXED,BLQ-DEFINED-POLICY,COVARIATE-BASELINE-ONLY,SUBJECT-LEVEL-COVARIATE,DDI-VICTIM-PERPETRATOR,REANALYSIS-NONE,SEMI-STRUCTURED-LEGACY-FLAG,CELL_THERAPY,PK_CONCENTRATION,VECTOR_COPY|CAR_POSITIVE_CELL,QUARANTINE,Q15B,F22
531c349d394d,AIC-PRECLINICAL,ID-DEFINED,TIME-DEFINED,DOSE-DEFINED,REGIMEN-FIXED,BLQ-DEFINED-POLICY,COVARIATE-BASELINE-ONLY,SUBJECT-LEVEL-COVARIATE,DDI-VICTIM-PERPETRATOR,REANALYSIS-NONE,SEMI-STRUCTURED-LEGACY-FLAG,CELL_THERAPY,PK_CONCENTRATION,,QUARANTINE,Q16,F22
e81d08192a76,AIC-PRECLINICAL,ID-DEFINED,TIME-DEFINED,DOSE-DEFINED,REGIMEN-FIXED,BIOANALYTICAL-FINAL-FLAG-MISSING,COVARIATE-BASELINE-ONLY,SUBJECT-LEVEL-COVARIATE,SINGLE-ANALYTE,REANALYSIS-NONE,STRUCTURED,CELL_THERAPY,PK_CONCENTRATION,,QUARANTINE,Q15A,F19
c2ac14098d1f,AIC-PRECLINICAL,ID-DEFINED,TIME-DEFINED,DOSE-DEFINED,REGIMEN-FIXED,BIOANALYTICAL-FINAL-FLAG-MISSING,COVARIATE-BASELINE-ONLY,SUBJECT-LEVEL-COVARIATE,SINGLE-ANALYTE,REANALYSIS-NONE,SEMI-STRUCTURED-LEGACY-FLAG,CELL_THERAPY,PK_CONCENTRATION,,QUARANTINE,Q15A,F19
8ac23484b426,AIC-PRECLINICAL,ID-DEFINED,TIME-DEFINED,DOSE-DEFINED,REGIMEN-FIXED,BIOANALYTICAL-FINAL-FLAG-MISSING,COVARIATE-BASELINE-ONLY,SUBJECT-LEVEL-COVARIATE,MULTI-CMT-DEFINED,REANALYSIS-NONE,STRUCTURED,CELL_THERAPY,PK_CONCENTRATION,VECTOR_COPY|CAR_POSITIVE_CELL,QUARANTINE,Q15A,F19
f04a27129dcc,AIC-PRECLINICAL,ID-DEFINED,TIME-DEFINED,DOSE-DEFINED,REGIMEN-FIXED,BIOANALYTICAL-FINAL-FLAG-MISSING,COVARIATE-BASELINE-ONLY,SUBJECT-LEVEL-COVARIATE,MULTI-CMT-DEFINED,REANALYSIS-NONE,STRUCTURED,CELL_THERAPY,PK_CONCENTRATION,,QUARANTINE,Q15A,F19
5b9194bb8f58,AIC-PRECLINICAL,ID-DEFINED,TIME-DEFINED,DOSE-DEFINED,REGIMEN-FIXED,BIOANALYTICAL-FINAL-FLAG-MISSING,COVARIATE-BASELINE-ONLY,SUBJECT-LEVEL-COVARIATE,MULTI-CMT-DEFINED,REANALYSIS-NONE,SEMI-STRUCTURED-LEGACY-FLAG,CELL_THERAPY,PK_CONCENTRATION,VECTOR_COPY|CAR_POSITIVE_CELL,QUARANTINE,Q15A,F19
2435852e7e7e,AIC-PRECLINICAL,ID-DEFINED,TIME-DEFINED,DOSE-DEFINED,REGIMEN-FIXED,BIOANALYTICAL-FINAL-FLAG-MISSING,COVARIATE-BASELINE-ONLY,SUBJECT-LEVEL-COVARIATE,MULTI-CMT-DEFINED,REANALYSIS-NONE,SEMI-STRUCTURED-LEGACY-FLAG,CELL_THERAPY,PK_CONCENTRATION,,QUARANTINE,Q15A,F19
9673d54cbbd1,AIC-PRECLINICAL,ID-DEFINED,TIME-DEFINED,DOSE-DEFINED,REGIMEN-FIXED,BIOANALYTICAL-FINAL-FLAG-MISSING,COVARIATE-BASELINE-ONLY,SUBJECT-LEVEL-COVARIATE,DDI-VICTIM-PERPETRATOR,REANALYSIS-NONE,STRUCTURED,CELL_THERAPY,PK_CONCENTRATION,VECTOR_COPY|CAR_POSITIVE_CELL,QUARANTINE,Q15A,F22
7a00764bb079,AIC-PRECLINICAL,ID-DEFINED,TIME-DEFINED,DOSE-DEFINED,REGIMEN-FIXED,BIOANALYTICAL-FINAL-FLAG-MISSING,COVARIATE-BASELINE-ONLY,SUBJECT-LEVEL-COVARIATE,DDI-VICTIM-PERPETRATOR,REANALYSIS-NONE,STRUCTURED,CELL_THERAPY,PK_CONCENTRATION,,QUARANTINE,Q15A,F22
9460e822eaf1,AIC-PRECLINICAL,ID-DEFINED,TIME-DEFINED,DOSE-DEFINED,REGIMEN-FIXED,BIOANALYTICAL-FINAL-FLAG-MISSING,COVARIATE-BASELINE-ONLY,SUBJECT-LEVEL-COVARIATE,DDI-VICTIM-PERPETRATOR,REANALYSIS-NONE,SEMI-STRUCTURED-LEGACY-FLAG,CELL_THERAPY,PK_CONCENTRATION,VECTOR_COPY|CAR_POSITIVE_CELL,QUARANTINE,Q15A,F22
23fba0562b6b,AIC-PRECLINICAL,ID-DEFINED,TIME-DEFINED,DOSE-DEFINED,REGIMEN-FIXED,BIOANALYTICAL-FINAL-FLAG-MISSING,COVARIATE-BASELINE-ONLY,SUBJECT-LEVEL-COVARIATE,DDI-VICTIM-PERPETRATOR,REANALYSIS-NONE,SEMI-STRUCTURED-LEGACY-FLAG,CELL_THERAPY,PK_CONCENTRATION,,QUARANTINE,Q15A,F22
3c9f6f677ffe,AIC-PRECLINICAL,ID-DEFINED,TIME-DEFINED,DOSE-DEFINED,ADDL-ACTUAL-CONFLICT,BIOANALYTICAL-FINAL,COVARIATE-BASELINE-ONLY,SUBJECT-LEVEL-COVARIATE,SINGLE-ANALYTE,REANALYSIS-NONE,STRUCTURED,CELL_THERAPY,PK_CONCENTRATION,,AUTO,,F19
0016182eb1d1,AIC-PRECLINICAL,ID-DEFINED,TIME-DEFINED,DOSE-DEFINED,ADDL-ACTUAL-CONFLICT,BIOANALYTICAL-FINAL,COVARIATE-BASELINE-ONLY,SUBJECT-LEVEL-COVARIATE,SINGLE-ANALYTE,REANALYSIS-NONE,SEMI-STRUCTURED-LEGACY-FLAG,CELL_THERAPY,PK_CONCENTRATION,,QUARANTINE,Q15B,F19
20f99e757855,AIC-PRECLINICAL,ID-DEFINED,TIME-DEFINED,DOSE-DEFINED,ADDL-ACTUAL-CONFLICT,BIOANALYTICAL-FINAL,COVARIATE-BASELINE-ONLY,SUBJECT-LEVEL-COVARIATE,MULTI-CMT-DEFINED,REANALYSIS-NONE,STRUCTURED,CELL_THERAPY,PK_CONCENTRATION,VECTOR_COPY|CAR_POSITIVE_CELL,REPAIR,,F19
d9e272e62d70,AIC-PRECLINICAL,ID-DEFINED,TIME-DEFINED,DOSE-DEFINED,ADDL-ACTUAL-CONFLICT,BIOANALYTICAL-FINAL,COVARIATE-BASELINE-ONLY,SUBJECT-LEVEL-COVARIATE,MULTI-CMT-DEFINED,REANALYSIS-NONE,STRUCTURED,CELL_THERAPY,PK_CONCENTRATION,,QUARANTINE,Q16,F19
c7f845909ea9,AIC-PRECLINICAL,ID-DEFINED,TIME-DEFINED,DOSE-DEFINED,ADDL-ACTUAL-CONFLICT,BIOANALYTICAL-FINAL,COVARIATE-BASELINE-ONLY,SUBJECT-LEVEL-COVARIATE,MULTI-CMT-DEFINED,REANALYSIS-NONE,SEMI-STRUCTURED-LEGACY-FLAG,CELL_THERAPY,PK_CONCENTRATION,VECTOR_COPY|CAR_POSITIVE_CELL,QUARANTINE,Q15B,F19
679ffa935db9,AIC-PRECLINICAL,ID-DEFINED,TIME-DEFINED,DOSE-DEFINED,ADDL-ACTUAL-CONFLICT,BIOANALYTICAL-FINAL,COVARIATE-BASELINE-ONLY,SUBJECT-LEVEL-COVARIATE,MULTI-CMT-DEFINED,REANALYSIS-NONE,SEMI-STRUCTURED-LEGACY-FLAG,CELL_THERAPY,PK_CONCENTRATION,,QUARANTINE,Q16,F19
e6152436c903,AIC-PRECLINICAL,ID-DEFINED,TIME-DEFINED,DOSE-DEFINED,ADDL-ACTUAL-CONFLICT,BIOANALYTICAL-FINAL,COVARIATE-BASELINE-ONLY,SUBJECT-LEVEL-COVARIATE,DDI-VICTIM-PERPETRATOR,REANALYSIS-NONE,STRUCTURED,CELL_THERAPY,PK_CONCENTRATION,VECTOR_COPY|CAR_POSITIVE_CELL,REPAIR,,F22
00d79108bad3,AIC-PRECLINICAL,ID-DEFINED,TIME-DEFINED,DOSE-DEFINED,ADDL-ACTUAL-CONFLICT,BIOANALYTICAL-FINAL,COVARIATE-BASELINE-ONLY,SUBJECT-LEVEL-COVARIATE,DDI-VICTIM-PERPETRATOR,REANALYSIS-NONE,STRUCTURED,CELL_THERAPY,PK_CONCENTRATION,,QUARANTINE,Q16,F22
e2c2cb8a8aa0,AIC-PRECLINICAL,ID-DEFINED,TIME-DEFINED,DOSE-DEFINED,ADDL-ACTUAL-CONFLICT,BIOANALYTICAL-FINAL,COVARIATE-BASELINE-ONLY,SUBJECT-LEVEL-COVARIATE,DDI-VICTIM-PERPETRATOR,REANALYSIS-NONE,SEMI-STRUCTURED-LEGACY-FLAG,CELL_THERAPY,PK_CONCENTRATION,VECTOR_COPY|CAR_POSITIVE_CELL,QUARANTINE,Q15B,F22
7861c08168b0,AIC-PRECLINICAL,ID-DEFINED,TIME-DEFINED,DOSE-DEFINED,ADDL-ACTUAL-CONFLICT,BIOANALYTICAL-FINAL,COVARIATE-BASELINE-ONLY,SUBJECT-LEVEL-COVARIATE,DDI-VICTIM-PERPETRATOR,REANALYSIS-NONE,SEMI-STRUCTURED-LEGACY-FLAG,CELL_THERAPY,PK_CONCENTRATION,,QUARANTINE,Q16,F22
93db934a59c0,AIC-PRECLINICAL,ID-DEFINED,TIME-DEFINED,DOSE-DEFINED,ADDL-ACTUAL-CONFLICT,BLQ-DEFINED-POLICY,COVARIATE-BASELINE-ONLY,SUBJECT-LEVEL-COVARIATE,SINGLE-ANALYTE,REANALYSIS-NONE,STRUCTURED,CELL_THERAPY,PK_CONCENTRATION,,REPAIR,,F19
f10ab22cfac4,AIC-PRECLINICAL,ID-DEFINED,TIME-DEFINED,DOSE-DEFINED,ADDL-ACTUAL-CONFLICT,BLQ-DEFINED-POLICY,COVARIATE-BASELINE-ONLY,SUBJECT-LEVEL-COVARIATE,SINGLE-ANALYTE,REANALYSIS-NONE,SEMI-STRUCTURED-LEGACY-FLAG,CELL_THERAPY,PK_CONCENTRATION,,QUARANTINE,Q15B,F19
9742e3dacb0d,AIC-PRECLINICAL,ID-DEFINED,TIME-DEFINED,DOSE-DEFINED,ADDL-ACTUAL-CONFLICT,BLQ-DEFINED-POLICY,COVARIATE-BASELINE-ONLY,SUBJECT-LEVEL-COVARIATE,MULTI-CMT-DEFINED,REANALYSIS-NONE,STRUCTURED,CELL_THERAPY,PK_CONCENTRATION,VECTOR_COPY|CAR_POSITIVE_CELL,REPAIR,,F19
00f3edbc11e6,AIC-PRECLINICAL,ID-DEFINED,TIME-DEFINED,DOSE-DEFINED,ADDL-ACTUAL-CONFLICT,BLQ-DEFINED-POLICY,COVARIATE-BASELINE-ONLY,SUBJECT-LEVEL-COVARIATE,MULTI-CMT-DEFINED,REANALYSIS-NONE,STRUCTURED,CELL_THERAPY,PK_CONCENTRATION,,QUARANTINE,Q16,F19
589a077a25f9,AIC-PRECLINICAL,ID-DEFINED,TIME-DEFINED,DOSE-DEFINED,ADDL-ACTUAL-CONFLICT,BLQ-DEFINED-POLICY,COVARIATE-BASELINE-ONLY,SUBJECT-LEVEL-COVARIATE,MULTI-CMT-DEFINED,REANALYSIS-NONE,SEMI-STRUCTURED-LEGACY-FLAG,CELL_THERAPY,PK_CONCENTRATION,VECTOR_COPY|CAR_POSITIVE_CELL,QUARANTINE,Q15B,F19
d3388bc026e6,AIC-PRECLINICAL,ID-DEFINED,TIME-DEFINED,DOSE-DEFINED,ADDL-ACTUAL-CONFLICT,BLQ-DEFINED-POLICY,COVARIATE-BASELINE-ONLY,SUBJECT-LEVEL-COVARIATE,MULTI-CMT-DEFINED,REANALYSIS-NONE,SEMI-STRUCTURED-LEGACY-FLAG,CELL_THERAPY,PK_CONCENTRATION,,QUARANTINE,Q16,F19
762c8fed62f3,AIC-PRECLINICAL,ID-DEFINED,TIME-DEFINED,DOSE-DEFINED,ADDL-ACTUAL-CONFLICT,BLQ-DEFINED-POLICY,COVARIATE-BASELINE-ONLY,SUBJECT-LEVEL-COVARIATE,DDI-VICTIM-PERPETRATOR,REANALYSIS-NONE,STRUCTURED,CELL_THERAPY,PK_CONCENTRATION,VECTOR_COPY|CAR_POSITIVE_CELL,REPAIR,,F22
6f8f3c0046ca,AIC-PRECLINICAL,ID-DEFINED,TIME-DEFINED,DOSE-DEFINED,ADDL-ACTUAL-CONFLICT,BLQ-DEFINED-POLICY,COVARIATE-BASELINE-ONLY,SUBJECT-LEVEL-COVARIATE,DDI-VICTIM-PERPETRATOR,REANALYSIS-NONE,STRUCTURED,CELL_THERAPY,PK_CONCENTRATION,,QUARANTINE,Q16,F22
cee431b719cd,AIC-PRECLINICAL,ID-DEFINED,TIME-DEFINED,DOSE-DEFINED,ADDL-ACTUAL-CONFLICT,BLQ-DEFINED-POLICY,COVARIATE-BASELINE-ONLY,SUBJECT-LEVEL-COVARIATE,DDI-VICTIM-PERPETRATOR,REANALYSIS-NONE,SEMI-STRUCTURED-LEGACY-FLAG,CELL_THERAPY,PK_CONCENTRATION,VECTOR_COPY|CAR_POSITIVE_CELL,QUARANTINE,Q15B,F22
8e65d81ccf0c,AIC-PRECLINICAL,ID-DEFINED,TIME-DEFINED,DOSE-DEFINED,ADDL-ACTUAL-CONFLICT,BLQ-DEFINED-POLICY,COVARIATE-BASELINE-ONLY,SUBJECT-LEVEL-COVARIATE,DDI-VICTIM-PERPETRATOR,REANALYSIS-NONE,SEMI-STRUCTURED-LEGACY-FLAG,CELL_THERAPY,PK_CONCENTRATION,,QUARANTINE,Q16,F22
3234695c353d,AIC-PRECLINICAL,ID-DEFINED,TIME-DEFINED,DOSE-DEFINED,ADDL-ACTUAL-CONFLICT,BIOANALYTICAL-FINAL-FLAG-MISSING,COVARIATE-BASELINE-ONLY,SUBJECT-LEVEL-COVARIATE,SINGLE-ANALYTE,REANALYSIS-NONE,STRUCTURED,CELL_THERAPY,PK_CONCENTRATION,,QUARANTINE,Q15A,F19
0b321298f1e9,AIC-PRECLINICAL,ID-DEFINED,TIME-DEFINED,DOSE-DEFINED,ADDL-ACTUAL-CONFLICT,BIOANALYTICAL-FINAL-FLAG-MISSING,COVARIATE-BASELINE-ONLY,SUBJECT-LEVEL-COVARIATE,SINGLE-ANALYTE,REANALYSIS-NONE,SEMI-STRUCTURED-LEGACY-FLAG,CELL_THERAPY,PK_CONCENTRATION,,QUARANTINE,Q15A,F19
6585438038c7,AIC-PRECLINICAL,ID-DEFINED,TIME-DEFINED,DOSE-DEFINED,ADDL-ACTUAL-CONFLICT,BIOANALYTICAL-FINAL-FLAG-MISSING,COVARIATE-BASELINE-ONLY,SUBJECT-LEVEL-COVARIATE,MULTI-CMT-DEFINED,REANALYSIS-NONE,STRUCTURED,CELL_THERAPY,PK_CONCENTRATION,VECTOR_COPY|CAR_POSITIVE_CELL,QUARANTINE,Q15A,F19
f715421dc770,AIC-PRECLINICAL,ID-DEFINED,TIME-DEFINED,DOSE-DEFINED,ADDL-ACTUAL-CONFLICT,BIOANALYTICAL-FINAL-FLAG-MISSING,COVARIATE-BASELINE-ONLY,SUBJECT-LEVEL-COVARIATE,MULTI-CMT-DEFINED,REANALYSIS-NONE,STRUCTURED,CELL_THERAPY,PK_CONCENTRATION,,QUARANTINE,Q15A,F19
524433e5a277,AIC-PRECLINICAL,ID-DEFINED,TIME-DEFINED,DOSE-DEFINED,ADDL-ACTUAL-CONFLICT,BIOANALYTICAL-FINAL-FLAG-MISSING,COVARIATE-BASELINE-ONLY,SUBJECT-LEVEL-COVARIATE,MULTI-CMT-DEFINED,REANALYSIS-NONE,SEMI-STRUCTURED-LEGACY-FLAG,CELL_THERAPY,PK_CONCENTRATION,VECTOR_COPY|CAR_POSITIVE_CELL,QUARANTINE,Q15A,F19
b42d81525472,AIC-PRECLINICAL,ID-DEFINED,TIME-DEFINED,DOSE-DEFINED,ADDL-ACTUAL-CONFLICT,BIOANALYTICAL-FINAL-FLAG-MISSING,COVARIATE-BASELINE-ONLY,SUBJECT-LEVEL-COVARIATE,MULTI-CMT-DEFINED,REANALYSIS-NONE,SEMI-STRUCTURED-LEGACY-FLAG,CELL_THERAPY,PK_CONCENTRATION,,QUARANTINE,Q15A,F19
5701317b3702,AIC-PRECLINICAL,ID-DEFINED,TIME-DEFINED,DOSE-DEFINED,ADDL-ACTUAL-CONFLICT,BIOANALYTICAL-FINAL-FLAG-MISSING,COVARIATE-BASELINE-ONLY,SUBJECT-LEVEL-COVARIATE,DDI-VICTIM-PERPETRATOR,REANALYSIS-NONE,STRUCTURED,CELL_THERAPY,PK_CONCENTRATION,VECTOR_COPY|CAR_POSITIVE_CELL,QUARANTINE,Q15A,F22
eae3e45d6cd8,AIC-PRECLINICAL,ID-DEFINED,TIME-DEFINED,DOSE-DEFINED,ADDL-ACTUAL-CONFLICT,BIOANALYTICAL-FINAL-FLAG-MISSING,COVARIATE-BASELINE-ONLY,SUBJECT-LEVEL-COVARIATE,DDI-VICTIM-PERPETRATOR,REANALYSIS-NONE,STRUCTURED,CELL_THERAPY,PK_CONCENTRATION,,QUARANTINE,Q15A,F22
abb6dd1f2239,AIC-PRECLINICAL,ID-DEFINED,TIME-DEFINED,DOSE-DEFINED,ADDL-ACTUAL-CONFLICT,BIOANALYTICAL-FINAL-FLAG-MISSING,COVARIATE-BASELINE-ONLY,SUBJECT-LEVEL-COVARIATE,DDI-VICTIM-PERPETRATOR,REANALYSIS-NONE,SEMI-STRUCTURED-LEGACY-FLAG,CELL_THERAPY,PK_CONCENTRATION,VECTOR_COPY|CAR_POSITIVE_CELL,QUARANTINE,Q15A,F22
3a3056d72d4d,AIC-PRECLINICAL,ID-DEFINED,TIME-DEFINED,DOSE-DEFINED,ADDL-ACTUAL-CONFLICT,BIOANALYTICAL-FINAL-FLAG-MISSING,COVARIATE-BASELINE-ONLY,SUBJECT-LEVEL-COVARIATE,DDI-VICTIM-PERPETRATOR,REANALYSIS-NONE,SEMI-STRUCTURED-LEGACY-FLAG,CELL_THERAPY,PK_CONCENTRATION,,QUARANTINE,Q15A,F22
f57f2d7fd503,AIC-PRECLINICAL,ID-DEFINED,TIME-DEFINED,DOSE-DEFINED,REGIMEN-FIXED,BIOANALYTICAL-FINAL,COVARIATE-BASELINE-ONLY,SUBJECT-LEVEL-COVARIATE,SINGLE-ANALYTE,REANALYSIS-NONE,STRUCTURED,MRNA,PK_CONCENTRATION,,AUTO,,F27
bdf2c5f5331d,AIC-PRECLINICAL,ID-DEFINED,TIME-DEFINED,DOSE-DEFINED,REGIMEN-FIXED,BIOANALYTICAL-FINAL,COVARIATE-BASELINE-ONLY,SUBJECT-LEVEL-COVARIATE,SINGLE-ANALYTE,REANALYSIS-NONE,SEMI-STRUCTURED-LEGACY-FLAG,MRNA,PK_CONCENTRATION,,QUARANTINE,Q15B,F27
5e767782e1c6,AIC-PRECLINICAL,ID-DEFINED,TIME-DEFINED,DOSE-DEFINED,REGIMEN-FIXED,BIOANALYTICAL-FINAL,COVARIATE-BASELINE-ONLY,SUBJECT-LEVEL-COVARIATE,MULTI-CMT-DEFINED,REANALYSIS-NONE,STRUCTURED,MRNA,PK_CONCENTRATION,,REPAIR,,F27
1c05a6ab0773,AIC-PRECLINICAL,ID-DEFINED,TIME-DEFINED,DOSE-DEFINED,REGIMEN-FIXED,BIOANALYTICAL-FINAL,COVARIATE-BASELINE-ONLY,SUBJECT-LEVEL-COVARIATE,MULTI-CMT-DEFINED,REANALYSIS-NONE,SEMI-STRUCTURED-LEGACY-FLAG,MRNA,PK_CONCENTRATION,,QUARANTINE,Q15B,F27
fcdca41abf14,AIC-PRECLINICAL,ID-DEFINED,TIME-DEFINED,DOSE-DEFINED,REGIMEN-FIXED,BIOANALYTICAL-FINAL,COVARIATE-BASELINE-ONLY,SUBJECT-LEVEL-COVARIATE,DDI-VICTIM-PERPETRATOR,REANALYSIS-NONE,STRUCTURED,MRNA,PK_CONCENTRATION,,REPAIR,,F27
5fdede6fb547,AIC-PRECLINICAL,ID-DEFINED,TIME-DEFINED,DOSE-DEFINED,REGIMEN-FIXED,BIOANALYTICAL-FINAL,COVARIATE-BASELINE-ONLY,SUBJECT-LEVEL-COVARIATE,DDI-VICTIM-PERPETRATOR,REANALYSIS-NONE,SEMI-STRUCTURED-LEGACY-FLAG,MRNA,PK_CONCENTRATION,,QUARANTINE,Q15B,F27
cba9f023cfb9,AIC-PRECLINICAL,ID-DEFINED,TIME-DEFINED,DOSE-DEFINED,REGIMEN-FIXED,BLQ-DEFINED-POLICY,COVARIATE-BASELINE-ONLY,SUBJECT-LEVEL-COVARIATE,SINGLE-ANALYTE,REANALYSIS-NONE,STRUCTURED,MRNA,PK_CONCENTRATION,,REPAIR,,F27
01abc9db6ad1,AIC-PRECLINICAL,ID-DEFINED,TIME-DEFINED,DOSE-DEFINED,REGIMEN-FIXED,BLQ-DEFINED-POLICY,COVARIATE-BASELINE-ONLY,SUBJECT-LEVEL-COVARIATE,SINGLE-ANALYTE,REANALYSIS-NONE,SEMI-STRUCTURED-LEGACY-FLAG,MRNA,PK_CONCENTRATION,,QUARANTINE,Q15B,F27
44ba94c0f5e3,AIC-PRECLINICAL,ID-DEFINED,TIME-DEFINED,DOSE-DEFINED,REGIMEN-FIXED,BLQ-DEFINED-POLICY,COVARIATE-BASELINE-ONLY,SUBJECT-LEVEL-COVARIATE,MULTI-CMT-DEFINED,REANALYSIS-NONE,STRUCTURED,MRNA,PK_CONCENTRATION,,REPAIR,,F27
405c98c27edb,AIC-PRECLINICAL,ID-DEFINED,TIME-DEFINED,DOSE-DEFINED,REGIMEN-FIXED,BLQ-DEFINED-POLICY,COVARIATE-BASELINE-ONLY,SUBJECT-LEVEL-COVARIATE,MULTI-CMT-DEFINED,REANALYSIS-NONE,SEMI-STRUCTURED-LEGACY-FLAG,MRNA,PK_CONCENTRATION,,QUARANTINE,Q15B,F27
fe9f560073f9,AIC-PRECLINICAL,ID-DEFINED,TIME-DEFINED,DOSE-DEFINED,REGIMEN-FIXED,BLQ-DEFINED-POLICY,COVARIATE-BASELINE-ONLY,SUBJECT-LEVEL-COVARIATE,DDI-VICTIM-PERPETRATOR,REANALYSIS-NONE,STRUCTURED,MRNA,PK_CONCENTRATION,,REPAIR,,F27
f0e708f00246,AIC-PRECLINICAL,ID-DEFINED,TIME-DEFINED,DOSE-DEFINED,REGIMEN-FIXED,BLQ-DEFINED-POLICY,COVARIATE-BASELINE-ONLY,SUBJECT-LEVEL-COVARIATE,DDI-VICTIM-PERPETRATOR,REANALYSIS-NONE,SEMI-STRUCTURED-LEGACY-FLAG,MRNA,PK_CONCENTRATION,,QUARANTINE,Q15B,F27
0756032aed70,AIC-PRECLINICAL,ID-DEFINED,TIME-DEFINED,DOSE-DEFINED,REGIMEN-FIXED,BIOANALYTICAL-FINAL-FLAG-MISSING,COVARIATE-BASELINE-ONLY,SUBJECT-LEVEL-COVARIATE,SINGLE-ANALYTE,REANALYSIS-NONE,STRUCTURED,MRNA,PK_CONCENTRATION,,QUARANTINE,Q15A,F27
b5a05f39edff,AIC-PRECLINICAL,ID-DEFINED,TIME-DEFINED,DOSE-DEFINED,REGIMEN-FIXED,BIOANALYTICAL-FINAL-FLAG-MISSING,COVARIATE-BASELINE-ONLY,SUBJECT-LEVEL-COVARIATE,SINGLE-ANALYTE,REANALYSIS-NONE,SEMI-STRUCTURED-LEGACY-FLAG,MRNA,PK_CONCENTRATION,,QUARANTINE,Q15A,F27
f68f31d7bde6,AIC-PRECLINICAL,ID-DEFINED,TIME-DEFINED,DOSE-DEFINED,REGIMEN-FIXED,BIOANALYTICAL-FINAL-FLAG-MISSING,COVARIATE-BASELINE-ONLY,SUBJECT-LEVEL-COVARIATE,MULTI-CMT-DEFINED,REANALYSIS-NONE,STRUCTURED,MRNA,PK_CONCENTRATION,,QUARANTINE,Q15A,F27
7d29b2719985,AIC-PRECLINICAL,ID-DEFINED,TIME-DEFINED,DOSE-DEFINED,REGIMEN-FIXED,BIOANALYTICAL-FINAL-FLAG-MISSING,COVARIATE-BASELINE-ONLY,SUBJECT-LEVEL-COVARIATE,MULTI-CMT-DEFINED,REANALYSIS-NONE,SEMI-STRUCTURED-LEGACY-FLAG,MRNA,PK_CONCENTRATION,,QUARANTINE,Q15A,F27
69be87147447,AIC-PRECLINICAL,ID-DEFINED,TIME-DEFINED,DOSE-DEFINED,REGIMEN-FIXED,BIOANALYTICAL-FINAL-FLAG-MISSING,COVARIATE-BASELINE-ONLY,SUBJECT-LEVEL-COVARIATE,DDI-VICTIM-PERPETRATOR,REANALYSIS-NONE,STRUCTURED,MRNA,PK_CONCENTRATION,,QUARANTINE,Q15A,F27
c316f0501105,AIC-PRECLINICAL,ID-DEFINED,TIME-DEFINED,DOSE-DEFINED,REGIMEN-FIXED,BIOANALYTICAL-FINAL-FLAG-MISSING,COVARIATE-BASELINE-ONLY,SUBJECT-LEVEL-COVARIATE,DDI-VICTIM-PERPETRATOR,REANALYSIS-NONE,SEMI-STRUCTURED-LEGACY-FLAG,MRNA,PK_CONCENTRATION,,QUARANTINE,Q15A,F27
c806b84fe3e8,AIC-PRECLINICAL,ID-DEFINED,TIME-DEFINED,DOSE-DEFINED,ADDL-ACTUAL-CONFLICT,BIOANALYTICAL-FINAL,COVARIATE-BASELINE-ONLY,SUBJECT-LEVEL-COVARIATE,SINGLE-ANALYTE,REANALYSIS-NONE,STRUCTURED,MRNA,PK_CONCENTRATION,,AUTO,,F27
74d384125053,AIC-PRECLINICAL,ID-DEFINED,TIME-DEFINED,DOSE-DEFINED,ADDL-ACTUAL-CONFLICT,BIOANALYTICAL-FINAL,COVARIATE-BASELINE-ONLY,SUBJECT-LEVEL-COVARIATE,SINGLE-ANALYTE,REANALYSIS-NONE,SEMI-STRUCTURED-LEGACY-FLAG,MRNA,PK_CONCENTRATION,,QUARANTINE,Q15B,F27
cf187ebecec0,AIC-PRECLINICAL,ID-DEFINED,TIME-DEFINED,DOSE-DEFINED,ADDL-ACTUAL-CONFLICT,BIOANALYTICAL-FINAL,COVARIATE-BASELINE-ONLY,SUBJECT-LEVEL-COVARIATE,MULTI-CMT-DEFINED,REANALYSIS-NONE,STRUCTURED,MRNA,PK_CONCENTRATION,,REPAIR,,F27
9e4a30d0d6d4,AIC-PRECLINICAL,ID-DEFINED,TIME-DEFINED,DOSE-DEFINED,ADDL-ACTUAL-CONFLICT,BIOANALYTICAL-FINAL,COVARIATE-BASELINE-ONLY,SUBJECT-LEVEL-COVARIATE,MULTI-CMT-DEFINED,REANALYSIS-NONE,SEMI-STRUCTURED-LEGACY-FLAG,MRNA,PK_CONCENTRATION,,QUARANTINE,Q15B,F27
b99be34861c6,AIC-PRECLINICAL,ID-DEFINED,TIME-DEFINED,DOSE-DEFINED,ADDL-ACTUAL-CONFLICT,BIOANALYTICAL-FINAL,COVARIATE-BASELINE-ONLY,SUBJECT-LEVEL-COVARIATE,DDI-VICTIM-PERPETRATOR,REANALYSIS-NONE,STRUCTURED,MRNA,PK_CONCENTRATION,,REPAIR,,F27
fa6e659944ed,AIC-PRECLINICAL,ID-DEFINED,TIME-DEFINED,DOSE-DEFINED,ADDL-ACTUAL-CONFLICT,BIOANALYTICAL-FINAL,COVARIATE-BASELINE-ONLY,SUBJECT-LEVEL-COVARIATE,DDI-VICTIM-PERPETRATOR,REANALYSIS-NONE,SEMI-STRUCTURED-LEGACY-FLAG,MRNA,PK_CONCENTRATION,,QUARANTINE,Q15B,F27
dcc8730cec29,AIC-PRECLINICAL,ID-DEFINED,TIME-DEFINED,DOSE-DEFINED,ADDL-ACTUAL-CONFLICT,BLQ-DEFINED-POLICY,COVARIATE-BASELINE-ONLY,SUBJECT-LEVEL-COVARIATE,SINGLE-ANALYTE,REANALYSIS-NONE,STRUCTURED,MRNA,PK_CONCENTRATION,,REPAIR,,F27
9767214f7076,AIC-PRECLINICAL,ID-DEFINED,TIME-DEFINED,DOSE-DEFINED,ADDL-ACTUAL-CONFLICT,BLQ-DEFINED-POLICY,COVARIATE-BASELINE-ONLY,SUBJECT-LEVEL-COVARIATE,SINGLE-ANALYTE,REANALYSIS-NONE,SEMI-STRUCTURED-LEGACY-FLAG,MRNA,PK_CONCENTRATION,,QUARANTINE,Q15B,F27
a584796d1fa2,AIC-PRECLINICAL,ID-DEFINED,TIME-DEFINED,DOSE-DEFINED,ADDL-ACTUAL-CONFLICT,BLQ-DEFINED-POLICY,COVARIATE-BASELINE-ONLY,SUBJECT-LEVEL-COVARIATE,MULTI-CMT-DEFINED,REANALYSIS-NONE,STRUCTURED,MRNA,PK_CONCENTRATION,,REPAIR,,F27
30870f0c51c3,AIC-PRECLINICAL,ID-DEFINED,TIME-DEFINED,DOSE-DEFINED,ADDL-ACTUAL-CONFLICT,BLQ-DEFINED-POLICY,COVARIATE-BASELINE-ONLY,SUBJECT-LEVEL-COVARIATE,MULTI-CMT-DEFINED,REANALYSIS-NONE,SEMI-STRUCTURED-LEGACY-FLAG,MRNA,PK_CONCENTRATION,,QUARANTINE,Q15B,F27
fc755106c93c,AIC-PRECLINICAL,ID-DEFINED,TIME-DEFINED,DOSE-DEFINED,ADDL-ACTUAL-CONFLICT,BLQ-DEFINED-POLICY,COVARIATE-BASELINE-ONLY,SUBJECT-LEVEL-COVARIATE,DDI-VICTIM-PERPETRATOR,REANALYSIS-NONE,STRUCTURED,MRNA,PK_CONCENTRATION,,REPAIR,,F27
d3fcdd155ec4,AIC-PRECLINICAL,ID-DEFINED,TIME-DEFINED,DOSE-DEFINED,ADDL-ACTUAL-CONFLICT,BLQ-DEFINED-POLICY,COVARIATE-BASELINE-ONLY,SUBJECT-LEVEL-COVARIATE,DDI-VICTIM-PERPETRATOR,REANALYSIS-NONE,SEMI-STRUCTURED-LEGACY-FLAG,MRNA,PK_CONCENTRATION,,QUARANTINE,Q15B,F27
0e2d6f5e45b2,AIC-PRECLINICAL,ID-DEFINED,TIME-DEFINED,DOSE-DEFINED,ADDL-ACTUAL-CONFLICT,BIOANALYTICAL-FINAL-FLAG-MISSING,COVARIATE-BASELINE-ONLY,SUBJECT-LEVEL-COVARIATE,SINGLE-ANALYTE,REANALYSIS-NONE,STRUCTURED,MRNA,PK_CONCENTRATION,,QUARANTINE,Q15A,F27
505371c37f9b,AIC-PRECLINICAL,ID-DEFINED,TIME-DEFINED,DOSE-DEFINED,ADDL-ACTUAL-CONFLICT,BIOANALYTICAL-FINAL-FLAG-MISSING,COVARIATE-BASELINE-ONLY,SUBJECT-LEVEL-COVARIATE,SINGLE-ANALYTE,REANALYSIS-NONE,SEMI-STRUCTURED-LEGACY-FLAG,MRNA,PK_CONCENTRATION,,QUARANTINE,Q15A,F27
8887fcf00a0e,AIC-PRECLINICAL,ID-DEFINED,TIME-DEFINED,DOSE-DEFINED,ADDL-ACTUAL-CONFLICT,BIOANALYTICAL-FINAL-FLAG-MISSING,COVARIATE-BASELINE-ONLY,SUBJECT-LEVEL-COVARIATE,MULTI-CMT-DEFINED,REANALYSIS-NONE,STRUCTURED,MRNA,PK_CONCENTRATION,,QUARANTINE,Q15A,F27
8ac4f0f86bae,AIC-PRECLINICAL,ID-DEFINED,TIME-DEFINED,DOSE-DEFINED,ADDL-ACTUAL-CONFLICT,BIOANALYTICAL-FINAL-FLAG-MISSING,COVARIATE-BASELINE-ONLY,SUBJECT-LEVEL-COVARIATE,MULTI-CMT-DEFINED,REANALYSIS-NONE,SEMI-STRUCTURED-LEGACY-FLAG,MRNA,PK_CONCENTRATION,,QUARANTINE,Q15A,F27
99bc9c5b4824,AIC-PRECLINICAL,ID-DEFINED,TIME-DEFINED,DOSE-DEFINED,ADDL-ACTUAL-CONFLICT,BIOANALYTICAL-FINAL-FLAG-MISSING,COVARIATE-BASELINE-ONLY,SUBJECT-LEVEL-COVARIATE,DDI-VICTIM-PERPETRATOR,REANALYSIS-NONE,STRUCTURED,MRNA,PK_CONCENTRATION,,QUARANTINE,Q15A,F27
414b0ac88fdf,AIC-PRECLINICAL,ID-DEFINED,TIME-DEFINED,DOSE-DEFINED,ADDL-ACTUAL-CONFLICT,BIOANALYTICAL-FINAL-FLAG-MISSING,COVARIATE-BASELINE-ONLY,SUBJECT-LEVEL-COVARIATE,DDI-VICTIM-PERPETRATOR,REANALYSIS-NONE,SEMI-STRUCTURED-LEGACY-FLAG,MRNA,PK_CONCENTRATION,,QUARANTINE,Q15A,F27
433e72cdb8ee,AIC-UNRECOVERABLE,ID-DEFINED,TIME-DEFINED,DOSE-DEFINED,REGIMEN-FIXED,BIOANALYTICAL-FINAL,COVARIATE-BASELINE-ONLY,SUBJECT-LEVEL-COVARIATE,SINGLE-ANALYTE,REANALYSIS-NONE,STRUCTURED,SMALL_MOLECULE,,,INVALID,,F34
45854aeeaabc,AIC-UNRECOVERABLE,ID-DEFINED,TIME-DEFINED,DOSE-DEFINED,REGIMEN-FIXED,BIOANALYTICAL-FINAL,COVARIATE-BASELINE-ONLY,SUBJECT-LEVEL-COVARIATE,SINGLE-ANALYTE,REANALYSIS-NONE,SEMI-STRUCTURED-LEGACY-FLAG,SMALL_MOLECULE,,,INVALID,,F34
fa74fb2b9c4d,AIC-UNRECOVERABLE,ID-DEFINED,TIME-DEFINED,DOSE-DEFINED,REGIMEN-FIXED,BIOANALYTICAL-FINAL,COVARIATE-BASELINE-ONLY,SUBJECT-LEVEL-COVARIATE,MULTI-CMT-DEFINED,REANALYSIS-NONE,STRUCTURED,SMALL_MOLECULE,,,INVALID,,F34
d019d46dcd1a,AIC-UNRECOVERABLE,ID-DEFINED,TIME-DEFINED,DOSE-DEFINED,REGIMEN-FIXED,BIOANALYTICAL-FINAL,COVARIATE-BASELINE-ONLY,SUBJECT-LEVEL-COVARIATE,MULTI-CMT-DEFINED,REANALYSIS-NONE,SEMI-STRUCTURED-LEGACY-FLAG,SMALL_MOLECULE,,,INVALID,,F34
710aab76c109,AIC-UNRECOVERABLE,ID-DEFINED,TIME-DEFINED,DOSE-DEFINED,REGIMEN-FIXED,BIOANALYTICAL-FINAL,COVARIATE-BASELINE-ONLY,SUBJECT-LEVEL-COVARIATE,DDI-VICTIM-PERPETRATOR,REANALYSIS-NONE,STRUCTURED,SMALL_MOLECULE,,,INVALID,,F34
3cd67d5615da,AIC-UNRECOVERABLE,ID-DEFINED,TIME-DEFINED,DOSE-DEFINED,REGIMEN-FIXED,BIOANALYTICAL-FINAL,COVARIATE-BASELINE-ONLY,SUBJECT-LEVEL-COVARIATE,DDI-VICTIM-PERPETRATOR,REANALYSIS-NONE,SEMI-STRUCTURED-LEGACY-FLAG,SMALL_MOLECULE,,,INVALID,,F34
abc3a8d6f4ec,AIC-UNRECOVERABLE,ID-DEFINED,TIME-DEFINED,DOSE-DEFINED,REGIMEN-FIXED,BLQ-DEFINED-POLICY,COVARIATE-BASELINE-ONLY,SUBJECT-LEVEL-COVARIATE,SINGLE-ANALYTE,REANALYSIS-NONE,STRUCTURED,SMALL_MOLECULE,,,INVALID,,F34
342a13afebe3,AIC-UNRECOVERABLE,ID-DEFINED,TIME-DEFINED,DOSE-DEFINED,REGIMEN-FIXED,BLQ-DEFINED-POLICY,COVARIATE-BASELINE-ONLY,SUBJECT-LEVEL-COVARIATE,SINGLE-ANALYTE,REANALYSIS-NONE,SEMI-STRUCTURED-LEGACY-FLAG,SMALL_MOLECULE,,,INVALID,,F34
9a36b43172a0,AIC-UNRECOVERABLE,ID-DEFINED,TIME-DEFINED,DOSE-DEFINED,REGIMEN-FIXED,BLQ-DEFINED-POLICY,COVARIATE-BASELINE-ONLY,SUBJECT-LEVEL-COVARIATE,MULTI-CMT-DEFINED,REANALYSIS-NONE,STRUCTURED,SMALL_MOLECULE,,,INVALID,,F34
64189fe5eaf9,AIC-UNRECOVERABLE,ID-DEFINED,TIME-DEFINED,DOSE-DEFINED,REGIMEN-FIXED,BLQ-DEFINED-POLICY,COVARIATE-BASELINE-ONLY,SUBJECT-LEVEL-COVARIATE,MULTI-CMT-DEFINED,REANALYSIS-NONE,SEMI-STRUCTURED-LEGACY-FLAG,SMALL_MOLECULE,,,INVALID,,F34
c61b73157e39,AIC-UNRECOVERABLE,ID-DEFINED,TIME-DEFINED,DOSE-DEFINED,REGIMEN-FIXED,BLQ-DEFINED-POLICY,COVARIATE-BASELINE-ONLY,SUBJECT-LEVEL-COVARIATE,DDI-VICTIM-PERPETRATOR,REANALYSIS-NONE,STRUCTURED,SMALL_MOLECULE,,,INVALID,,F34
e0cde5f26ce4,AIC-UNRECOVERABLE,ID-DEFINED,TIME-DEFINED,DOSE-DEFINED,REGIMEN-FIXED,BLQ-DEFINED-POLICY,COVARIATE-BASELINE-ONLY,SUBJECT-LEVEL-COVARIATE,DDI-VICTIM-PERPETRATOR,REANALYSIS-NONE,SEMI-STRUCTURED-LEGACY-FLAG,SMALL_MOLECULE,,,INVALID,,F34
5c49684d406b,AIC-UNRECOVERABLE,ID-DEFINED,TIME-DEFINED,DOSE-DEFINED,REGIMEN-FIXED,BIOANALYTICAL-FINAL-FLAG-MISSING,COVARIATE-BASELINE-ONLY,SUBJECT-LEVEL-COVARIATE,SINGLE-ANALYTE,REANALYSIS-NONE,STRUCTURED,SMALL_MOLECULE,,,INVALID,,F34
33f2d970662d,AIC-UNRECOVERABLE,ID-DEFINED,TIME-DEFINED,DOSE-DEFINED,REGIMEN-FIXED,BIOANALYTICAL-FINAL-FLAG-MISSING,COVARIATE-BASELINE-ONLY,SUBJECT-LEVEL-COVARIATE,SINGLE-ANALYTE,REANALYSIS-NONE,SEMI-STRUCTURED-LEGACY-FLAG,SMALL_MOLECULE,,,INVALID,,F34
3624139ef3a7,AIC-UNRECOVERABLE,ID-DEFINED,TIME-DEFINED,DOSE-DEFINED,REGIMEN-FIXED,BIOANALYTICAL-FINAL-FLAG-MISSING,COVARIATE-BASELINE-ONLY,SUBJECT-LEVEL-COVARIATE,MULTI-CMT-DEFINED,REANALYSIS-NONE,STRUCTURED,SMALL_MOLECULE,,,INVALID,,F34
4fdeaf5e85b6,AIC-UNRECOVERABLE,ID-DEFINED,TIME-DEFINED,DOSE-DEFINED,REGIMEN-FIXED,BIOANALYTICAL-FINAL-FLAG-MISSING,COVARIATE-BASELINE-ONLY,SUBJECT-LEVEL-COVARIATE,MULTI-CMT-DEFINED,REANALYSIS-NONE,SEMI-STRUCTURED-LEGACY-FLAG,SMALL_MOLECULE,,,INVALID,,F34
38417778f9dc,AIC-UNRECOVERABLE,ID-DEFINED,TIME-DEFINED,DOSE-DEFINED,REGIMEN-FIXED,BIOANALYTICAL-FINAL-FLAG-MISSING,COVARIATE-BASELINE-ONLY,SUBJECT-LEVEL-COVARIATE,DDI-VICTIM-PERPETRATOR,REANALYSIS-NONE,STRUCTURED,SMALL_MOLECULE,,,INVALID,,F34
1dab82715cd9,AIC-UNRECOVERABLE,ID-DEFINED,TIME-DEFINED,DOSE-DEFINED,REGIMEN-FIXED,BIOANALYTICAL-FINAL-FLAG-MISSING,COVARIATE-BASELINE-ONLY,SUBJECT-LEVEL-COVARIATE,DDI-VICTIM-PERPETRATOR,REANALYSIS-NONE,SEMI-STRUCTURED-LEGACY-FLAG,SMALL_MOLECULE,,,INVALID,,F34
d9f7af2f9684,AIC-UNRECOVERABLE,ID-DEFINED,TIME-DEFINED,DOSE-DEFINED,ADDL-ACTUAL-CONFLICT,BIOANALYTICAL-FINAL,COVARIATE-BASELINE-ONLY,SUBJECT-LEVEL-COVARIATE,SINGLE-ANALYTE,REANALYSIS-NONE,STRUCTURED,SMALL_MOLECULE,,,INVALID,,F34
34fd66af3b0f,AIC-UNRECOVERABLE,ID-DEFINED,TIME-DEFINED,DOSE-DEFINED,ADDL-ACTUAL-CONFLICT,BIOANALYTICAL-FINAL,COVARIATE-BASELINE-ONLY,SUBJECT-LEVEL-COVARIATE,SINGLE-ANALYTE,REANALYSIS-NONE,SEMI-STRUCTURED-LEGACY-FLAG,SMALL_MOLECULE,,,INVALID,,F34
9a5452a5dcc6,AIC-UNRECOVERABLE,ID-DEFINED,TIME-DEFINED,DOSE-DEFINED,ADDL-ACTUAL-CONFLICT,BIOANALYTICAL-FINAL,COVARIATE-BASELINE-ONLY,SUBJECT-LEVEL-COVARIATE,MULTI-CMT-DEFINED,REANALYSIS-NONE,STRUCTURED,SMALL_MOLECULE,,,INVALID,,F34
eec6dd330dff,AIC-UNRECOVERABLE,ID-DEFINED,TIME-DEFINED,DOSE-DEFINED,ADDL-ACTUAL-CONFLICT,BIOANALYTICAL-FINAL,COVARIATE-BASELINE-ONLY,SUBJECT-LEVEL-COVARIATE,MULTI-CMT-DEFINED,REANALYSIS-NONE,SEMI-STRUCTURED-LEGACY-FLAG,SMALL_MOLECULE,,,INVALID,,F34
22e14ca5d777,AIC-UNRECOVERABLE,ID-DEFINED,TIME-DEFINED,DOSE-DEFINED,ADDL-ACTUAL-CONFLICT,BIOANALYTICAL-FINAL,COVARIATE-BASELINE-ONLY,SUBJECT-LEVEL-COVARIATE,DDI-VICTIM-PERPETRATOR,REANALYSIS-NONE,STRUCTURED,SMALL_MOLECULE,,,INVALID,,F34
f6dd68b6e31f,AIC-UNRECOVERABLE,ID-DEFINED,TIME-DEFINED,DOSE-DEFINED,ADDL-ACTUAL-CONFLICT,BIOANALYTICAL-FINAL,COVARIATE-BASELINE-ONLY,SUBJECT-LEVEL-COVARIATE,DDI-VICTIM-PERPETRATOR,REANALYSIS-NONE,SEMI-STRUCTURED-LEGACY-FLAG,SMALL_MOLECULE,,,INVALID,,F34
610d6aa41940,AIC-UNRECOVERABLE,ID-DEFINED,TIME-DEFINED,DOSE-DEFINED,ADDL-ACTUAL-CONFLICT,BLQ-DEFINED-POLICY,COVARIATE-BASELINE-ONLY,SUBJECT-LEVEL-COVARIATE,SINGLE-ANALYTE,REANALYSIS-NONE,STRUCTURED,SMALL_MOLECULE,,,INVALID,,F34
b83ce8d7c2f3,AIC-UNRECOVERABLE,ID-DEFINED,TIME-DEFINED,DOSE-DEFINED,ADDL-ACTUAL-CONFLICT,BLQ-DEFINED-POLICY,COVARIATE-BASELINE-ONLY,SUBJECT-LEVEL-COVARIATE,SINGLE-ANALYTE,REANALYSIS-NONE,SEMI-STRUCTURED-LEGACY-FLAG,SMALL_MOLECULE,,,INVALID,,F34
2cae3b7e5b92,AIC-UNRECOVERABLE,ID-DEFINED,TIME-DEFINED,DOSE-DEFINED,ADDL-ACTUAL-CONFLICT,BLQ-DEFINED-POLICY,COVARIATE-BASELINE-ONLY,SUBJECT-LEVEL-COVARIATE,MULTI-CMT-DEFINED,REANALYSIS-NONE,STRUCTURED,SMALL_MOLECULE,,,INVALID,,F34
fccd6479e492,AIC-UNRECOVERABLE,ID-DEFINED,TIME-DEFINED,DOSE-DEFINED,ADDL-ACTUAL-CONFLICT,BLQ-DEFINED-POLICY,COVARIATE-BASELINE-ONLY,SUBJECT-LEVEL-COVARIATE,MULTI-CMT-DEFINED,REANALYSIS-NONE,SEMI-STRUCTURED-LEGACY-FLAG,SMALL_MOLECULE,,,INVALID,,F34
04054c63311e,AIC-UNRECOVERABLE,ID-DEFINED,TIME-DEFINED,DOSE-DEFINED,ADDL-ACTUAL-CONFLICT,BLQ-DEFINED-POLICY,COVARIATE-BASELINE-ONLY,SUBJECT-LEVEL-COVARIATE,DDI-VICTIM-PERPETRATOR,REANALYSIS-NONE,STRUCTURED,SMALL_MOLECULE,,,INVALID,,F34
7ffdb8d50e9b,AIC-UNRECOVERABLE,ID-DEFINED,TIME-DEFINED,DOSE-DEFINED,ADDL-ACTUAL-CONFLICT,BLQ-DEFINED-POLICY,COVARIATE-BASELINE-ONLY,SUBJECT-LEVEL-COVARIATE,DDI-VICTIM-PERPETRATOR,REANALYSIS-NONE,SEMI-STRUCTURED-LEGACY-FLAG,SMALL_MOLECULE,,,INVALID,,F34
121acdbe3ec2,AIC-UNRECOVERABLE,ID-DEFINED,TIME-DEFINED,DOSE-DEFINED,ADDL-ACTUAL-CONFLICT,BIOANALYTICAL-FINAL-FLAG-MISSING,COVARIATE-BASELINE-ONLY,SUBJECT-LEVEL-COVARIATE,SINGLE-ANALYTE,REANALYSIS-NONE,STRUCTURED,SMALL_MOLECULE,,,INVALID,,F34
58f186a71920,AIC-UNRECOVERABLE,ID-DEFINED,TIME-DEFINED,DOSE-DEFINED,ADDL-ACTUAL-CONFLICT,BIOANALYTICAL-FINAL-FLAG-MISSING,COVARIATE-BASELINE-ONLY,SUBJECT-LEVEL-COVARIATE,SINGLE-ANALYTE,REANALYSIS-NONE,SEMI-STRUCTURED-LEGACY-FLAG,SMALL_MOLECULE,,,INVALID,,F34
2b8317250786,AIC-UNRECOVERABLE,ID-DEFINED,TIME-DEFINED,DOSE-DEFINED,ADDL-ACTUAL-CONFLICT,BIOANALYTICAL-FINAL-FLAG-MISSING,COVARIATE-BASELINE-ONLY,SUBJECT-LEVEL-COVARIATE,MULTI-CMT-DEFINED,REANALYSIS-NONE,STRUCTURED,SMALL_MOLECULE,,,INVALID,,F34
581e97de55c0,AIC-UNRECOVERABLE,ID-DEFINED,TIME-DEFINED,DOSE-DEFINED,ADDL-ACTUAL-CONFLICT,BIOANALYTICAL-FINAL-FLAG-MISSING,COVARIATE-BASELINE-ONLY,SUBJECT-LEVEL-COVARIATE,MULTI-CMT-DEFINED,REANALYSIS-NONE,SEMI-STRUCTURED-LEGACY-FLAG,SMALL_MOLECULE,,,INVALID,,F34
e4d370d9e313,AIC-UNRECOVERABLE,ID-DEFINED,TIME-DEFINED,DOSE-DEFINED,ADDL-ACTUAL-CONFLICT,BIOANALYTICAL-FINAL-FLAG-MISSING,COVARIATE-BASELINE-ONLY,SUBJECT-LEVEL-COVARIATE,DDI-VICTIM-PERPETRATOR,REANALYSIS-NONE,STRUCTURED,SMALL_MOLECULE,,,INVALID,,F34
77b80834aaa8,AIC-UNRECOVERABLE,ID-DEFINED,TIME-DEFINED,DOSE-DEFINED,ADDL-ACTUAL-CONFLICT,BIOANALYTICAL-FINAL-FLAG-MISSING,COVARIATE-BASELINE-ONLY,SUBJECT-LEVEL-COVARIATE,DDI-VICTIM-PERPETRATOR,REANALYSIS-NONE,SEMI-STRUCTURED-LEGACY-FLAG,SMALL_MOLECULE,,,INVALID,,F34
3561a2232024,AIC-CELL_THERAPY,ID-DEFINED,TIME-DEFINED,DOSE-DEFINED,REGIMEN-FIXED,CELLULAR-LLOQ-POLICY-MISSING,COVARIATE-BASELINE-ONLY,PRODUCT-LEVEL-COVARIATE,MULTI-CMT-DEFINED,REANALYSIS-NONE,STRUCTURED,CELL_THERAPY,CELLULAR_KINETICS,VECTOR_COPY|CAR_POSITIVE_CELL,QUARANTINE,Q01,F26
e62d4aa5c95c,AIC-IMMUNOGEN,ID-DEFINED,TIME-DEFINED,DOSE-DEFINED,REGIMEN-FIXED,IMMUNOGEN-POSITIVITY-MISSING,COVARIATE-BASELINE-ONLY,SUBJECT-LEVEL-COVARIATE,SINGLE-ANALYTE,REANALYSIS-NONE,STRUCTURED,MRNA,IMMUNOGENICITY,,QUARANTINE,Q19,F27
06eea519aa26,AIC-IMMUNOGEN,ID-DEFINED,TIME-DEFINED,DOSE-DEFINED,REGIMEN-FIXED,IMMUNOGEN-POSITIVITY-MISSING,COVARIATE-BASELINE-ONLY,SUBJECT-LEVEL-COVARIATE,SINGLE-ANALYTE,REANALYSIS-NONE,STRUCTURED,MAB,IMMUNOGENICITY,,QUARANTINE,Q19,F27
8fc95837d39e,AIC-LACTATION,ID-DYAD-UNLINKED-POLICY-MISSING,TIME-DEFINED,DOSE-DEFINED,REGIMEN-FIXED,BIOANALYTICAL-FINAL,COVARIATE-BASELINE-ONLY,SUBJECT-LEVEL-COVARIATE,SINGLE-ANALYTE,REANALYSIS-NONE,STRUCTURED,MAB,MATERNAL_INFANT_PK,,QUARANTINE,Q18,F29
6a4ccec6cb30,AIC-LACTATION,ID-DYAD-LINKABLE,TIME-ANCHOR-AMBIGUOUS,DOSE-DEFINED,REGIMEN-FIXED,BIOANALYTICAL-FINAL,COVARIATE-BASELINE-ONLY,SUBJECT-LEVEL-COVARIATE,SINGLE-ANALYTE,REANALYSIS-NONE,STRUCTURED,MAB,MATERNAL_INFANT_PK,,QUARANTINE,Q12,F29
edf7ce5579b6,AIC-LACTATION,ID-DYAD-LINKABLE,TIME-DEFINED,DOSE-DEFINED,REGIMEN-FIXED,LLOQ-MISSING,COVARIATE-BASELINE-ONLY,SUBJECT-LEVEL-COVARIATE,SINGLE-ANALYTE,REANALYSIS-NONE,STRUCTURED,SMALL_MOLECULE,MILK_PK,,QUARANTINE,Q01,F29
ea68b8945c5f,AIC-PKPD,ID-DEFINED,TIME-ELAPSED-RESOLVABLE,DOSE-DEFINED,REGIMEN-FIXED,BIOANALYTICAL-FINAL,COVARIATE-BASELINE-ONLY,SUBJECT-LEVEL-COVARIATE,SINGLE-ANALYTE,REANALYSIS-NONE,STRUCTURED,MAB,PK_CONCENTRATION,,REPAIR,,F28
905ad00be641,AIC-PKPD,ID-DEFINED,TIME-ANCHOR-AMBIGUOUS,DOSE-DEFINED,REGIMEN-FIXED,BIOANALYTICAL-FINAL,COVARIATE-BASELINE-ONLY,SUBJECT-LEVEL-COVARIATE,SINGLE-ANALYTE,REANALYSIS-NONE,STRUCTURED,MAB,PK_CONCENTRATION,,QUARANTINE,Q02,F28
5789dcd043db,AIC-PKPD,ID-DEFINED,TIME-ELAPSED-RESOLVABLE,DOSE-DEFINED,REGIMEN-FIXED,BLQ-DEFINED-POLICY,COVARIATE-BASELINE-ONLY,SUBJECT-LEVEL-COVARIATE,SINGLE-ANALYTE,REANALYSIS-NONE,STRUCTURED,MAB,PK_CONCENTRATION,,REPAIR,,F28
e7f3dc60284d,AIC-PKPD,ID-DEFINED,TIME-ANCHOR-AMBIGUOUS,DOSE-DEFINED,REGIMEN-FIXED,BLQ-DEFINED-POLICY,COVARIATE-BASELINE-ONLY,SUBJECT-LEVEL-COVARIATE,SINGLE-ANALYTE,REANALYSIS-NONE,STRUCTURED,MAB,PK_CONCENTRATION,,QUARANTINE,Q02,F28
346f152eaab4,AIC-PKPD,ID-DEFINED,TIME-ELAPSED-RESOLVABLE,DOSE-DEFINED,LOADING-MAINTENANCE,BIOANALYTICAL-FINAL,COVARIATE-BASELINE-ONLY,SUBJECT-LEVEL-COVARIATE,SINGLE-ANALYTE,REANALYSIS-NONE,STRUCTURED,MAB,PK_CONCENTRATION,,REPAIR,,F28
750caf6164d1,AIC-PKPD,ID-DEFINED,TIME-ANCHOR-AMBIGUOUS,DOSE-DEFINED,LOADING-MAINTENANCE,BIOANALYTICAL-FINAL,COVARIATE-BASELINE-ONLY,SUBJECT-LEVEL-COVARIATE,SINGLE-ANALYTE,REANALYSIS-NONE,STRUCTURED,MAB,PK_CONCENTRATION,,QUARANTINE,Q02,F28
c72ab3627aaa,AIC-PKPD,ID-DEFINED,TIME-ELAPSED-RESOLVABLE,DOSE-DEFINED,LOADING-MAINTENANCE,BLQ-DEFINED-POLICY,COVARIATE-BASELINE-ONLY,SUBJECT-LEVEL-COVARIATE,SINGLE-ANALYTE,REANALYSIS-NONE,STRUCTURED,MAB,PK_CONCENTRATION,,REPAIR,,F28
83262da47baf,AIC-PKPD,ID-DEFINED,TIME-ANCHOR-AMBIGUOUS,DOSE-DEFINED,LOADING-MAINTENANCE,BLQ-DEFINED-POLICY,COVARIATE-BASELINE-ONLY,SUBJECT-LEVEL-COVARIATE,SINGLE-ANALYTE,REANALYSIS-NONE,STRUCTURED,MAB,PK_CONCENTRATION,,QUARANTINE,Q02,F28
