scenario_id,family_id,terminal_state,q_code,action_label,action_sequence_hash,parameter_policy_hash,required_policy_set,N0,N1,N2,N3,N4,N5,N6,N7,N8,N9,N10,N11,N12,N13,N14,N15,N16,N17,N18,N19,N20,N21,N22,N23,N24,N25,N26,N27,N28,N29
0cd393ea5ca3,F01,QUARANTINE,Q11,QUARANTINE_AIC_MISSING_Q11,459af0d7d91c,3c62b6ab01fb,q_code,N,Y,Y,Y,Y,Y,Y,Y,Y,N,N,N,N,N,N,N,N,N,N,N,N,N,N,N,N,N,N,N,N,N
6eadc4296340,F01,QUARANTINE,Q11,QUARANTINE_LEGACY_FLAG_UNDOC_Q11,459af0d7d91c,3c62b6ab01fb,q_code,N,Y,Y,Y,Y,Y,Y,Y,Y,N,N,N,N,N,N,N,N,N,N,N,N,N,N,Y,N,N,N,N,N,N
b250839ce268,F01,QUARANTINE,Q11,QUARANTINE_AIC_MISSING_Q11,459af0d7d91c,3c62b6ab01fb,q_code,N,Y,Y,Y,Y,Y,Y,Y,Y,N,N,N,N,N,N,N,N,N,N,N,N,Y,N,N,N,N,N,N,N,N
91f22a0a9c59,F01,QUARANTINE,Q11,QUARANTINE_LEGACY_FLAG_UNDOC_Q11,459af0d7d91c,3c62b6ab01fb,q_code,N,Y,Y,Y,Y,Y,Y,Y,Y,N,N,N,N,N,N,N,N,N,N,N,N,Y,N,Y,N,N,N,N,N,N
311d798c9448,F22,QUARANTINE,Q11,QUARANTINE_AIC_MISSING_Q11,459af0d7d91c,3c62b6ab01fb,q_code,N,Y,Y,Y,Y,Y,Y,Y,Y,N,N,N,N,N,N,N,N,N,N,N,N,Y,Y,N,N,N,N,N,N,N
d4c2205985c0,F22,QUARANTINE,Q11,QUARANTINE_LEGACY_FLAG_UNDOC_Q11,459af0d7d91c,3c62b6ab01fb,q_code,N,Y,Y,Y,Y,Y,Y,Y,Y,N,N,N,N,N,N,N,N,N,N,N,N,Y,Y,Y,N,N,N,N,N,N
2ac8db75b755,F01,QUARANTINE,Q11,QUARANTINE_AIC_MISSING_Q11,459af0d7d91c,3c62b6ab01fb,q_code,N,Y,Y,Y,Y,Y,Y,Y,Y,N,N,N,N,N,N,N,N,N,N,N,N,N,N,N,N,N,N,N,N,N
07715086953a,F01,QUARANTINE,Q11,QUARANTINE_LEGACY_FLAG_UNDOC_Q11,459af0d7d91c,3c62b6ab01fb,q_code,N,Y,Y,Y,Y,Y,Y,Y,Y,N,N,N,N,N,N,N,N,N,N,N,N,N,N,Y,N,N,N,N,N,N
8756a9bc7c18,F01,QUARANTINE,Q11,QUARANTINE_AIC_MISSING_Q11,459af0d7d91c,3c62b6ab01fb,q_code,N,Y,Y,Y,Y,Y,Y,Y,Y,N,N,N,N,N,N,N,N,N,N,N,N,Y,N,N,N,N,N,N,N,N
c36ba502bbe5,F01,QUARANTINE,Q11,QUARANTINE_LEGACY_FLAG_UNDOC_Q11,459af0d7d91c,3c62b6ab01fb,q_code,N,Y,Y,Y,Y,Y,Y,Y,Y,N,N,N,N,N,N,N,N,N,N,N,N,Y,N,Y,N,N,N,N,N,N
fe42cca9d406,F22,QUARANTINE,Q11,QUARANTINE_AIC_MISSING_Q11,459af0d7d91c,3c62b6ab01fb,q_code,N,Y,Y,Y,Y,Y,Y,Y,Y,N,N,N,N,N,N,N,N,N,N,N,N,Y,Y,N,N,N,N,N,N,N
d833d9fc630c,F22,QUARANTINE,Q11,QUARANTINE_LEGACY_FLAG_UNDOC_Q11,459af0d7d91c,3c62b6ab01fb,q_code,N,Y,Y,Y,Y,Y,Y,Y,Y,N,N,N,N,N,N,N,N,N,N,N,N,Y,Y,Y,N,N,N,N,N,N
22f077d63d04,F01,QUARANTINE,Q11,QUARANTINE_BIO_FINAL_FLAG_Q11,459af0d7d91c,3c62b6ab01fb,q_code,N,Y,Y,Y,N,Y,Y,Y,Y,N,N,N,N,N,N,N,N,N,N,N,Y,N,N,N,N,N,N,N,N,N
766acaf9e833,F01,QUARANTINE,Q11,QUARANTINE_BIO_FINAL_FLAG_Q11,459af0d7d91c,3c62b6ab01fb,q_code,N,Y,Y,Y,N,Y,Y,Y,Y,N,N,N,N,N,N,N,N,N,N,N,Y,N,N,Y,N,N,N,N,N,N
6ae3805352da,F01,QUARANTINE,Q11,QUARANTINE_BIO_FINAL_FLAG_Q11,459af0d7d91c,3c62b6ab01fb,q_code,N,Y,Y,Y,N,Y,Y,Y,Y,N,N,N,N,N,N,N,N,N,N,N,Y,Y,N,N,N,N,N,N,N,N
e27392976e1c,F01,QUARANTINE,Q11,QUARANTINE_BIO_FINAL_FLAG_Q11,459af0d7d91c,3c62b6ab01fb,q_code,N,Y,Y,Y,N,Y,Y,Y,Y,N,N,N,N,N,N,N,N,N,N,N,Y,Y,N,Y,N,N,N,N,N,N
2ffd9a5d13eb,F22,QUARANTINE,Q11,QUARANTINE_BIO_FINAL_FLAG_Q11,459af0d7d91c,3c62b6ab01fb,q_code,N,Y,Y,Y,N,Y,Y,Y,Y,N,N,N,N,N,N,N,N,N,N,N,Y,Y,Y,N,N,N,N,N,N,N
8a2fecba82ff,F22,QUARANTINE,Q11,QUARANTINE_BIO_FINAL_FLAG_Q11,459af0d7d91c,3c62b6ab01fb,q_code,N,Y,Y,Y,N,Y,Y,Y,Y,N,N,N,N,N,N,N,N,N,N,N,Y,Y,Y,Y,N,N,N,N,N,N
83e74c1157e4,F01,QUARANTINE,Q11,QUARANTINE_ADDL_CONFLICT_Q11,459af0d7d91c,3c62b6ab01fb,q_code,N,Y,Y,Y,Y,Y,Y,Y,Y,N,N,N,N,N,N,N,N,N,N,N,N,N,N,N,Y,N,N,N,N,N
f87bcf2b9e36,F01,QUARANTINE,Q11,QUARANTINE_ADDL_CONFLICT_Q11,459af0d7d91c,3c62b6ab01fb,q_code,N,Y,Y,Y,Y,Y,Y,Y,Y,N,N,N,N,N,N,N,N,N,N,N,N,N,N,Y,Y,N,N,N,N,N
0bc6f9e56a26,F01,QUARANTINE,Q11,QUARANTINE_ADDL_CONFLICT_Q11,459af0d7d91c,3c62b6ab01fb,q_code,N,Y,Y,Y,Y,Y,Y,Y,Y,N,N,N,N,N,N,N,N,N,N,N,N,Y,N,N,Y,N,N,N,N,N
a5d3cd439564,F01,QUARANTINE,Q11,QUARANTINE_ADDL_CONFLICT_Q11,459af0d7d91c,3c62b6ab01fb,q_code,N,Y,Y,Y,Y,Y,Y,Y,Y,N,N,N,N,N,N,N,N,N,N,N,N,Y,N,Y,Y,N,N,N,N,N
b4aa758718cd,F22,QUARANTINE,Q11,QUARANTINE_ADDL_CONFLICT_Q11,459af0d7d91c,3c62b6ab01fb,q_code,N,Y,Y,Y,Y,Y,Y,Y,Y,N,N,N,N,N,N,N,N,N,N,N,N,Y,Y,N,Y,N,N,N,N,N
0264551b71d3,F22,QUARANTINE,Q11,QUARANTINE_ADDL_CONFLICT_Q11,459af0d7d91c,3c62b6ab01fb,q_code,N,Y,Y,Y,Y,Y,Y,Y,Y,N,N,N,N,N,N,N,N,N,N,N,N,Y,Y,Y,Y,N,N,N,N,N
c849e4accea4,F01,QUARANTINE,Q11,QUARANTINE_ADDL_CONFLICT_Q11,459af0d7d91c,3c62b6ab01fb,q_code,N,Y,Y,Y,Y,Y,Y,Y,Y,N,N,N,N,N,N,N,N,N,N,N,N,N,N,N,Y,N,N,N,N,N
cfc4e88436a2,F01,QUARANTINE,Q11,QUARANTINE_ADDL_CONFLICT_Q11,459af0d7d91c,3c62b6ab01fb,q_code,N,Y,Y,Y,Y,Y,Y,Y,Y,N,N,N,N,N,N,N,N,N,N,N,N,N,N,Y,Y,N,N,N,N,N
bcc115610bb1,F01,QUARANTINE,Q11,QUARANTINE_ADDL_CONFLICT_Q11,459af0d7d91c,3c62b6ab01fb,q_code,N,Y,Y,Y,Y,Y,Y,Y,Y,N,N,N,N,N,N,N,N,N,N,N,N,Y,N,N,Y,N,N,N,N,N
39d90849e921,F01,QUARANTINE,Q11,QUARANTINE_ADDL_CONFLICT_Q11,459af0d7d91c,3c62b6ab01fb,q_code,N,Y,Y,Y,Y,Y,Y,Y,Y,N,N,N,N,N,N,N,N,N,N,N,N,Y,N,Y,Y,N,N,N,N,N
e639de67091b,F22,QUARANTINE,Q11,QUARANTINE_ADDL_CONFLICT_Q11,459af0d7d91c,3c62b6ab01fb,q_code,N,Y,Y,Y,Y,Y,Y,Y,Y,N,N,N,N,N,N,N,N,N,N,N,N,Y,Y,N,Y,N,N,N,N,N
3886d53e6588,F22,QUARANTINE,Q11,QUARANTINE_ADDL_CONFLICT_Q11,459af0d7d91c,3c62b6ab01fb,q_code,N,Y,Y,Y,Y,Y,Y,Y,Y,N,N,N,N,N,N,N,N,N,N,N,N,Y,Y,Y,Y,N,N,N,N,N
43a221795ed7,F01,QUARANTINE,Q11,QUARANTINE_BIO_FINAL_FLAG_Q11,459af0d7d91c,3c62b6ab01fb,q_code,N,Y,Y,Y,N,Y,Y,Y,Y,N,N,N,N,N,N,N,N,N,N,N,Y,N,N,N,Y,N,N,N,N,N
8ce2c983f951,F01,QUARANTINE,Q11,QUARANTINE_BIO_FINAL_FLAG_Q11,459af0d7d91c,3c62b6ab01fb,q_code,N,Y,Y,Y,N,Y,Y,Y,Y,N,N,N,N,N,N,N,N,N,N,N,Y,N,N,Y,Y,N,N,N,N,N
e4f8c458f608,F01,QUARANTINE,Q11,QUARANTINE_BIO_FINAL_FLAG_Q11,459af0d7d91c,3c62b6ab01fb,q_code,N,Y,Y,Y,N,Y,Y,Y,Y,N,N,N,N,N,N,N,N,N,N,N,Y,Y,N,N,Y,N,N,N,N,N
590ecff4245a,F01,QUARANTINE,Q11,QUARANTINE_BIO_FINAL_FLAG_Q11,459af0d7d91c,3c62b6ab01fb,q_code,N,Y,Y,Y,N,Y,Y,Y,Y,N,N,N,N,N,N,N,N,N,N,N,Y,Y,N,Y,Y,N,N,N,N,N
d011540818b7,F22,QUARANTINE,Q11,QUARANTINE_BIO_FINAL_FLAG_Q11,459af0d7d91c,3c62b6ab01fb,q_code,N,Y,Y,Y,N,Y,Y,Y,Y,N,N,N,N,N,N,N,N,N,N,N,Y,Y,Y,N,Y,N,N,N,N,N
b65a9886c1ea,F22,QUARANTINE,Q11,QUARANTINE_BIO_FINAL_FLAG_Q11,459af0d7d91c,3c62b6ab01fb,q_code,N,Y,Y,Y,N,Y,Y,Y,Y,N,N,N,N,N,N,N,N,N,N,N,Y,Y,Y,Y,Y,N,N,N,N,N
bb2a17458d7a,F01,AUTO,,AUTO_F01_SMALL_MOLECULE,375dc3d886a9,44136fa355b3,,Y,Y,Y,Y,Y,Y,Y,Y,Y,N,N,N,N,N,N,N,N,N,N,N,N,N,N,N,N,N,N,N,N,N
bee7cef125e1,F01,QUARANTINE,Q15B,QUARANTINE_LEGACY_FLAG_UNDOC_Q15B,459af0d7d91c,fc80a095c5ee,q_code,Y,Y,Y,Y,Y,Y,Y,Y,N,N,N,N,N,N,N,N,N,N,N,N,N,N,N,Y,N,N,N,N,N,N
bc91c1abfde9,F01,REPAIR,,REPAIR_F01_CMTM,625092f45d69,3d9b119a827c,cmt_analyte_policy,Y,Y,Y,Y,Y,Y,Y,Y,Y,N,N,N,N,N,N,N,N,N,Y,N,N,Y,N,N,N,N,N,N,N,N
849dd399567c,F01,QUARANTINE,Q15B,QUARANTINE_LEGACY_FLAG_UNDOC_Q15B,459af0d7d91c,fc80a095c5ee,q_code,Y,Y,Y,Y,Y,Y,Y,Y,N,N,N,N,N,N,N,N,N,N,N,N,N,Y,N,Y,N,N,N,N,N,N
59b7f30e4b38,F22,REPAIR,,REPAIR_F22_DDIVP,9778a409567c,3b6e37a453cb,"cmt_analyte_policy,dual_cmt_policy",Y,Y,Y,Y,Y,Y,Y,Y,Y,N,N,N,N,N,N,N,N,N,Y,N,N,Y,Y,N,N,N,N,N,N,N
77906d408727,F22,QUARANTINE,Q15B,QUARANTINE_LEGACY_FLAG_UNDOC_Q15B,459af0d7d91c,fc80a095c5ee,q_code,Y,Y,Y,Y,Y,Y,Y,Y,N,N,N,N,N,N,N,N,N,N,N,N,N,Y,Y,Y,N,N,N,N,N,N
671c80fd79c0,F01,REPAIR,,REPAIR_F01_BLQ,f67c49c740b6,5598114a142c,blq_handling_policy,Y,Y,Y,Y,Y,Y,Y,Y,Y,N,N,N,N,Y,N,N,N,N,N,N,N,N,N,N,N,N,N,N,N,N
57660a5ea561,F01,QUARANTINE,Q15B,QUARANTINE_LEGACY_FLAG_UNDOC_Q15B,459af0d7d91c,fc80a095c5ee,q_code,Y,Y,Y,Y,Y,Y,Y,Y,N,N,N,N,N,N,N,N,N,N,N,N,N,N,N,Y,N,N,N,N,N,N
6e9d796bdca2,F01,REPAIR,,REPAIR_F01_BLQ_CMTM,ad950bea7a00,b0d8a8150750,"blq_handling_policy,cmt_analyte_policy",Y,Y,Y,Y,Y,Y,Y,Y,Y,N,N,N,N,Y,N,N,N,N,Y,N,N,Y,N,N,N,N,N,N,N,N
3508d78a79ea,F01,QUARANTINE,Q15B,QUARANTINE_LEGACY_FLAG_UNDOC_Q15B,459af0d7d91c,fc80a095c5ee,q_code,Y,Y,Y,Y,Y,Y,Y,Y,N,N,N,N,N,N,N,N,N,N,N,N,N,Y,N,Y,N,N,N,N,N,N
ae3d73db2343,F22,REPAIR,,REPAIR_F22_BLQ_DDIVP,f452000cd78c,1a93afeda678,"blq_handling_policy,cmt_analyte_policy,dual_cmt_policy",Y,Y,Y,Y,Y,Y,Y,Y,Y,N,N,N,N,Y,N,N,N,N,Y,N,N,Y,Y,N,N,N,N,N,N,N
cbc2e6d371b5,F22,QUARANTINE,Q15B,QUARANTINE_LEGACY_FLAG_UNDOC_Q15B,459af0d7d91c,fc80a095c5ee,q_code,Y,Y,Y,Y,Y,Y,Y,Y,N,N,N,N,N,N,N,N,N,N,N,N,N,Y,Y,Y,N,N,N,N,N,N
799da22dcf97,F01,QUARANTINE,Q15A,QUARANTINE_BIO_FINAL_FLAG_Q15A,459af0d7d91c,0ff39de5a52e,q_code,Y,Y,Y,Y,N,Y,Y,Y,N,N,N,N,N,N,N,N,N,N,N,N,Y,N,N,N,N,N,N,N,N,N
63e5c983f406,F01,QUARANTINE,Q15A,QUARANTINE_BIO_FINAL_FLAG_Q15A,459af0d7d91c,0ff39de5a52e,q_code,Y,Y,Y,Y,N,Y,Y,Y,N,N,N,N,N,N,N,N,N,N,N,N,Y,N,N,Y,N,N,N,N,N,N
6d086613089c,F01,QUARANTINE,Q15A,QUARANTINE_BIO_FINAL_FLAG_Q15A,459af0d7d91c,0ff39de5a52e,q_code,Y,Y,Y,Y,N,Y,Y,Y,N,N,N,N,N,N,N,N,N,N,N,N,Y,Y,N,N,N,N,N,N,N,N
e557836357a5,F01,QUARANTINE,Q15A,QUARANTINE_BIO_FINAL_FLAG_Q15A,459af0d7d91c,0ff39de5a52e,q_code,Y,Y,Y,Y,N,Y,Y,Y,N,N,N,N,N,N,N,N,N,N,N,N,Y,Y,N,Y,N,N,N,N,N,N
38dfd4d45b6a,F22,QUARANTINE,Q15A,QUARANTINE_BIO_FINAL_FLAG_Q15A,459af0d7d91c,0ff39de5a52e,q_code,Y,Y,Y,Y,N,Y,Y,Y,N,N,N,N,N,N,N,N,N,N,N,N,Y,Y,Y,N,N,N,N,N,N,N
d04134f58537,F22,QUARANTINE,Q15A,QUARANTINE_BIO_FINAL_FLAG_Q15A,459af0d7d91c,0ff39de5a52e,q_code,Y,Y,Y,Y,N,Y,Y,Y,N,N,N,N,N,N,N,N,N,N,N,N,Y,Y,Y,Y,N,N,N,N,N,N
a712b1d475dc,F01,AUTO,,AUTO_F01_SMALL_MOLECULE,375dc3d886a9,44136fa355b3,,Y,Y,Y,Y,Y,Y,Y,Y,Y,N,N,N,N,N,N,N,N,N,N,N,N,N,N,N,Y,N,N,N,N,N
926fe46ead8e,F01,QUARANTINE,Q15B,QUARANTINE_ADDL_CONFLICT_Q15B,459af0d7d91c,fc80a095c5ee,q_code,Y,Y,Y,Y,Y,Y,Y,Y,N,N,N,N,N,N,N,N,N,N,N,N,N,N,N,Y,Y,N,N,N,N,N
b721a9a70e90,F01,REPAIR,,REPAIR_F01_CMTM,625092f45d69,3d9b119a827c,cmt_analyte_policy,Y,Y,Y,Y,Y,Y,Y,Y,Y,N,N,N,N,N,N,N,N,N,Y,N,N,Y,N,N,Y,N,N,N,N,N
e0a8289a708f,F01,QUARANTINE,Q15B,QUARANTINE_ADDL_CONFLICT_Q15B,459af0d7d91c,fc80a095c5ee,q_code,Y,Y,Y,Y,Y,Y,Y,Y,N,N,N,N,N,N,N,N,N,N,N,N,N,Y,N,Y,Y,N,N,N,N,N
d12d748bac05,F22,REPAIR,,REPAIR_F22_DDIVP,9778a409567c,3b6e37a453cb,"cmt_analyte_policy,dual_cmt_policy",Y,Y,Y,Y,Y,Y,Y,Y,Y,N,N,N,N,N,N,N,N,N,Y,N,N,Y,Y,N,Y,N,N,N,N,N
87411386868a,F22,QUARANTINE,Q15B,QUARANTINE_ADDL_CONFLICT_Q15B,459af0d7d91c,fc80a095c5ee,q_code,Y,Y,Y,Y,Y,Y,Y,Y,N,N,N,N,N,N,N,N,N,N,N,N,N,Y,Y,Y,Y,N,N,N,N,N
d2e07d23c8f1,F01,REPAIR,,REPAIR_F01_BLQ,f67c49c740b6,5598114a142c,blq_handling_policy,Y,Y,Y,Y,Y,Y,Y,Y,Y,N,N,N,N,Y,N,N,N,N,N,N,N,N,N,N,Y,N,N,N,N,N
e389e8860955,F01,QUARANTINE,Q15B,QUARANTINE_ADDL_CONFLICT_Q15B,459af0d7d91c,fc80a095c5ee,q_code,Y,Y,Y,Y,Y,Y,Y,Y,N,N,N,N,N,N,N,N,N,N,N,N,N,N,N,Y,Y,N,N,N,N,N
958017db5661,F01,REPAIR,,REPAIR_F01_BLQ_CMTM,ad950bea7a00,b0d8a8150750,"blq_handling_policy,cmt_analyte_policy",Y,Y,Y,Y,Y,Y,Y,Y,Y,N,N,N,N,Y,N,N,N,N,Y,N,N,Y,N,N,Y,N,N,N,N,N
dc3a511d4a72,F01,QUARANTINE,Q15B,QUARANTINE_ADDL_CONFLICT_Q15B,459af0d7d91c,fc80a095c5ee,q_code,Y,Y,Y,Y,Y,Y,Y,Y,N,N,N,N,N,N,N,N,N,N,N,N,N,Y,N,Y,Y,N,N,N,N,N
5643e512159f,F22,REPAIR,,REPAIR_F22_BLQ_DDIVP,f452000cd78c,1a93afeda678,"blq_handling_policy,cmt_analyte_policy,dual_cmt_policy",Y,Y,Y,Y,Y,Y,Y,Y,Y,N,N,N,N,Y,N,N,N,N,Y,N,N,Y,Y,N,Y,N,N,N,N,N
4f4e1e23d965,F22,QUARANTINE,Q15B,QUARANTINE_ADDL_CONFLICT_Q15B,459af0d7d91c,fc80a095c5ee,q_code,Y,Y,Y,Y,Y,Y,Y,Y,N,N,N,N,N,N,N,N,N,N,N,N,N,Y,Y,Y,Y,N,N,N,N,N
8e962148f0fb,F01,QUARANTINE,Q15A,QUARANTINE_BIO_FINAL_FLAG_Q15A,459af0d7d91c,0ff39de5a52e,q_code,Y,Y,Y,Y,N,Y,Y,Y,N,N,N,N,N,N,N,N,N,N,N,N,Y,N,N,N,Y,N,N,N,N,N
0eae6ad8d5eb,F01,QUARANTINE,Q15A,QUARANTINE_BIO_FINAL_FLAG_Q15A,459af0d7d91c,0ff39de5a52e,q_code,Y,Y,Y,Y,N,Y,Y,Y,N,N,N,N,N,N,N,N,N,N,N,N,Y,N,N,Y,Y,N,N,N,N,N
433d15b57456,F01,QUARANTINE,Q15A,QUARANTINE_BIO_FINAL_FLAG_Q15A,459af0d7d91c,0ff39de5a52e,q_code,Y,Y,Y,Y,N,Y,Y,Y,N,N,N,N,N,N,N,N,N,N,N,N,Y,Y,N,N,Y,N,N,N,N,N
36dae09be0d6,F01,QUARANTINE,Q15A,QUARANTINE_BIO_FINAL_FLAG_Q15A,459af0d7d91c,0ff39de5a52e,q_code,Y,Y,Y,Y,N,Y,Y,Y,N,N,N,N,N,N,N,N,N,N,N,N,Y,Y,N,Y,Y,N,N,N,N,N
16c22834aaf3,F22,QUARANTINE,Q15A,QUARANTINE_BIO_FINAL_FLAG_Q15A,459af0d7d91c,0ff39de5a52e,q_code,Y,Y,Y,Y,N,Y,Y,Y,N,N,N,N,N,N,N,N,N,N,N,N,Y,Y,Y,N,Y,N,N,N,N,N
43a98c9af045,F22,QUARANTINE,Q15A,QUARANTINE_BIO_FINAL_FLAG_Q15A,459af0d7d91c,0ff39de5a52e,q_code,Y,Y,Y,Y,N,Y,Y,Y,N,N,N,N,N,N,N,N,N,N,N,N,Y,Y,Y,Y,Y,N,N,N,N,N
81532230f032,F01,AUTO,,AUTO_F01_MAB,375dc3d886a9,44136fa355b3,,Y,Y,Y,Y,Y,Y,Y,Y,Y,N,N,N,N,N,N,N,N,N,N,N,N,N,N,N,N,N,N,N,N,N
4954e0503b89,F01,QUARANTINE,Q15B,QUARANTINE_LEGACY_FLAG_UNDOC_Q15B,459af0d7d91c,fc80a095c5ee,q_code,Y,Y,Y,Y,Y,Y,Y,Y,N,N,N,N,N,N,N,N,N,N,N,N,N,N,N,Y,N,N,N,N,N,N
088a7c106d5c,F01,REPAIR,,REPAIR_F01_CMTM,625092f45d69,3d9b119a827c,cmt_analyte_policy,Y,Y,Y,Y,Y,Y,Y,Y,Y,N,N,N,N,N,N,N,N,N,Y,N,N,Y,N,N,N,N,N,N,N,N
c8ced8943f44,F01,QUARANTINE,Q15B,QUARANTINE_LEGACY_FLAG_UNDOC_Q15B,459af0d7d91c,fc80a095c5ee,q_code,Y,Y,Y,Y,Y,Y,Y,Y,N,N,N,N,N,N,N,N,N,N,N,N,N,Y,N,Y,N,N,N,N,N,N
75d8ce550add,F22,REPAIR,,REPAIR_F22_DDIVP,9778a409567c,3b6e37a453cb,"cmt_analyte_policy,dual_cmt_policy",Y,Y,Y,Y,Y,Y,Y,Y,Y,N,N,N,N,N,N,N,N,N,Y,N,N,Y,Y,N,N,N,N,N,N,N
b91e504479c4,F22,QUARANTINE,Q15B,QUARANTINE_LEGACY_FLAG_UNDOC_Q15B,459af0d7d91c,fc80a095c5ee,q_code,Y,Y,Y,Y,Y,Y,Y,Y,N,N,N,N,N,N,N,N,N,N,N,N,N,Y,Y,Y,N,N,N,N,N,N
017b7186901e,F01,REPAIR,,REPAIR_F01_BLQ,f67c49c740b6,5598114a142c,blq_handling_policy,Y,Y,Y,Y,Y,Y,Y,Y,Y,N,N,N,N,Y,N,N,N,N,N,N,N,N,N,N,N,N,N,N,N,N
b86ae9470a8d,F01,QUARANTINE,Q15B,QUARANTINE_LEGACY_FLAG_UNDOC_Q15B,459af0d7d91c,fc80a095c5ee,q_code,Y,Y,Y,Y,Y,Y,Y,Y,N,N,N,N,N,N,N,N,N,N,N,N,N,N,N,Y,N,N,N,N,N,N
2d286044756d,F01,REPAIR,,REPAIR_F01_BLQ_CMTM,ad950bea7a00,b0d8a8150750,"blq_handling_policy,cmt_analyte_policy",Y,Y,Y,Y,Y,Y,Y,Y,Y,N,N,N,N,Y,N,N,N,N,Y,N,N,Y,N,N,N,N,N,N,N,N
e9887c9d3694,F01,QUARANTINE,Q15B,QUARANTINE_LEGACY_FLAG_UNDOC_Q15B,459af0d7d91c,fc80a095c5ee,q_code,Y,Y,Y,Y,Y,Y,Y,Y,N,N,N,N,N,N,N,N,N,N,N,N,N,Y,N,Y,N,N,N,N,N,N
12f429277850,F22,REPAIR,,REPAIR_F22_BLQ_DDIVP,f452000cd78c,1a93afeda678,"blq_handling_policy,cmt_analyte_policy,dual_cmt_policy",Y,Y,Y,Y,Y,Y,Y,Y,Y,N,N,N,N,Y,N,N,N,N,Y,N,N,Y,Y,N,N,N,N,N,N,N
038c3ac8db23,F22,QUARANTINE,Q15B,QUARANTINE_LEGACY_FLAG_UNDOC_Q15B,459af0d7d91c,fc80a095c5ee,q_code,Y,Y,Y,Y,Y,Y,Y,Y,N,N,N,N,N,N,N,N,N,N,N,N,N,Y,Y,Y,N,N,N,N,N,N
c260bb9d96e4,F01,QUARANTINE,Q15A,QUARANTINE_BIO_FINAL_FLAG_Q15A,459af0d7d91c,0ff39de5a52e,q_code,Y,Y,Y,Y,N,Y,Y,Y,N,N,N,N,N,N,N,N,N,N,N,N,Y,N,N,N,N,N,N,N,N,N
58ffff75d3be,F01,QUARANTINE,Q15A,QUARANTINE_BIO_FINAL_FLAG_Q15A,459af0d7d91c,0ff39de5a52e,q_code,Y,Y,Y,Y,N,Y,Y,Y,N,N,N,N,N,N,N,N,N,N,N,N,Y,N,N,Y,N,N,N,N,N,N
6377f73407b2,F01,QUARANTINE,Q15A,QUARANTINE_BIO_FINAL_FLAG_Q15A,459af0d7d91c,0ff39de5a52e,q_code,Y,Y,Y,Y,N,Y,Y,Y,N,N,N,N,N,N,N,N,N,N,N,N,Y,Y,N,N,N,N,N,N,N,N
ddb33cb7bb10,F01,QUARANTINE,Q15A,QUARANTINE_BIO_FINAL_FLAG_Q15A,459af0d7d91c,0ff39de5a52e,q_code,Y,Y,Y,Y,N,Y,Y,Y,N,N,N,N,N,N,N,N,N,N,N,N,Y,Y,N,Y,N,N,N,N,N,N
54a84aeb535f,F22,QUARANTINE,Q15A,QUARANTINE_BIO_FINAL_FLAG_Q15A,459af0d7d91c,0ff39de5a52e,q_code,Y,Y,Y,Y,N,Y,Y,Y,N,N,N,N,N,N,N,N,N,N,N,N,Y,Y,Y,N,N,N,N,N,N,N
4294214479d6,F22,QUARANTINE,Q15A,QUARANTINE_BIO_FINAL_FLAG_Q15A,459af0d7d91c,0ff39de5a52e,q_code,Y,Y,Y,Y,N,Y,Y,Y,N,N,N,N,N,N,N,N,N,N,N,N,Y,Y,Y,Y,N,N,N,N,N,N
9a478d270948,F01,AUTO,,AUTO_F01_MAB,375dc3d886a9,44136fa355b3,,Y,Y,Y,Y,Y,Y,Y,Y,Y,N,N,N,N,N,N,N,N,N,N,N,N,N,N,N,Y,N,N,N,N,N
5ed735f9cf54,F01,QUARANTINE,Q15B,QUARANTINE_ADDL_CONFLICT_Q15B,459af0d7d91c,fc80a095c5ee,q_code,Y,Y,Y,Y,Y,Y,Y,Y,N,N,N,N,N,N,N,N,N,N,N,N,N,N,N,Y,Y,N,N,N,N,N
a1c23aedb85a,F01,REPAIR,,REPAIR_F01_CMTM,625092f45d69,3d9b119a827c,cmt_analyte_policy,Y,Y,Y,Y,Y,Y,Y,Y,Y,N,N,N,N,N,N,N,N,N,Y,N,N,Y,N,N,Y,N,N,N,N,N
c30046824d29,F01,QUARANTINE,Q15B,QUARANTINE_ADDL_CONFLICT_Q15B,459af0d7d91c,fc80a095c5ee,q_code,Y,Y,Y,Y,Y,Y,Y,Y,N,N,N,N,N,N,N,N,N,N,N,N,N,Y,N,Y,Y,N,N,N,N,N
78ac0951d47a,F22,REPAIR,,REPAIR_F22_DDIVP,9778a409567c,3b6e37a453cb,"cmt_analyte_policy,dual_cmt_policy",Y,Y,Y,Y,Y,Y,Y,Y,Y,N,N,N,N,N,N,N,N,N,Y,N,N,Y,Y,N,Y,N,N,N,N,N
9bc1de486cba,F22,QUARANTINE,Q15B,QUARANTINE_ADDL_CONFLICT_Q15B,459af0d7d91c,fc80a095c5ee,q_code,Y,Y,Y,Y,Y,Y,Y,Y,N,N,N,N,N,N,N,N,N,N,N,N,N,Y,Y,Y,Y,N,N,N,N,N
61687849f09d,F01,REPAIR,,REPAIR_F01_BLQ,f67c49c740b6,5598114a142c,blq_handling_policy,Y,Y,Y,Y,Y,Y,Y,Y,Y,N,N,N,N,Y,N,N,N,N,N,N,N,N,N,N,Y,N,N,N,N,N
8ae6de9bb199,F01,QUARANTINE,Q15B,QUARANTINE_ADDL_CONFLICT_Q15B,459af0d7d91c,fc80a095c5ee,q_code,Y,Y,Y,Y,Y,Y,Y,Y,N,N,N,N,N,N,N,N,N,N,N,N,N,N,N,Y,Y,N,N,N,N,N
5d82715d2868,F01,REPAIR,,REPAIR_F01_BLQ_CMTM,ad950bea7a00,b0d8a8150750,"blq_handling_policy,cmt_analyte_policy",Y,Y,Y,Y,Y,Y,Y,Y,Y,N,N,N,N,Y,N,N,N,N,Y,N,N,Y,N,N,Y,N,N,N,N,N
ce9d43977ee6,F01,QUARANTINE,Q15B,QUARANTINE_ADDL_CONFLICT_Q15B,459af0d7d91c,fc80a095c5ee,q_code,Y,Y,Y,Y,Y,Y,Y,Y,N,N,N,N,N,N,N,N,N,N,N,N,N,Y,N,Y,Y,N,N,N,N,N
5337fe40c04f,F22,REPAIR,,REPAIR_F22_BLQ_DDIVP,f452000cd78c,1a93afeda678,"blq_handling_policy,cmt_analyte_policy,dual_cmt_policy",Y,Y,Y,Y,Y,Y,Y,Y,Y,N,N,N,N,Y,N,N,N,N,Y,N,N,Y,Y,N,Y,N,N,N,N,N
62dd04426b55,F22,QUARANTINE,Q15B,QUARANTINE_ADDL_CONFLICT_Q15B,459af0d7d91c,fc80a095c5ee,q_code,Y,Y,Y,Y,Y,Y,Y,Y,N,N,N,N,N,N,N,N,N,N,N,N,N,Y,Y,Y,Y,N,N,N,N,N
505ada0e05c3,F01,QUARANTINE,Q15A,QUARANTINE_BIO_FINAL_FLAG_Q15A,459af0d7d91c,0ff39de5a52e,q_code,Y,Y,Y,Y,N,Y,Y,Y,N,N,N,N,N,N,N,N,N,N,N,N,Y,N,N,N,Y,N,N,N,N,N
153379dbf0d3,F01,QUARANTINE,Q15A,QUARANTINE_BIO_FINAL_FLAG_Q15A,459af0d7d91c,0ff39de5a52e,q_code,Y,Y,Y,Y,N,Y,Y,Y,N,N,N,N,N,N,N,N,N,N,N,N,Y,N,N,Y,Y,N,N,N,N,N
a7be64ff25e1,F01,QUARANTINE,Q15A,QUARANTINE_BIO_FINAL_FLAG_Q15A,459af0d7d91c,0ff39de5a52e,q_code,Y,Y,Y,Y,N,Y,Y,Y,N,N,N,N,N,N,N,N,N,N,N,N,Y,Y,N,N,Y,N,N,N,N,N
3639c965ba8f,F01,QUARANTINE,Q15A,QUARANTINE_BIO_FINAL_FLAG_Q15A,459af0d7d91c,0ff39de5a52e,q_code,Y,Y,Y,Y,N,Y,Y,Y,N,N,N,N,N,N,N,N,N,N,N,N,Y,Y,N,Y,Y,N,N,N,N,N
d7a8b0383387,F22,QUARANTINE,Q15A,QUARANTINE_BIO_FINAL_FLAG_Q15A,459af0d7d91c,0ff39de5a52e,q_code,Y,Y,Y,Y,N,Y,Y,Y,N,N,N,N,N,N,N,N,N,N,N,N,Y,Y,Y,N,Y,N,N,N,N,N
626118e47a43,F22,QUARANTINE,Q15A,QUARANTINE_BIO_FINAL_FLAG_Q15A,459af0d7d91c,0ff39de5a52e,q_code,Y,Y,Y,Y,N,Y,Y,Y,N,N,N,N,N,N,N,N,N,N,N,N,Y,Y,Y,Y,Y,N,N,N,N,N
99cc0706f404,F01,AUTO,,AUTO_F01_ADC,375dc3d886a9,44136fa355b3,,Y,Y,Y,Y,Y,Y,Y,Y,Y,N,N,N,Y,N,N,N,N,N,N,N,N,N,N,N,N,Y,N,N,N,N
4fb6099a53d4,F01,QUARANTINE,Q15B,QUARANTINE_LEGACY_FLAG_UNDOC_Q15B,459af0d7d91c,fc80a095c5ee,q_code,Y,Y,Y,Y,Y,Y,Y,Y,N,N,N,N,Y,N,N,N,N,N,N,N,N,N,N,Y,N,Y,N,N,N,N
ad1b02cb5ce0,F24,REPAIR,,REPAIR_F24_CMTROLE,067eec0a7a08,835c27d30e59,"analyte_role_declaration,cmt_analyte_policy",Y,Y,Y,Y,Y,Y,Y,Y,Y,N,N,N,Y,N,N,N,N,N,Y,N,N,Y,N,N,N,Y,Y,N,N,N
94e036c9aa28,F24,QUARANTINE,Q16,QUARANTINE_ANALYTE_ROLE_MISSING_Q16,459af0d7d91c,9d9b4b667195,q_code,Y,Y,Y,Y,N,Y,Y,Y,N,N,N,N,Y,N,N,N,N,N,N,N,N,Y,N,N,N,Y,N,N,N,N
9f2c3e58bea3,F24,QUARANTINE,Q15B,QUARANTINE_LEGACY_FLAG_UNDOC_Q15B,459af0d7d91c,fc80a095c5ee,q_code,Y,Y,Y,Y,Y,Y,Y,Y,N,N,N,N,Y,N,N,N,N,N,N,N,N,Y,N,Y,N,Y,N,N,N,N
8235291cec07,F24,QUARANTINE,Q16,QUARANTINE_ANALYTE_ROLE_MISSING_Q16,459af0d7d91c,9d9b4b667195,q_code,Y,Y,Y,Y,N,Y,Y,Y,N,N,N,N,Y,N,N,N,N,N,N,N,N,Y,N,Y,N,Y,N,N,N,N
a2b3ded4c6da,F22,REPAIR,,REPAIR_F22_DDIVP,9778a409567c,3b6e37a453cb,"cmt_analyte_policy,dual_cmt_policy",Y,Y,Y,Y,Y,Y,Y,Y,Y,N,N,N,Y,N,N,N,N,N,Y,N,N,Y,Y,N,N,Y,N,N,N,N
e50d0822198b,F22,QUARANTINE,Q16,QUARANTINE_ANALYTE_ROLE_MISSING_Q16,459af0d7d91c,9d9b4b667195,q_code,Y,Y,Y,Y,N,Y,Y,Y,N,N,N,N,Y,N,N,N,N,N,N,N,N,Y,Y,N,N,Y,N,N,N,N
75a650dec339,F22,QUARANTINE,Q15B,QUARANTINE_LEGACY_FLAG_UNDOC_Q15B,459af0d7d91c,fc80a095c5ee,q_code,Y,Y,Y,Y,Y,Y,Y,Y,N,N,N,N,Y,N,N,N,N,N,N,N,N,Y,Y,Y,N,Y,N,N,N,N
5e9c27ca3eb6,F22,QUARANTINE,Q16,QUARANTINE_ANALYTE_ROLE_MISSING_Q16,459af0d7d91c,9d9b4b667195,q_code,Y,Y,Y,Y,N,Y,Y,Y,N,N,N,N,Y,N,N,N,N,N,N,N,N,Y,Y,Y,N,Y,N,N,N,N
e6ff4d675eb5,F01,REPAIR,,REPAIR_F01_BLQ,f67c49c740b6,5598114a142c,blq_handling_policy,Y,Y,Y,Y,Y,Y,Y,Y,Y,N,N,N,Y,Y,N,N,N,N,N,N,N,N,N,N,N,Y,N,N,N,N
b38bbef80327,F01,QUARANTINE,Q15B,QUARANTINE_LEGACY_FLAG_UNDOC_Q15B,459af0d7d91c,fc80a095c5ee,q_code,Y,Y,Y,Y,Y,Y,Y,Y,N,N,N,N,Y,N,N,N,N,N,N,N,N,N,N,Y,N,Y,N,N,N,N
23bc3bc65f83,F24,REPAIR,,REPAIR_F24_BLQ_CMTROLE,b0a07c38e805,0fb8c6d4335c,"analyte_role_declaration,blq_handling_policy,cmt_analyte_policy",Y,Y,Y,Y,Y,Y,Y,Y,Y,N,N,N,Y,Y,N,N,N,N,Y,N,N,Y,N,N,N,Y,Y,N,N,N
1e8a6811c332,F24,QUARANTINE,Q16,QUARANTINE_ANALYTE_ROLE_MISSING_Q16,459af0d7d91c,9d9b4b667195,q_code,Y,Y,Y,Y,N,Y,Y,Y,N,N,N,N,Y,N,N,N,N,N,N,N,N,Y,N,N,N,Y,N,N,N,N
ecab76223d2d,F24,QUARANTINE,Q15B,QUARANTINE_LEGACY_FLAG_UNDOC_Q15B,459af0d7d91c,fc80a095c5ee,q_code,Y,Y,Y,Y,Y,Y,Y,Y,N,N,N,N,Y,N,N,N,N,N,N,N,N,Y,N,Y,N,Y,N,N,N,N
c19cc67991b6,F24,QUARANTINE,Q16,QUARANTINE_ANALYTE_ROLE_MISSING_Q16,459af0d7d91c,9d9b4b667195,q_code,Y,Y,Y,Y,N,Y,Y,Y,N,N,N,N,Y,N,N,N,N,N,N,N,N,Y,N,Y,N,Y,N,N,N,N
6f81dd6bc07d,F22,REPAIR,,REPAIR_F22_BLQ_DDIVP,f452000cd78c,1a93afeda678,"blq_handling_policy,cmt_analyte_policy,dual_cmt_policy",Y,Y,Y,Y,Y,Y,Y,Y,Y,N,N,N,Y,Y,N,N,N,N,Y,N,N,Y,Y,N,N,Y,N,N,N,N
73ea552a3f99,F22,QUARANTINE,Q16,QUARANTINE_ANALYTE_ROLE_MISSING_Q16,459af0d7d91c,9d9b4b667195,q_code,Y,Y,Y,Y,N,Y,Y,Y,N,N,N,N,Y,N,N,N,N,N,N,N,N,Y,Y,N,N,Y,N,N,N,N
45474dd46c5a,F22,QUARANTINE,Q15B,QUARANTINE_LEGACY_FLAG_UNDOC_Q15B,459af0d7d91c,fc80a095c5ee,q_code,Y,Y,Y,Y,Y,Y,Y,Y,N,N,N,N,Y,N,N,N,N,N,N,N,N,Y,Y,Y,N,Y,N,N,N,N
dffe69f32fe7,F22,QUARANTINE,Q16,QUARANTINE_ANALYTE_ROLE_MISSING_Q16,459af0d7d91c,9d9b4b667195,q_code,Y,Y,Y,Y,N,Y,Y,Y,N,N,N,N,Y,N,N,N,N,N,N,N,N,Y,Y,Y,N,Y,N,N,N,N
77adb7ad9abc,F01,QUARANTINE,Q15A,QUARANTINE_BIO_FINAL_FLAG_Q15A,459af0d7d91c,0ff39de5a52e,q_code,Y,Y,Y,Y,N,Y,Y,Y,N,N,N,N,Y,N,N,N,N,N,N,N,Y,N,N,N,N,Y,N,N,N,N
359ceb1ecebd,F01,QUARANTINE,Q15A,QUARANTINE_BIO_FINAL_FLAG_Q15A,459af0d7d91c,0ff39de5a52e,q_code,Y,Y,Y,Y,N,Y,Y,Y,N,N,N,N,Y,N,N,N,N,N,N,N,Y,N,N,Y,N,Y,N,N,N,N
bb957bdce84d,F24,QUARANTINE,Q15A,QUARANTINE_BIO_FINAL_FLAG_Q15A,459af0d7d91c,0ff39de5a52e,q_code,Y,Y,Y,Y,N,Y,Y,Y,N,N,N,N,Y,N,N,N,N,N,N,N,Y,Y,N,N,N,Y,N,N,N,N
d60f462aa054,F24,QUARANTINE,Q15A,QUARANTINE_BIO_FINAL_FLAG_Q15A,459af0d7d91c,0ff39de5a52e,q_code,Y,Y,Y,Y,N,Y,Y,Y,N,N,N,N,Y,N,N,N,N,N,N,N,Y,Y,N,N,N,Y,N,N,N,N
984c909e330c,F24,QUARANTINE,Q15A,QUARANTINE_BIO_FINAL_FLAG_Q15A,459af0d7d91c,0ff39de5a52e,q_code,Y,Y,Y,Y,N,Y,Y,Y,N,N,N,N,Y,N,N,N,N,N,N,N,Y,Y,N,Y,N,Y,N,N,N,N
67e3db2f7790,F24,QUARANTINE,Q15A,QUARANTINE_BIO_FINAL_FLAG_Q15A,459af0d7d91c,0ff39de5a52e,q_code,Y,Y,Y,Y,N,Y,Y,Y,N,N,N,N,Y,N,N,N,N,N,N,N,Y,Y,N,Y,N,Y,N,N,N,N
0f801f08010d,F22,QUARANTINE,Q15A,QUARANTINE_BIO_FINAL_FLAG_Q15A,459af0d7d91c,0ff39de5a52e,q_code,Y,Y,Y,Y,N,Y,Y,Y,N,N,N,N,Y,N,N,N,N,N,N,N,Y,Y,Y,N,N,Y,N,N,N,N
ef8db80f1222,F22,QUARANTINE,Q15A,QUARANTINE_BIO_FINAL_FLAG_Q15A,459af0d7d91c,0ff39de5a52e,q_code,Y,Y,Y,Y,N,Y,Y,Y,N,N,N,N,Y,N,N,N,N,N,N,N,Y,Y,Y,N,N,Y,N,N,N,N
218701598f6f,F22,QUARANTINE,Q15A,QUARANTINE_BIO_FINAL_FLAG_Q15A,459af0d7d91c,0ff39de5a52e,q_code,Y,Y,Y,Y,N,Y,Y,Y,N,N,N,N,Y,N,N,N,N,N,N,N,Y,Y,Y,Y,N,Y,N,N,N,N
a20c54f66f63,F22,QUARANTINE,Q15A,QUARANTINE_BIO_FINAL_FLAG_Q15A,459af0d7d91c,0ff39de5a52e,q_code,Y,Y,Y,Y,N,Y,Y,Y,N,N,N,N,Y,N,N,N,N,N,N,N,Y,Y,Y,Y,N,Y,N,N,N,N
f11bd56f43d0,F01,AUTO,,AUTO_F01_ADC,375dc3d886a9,44136fa355b3,,Y,Y,Y,Y,Y,Y,Y,Y,Y,N,N,N,Y,N,N,N,N,N,N,N,N,N,N,N,Y,Y,N,N,N,N
9ab2458604d5,F01,QUARANTINE,Q15B,QUARANTINE_ADDL_CONFLICT_Q15B,459af0d7d91c,fc80a095c5ee,q_code,Y,Y,Y,Y,Y,Y,Y,Y,N,N,N,N,Y,N,N,N,N,N,N,N,N,N,N,Y,Y,Y,N,N,N,N
218a7501ffa4,F24,REPAIR,,REPAIR_F24_CMTROLE,067eec0a7a08,835c27d30e59,"analyte_role_declaration,cmt_analyte_policy",Y,Y,Y,Y,Y,Y,Y,Y,Y,N,N,N,Y,N,N,N,N,N,Y,N,N,Y,N,N,Y,Y,Y,N,N,N
738191558a0a,F24,QUARANTINE,Q16,QUARANTINE_ADDL_CONFLICT_Q16,459af0d7d91c,9d9b4b667195,q_code,Y,Y,Y,Y,N,Y,Y,Y,N,N,N,N,Y,N,N,N,N,N,N,N,N,Y,N,N,Y,Y,N,N,N,N
6bf0fcff98d2,F24,QUARANTINE,Q15B,QUARANTINE_ADDL_CONFLICT_Q15B,459af0d7d91c,fc80a095c5ee,q_code,Y,Y,Y,Y,Y,Y,Y,Y,N,N,N,N,Y,N,N,N,N,N,N,N,N,Y,N,Y,Y,Y,N,N,N,N
38603854c714,F24,QUARANTINE,Q16,QUARANTINE_ADDL_CONFLICT_Q16,459af0d7d91c,9d9b4b667195,q_code,Y,Y,Y,Y,N,Y,Y,Y,N,N,N,N,Y,N,N,N,N,N,N,N,N,Y,N,Y,Y,Y,N,N,N,N
3a3c855fa37a,F22,REPAIR,,REPAIR_F22_DDIVP,9778a409567c,3b6e37a453cb,"cmt_analyte_policy,dual_cmt_policy",Y,Y,Y,Y,Y,Y,Y,Y,Y,N,N,N,Y,N,N,N,N,N,Y,N,N,Y,Y,N,Y,Y,N,N,N,N
a6faa5da5bca,F22,QUARANTINE,Q16,QUARANTINE_ADDL_CONFLICT_Q16,459af0d7d91c,9d9b4b667195,q_code,Y,Y,Y,Y,N,Y,Y,Y,N,N,N,N,Y,N,N,N,N,N,N,N,N,Y,Y,N,Y,Y,N,N,N,N
e3cfd3b35940,F22,QUARANTINE,Q15B,QUARANTINE_ADDL_CONFLICT_Q15B,459af0d7d91c,fc80a095c5ee,q_code,Y,Y,Y,Y,Y,Y,Y,Y,N,N,N,N,Y,N,N,N,N,N,N,N,N,Y,Y,Y,Y,Y,N,N,N,N
134590cc1f48,F22,QUARANTINE,Q16,QUARANTINE_ADDL_CONFLICT_Q16,459af0d7d91c,9d9b4b667195,q_code,Y,Y,Y,Y,N,Y,Y,Y,N,N,N,N,Y,N,N,N,N,N,N,N,N,Y,Y,Y,Y,Y,N,N,N,N
7f70eb75b8ee,F01,REPAIR,,REPAIR_F01_BLQ,f67c49c740b6,5598114a142c,blq_handling_policy,Y,Y,Y,Y,Y,Y,Y,Y,Y,N,N,N,Y,Y,N,N,N,N,N,N,N,N,N,N,Y,Y,N,N,N,N
c77fdaceda60,F01,QUARANTINE,Q15B,QUARANTINE_ADDL_CONFLICT_Q15B,459af0d7d91c,fc80a095c5ee,q_code,Y,Y,Y,Y,Y,Y,Y,Y,N,N,N,N,Y,N,N,N,N,N,N,N,N,N,N,Y,Y,Y,N,N,N,N
b7119647d16f,F24,REPAIR,,REPAIR_F24_BLQ_CMTROLE,b0a07c38e805,0fb8c6d4335c,"analyte_role_declaration,blq_handling_policy,cmt_analyte_policy",Y,Y,Y,Y,Y,Y,Y,Y,Y,N,N,N,Y,Y,N,N,N,N,Y,N,N,Y,N,N,Y,Y,Y,N,N,N
7439610e4171,F24,QUARANTINE,Q16,QUARANTINE_ADDL_CONFLICT_Q16,459af0d7d91c,9d9b4b667195,q_code,Y,Y,Y,Y,N,Y,Y,Y,N,N,N,N,Y,N,N,N,N,N,N,N,N,Y,N,N,Y,Y,N,N,N,N
8a936d0d9a61,F24,QUARANTINE,Q15B,QUARANTINE_ADDL_CONFLICT_Q15B,459af0d7d91c,fc80a095c5ee,q_code,Y,Y,Y,Y,Y,Y,Y,Y,N,N,N,N,Y,N,N,N,N,N,N,N,N,Y,N,Y,Y,Y,N,N,N,N
b050c6dc1c4b,F24,QUARANTINE,Q16,QUARANTINE_ADDL_CONFLICT_Q16,459af0d7d91c,9d9b4b667195,q_code,Y,Y,Y,Y,N,Y,Y,Y,N,N,N,N,Y,N,N,N,N,N,N,N,N,Y,N,Y,Y,Y,N,N,N,N
512659819466,F22,REPAIR,,REPAIR_F22_BLQ_DDIVP,f452000cd78c,1a93afeda678,"blq_handling_policy,cmt_analyte_policy,dual_cmt_policy",Y,Y,Y,Y,Y,Y,Y,Y,Y,N,N,N,Y,Y,N,N,N,N,Y,N,N,Y,Y,N,Y,Y,N,N,N,N
2be777843e92,F22,QUARANTINE,Q16,QUARANTINE_ADDL_CONFLICT_Q16,459af0d7d91c,9d9b4b667195,q_code,Y,Y,Y,Y,N,Y,Y,Y,N,N,N,N,Y,N,N,N,N,N,N,N,N,Y,Y,N,Y,Y,N,N,N,N
8bc7a57ea736,F22,QUARANTINE,Q15B,QUARANTINE_ADDL_CONFLICT_Q15B,459af0d7d91c,fc80a095c5ee,q_code,Y,Y,Y,Y,Y,Y,Y,Y,N,N,N,N,Y,N,N,N,N,N,N,N,N,Y,Y,Y,Y,Y,N,N,N,N
7d01bdd5c5a0,F22,QUARANTINE,Q16,QUARANTINE_ADDL_CONFLICT_Q16,459af0d7d91c,9d9b4b667195,q_code,Y,Y,Y,Y,N,Y,Y,Y,N,N,N,N,Y,N,N,N,N,N,N,N,N,Y,Y,Y,Y,Y,N,N,N,N
a647d68bc575,F01,QUARANTINE,Q15A,QUARANTINE_BIO_FINAL_FLAG_Q15A,459af0d7d91c,0ff39de5a52e,q_code,Y,Y,Y,Y,N,Y,Y,Y,N,N,N,N,Y,N,N,N,N,N,N,N,Y,N,N,N,Y,Y,N,N,N,N
44af81f67d7b,F01,QUARANTINE,Q15A,QUARANTINE_BIO_FINAL_FLAG_Q15A,459af0d7d91c,0ff39de5a52e,q_code,Y,Y,Y,Y,N,Y,Y,Y,N,N,N,N,Y,N,N,N,N,N,N,N,Y,N,N,Y,Y,Y,N,N,N,N
caaed19a38e2,F24,QUARANTINE,Q15A,QUARANTINE_BIO_FINAL_FLAG_Q15A,459af0d7d91c,0ff39de5a52e,q_code,Y,Y,Y,Y,N,Y,Y,Y,N,N,N,N,Y,N,N,N,N,N,N,N,Y,Y,N,N,Y,Y,N,N,N,N
44ac8a94eea7,F24,QUARANTINE,Q15A,QUARANTINE_BIO_FINAL_FLAG_Q15A,459af0d7d91c,0ff39de5a52e,q_code,Y,Y,Y,Y,N,Y,Y,Y,N,N,N,N,Y,N,N,N,N,N,N,N,Y,Y,N,N,Y,Y,N,N,N,N
447e1b9747a2,F24,QUARANTINE,Q15A,QUARANTINE_BIO_FINAL_FLAG_Q15A,459af0d7d91c,0ff39de5a52e,q_code,Y,Y,Y,Y,N,Y,Y,Y,N,N,N,N,Y,N,N,N,N,N,N,N,Y,Y,N,Y,Y,Y,N,N,N,N
60949c030f1e,F24,QUARANTINE,Q15A,QUARANTINE_BIO_FINAL_FLAG_Q15A,459af0d7d91c,0ff39de5a52e,q_code,Y,Y,Y,Y,N,Y,Y,Y,N,N,N,N,Y,N,N,N,N,N,N,N,Y,Y,N,Y,Y,Y,N,N,N,N
9ce56730b506,F22,QUARANTINE,Q15A,QUARANTINE_BIO_FINAL_FLAG_Q15A,459af0d7d91c,0ff39de5a52e,q_code,Y,Y,Y,Y,N,Y,Y,Y,N,N,N,N,Y,N,N,N,N,N,N,N,Y,Y,Y,N,Y,Y,N,N,N,N
e41690a65ae2,F22,QUARANTINE,Q15A,QUARANTINE_BIO_FINAL_FLAG_Q15A,459af0d7d91c,0ff39de5a52e,q_code,Y,Y,Y,Y,N,Y,Y,Y,N,N,N,N,Y,N,N,N,N,N,N,N,Y,Y,Y,N,Y,Y,N,N,N,N
d0251393d02b,F22,QUARANTINE,Q15A,QUARANTINE_BIO_FINAL_FLAG_Q15A,459af0d7d91c,0ff39de5a52e,q_code,Y,Y,Y,Y,N,Y,Y,Y,N,N,N,N,Y,N,N,N,N,N,N,N,Y,Y,Y,Y,Y,Y,N,N,N,N
34791f7c8e2e,F22,QUARANTINE,Q15A,QUARANTINE_BIO_FINAL_FLAG_Q15A,459af0d7d91c,0ff39de5a52e,q_code,Y,Y,Y,Y,N,Y,Y,Y,N,N,N,N,Y,N,N,N,N,N,N,N,Y,Y,Y,Y,Y,Y,N,N,N,N
84dc0bfad0ae,F01,AUTO,,AUTO_F01_BISPECIFIC,375dc3d886a9,44136fa355b3,,Y,Y,Y,Y,Y,Y,Y,Y,Y,N,N,N,Y,N,N,N,N,N,N,N,N,N,N,N,N,Y,N,N,N,N
0c26d07c6db0,F01,QUARANTINE,Q15B,QUARANTINE_LEGACY_FLAG_UNDOC_Q15B,459af0d7d91c,fc80a095c5ee,q_code,Y,Y,Y,Y,Y,Y,Y,Y,N,N,N,N,Y,N,N,N,N,N,N,N,N,N,N,Y,N,Y,N,N,N,N
bc3e954ba385,F25,REPAIR,,REPAIR_F25_CMTROLE,067eec0a7a08,ea8fdc70131d,"analyte_role_declaration,cmt_analyte_policy",Y,Y,Y,Y,Y,Y,Y,Y,Y,N,N,N,Y,N,N,N,N,N,Y,N,N,Y,N,N,N,Y,Y,N,N,N
18991520b561,F25,QUARANTINE,Q16,QUARANTINE_ANALYTE_ROLE_MISSING_Q16,459af0d7d91c,9d9b4b667195,q_code,Y,Y,Y,Y,N,Y,Y,Y,N,N,N,N,Y,N,N,N,N,N,N,N,N,Y,N,N,N,Y,N,N,N,N
93dd0af7cedd,F25,QUARANTINE,Q15B,QUARANTINE_LEGACY_FLAG_UNDOC_Q15B,459af0d7d91c,fc80a095c5ee,q_code,Y,Y,Y,Y,Y,Y,Y,Y,N,N,N,N,Y,N,N,N,N,N,N,N,N,Y,N,Y,N,Y,N,N,N,N
3eb85101fdf7,F25,QUARANTINE,Q16,QUARANTINE_ANALYTE_ROLE_MISSING_Q16,459af0d7d91c,9d9b4b667195,q_code,Y,Y,Y,Y,N,Y,Y,Y,N,N,N,N,Y,N,N,N,N,N,N,N,N,Y,N,Y,N,Y,N,N,N,N
4a25add00f81,F22,REPAIR,,REPAIR_F22_DDIVP,9778a409567c,3b6e37a453cb,"cmt_analyte_policy,dual_cmt_policy",Y,Y,Y,Y,Y,Y,Y,Y,Y,N,N,N,Y,N,N,N,N,N,Y,N,N,Y,Y,N,N,Y,N,N,N,N
4f3efddd7cd1,F22,QUARANTINE,Q16,QUARANTINE_ANALYTE_ROLE_MISSING_Q16,459af0d7d91c,9d9b4b667195,q_code,Y,Y,Y,Y,N,Y,Y,Y,N,N,N,N,Y,N,N,N,N,N,N,N,N,Y,Y,N,N,Y,N,N,N,N
32310b34a009,F22,QUARANTINE,Q15B,QUARANTINE_LEGACY_FLAG_UNDOC_Q15B,459af0d7d91c,fc80a095c5ee,q_code,Y,Y,Y,Y,Y,Y,Y,Y,N,N,N,N,Y,N,N,N,N,N,N,N,N,Y,Y,Y,N,Y,N,N,N,N
f6c2d630ffe5,F22,QUARANTINE,Q16,QUARANTINE_ANALYTE_ROLE_MISSING_Q16,459af0d7d91c,9d9b4b667195,q_code,Y,Y,Y,Y,N,Y,Y,Y,N,N,N,N,Y,N,N,N,N,N,N,N,N,Y,Y,Y,N,Y,N,N,N,N
e6688edd690f,F01,REPAIR,,REPAIR_F01_BLQ,f67c49c740b6,5598114a142c,blq_handling_policy,Y,Y,Y,Y,Y,Y,Y,Y,Y,N,N,N,Y,Y,N,N,N,N,N,N,N,N,N,N,N,Y,N,N,N,N
d77bea60c680,F01,QUARANTINE,Q15B,QUARANTINE_LEGACY_FLAG_UNDOC_Q15B,459af0d7d91c,fc80a095c5ee,q_code,Y,Y,Y,Y,Y,Y,Y,Y,N,N,N,N,Y,N,N,N,N,N,N,N,N,N,N,Y,N,Y,N,N,N,N
d16d99d6d48c,F25,REPAIR,,REPAIR_F25_BLQ_CMTROLE,b0a07c38e805,4bdf45aaf340,"analyte_role_declaration,blq_handling_policy,cmt_analyte_policy",Y,Y,Y,Y,Y,Y,Y,Y,Y,N,N,N,Y,Y,N,N,N,N,Y,N,N,Y,N,N,N,Y,Y,N,N,N
f452b4197db6,F25,QUARANTINE,Q16,QUARANTINE_ANALYTE_ROLE_MISSING_Q16,459af0d7d91c,9d9b4b667195,q_code,Y,Y,Y,Y,N,Y,Y,Y,N,N,N,N,Y,N,N,N,N,N,N,N,N,Y,N,N,N,Y,N,N,N,N
159c1dfc38ee,F25,QUARANTINE,Q15B,QUARANTINE_LEGACY_FLAG_UNDOC_Q15B,459af0d7d91c,fc80a095c5ee,q_code,Y,Y,Y,Y,Y,Y,Y,Y,N,N,N,N,Y,N,N,N,N,N,N,N,N,Y,N,Y,N,Y,N,N,N,N
2383d357ff7f,F25,QUARANTINE,Q16,QUARANTINE_ANALYTE_ROLE_MISSING_Q16,459af0d7d91c,9d9b4b667195,q_code,Y,Y,Y,Y,N,Y,Y,Y,N,N,N,N,Y,N,N,N,N,N,N,N,N,Y,N,Y,N,Y,N,N,N,N
015bf001e289,F22,REPAIR,,REPAIR_F22_BLQ_DDIVP,f452000cd78c,1a93afeda678,"blq_handling_policy,cmt_analyte_policy,dual_cmt_policy",Y,Y,Y,Y,Y,Y,Y,Y,Y,N,N,N,Y,Y,N,N,N,N,Y,N,N,Y,Y,N,N,Y,N,N,N,N
d4038d302153,F22,QUARANTINE,Q16,QUARANTINE_ANALYTE_ROLE_MISSING_Q16,459af0d7d91c,9d9b4b667195,q_code,Y,Y,Y,Y,N,Y,Y,Y,N,N,N,N,Y,N,N,N,N,N,N,N,N,Y,Y,N,N,Y,N,N,N,N
337ceed0a0e8,F22,QUARANTINE,Q15B,QUARANTINE_LEGACY_FLAG_UNDOC_Q15B,459af0d7d91c,fc80a095c5ee,q_code,Y,Y,Y,Y,Y,Y,Y,Y,N,N,N,N,Y,N,N,N,N,N,N,N,N,Y,Y,Y,N,Y,N,N,N,N
e1f15bd3d8dc,F22,QUARANTINE,Q16,QUARANTINE_ANALYTE_ROLE_MISSING_Q16,459af0d7d91c,9d9b4b667195,q_code,Y,Y,Y,Y,N,Y,Y,Y,N,N,N,N,Y,N,N,N,N,N,N,N,N,Y,Y,Y,N,Y,N,N,N,N
3ce560e3ad64,F01,QUARANTINE,Q15A,QUARANTINE_BIO_FINAL_FLAG_Q15A,459af0d7d91c,0ff39de5a52e,q_code,Y,Y,Y,Y,N,Y,Y,Y,N,N,N,N,Y,N,N,N,N,N,N,N,Y,N,N,N,N,Y,N,N,N,N
0b9f013549b6,F01,QUARANTINE,Q15A,QUARANTINE_BIO_FINAL_FLAG_Q15A,459af0d7d91c,0ff39de5a52e,q_code,Y,Y,Y,Y,N,Y,Y,Y,N,N,N,N,Y,N,N,N,N,N,N,N,Y,N,N,Y,N,Y,N,N,N,N
d9a27d72f6a8,F25,QUARANTINE,Q15A,QUARANTINE_BIO_FINAL_FLAG_Q15A,459af0d7d91c,0ff39de5a52e,q_code,Y,Y,Y,Y,N,Y,Y,Y,N,N,N,N,Y,N,N,N,N,N,N,N,Y,Y,N,N,N,Y,N,N,N,N
8a3b5e1d01cf,F25,QUARANTINE,Q15A,QUARANTINE_BIO_FINAL_FLAG_Q15A,459af0d7d91c,0ff39de5a52e,q_code,Y,Y,Y,Y,N,Y,Y,Y,N,N,N,N,Y,N,N,N,N,N,N,N,Y,Y,N,N,N,Y,N,N,N,N
1bebca43f3c7,F25,QUARANTINE,Q15A,QUARANTINE_BIO_FINAL_FLAG_Q15A,459af0d7d91c,0ff39de5a52e,q_code,Y,Y,Y,Y,N,Y,Y,Y,N,N,N,N,Y,N,N,N,N,N,N,N,Y,Y,N,Y,N,Y,N,N,N,N
337567d72316,F25,QUARANTINE,Q15A,QUARANTINE_BIO_FINAL_FLAG_Q15A,459af0d7d91c,0ff39de5a52e,q_code,Y,Y,Y,Y,N,Y,Y,Y,N,N,N,N,Y,N,N,N,N,N,N,N,Y,Y,N,Y,N,Y,N,N,N,N
d1a166b95a3c,F22,QUARANTINE,Q15A,QUARANTINE_BIO_FINAL_FLAG_Q15A,459af0d7d91c,0ff39de5a52e,q_code,Y,Y,Y,Y,N,Y,Y,Y,N,N,N,N,Y,N,N,N,N,N,N,N,Y,Y,Y,N,N,Y,N,N,N,N
871c317f63b5,F22,QUARANTINE,Q15A,QUARANTINE_BIO_FINAL_FLAG_Q15A,459af0d7d91c,0ff39de5a52e,q_code,Y,Y,Y,Y,N,Y,Y,Y,N,N,N,N,Y,N,N,N,N,N,N,N,Y,Y,Y,N,N,Y,N,N,N,N
0e261193b49a,F22,QUARANTINE,Q15A,QUARANTINE_BIO_FINAL_FLAG_Q15A,459af0d7d91c,0ff39de5a52e,q_code,Y,Y,Y,Y,N,Y,Y,Y,N,N,N,N,Y,N,N,N,N,N,N,N,Y,Y,Y,Y,N,Y,N,N,N,N
661871aca086,F22,QUARANTINE,Q15A,QUARANTINE_BIO_FINAL_FLAG_Q15A,459af0d7d91c,0ff39de5a52e,q_code,Y,Y,Y,Y,N,Y,Y,Y,N,N,N,N,Y,N,N,N,N,N,N,N,Y,Y,Y,Y,N,Y,N,N,N,N
3649aeeb31c9,F01,AUTO,,AUTO_F01_BISPECIFIC,375dc3d886a9,44136fa355b3,,Y,Y,Y,Y,Y,Y,Y,Y,Y,N,N,N,Y,N,N,N,N,N,N,N,N,N,N,N,Y,Y,N,N,N,N
af9a2efa8f53,F01,QUARANTINE,Q15B,QUARANTINE_ADDL_CONFLICT_Q15B,459af0d7d91c,fc80a095c5ee,q_code,Y,Y,Y,Y,Y,Y,Y,Y,N,N,N,N,Y,N,N,N,N,N,N,N,N,N,N,Y,Y,Y,N,N,N,N
01e7bd849ad8,F25,REPAIR,,REPAIR_F25_CMTROLE,067eec0a7a08,ea8fdc70131d,"analyte_role_declaration,cmt_analyte_policy",Y,Y,Y,Y,Y,Y,Y,Y,Y,N,N,N,Y,N,N,N,N,N,Y,N,N,Y,N,N,Y,Y,Y,N,N,N
636533b390d5,F25,QUARANTINE,Q16,QUARANTINE_ADDL_CONFLICT_Q16,459af0d7d91c,9d9b4b667195,q_code,Y,Y,Y,Y,N,Y,Y,Y,N,N,N,N,Y,N,N,N,N,N,N,N,N,Y,N,N,Y,Y,N,N,N,N
a62fa8159c51,F25,QUARANTINE,Q15B,QUARANTINE_ADDL_CONFLICT_Q15B,459af0d7d91c,fc80a095c5ee,q_code,Y,Y,Y,Y,Y,Y,Y,Y,N,N,N,N,Y,N,N,N,N,N,N,N,N,Y,N,Y,Y,Y,N,N,N,N
405776760eb9,F25,QUARANTINE,Q16,QUARANTINE_ADDL_CONFLICT_Q16,459af0d7d91c,9d9b4b667195,q_code,Y,Y,Y,Y,N,Y,Y,Y,N,N,N,N,Y,N,N,N,N,N,N,N,N,Y,N,Y,Y,Y,N,N,N,N
2191f7bfdfc3,F22,REPAIR,,REPAIR_F22_DDIVP,9778a409567c,3b6e37a453cb,"cmt_analyte_policy,dual_cmt_policy",Y,Y,Y,Y,Y,Y,Y,Y,Y,N,N,N,Y,N,N,N,N,N,Y,N,N,Y,Y,N,Y,Y,N,N,N,N
6835fe6e3469,F22,QUARANTINE,Q16,QUARANTINE_ADDL_CONFLICT_Q16,459af0d7d91c,9d9b4b667195,q_code,Y,Y,Y,Y,N,Y,Y,Y,N,N,N,N,Y,N,N,N,N,N,N,N,N,Y,Y,N,Y,Y,N,N,N,N
0976275b8c97,F22,QUARANTINE,Q15B,QUARANTINE_ADDL_CONFLICT_Q15B,459af0d7d91c,fc80a095c5ee,q_code,Y,Y,Y,Y,Y,Y,Y,Y,N,N,N,N,Y,N,N,N,N,N,N,N,N,Y,Y,Y,Y,Y,N,N,N,N
92fb5ee79430,F22,QUARANTINE,Q16,QUARANTINE_ADDL_CONFLICT_Q16,459af0d7d91c,9d9b4b667195,q_code,Y,Y,Y,Y,N,Y,Y,Y,N,N,N,N,Y,N,N,N,N,N,N,N,N,Y,Y,Y,Y,Y,N,N,N,N
f3caa511112e,F01,REPAIR,,REPAIR_F01_BLQ,f67c49c740b6,5598114a142c,blq_handling_policy,Y,Y,Y,Y,Y,Y,Y,Y,Y,N,N,N,Y,Y,N,N,N,N,N,N,N,N,N,N,Y,Y,N,N,N,N
d66f0ce572d3,F01,QUARANTINE,Q15B,QUARANTINE_ADDL_CONFLICT_Q15B,459af0d7d91c,fc80a095c5ee,q_code,Y,Y,Y,Y,Y,Y,Y,Y,N,N,N,N,Y,N,N,N,N,N,N,N,N,N,N,Y,Y,Y,N,N,N,N
af23ef95cf7c,F25,REPAIR,,REPAIR_F25_BLQ_CMTROLE,b0a07c38e805,4bdf45aaf340,"analyte_role_declaration,blq_handling_policy,cmt_analyte_policy",Y,Y,Y,Y,Y,Y,Y,Y,Y,N,N,N,Y,Y,N,N,N,N,Y,N,N,Y,N,N,Y,Y,Y,N,N,N
d5c2f20560e7,F25,QUARANTINE,Q16,QUARANTINE_ADDL_CONFLICT_Q16,459af0d7d91c,9d9b4b667195,q_code,Y,Y,Y,Y,N,Y,Y,Y,N,N,N,N,Y,N,N,N,N,N,N,N,N,Y,N,N,Y,Y,N,N,N,N
a09d47f79d04,F25,QUARANTINE,Q15B,QUARANTINE_ADDL_CONFLICT_Q15B,459af0d7d91c,fc80a095c5ee,q_code,Y,Y,Y,Y,Y,Y,Y,Y,N,N,N,N,Y,N,N,N,N,N,N,N,N,Y,N,Y,Y,Y,N,N,N,N
96661e948ab1,F25,QUARANTINE,Q16,QUARANTINE_ADDL_CONFLICT_Q16,459af0d7d91c,9d9b4b667195,q_code,Y,Y,Y,Y,N,Y,Y,Y,N,N,N,N,Y,N,N,N,N,N,N,N,N,Y,N,Y,Y,Y,N,N,N,N
434ebee60156,F22,REPAIR,,REPAIR_F22_BLQ_DDIVP,f452000cd78c,1a93afeda678,"blq_handling_policy,cmt_analyte_policy,dual_cmt_policy",Y,Y,Y,Y,Y,Y,Y,Y,Y,N,N,N,Y,Y,N,N,N,N,Y,N,N,Y,Y,N,Y,Y,N,N,N,N
5de4c3f163cc,F22,QUARANTINE,Q16,QUARANTINE_ADDL_CONFLICT_Q16,459af0d7d91c,9d9b4b667195,q_code,Y,Y,Y,Y,N,Y,Y,Y,N,N,N,N,Y,N,N,N,N,N,N,N,N,Y,Y,N,Y,Y,N,N,N,N
6bcb4fd16ab6,F22,QUARANTINE,Q15B,QUARANTINE_ADDL_CONFLICT_Q15B,459af0d7d91c,fc80a095c5ee,q_code,Y,Y,Y,Y,Y,Y,Y,Y,N,N,N,N,Y,N,N,N,N,N,N,N,N,Y,Y,Y,Y,Y,N,N,N,N
44fd77087ee7,F22,QUARANTINE,Q16,QUARANTINE_ADDL_CONFLICT_Q16,459af0d7d91c,9d9b4b667195,q_code,Y,Y,Y,Y,N,Y,Y,Y,N,N,N,N,Y,N,N,N,N,N,N,N,N,Y,Y,Y,Y,Y,N,N,N,N
30c09510a3ad,F01,QUARANTINE,Q15A,QUARANTINE_BIO_FINAL_FLAG_Q15A,459af0d7d91c,0ff39de5a52e,q_code,Y,Y,Y,Y,N,Y,Y,Y,N,N,N,N,Y,N,N,N,N,N,N,N,Y,N,N,N,Y,Y,N,N,N,N
a80d531a9045,F01,QUARANTINE,Q15A,QUARANTINE_BIO_FINAL_FLAG_Q15A,459af0d7d91c,0ff39de5a52e,q_code,Y,Y,Y,Y,N,Y,Y,Y,N,N,N,N,Y,N,N,N,N,N,N,N,Y,N,N,Y,Y,Y,N,N,N,N
8ffa895096f1,F25,QUARANTINE,Q15A,QUARANTINE_BIO_FINAL_FLAG_Q15A,459af0d7d91c,0ff39de5a52e,q_code,Y,Y,Y,Y,N,Y,Y,Y,N,N,N,N,Y,N,N,N,N,N,N,N,Y,Y,N,N,Y,Y,N,N,N,N
42a94bfb09ee,F25,QUARANTINE,Q15A,QUARANTINE_BIO_FINAL_FLAG_Q15A,459af0d7d91c,0ff39de5a52e,q_code,Y,Y,Y,Y,N,Y,Y,Y,N,N,N,N,Y,N,N,N,N,N,N,N,Y,Y,N,N,Y,Y,N,N,N,N
1c81cc3b0725,F25,QUARANTINE,Q15A,QUARANTINE_BIO_FINAL_FLAG_Q15A,459af0d7d91c,0ff39de5a52e,q_code,Y,Y,Y,Y,N,Y,Y,Y,N,N,N,N,Y,N,N,N,N,N,N,N,Y,Y,N,Y,Y,Y,N,N,N,N
6571fffa8c4a,F25,QUARANTINE,Q15A,QUARANTINE_BIO_FINAL_FLAG_Q15A,459af0d7d91c,0ff39de5a52e,q_code,Y,Y,Y,Y,N,Y,Y,Y,N,N,N,N,Y,N,N,N,N,N,N,N,Y,Y,N,Y,Y,Y,N,N,N,N
0fa81f8127b6,F22,QUARANTINE,Q15A,QUARANTINE_BIO_FINAL_FLAG_Q15A,459af0d7d91c,0ff39de5a52e,q_code,Y,Y,Y,Y,N,Y,Y,Y,N,N,N,N,Y,N,N,N,N,N,N,N,Y,Y,Y,N,Y,Y,N,N,N,N
cc270394e342,F22,QUARANTINE,Q15A,QUARANTINE_BIO_FINAL_FLAG_Q15A,459af0d7d91c,0ff39de5a52e,q_code,Y,Y,Y,Y,N,Y,Y,Y,N,N,N,N,Y,N,N,N,N,N,N,N,Y,Y,Y,N,Y,Y,N,N,N,N
33621408c075,F22,QUARANTINE,Q15A,QUARANTINE_BIO_FINAL_FLAG_Q15A,459af0d7d91c,0ff39de5a52e,q_code,Y,Y,Y,Y,N,Y,Y,Y,N,N,N,N,Y,N,N,N,N,N,N,N,Y,Y,Y,Y,Y,Y,N,N,N,N
45360b590cde,F22,QUARANTINE,Q15A,QUARANTINE_BIO_FINAL_FLAG_Q15A,459af0d7d91c,0ff39de5a52e,q_code,Y,Y,Y,Y,N,Y,Y,Y,N,N,N,N,Y,N,N,N,N,N,N,N,Y,Y,Y,Y,Y,Y,N,N,N,N
d464d5f1798e,F01,AUTO,,AUTO_F01_CELL_THERAPY,375dc3d886a9,44136fa355b3,,Y,Y,Y,Y,Y,Y,Y,Y,Y,N,N,N,Y,N,N,N,N,N,N,N,N,N,N,N,N,Y,N,N,N,N
4164957970a0,F01,QUARANTINE,Q15B,QUARANTINE_LEGACY_FLAG_UNDOC_Q15B,459af0d7d91c,fc80a095c5ee,q_code,Y,Y,Y,Y,Y,Y,Y,Y,N,N,N,N,Y,N,N,N,N,N,N,N,N,N,N,Y,N,Y,N,N,N,N
2d63fc501bb3,F01,REPAIR,,REPAIR_F01_CMTROLE,067eec0a7a08,f60410e849b7,"analyte_role_declaration,cmt_analyte_policy",Y,Y,Y,Y,Y,Y,Y,Y,Y,N,N,N,Y,N,N,N,N,N,Y,N,N,Y,N,N,N,Y,Y,N,N,N
75d8b898ad1b,F01,QUARANTINE,Q16,QUARANTINE_ANALYTE_ROLE_MISSING_Q16,459af0d7d91c,9d9b4b667195,q_code,Y,Y,Y,Y,N,Y,Y,Y,N,N,N,N,Y,N,N,N,N,N,N,N,N,Y,N,N,N,Y,N,N,N,N
6315b299db46,F01,QUARANTINE,Q15B,QUARANTINE_LEGACY_FLAG_UNDOC_Q15B,459af0d7d91c,fc80a095c5ee,q_code,Y,Y,Y,Y,Y,Y,Y,Y,N,N,N,N,Y,N,N,N,N,N,N,N,N,Y,N,Y,N,Y,N,N,N,N
c1042983f38a,F01,QUARANTINE,Q16,QUARANTINE_ANALYTE_ROLE_MISSING_Q16,459af0d7d91c,9d9b4b667195,q_code,Y,Y,Y,Y,N,Y,Y,Y,N,N,N,N,Y,N,N,N,N,N,N,N,N,Y,N,Y,N,Y,N,N,N,N
f0a536ceb38c,F22,REPAIR,,REPAIR_F22_DDIVP,9778a409567c,3b6e37a453cb,"cmt_analyte_policy,dual_cmt_policy",Y,Y,Y,Y,Y,Y,Y,Y,Y,N,N,N,Y,N,N,N,N,N,Y,N,N,Y,Y,N,N,Y,N,N,N,N
bd787e88ae1d,F22,QUARANTINE,Q16,QUARANTINE_ANALYTE_ROLE_MISSING_Q16,459af0d7d91c,9d9b4b667195,q_code,Y,Y,Y,Y,N,Y,Y,Y,N,N,N,N,Y,N,N,N,N,N,N,N,N,Y,Y,N,N,Y,N,N,N,N
6c85bda20ef9,F22,QUARANTINE,Q15B,QUARANTINE_LEGACY_FLAG_UNDOC_Q15B,459af0d7d91c,fc80a095c5ee,q_code,Y,Y,Y,Y,Y,Y,Y,Y,N,N,N,N,Y,N,N,N,N,N,N,N,N,Y,Y,Y,N,Y,N,N,N,N
c83d4995ef55,F22,QUARANTINE,Q16,QUARANTINE_ANALYTE_ROLE_MISSING_Q16,459af0d7d91c,9d9b4b667195,q_code,Y,Y,Y,Y,N,Y,Y,Y,N,N,N,N,Y,N,N,N,N,N,N,N,N,Y,Y,Y,N,Y,N,N,N,N
8780d3e26214,F01,REPAIR,,REPAIR_F01_BLQ,f67c49c740b6,5598114a142c,blq_handling_policy,Y,Y,Y,Y,Y,Y,Y,Y,Y,N,N,N,Y,Y,N,N,N,N,N,N,N,N,N,N,N,Y,N,N,N,N
ca285c8f9c57,F01,QUARANTINE,Q15B,QUARANTINE_LEGACY_FLAG_UNDOC_Q15B,459af0d7d91c,fc80a095c5ee,q_code,Y,Y,Y,Y,Y,Y,Y,Y,N,N,N,N,Y,N,N,N,N,N,N,N,N,N,N,Y,N,Y,N,N,N,N
592f60ca12cd,F01,REPAIR,,REPAIR_F01_BLQ_CMTROLE,b0a07c38e805,edd44a84e2e5,"analyte_role_declaration,blq_handling_policy,cmt_analyte_policy",Y,Y,Y,Y,Y,Y,Y,Y,Y,N,N,N,Y,Y,N,N,N,N,Y,N,N,Y,N,N,N,Y,Y,N,N,N
15b255cd32a3,F01,QUARANTINE,Q16,QUARANTINE_ANALYTE_ROLE_MISSING_Q16,459af0d7d91c,9d9b4b667195,q_code,Y,Y,Y,Y,N,Y,Y,Y,N,N,N,N,Y,N,N,N,N,N,N,N,N,Y,N,N,N,Y,N,N,N,N
bdf6afb58584,F01,QUARANTINE,Q15B,QUARANTINE_LEGACY_FLAG_UNDOC_Q15B,459af0d7d91c,fc80a095c5ee,q_code,Y,Y,Y,Y,Y,Y,Y,Y,N,N,N,N,Y,N,N,N,N,N,N,N,N,Y,N,Y,N,Y,N,N,N,N
47aa9cfa235b,F01,QUARANTINE,Q16,QUARANTINE_ANALYTE_ROLE_MISSING_Q16,459af0d7d91c,9d9b4b667195,q_code,Y,Y,Y,Y,N,Y,Y,Y,N,N,N,N,Y,N,N,N,N,N,N,N,N,Y,N,Y,N,Y,N,N,N,N
c09fc904e07e,F22,REPAIR,,REPAIR_F22_BLQ_DDIVP,f452000cd78c,1a93afeda678,"blq_handling_policy,cmt_analyte_policy,dual_cmt_policy",Y,Y,Y,Y,Y,Y,Y,Y,Y,N,N,N,Y,Y,N,N,N,N,Y,N,N,Y,Y,N,N,Y,N,N,N,N
6459b8eb214c,F22,QUARANTINE,Q16,QUARANTINE_ANALYTE_ROLE_MISSING_Q16,459af0d7d91c,9d9b4b667195,q_code,Y,Y,Y,Y,N,Y,Y,Y,N,N,N,N,Y,N,N,N,N,N,N,N,N,Y,Y,N,N,Y,N,N,N,N
302737aaf985,F22,QUARANTINE,Q15B,QUARANTINE_LEGACY_FLAG_UNDOC_Q15B,459af0d7d91c,fc80a095c5ee,q_code,Y,Y,Y,Y,Y,Y,Y,Y,N,N,N,N,Y,N,N,N,N,N,N,N,N,Y,Y,Y,N,Y,N,N,N,N
e8b908674926,F22,QUARANTINE,Q16,QUARANTINE_ANALYTE_ROLE_MISSING_Q16,459af0d7d91c,9d9b4b667195,q_code,Y,Y,Y,Y,N,Y,Y,Y,N,N,N,N,Y,N,N,N,N,N,N,N,N,Y,Y,Y,N,Y,N,N,N,N
b3e6d6c02157,F01,QUARANTINE,Q15A,QUARANTINE_BIO_FINAL_FLAG_Q15A,459af0d7d91c,0ff39de5a52e,q_code,Y,Y,Y,Y,N,Y,Y,Y,N,N,N,N,Y,N,N,N,N,N,N,N,Y,N,N,N,N,Y,N,N,N,N
99355acbf51a,F01,QUARANTINE,Q15A,QUARANTINE_BIO_FINAL_FLAG_Q15A,459af0d7d91c,0ff39de5a52e,q_code,Y,Y,Y,Y,N,Y,Y,Y,N,N,N,N,Y,N,N,N,N,N,N,N,Y,N,N,Y,N,Y,N,N,N,N
fc90c9b2efda,F01,QUARANTINE,Q15A,QUARANTINE_BIO_FINAL_FLAG_Q15A,459af0d7d91c,0ff39de5a52e,q_code,Y,Y,Y,Y,N,Y,Y,Y,N,N,N,N,Y,N,N,N,N,N,N,N,Y,Y,N,N,N,Y,N,N,N,N
d23a0920afda,F01,QUARANTINE,Q15A,QUARANTINE_BIO_FINAL_FLAG_Q15A,459af0d7d91c,0ff39de5a52e,q_code,Y,Y,Y,Y,N,Y,Y,Y,N,N,N,N,Y,N,N,N,N,N,N,N,Y,Y,N,N,N,Y,N,N,N,N
ff7b823ea435,F01,QUARANTINE,Q15A,QUARANTINE_BIO_FINAL_FLAG_Q15A,459af0d7d91c,0ff39de5a52e,q_code,Y,Y,Y,Y,N,Y,Y,Y,N,N,N,N,Y,N,N,N,N,N,N,N,Y,Y,N,Y,N,Y,N,N,N,N
f4e5306a7a57,F01,QUARANTINE,Q15A,QUARANTINE_BIO_FINAL_FLAG_Q15A,459af0d7d91c,0ff39de5a52e,q_code,Y,Y,Y,Y,N,Y,Y,Y,N,N,N,N,Y,N,N,N,N,N,N,N,Y,Y,N,Y,N,Y,N,N,N,N
4e50763dba2b,F22,QUARANTINE,Q15A,QUARANTINE_BIO_FINAL_FLAG_Q15A,459af0d7d91c,0ff39de5a52e,q_code,Y,Y,Y,Y,N,Y,Y,Y,N,N,N,N,Y,N,N,N,N,N,N,N,Y,Y,Y,N,N,Y,N,N,N,N
55039ceaf140,F22,QUARANTINE,Q15A,QUARANTINE_BIO_FINAL_FLAG_Q15A,459af0d7d91c,0ff39de5a52e,q_code,Y,Y,Y,Y,N,Y,Y,Y,N,N,N,N,Y,N,N,N,N,N,N,N,Y,Y,Y,N,N,Y,N,N,N,N
5bc690a08c9a,F22,QUARANTINE,Q15A,QUARANTINE_BIO_FINAL_FLAG_Q15A,459af0d7d91c,0ff39de5a52e,q_code,Y,Y,Y,Y,N,Y,Y,Y,N,N,N,N,Y,N,N,N,N,N,N,N,Y,Y,Y,Y,N,Y,N,N,N,N
15bbc4d0f432,F22,QUARANTINE,Q15A,QUARANTINE_BIO_FINAL_FLAG_Q15A,459af0d7d91c,0ff39de5a52e,q_code,Y,Y,Y,Y,N,Y,Y,Y,N,N,N,N,Y,N,N,N,N,N,N,N,Y,Y,Y,Y,N,Y,N,N,N,N
f2c074dbc91d,F01,AUTO,,AUTO_F01_CELL_THERAPY,375dc3d886a9,44136fa355b3,,Y,Y,Y,Y,Y,Y,Y,Y,Y,N,N,N,Y,N,N,N,N,N,N,N,N,N,N,N,Y,Y,N,N,N,N
4485bc622b54,F01,QUARANTINE,Q15B,QUARANTINE_ADDL_CONFLICT_Q15B,459af0d7d91c,fc80a095c5ee,q_code,Y,Y,Y,Y,Y,Y,Y,Y,N,N,N,N,Y,N,N,N,N,N,N,N,N,N,N,Y,Y,Y,N,N,N,N
2ea892165316,F01,REPAIR,,REPAIR_F01_CMTROLE,067eec0a7a08,f60410e849b7,"analyte_role_declaration,cmt_analyte_policy",Y,Y,Y,Y,Y,Y,Y,Y,Y,N,N,N,Y,N,N,N,N,N,Y,N,N,Y,N,N,Y,Y,Y,N,N,N
a98fd4203fa2,F01,QUARANTINE,Q16,QUARANTINE_ADDL_CONFLICT_Q16,459af0d7d91c,9d9b4b667195,q_code,Y,Y,Y,Y,N,Y,Y,Y,N,N,N,N,Y,N,N,N,N,N,N,N,N,Y,N,N,Y,Y,N,N,N,N
f5671da4b9b2,F01,QUARANTINE,Q15B,QUARANTINE_ADDL_CONFLICT_Q15B,459af0d7d91c,fc80a095c5ee,q_code,Y,Y,Y,Y,Y,Y,Y,Y,N,N,N,N,Y,N,N,N,N,N,N,N,N,Y,N,Y,Y,Y,N,N,N,N
ebbb2886b923,F01,QUARANTINE,Q16,QUARANTINE_ADDL_CONFLICT_Q16,459af0d7d91c,9d9b4b667195,q_code,Y,Y,Y,Y,N,Y,Y,Y,N,N,N,N,Y,N,N,N,N,N,N,N,N,Y,N,Y,Y,Y,N,N,N,N
f6205f46f3bb,F22,REPAIR,,REPAIR_F22_DDIVP,9778a409567c,3b6e37a453cb,"cmt_analyte_policy,dual_cmt_policy",Y,Y,Y,Y,Y,Y,Y,Y,Y,N,N,N,Y,N,N,N,N,N,Y,N,N,Y,Y,N,Y,Y,N,N,N,N
c9209e67c29c,F22,QUARANTINE,Q16,QUARANTINE_ADDL_CONFLICT_Q16,459af0d7d91c,9d9b4b667195,q_code,Y,Y,Y,Y,N,Y,Y,Y,N,N,N,N,Y,N,N,N,N,N,N,N,N,Y,Y,N,Y,Y,N,N,N,N
590b966e749a,F22,QUARANTINE,Q15B,QUARANTINE_ADDL_CONFLICT_Q15B,459af0d7d91c,fc80a095c5ee,q_code,Y,Y,Y,Y,Y,Y,Y,Y,N,N,N,N,Y,N,N,N,N,N,N,N,N,Y,Y,Y,Y,Y,N,N,N,N
5a44df49110a,F22,QUARANTINE,Q16,QUARANTINE_ADDL_CONFLICT_Q16,459af0d7d91c,9d9b4b667195,q_code,Y,Y,Y,Y,N,Y,Y,Y,N,N,N,N,Y,N,N,N,N,N,N,N,N,Y,Y,Y,Y,Y,N,N,N,N
1870dbf62e15,F01,REPAIR,,REPAIR_F01_BLQ,f67c49c740b6,5598114a142c,blq_handling_policy,Y,Y,Y,Y,Y,Y,Y,Y,Y,N,N,N,Y,Y,N,N,N,N,N,N,N,N,N,N,Y,Y,N,N,N,N
1f09b5bada93,F01,QUARANTINE,Q15B,QUARANTINE_ADDL_CONFLICT_Q15B,459af0d7d91c,fc80a095c5ee,q_code,Y,Y,Y,Y,Y,Y,Y,Y,N,N,N,N,Y,N,N,N,N,N,N,N,N,N,N,Y,Y,Y,N,N,N,N
3752af3e45cf,F01,REPAIR,,REPAIR_F01_BLQ_CMTROLE,b0a07c38e805,edd44a84e2e5,"analyte_role_declaration,blq_handling_policy,cmt_analyte_policy",Y,Y,Y,Y,Y,Y,Y,Y,Y,N,N,N,Y,Y,N,N,N,N,Y,N,N,Y,N,N,Y,Y,Y,N,N,N
5914c9e2e2cc,F01,QUARANTINE,Q16,QUARANTINE_ADDL_CONFLICT_Q16,459af0d7d91c,9d9b4b667195,q_code,Y,Y,Y,Y,N,Y,Y,Y,N,N,N,N,Y,N,N,N,N,N,N,N,N,Y,N,N,Y,Y,N,N,N,N
ad03381eae47,F01,QUARANTINE,Q15B,QUARANTINE_ADDL_CONFLICT_Q15B,459af0d7d91c,fc80a095c5ee,q_code,Y,Y,Y,Y,Y,Y,Y,Y,N,N,N,N,Y,N,N,N,N,N,N,N,N,Y,N,Y,Y,Y,N,N,N,N
0b6c9458b834,F01,QUARANTINE,Q16,QUARANTINE_ADDL_CONFLICT_Q16,459af0d7d91c,9d9b4b667195,q_code,Y,Y,Y,Y,N,Y,Y,Y,N,N,N,N,Y,N,N,N,N,N,N,N,N,Y,N,Y,Y,Y,N,N,N,N
3c67333e655e,F22,REPAIR,,REPAIR_F22_BLQ_DDIVP,f452000cd78c,1a93afeda678,"blq_handling_policy,cmt_analyte_policy,dual_cmt_policy",Y,Y,Y,Y,Y,Y,Y,Y,Y,N,N,N,Y,Y,N,N,N,N,Y,N,N,Y,Y,N,Y,Y,N,N,N,N
2ec5b07a8a03,F22,QUARANTINE,Q16,QUARANTINE_ADDL_CONFLICT_Q16,459af0d7d91c,9d9b4b667195,q_code,Y,Y,Y,Y,N,Y,Y,Y,N,N,N,N,Y,N,N,N,N,N,N,N,N,Y,Y,N,Y,Y,N,N,N,N
0c3f9dbf1fb3,F22,QUARANTINE,Q15B,QUARANTINE_ADDL_CONFLICT_Q15B,459af0d7d91c,fc80a095c5ee,q_code,Y,Y,Y,Y,Y,Y,Y,Y,N,N,N,N,Y,N,N,N,N,N,N,N,N,Y,Y,Y,Y,Y,N,N,N,N
c9c7ddc24840,F22,QUARANTINE,Q16,QUARANTINE_ADDL_CONFLICT_Q16,459af0d7d91c,9d9b4b667195,q_code,Y,Y,Y,Y,N,Y,Y,Y,N,N,N,N,Y,N,N,N,N,N,N,N,N,Y,Y,Y,Y,Y,N,N,N,N
0b1bcfa5d231,F01,QUARANTINE,Q15A,QUARANTINE_BIO_FINAL_FLAG_Q15A,459af0d7d91c,0ff39de5a52e,q_code,Y,Y,Y,Y,N,Y,Y,Y,N,N,N,N,Y,N,N,N,N,N,N,N,Y,N,N,N,Y,Y,N,N,N,N
6bbeb1d0d2df,F01,QUARANTINE,Q15A,QUARANTINE_BIO_FINAL_FLAG_Q15A,459af0d7d91c,0ff39de5a52e,q_code,Y,Y,Y,Y,N,Y,Y,Y,N,N,N,N,Y,N,N,N,N,N,N,N,Y,N,N,Y,Y,Y,N,N,N,N
a246d2a06444,F01,QUARANTINE,Q15A,QUARANTINE_BIO_FINAL_FLAG_Q15A,459af0d7d91c,0ff39de5a52e,q_code,Y,Y,Y,Y,N,Y,Y,Y,N,N,N,N,Y,N,N,N,N,N,N,N,Y,Y,N,N,Y,Y,N,N,N,N
f522335dbd3a,F01,QUARANTINE,Q15A,QUARANTINE_BIO_FINAL_FLAG_Q15A,459af0d7d91c,0ff39de5a52e,q_code,Y,Y,Y,Y,N,Y,Y,Y,N,N,N,N,Y,N,N,N,N,N,N,N,Y,Y,N,N,Y,Y,N,N,N,N
ea8120607049,F01,QUARANTINE,Q15A,QUARANTINE_BIO_FINAL_FLAG_Q15A,459af0d7d91c,0ff39de5a52e,q_code,Y,Y,Y,Y,N,Y,Y,Y,N,N,N,N,Y,N,N,N,N,N,N,N,Y,Y,N,Y,Y,Y,N,N,N,N
de5f4b27cd85,F01,QUARANTINE,Q15A,QUARANTINE_BIO_FINAL_FLAG_Q15A,459af0d7d91c,0ff39de5a52e,q_code,Y,Y,Y,Y,N,Y,Y,Y,N,N,N,N,Y,N,N,N,N,N,N,N,Y,Y,N,Y,Y,Y,N,N,N,N
5fe628326a9a,F22,QUARANTINE,Q15A,QUARANTINE_BIO_FINAL_FLAG_Q15A,459af0d7d91c,0ff39de5a52e,q_code,Y,Y,Y,Y,N,Y,Y,Y,N,N,N,N,Y,N,N,N,N,N,N,N,Y,Y,Y,N,Y,Y,N,N,N,N
f9aebc4516c9,F22,QUARANTINE,Q15A,QUARANTINE_BIO_FINAL_FLAG_Q15A,459af0d7d91c,0ff39de5a52e,q_code,Y,Y,Y,Y,N,Y,Y,Y,N,N,N,N,Y,N,N,N,N,N,N,N,Y,Y,Y,N,Y,Y,N,N,N,N
77e8034798d1,F22,QUARANTINE,Q15A,QUARANTINE_BIO_FINAL_FLAG_Q15A,459af0d7d91c,0ff39de5a52e,q_code,Y,Y,Y,Y,N,Y,Y,Y,N,N,N,N,Y,N,N,N,N,N,N,N,Y,Y,Y,Y,Y,Y,N,N,N,N
3be126ef4ce9,F22,QUARANTINE,Q15A,QUARANTINE_BIO_FINAL_FLAG_Q15A,459af0d7d91c,0ff39de5a52e,q_code,Y,Y,Y,Y,N,Y,Y,Y,N,N,N,N,Y,N,N,N,N,N,N,N,Y,Y,Y,Y,Y,Y,N,N,N,N
00e41e702fc0,F27,AUTO,,AUTO_F27_MRNA,375dc3d886a9,44136fa355b3,,Y,Y,Y,Y,Y,Y,Y,Y,Y,N,N,N,Y,N,N,N,N,N,N,N,N,N,N,N,N,N,N,N,N,N
7e490789d53d,F27,QUARANTINE,Q15B,QUARANTINE_LEGACY_FLAG_UNDOC_Q15B,459af0d7d91c,fc80a095c5ee,q_code,Y,Y,Y,Y,Y,Y,Y,Y,N,N,N,N,Y,N,N,N,N,N,N,N,N,N,N,Y,N,N,N,N,N,N
90a5dd4be95b,F27,REPAIR,,REPAIR_F27_CMTM,625092f45d69,3d9b119a827c,cmt_analyte_policy,Y,Y,Y,Y,Y,Y,Y,Y,Y,N,N,N,Y,N,N,N,N,N,Y,N,N,Y,N,N,N,N,N,N,N,N
8776495ebaca,F27,QUARANTINE,Q15B,QUARANTINE_LEGACY_FLAG_UNDOC_Q15B,459af0d7d91c,fc80a095c5ee,q_code,Y,Y,Y,Y,Y,Y,Y,Y,N,N,N,N,Y,N,N,N,N,N,N,N,N,Y,N,Y,N,N,N,N,N,N
324f5b93b216,F27,REPAIR,,REPAIR_F27_DDIVP,9778a409567c,3b6e37a453cb,"cmt_analyte_policy,dual_cmt_policy",Y,Y,Y,Y,Y,Y,Y,Y,Y,N,N,N,Y,N,N,N,N,N,Y,N,N,Y,Y,N,N,N,N,N,N,N
b99a052eaa9b,F27,QUARANTINE,Q15B,QUARANTINE_LEGACY_FLAG_UNDOC_Q15B,459af0d7d91c,fc80a095c5ee,q_code,Y,Y,Y,Y,Y,Y,Y,Y,N,N,N,N,Y,N,N,N,N,N,N,N,N,Y,Y,Y,N,N,N,N,N,N
05bc5024a6aa,F27,REPAIR,,REPAIR_F27_BLQ,f67c49c740b6,5598114a142c,blq_handling_policy,Y,Y,Y,Y,Y,Y,Y,Y,Y,N,N,N,Y,Y,N,N,N,N,N,N,N,N,N,N,N,N,N,N,N,N
681f0209bad3,F27,QUARANTINE,Q15B,QUARANTINE_LEGACY_FLAG_UNDOC_Q15B,459af0d7d91c,fc80a095c5ee,q_code,Y,Y,Y,Y,Y,Y,Y,Y,N,N,N,N,Y,N,N,N,N,N,N,N,N,N,N,Y,N,N,N,N,N,N
8058a893ab8a,F27,REPAIR,,REPAIR_F27_BLQ_CMTM,ad950bea7a00,b0d8a8150750,"blq_handling_policy,cmt_analyte_policy",Y,Y,Y,Y,Y,Y,Y,Y,Y,N,N,N,Y,Y,N,N,N,N,Y,N,N,Y,N,N,N,N,N,N,N,N
63ede17de744,F27,QUARANTINE,Q15B,QUARANTINE_LEGACY_FLAG_UNDOC_Q15B,459af0d7d91c,fc80a095c5ee,q_code,Y,Y,Y,Y,Y,Y,Y,Y,N,N,N,N,Y,N,N,N,N,N,N,N,N,Y,N,Y,N,N,N,N,N,N
e1c3671bceba,F27,REPAIR,,REPAIR_F27_BLQ_DDIVP,f452000cd78c,1a93afeda678,"blq_handling_policy,cmt_analyte_policy,dual_cmt_policy",Y,Y,Y,Y,Y,Y,Y,Y,Y,N,N,N,Y,Y,N,N,N,N,Y,N,N,Y,Y,N,N,N,N,N,N,N
e7b5b7e6824d,F27,QUARANTINE,Q15B,QUARANTINE_LEGACY_FLAG_UNDOC_Q15B,459af0d7d91c,fc80a095c5ee,q_code,Y,Y,Y,Y,Y,Y,Y,Y,N,N,N,N,Y,N,N,N,N,N,N,N,N,Y,Y,Y,N,N,N,N,N,N
1abba2e5b836,F27,QUARANTINE,Q15A,QUARANTINE_BIO_FINAL_FLAG_Q15A,459af0d7d91c,0ff39de5a52e,q_code,Y,Y,Y,Y,N,Y,Y,Y,N,N,N,N,Y,N,N,N,N,N,N,N,Y,N,N,N,N,N,N,N,N,N
499375682735,F27,QUARANTINE,Q15A,QUARANTINE_BIO_FINAL_FLAG_Q15A,459af0d7d91c,0ff39de5a52e,q_code,Y,Y,Y,Y,N,Y,Y,Y,N,N,N,N,Y,N,N,N,N,N,N,N,Y,N,N,Y,N,N,N,N,N,N
503c4fcdae85,F27,QUARANTINE,Q15A,QUARANTINE_BIO_FINAL_FLAG_Q15A,459af0d7d91c,0ff39de5a52e,q_code,Y,Y,Y,Y,N,Y,Y,Y,N,N,N,N,Y,N,N,N,N,N,N,N,Y,Y,N,N,N,N,N,N,N,N
7e95837c9f6d,F27,QUARANTINE,Q15A,QUARANTINE_BIO_FINAL_FLAG_Q15A,459af0d7d91c,0ff39de5a52e,q_code,Y,Y,Y,Y,N,Y,Y,Y,N,N,N,N,Y,N,N,N,N,N,N,N,Y,Y,N,Y,N,N,N,N,N,N
4c841e1e109a,F27,QUARANTINE,Q15A,QUARANTINE_BIO_FINAL_FLAG_Q15A,459af0d7d91c,0ff39de5a52e,q_code,Y,Y,Y,Y,N,Y,Y,Y,N,N,N,N,Y,N,N,N,N,N,N,N,Y,Y,Y,N,N,N,N,N,N,N
0d2f1a3c9e0b,F27,QUARANTINE,Q15A,QUARANTINE_BIO_FINAL_FLAG_Q15A,459af0d7d91c,0ff39de5a52e,q_code,Y,Y,Y,Y,N,Y,Y,Y,N,N,N,N,Y,N,N,N,N,N,N,N,Y,Y,Y,Y,N,N,N,N,N,N
205e21023222,F27,AUTO,,AUTO_F27_MRNA,375dc3d886a9,44136fa355b3,,Y,Y,Y,Y,Y,Y,Y,Y,Y,N,N,N,Y,N,N,N,N,N,N,N,N,N,N,N,Y,N,N,N,N,N
73240d88325d,F27,QUARANTINE,Q15B,QUARANTINE_ADDL_CONFLICT_Q15B,459af0d7d91c,fc80a095c5ee,q_code,Y,Y,Y,Y,Y,Y,Y,Y,N,N,N,N,Y,N,N,N,N,N,N,N,N,N,N,Y,Y,N,N,N,N,N
a1fe2280e54a,F27,REPAIR,,REPAIR_F27_CMTM,625092f45d69,3d9b119a827c,cmt_analyte_policy,Y,Y,Y,Y,Y,Y,Y,Y,Y,N,N,N,Y,N,N,N,N,N,Y,N,N,Y,N,N,Y,N,N,N,N,N
67445f9c4092,F27,QUARANTINE,Q15B,QUARANTINE_ADDL_CONFLICT_Q15B,459af0d7d91c,fc80a095c5ee,q_code,Y,Y,Y,Y,Y,Y,Y,Y,N,N,N,N,Y,N,N,N,N,N,N,N,N,Y,N,Y,Y,N,N,N,N,N
3a08ac6214e7,F27,REPAIR,,REPAIR_F27_DDIVP,9778a409567c,3b6e37a453cb,"cmt_analyte_policy,dual_cmt_policy",Y,Y,Y,Y,Y,Y,Y,Y,Y,N,N,N,Y,N,N,N,N,N,Y,N,N,Y,Y,N,Y,N,N,N,N,N
4f33c31797bb,F27,QUARANTINE,Q15B,QUARANTINE_ADDL_CONFLICT_Q15B,459af0d7d91c,fc80a095c5ee,q_code,Y,Y,Y,Y,Y,Y,Y,Y,N,N,N,N,Y,N,N,N,N,N,N,N,N,Y,Y,Y,Y,N,N,N,N,N
46edd73624aa,F27,REPAIR,,REPAIR_F27_BLQ,f67c49c740b6,5598114a142c,blq_handling_policy,Y,Y,Y,Y,Y,Y,Y,Y,Y,N,N,N,Y,Y,N,N,N,N,N,N,N,N,N,N,Y,N,N,N,N,N
e8aed866e1a0,F27,QUARANTINE,Q15B,QUARANTINE_ADDL_CONFLICT_Q15B,459af0d7d91c,fc80a095c5ee,q_code,Y,Y,Y,Y,Y,Y,Y,Y,N,N,N,N,Y,N,N,N,N,N,N,N,N,N,N,Y,Y,N,N,N,N,N
b7a32ce90253,F27,REPAIR,,REPAIR_F27_BLQ_CMTM,ad950bea7a00,b0d8a8150750,"blq_handling_policy,cmt_analyte_policy",Y,Y,Y,Y,Y,Y,Y,Y,Y,N,N,N,Y,Y,N,N,N,N,Y,N,N,Y,N,N,Y,N,N,N,N,N
fa6691662ed7,F27,QUARANTINE,Q15B,QUARANTINE_ADDL_CONFLICT_Q15B,459af0d7d91c,fc80a095c5ee,q_code,Y,Y,Y,Y,Y,Y,Y,Y,N,N,N,N,Y,N,N,N,N,N,N,N,N,Y,N,Y,Y,N,N,N,N,N
046b44ea630e,F27,REPAIR,,REPAIR_F27_BLQ_DDIVP,f452000cd78c,1a93afeda678,"blq_handling_policy,cmt_analyte_policy,dual_cmt_policy",Y,Y,Y,Y,Y,Y,Y,Y,Y,N,N,N,Y,Y,N,N,N,N,Y,N,N,Y,Y,N,Y,N,N,N,N,N
c2973b73eb97,F27,QUARANTINE,Q15B,QUARANTINE_ADDL_CONFLICT_Q15B,459af0d7d91c,fc80a095c5ee,q_code,Y,Y,Y,Y,Y,Y,Y,Y,N,N,N,N,Y,N,N,N,N,N,N,N,N,Y,Y,Y,Y,N,N,N,N,N
d0d7c30fbf74,F27,QUARANTINE,Q15A,QUARANTINE_BIO_FINAL_FLAG_Q15A,459af0d7d91c,0ff39de5a52e,q_code,Y,Y,Y,Y,N,Y,Y,Y,N,N,N,N,Y,N,N,N,N,N,N,N,Y,N,N,N,Y,N,N,N,N,N
f6ca379b0794,F27,QUARANTINE,Q15A,QUARANTINE_BIO_FINAL_FLAG_Q15A,459af0d7d91c,0ff39de5a52e,q_code,Y,Y,Y,Y,N,Y,Y,Y,N,N,N,N,Y,N,N,N,N,N,N,N,Y,N,N,Y,Y,N,N,N,N,N
d7079c4c2c52,F27,QUARANTINE,Q15A,QUARANTINE_BIO_FINAL_FLAG_Q15A,459af0d7d91c,0ff39de5a52e,q_code,Y,Y,Y,Y,N,Y,Y,Y,N,N,N,N,Y,N,N,N,N,N,N,N,Y,Y,N,N,Y,N,N,N,N,N
c6e0ae1a66fd,F27,QUARANTINE,Q15A,QUARANTINE_BIO_FINAL_FLAG_Q15A,459af0d7d91c,0ff39de5a52e,q_code,Y,Y,Y,Y,N,Y,Y,Y,N,N,N,N,Y,N,N,N,N,N,N,N,Y,Y,N,Y,Y,N,N,N,N,N
f18d21348b64,F27,QUARANTINE,Q15A,QUARANTINE_BIO_FINAL_FLAG_Q15A,459af0d7d91c,0ff39de5a52e,q_code,Y,Y,Y,Y,N,Y,Y,Y,N,N,N,N,Y,N,N,N,N,N,N,N,Y,Y,Y,N,Y,N,N,N,N,N
6795124bcecf,F27,QUARANTINE,Q15A,QUARANTINE_BIO_FINAL_FLAG_Q15A,459af0d7d91c,0ff39de5a52e,q_code,Y,Y,Y,Y,N,Y,Y,Y,N,N,N,N,Y,N,N,N,N,N,N,N,Y,Y,Y,Y,Y,N,N,N,N,N
191466456100,F01,AUTO,,AUTO_F01_SMALL_MOLECULE,375dc3d886a9,44136fa355b3,,Y,Y,Y,Y,Y,Y,Y,Y,Y,N,N,N,N,N,N,N,N,N,N,N,N,N,N,N,N,N,N,N,N,N
c27183f46884,F01,QUARANTINE,Q15B,QUARANTINE_LEGACY_FLAG_UNDOC_Q15B,459af0d7d91c,fc80a095c5ee,q_code,Y,Y,Y,Y,Y,Y,Y,Y,N,N,N,N,N,N,N,N,N,N,N,N,N,N,N,Y,N,N,N,N,N,N
5b9ef563987f,F01,REPAIR,,REPAIR_F01_CMTM,625092f45d69,3d9b119a827c,cmt_analyte_policy,Y,Y,Y,Y,Y,Y,Y,Y,Y,N,N,N,N,N,N,N,N,N,Y,N,N,Y,N,N,N,N,N,N,N,N
3647ed5b3deb,F01,QUARANTINE,Q15B,QUARANTINE_LEGACY_FLAG_UNDOC_Q15B,459af0d7d91c,fc80a095c5ee,q_code,Y,Y,Y,Y,Y,Y,Y,Y,N,N,N,N,N,N,N,N,N,N,N,N,N,Y,N,Y,N,N,N,N,N,N
d33bd2a6bf54,F22,REPAIR,,REPAIR_F22_DDIVP,9778a409567c,3b6e37a453cb,"cmt_analyte_policy,dual_cmt_policy",Y,Y,Y,Y,Y,Y,Y,Y,Y,N,N,N,N,N,N,N,N,N,Y,N,N,Y,Y,N,N,N,N,N,N,N
2d0ed390d302,F22,QUARANTINE,Q15B,QUARANTINE_LEGACY_FLAG_UNDOC_Q15B,459af0d7d91c,fc80a095c5ee,q_code,Y,Y,Y,Y,Y,Y,Y,Y,N,N,N,N,N,N,N,N,N,N,N,N,N,Y,Y,Y,N,N,N,N,N,N
d43c149008af,F01,REPAIR,,REPAIR_F01_BLQ,f67c49c740b6,5598114a142c,blq_handling_policy,Y,Y,Y,Y,Y,Y,Y,Y,Y,N,N,N,N,Y,N,N,N,N,N,N,N,N,N,N,N,N,N,N,N,N
d96cd9f8b89b,F01,QUARANTINE,Q15B,QUARANTINE_LEGACY_FLAG_UNDOC_Q15B,459af0d7d91c,fc80a095c5ee,q_code,Y,Y,Y,Y,Y,Y,Y,Y,N,N,N,N,N,N,N,N,N,N,N,N,N,N,N,Y,N,N,N,N,N,N
b7a5576af212,F01,REPAIR,,REPAIR_F01_BLQ_CMTM,ad950bea7a00,b0d8a8150750,"blq_handling_policy,cmt_analyte_policy",Y,Y,Y,Y,Y,Y,Y,Y,Y,N,N,N,N,Y,N,N,N,N,Y,N,N,Y,N,N,N,N,N,N,N,N
f4b41ccee817,F01,QUARANTINE,Q15B,QUARANTINE_LEGACY_FLAG_UNDOC_Q15B,459af0d7d91c,fc80a095c5ee,q_code,Y,Y,Y,Y,Y,Y,Y,Y,N,N,N,N,N,N,N,N,N,N,N,N,N,Y,N,Y,N,N,N,N,N,N
2b4edfc8099d,F22,REPAIR,,REPAIR_F22_BLQ_DDIVP,f452000cd78c,1a93afeda678,"blq_handling_policy,cmt_analyte_policy,dual_cmt_policy",Y,Y,Y,Y,Y,Y,Y,Y,Y,N,N,N,N,Y,N,N,N,N,Y,N,N,Y,Y,N,N,N,N,N,N,N
f34d13259797,F22,QUARANTINE,Q15B,QUARANTINE_LEGACY_FLAG_UNDOC_Q15B,459af0d7d91c,fc80a095c5ee,q_code,Y,Y,Y,Y,Y,Y,Y,Y,N,N,N,N,N,N,N,N,N,N,N,N,N,Y,Y,Y,N,N,N,N,N,N
d59d6682f17c,F01,QUARANTINE,Q15A,QUARANTINE_BIO_FINAL_FLAG_Q15A,459af0d7d91c,0ff39de5a52e,q_code,Y,Y,Y,Y,N,Y,Y,Y,N,N,N,N,N,N,N,N,N,N,N,N,Y,N,N,N,N,N,N,N,N,N
dfe8fce3e4c9,F01,QUARANTINE,Q15A,QUARANTINE_BIO_FINAL_FLAG_Q15A,459af0d7d91c,0ff39de5a52e,q_code,Y,Y,Y,Y,N,Y,Y,Y,N,N,N,N,N,N,N,N,N,N,N,N,Y,N,N,Y,N,N,N,N,N,N
4c582dab0d88,F01,QUARANTINE,Q15A,QUARANTINE_BIO_FINAL_FLAG_Q15A,459af0d7d91c,0ff39de5a52e,q_code,Y,Y,Y,Y,N,Y,Y,Y,N,N,N,N,N,N,N,N,N,N,N,N,Y,Y,N,N,N,N,N,N,N,N
4dd5b1379add,F01,QUARANTINE,Q15A,QUARANTINE_BIO_FINAL_FLAG_Q15A,459af0d7d91c,0ff39de5a52e,q_code,Y,Y,Y,Y,N,Y,Y,Y,N,N,N,N,N,N,N,N,N,N,N,N,Y,Y,N,Y,N,N,N,N,N,N
51ac0c1110a2,F22,QUARANTINE,Q15A,QUARANTINE_BIO_FINAL_FLAG_Q15A,459af0d7d91c,0ff39de5a52e,q_code,Y,Y,Y,Y,N,Y,Y,Y,N,N,N,N,N,N,N,N,N,N,N,N,Y,Y,Y,N,N,N,N,N,N,N
9936a45bd7cb,F22,QUARANTINE,Q15A,QUARANTINE_BIO_FINAL_FLAG_Q15A,459af0d7d91c,0ff39de5a52e,q_code,Y,Y,Y,Y,N,Y,Y,Y,N,N,N,N,N,N,N,N,N,N,N,N,Y,Y,Y,Y,N,N,N,N,N,N
e53ce940ae02,F01,AUTO,,AUTO_F01_SMALL_MOLECULE,375dc3d886a9,44136fa355b3,,Y,Y,Y,Y,Y,Y,Y,Y,Y,N,N,N,N,N,N,N,N,N,N,N,N,N,N,N,Y,N,N,N,N,N
d00b43ac7f96,F01,QUARANTINE,Q15B,QUARANTINE_ADDL_CONFLICT_Q15B,459af0d7d91c,fc80a095c5ee,q_code,Y,Y,Y,Y,Y,Y,Y,Y,N,N,N,N,N,N,N,N,N,N,N,N,N,N,N,Y,Y,N,N,N,N,N
4f396847286e,F01,REPAIR,,REPAIR_F01_CMTM,625092f45d69,3d9b119a827c,cmt_analyte_policy,Y,Y,Y,Y,Y,Y,Y,Y,Y,N,N,N,N,N,N,N,N,N,Y,N,N,Y,N,N,Y,N,N,N,N,N
124e6dda70ff,F01,QUARANTINE,Q15B,QUARANTINE_ADDL_CONFLICT_Q15B,459af0d7d91c,fc80a095c5ee,q_code,Y,Y,Y,Y,Y,Y,Y,Y,N,N,N,N,N,N,N,N,N,N,N,N,N,Y,N,Y,Y,N,N,N,N,N
eb05afec92ce,F22,REPAIR,,REPAIR_F22_DDIVP,9778a409567c,3b6e37a453cb,"cmt_analyte_policy,dual_cmt_policy",Y,Y,Y,Y,Y,Y,Y,Y,Y,N,N,N,N,N,N,N,N,N,Y,N,N,Y,Y,N,Y,N,N,N,N,N
da5f58be3358,F22,QUARANTINE,Q15B,QUARANTINE_ADDL_CONFLICT_Q15B,459af0d7d91c,fc80a095c5ee,q_code,Y,Y,Y,Y,Y,Y,Y,Y,N,N,N,N,N,N,N,N,N,N,N,N,N,Y,Y,Y,Y,N,N,N,N,N
1070fc913dbf,F01,REPAIR,,REPAIR_F01_BLQ,f67c49c740b6,5598114a142c,blq_handling_policy,Y,Y,Y,Y,Y,Y,Y,Y,Y,N,N,N,N,Y,N,N,N,N,N,N,N,N,N,N,Y,N,N,N,N,N
0a61f3fd2948,F01,QUARANTINE,Q15B,QUARANTINE_ADDL_CONFLICT_Q15B,459af0d7d91c,fc80a095c5ee,q_code,Y,Y,Y,Y,Y,Y,Y,Y,N,N,N,N,N,N,N,N,N,N,N,N,N,N,N,Y,Y,N,N,N,N,N
8002cc2f24ee,F01,REPAIR,,REPAIR_F01_BLQ_CMTM,ad950bea7a00,b0d8a8150750,"blq_handling_policy,cmt_analyte_policy",Y,Y,Y,Y,Y,Y,Y,Y,Y,N,N,N,N,Y,N,N,N,N,Y,N,N,Y,N,N,Y,N,N,N,N,N
e1ad8d7ee1e4,F01,QUARANTINE,Q15B,QUARANTINE_ADDL_CONFLICT_Q15B,459af0d7d91c,fc80a095c5ee,q_code,Y,Y,Y,Y,Y,Y,Y,Y,N,N,N,N,N,N,N,N,N,N,N,N,N,Y,N,Y,Y,N,N,N,N,N
23119552dc8b,F22,REPAIR,,REPAIR_F22_BLQ_DDIVP,f452000cd78c,1a93afeda678,"blq_handling_policy,cmt_analyte_policy,dual_cmt_policy",Y,Y,Y,Y,Y,Y,Y,Y,Y,N,N,N,N,Y,N,N,N,N,Y,N,N,Y,Y,N,Y,N,N,N,N,N
26c172440a74,F22,QUARANTINE,Q15B,QUARANTINE_ADDL_CONFLICT_Q15B,459af0d7d91c,fc80a095c5ee,q_code,Y,Y,Y,Y,Y,Y,Y,Y,N,N,N,N,N,N,N,N,N,N,N,N,N,Y,Y,Y,Y,N,N,N,N,N
afd9ece2575b,F01,QUARANTINE,Q15A,QUARANTINE_BIO_FINAL_FLAG_Q15A,459af0d7d91c,0ff39de5a52e,q_code,Y,Y,Y,Y,N,Y,Y,Y,N,N,N,N,N,N,N,N,N,N,N,N,Y,N,N,N,Y,N,N,N,N,N
5a369cb1e8db,F01,QUARANTINE,Q15A,QUARANTINE_BIO_FINAL_FLAG_Q15A,459af0d7d91c,0ff39de5a52e,q_code,Y,Y,Y,Y,N,Y,Y,Y,N,N,N,N,N,N,N,N,N,N,N,N,Y,N,N,Y,Y,N,N,N,N,N
a35776900cb2,F01,QUARANTINE,Q15A,QUARANTINE_BIO_FINAL_FLAG_Q15A,459af0d7d91c,0ff39de5a52e,q_code,Y,Y,Y,Y,N,Y,Y,Y,N,N,N,N,N,N,N,N,N,N,N,N,Y,Y,N,N,Y,N,N,N,N,N
69606cd8be96,F01,QUARANTINE,Q15A,QUARANTINE_BIO_FINAL_FLAG_Q15A,459af0d7d91c,0ff39de5a52e,q_code,Y,Y,Y,Y,N,Y,Y,Y,N,N,N,N,N,N,N,N,N,N,N,N,Y,Y,N,Y,Y,N,N,N,N,N
a21ce7e0ce02,F22,QUARANTINE,Q15A,QUARANTINE_BIO_FINAL_FLAG_Q15A,459af0d7d91c,0ff39de5a52e,q_code,Y,Y,Y,Y,N,Y,Y,Y,N,N,N,N,N,N,N,N,N,N,N,N,Y,Y,Y,N,Y,N,N,N,N,N
51deaff66922,F22,QUARANTINE,Q15A,QUARANTINE_BIO_FINAL_FLAG_Q15A,459af0d7d91c,0ff39de5a52e,q_code,Y,Y,Y,Y,N,Y,Y,Y,N,N,N,N,N,N,N,N,N,N,N,N,Y,Y,Y,Y,Y,N,N,N,N,N
9f73a7678a16,F01,AUTO,,AUTO_F01_MAB,375dc3d886a9,44136fa355b3,,Y,Y,Y,Y,Y,Y,Y,Y,Y,N,N,N,N,N,N,N,N,N,N,N,N,N,N,N,N,N,N,N,N,N
b30b1badce1f,F01,QUARANTINE,Q15B,QUARANTINE_LEGACY_FLAG_UNDOC_Q15B,459af0d7d91c,fc80a095c5ee,q_code,Y,Y,Y,Y,Y,Y,Y,Y,N,N,N,N,N,N,N,N,N,N,N,N,N,N,N,Y,N,N,N,N,N,N
7f2f4241ed1d,F01,REPAIR,,REPAIR_F01_CMTM,625092f45d69,3d9b119a827c,cmt_analyte_policy,Y,Y,Y,Y,Y,Y,Y,Y,Y,N,N,N,N,N,N,N,N,N,Y,N,N,Y,N,N,N,N,N,N,N,N
d8c068a89b10,F01,QUARANTINE,Q15B,QUARANTINE_LEGACY_FLAG_UNDOC_Q15B,459af0d7d91c,fc80a095c5ee,q_code,Y,Y,Y,Y,Y,Y,Y,Y,N,N,N,N,N,N,N,N,N,N,N,N,N,Y,N,Y,N,N,N,N,N,N
0fa4df0cc02b,F22,REPAIR,,REPAIR_F22_DDIVP,9778a409567c,3b6e37a453cb,"cmt_analyte_policy,dual_cmt_policy",Y,Y,Y,Y,Y,Y,Y,Y,Y,N,N,N,N,N,N,N,N,N,Y,N,N,Y,Y,N,N,N,N,N,N,N
f45302c0f8cf,F22,QUARANTINE,Q15B,QUARANTINE_LEGACY_FLAG_UNDOC_Q15B,459af0d7d91c,fc80a095c5ee,q_code,Y,Y,Y,Y,Y,Y,Y,Y,N,N,N,N,N,N,N,N,N,N,N,N,N,Y,Y,Y,N,N,N,N,N,N
4e30ba948d0c,F01,REPAIR,,REPAIR_F01_BLQ,f67c49c740b6,5598114a142c,blq_handling_policy,Y,Y,Y,Y,Y,Y,Y,Y,Y,N,N,N,N,Y,N,N,N,N,N,N,N,N,N,N,N,N,N,N,N,N
d1b768b6971a,F01,QUARANTINE,Q15B,QUARANTINE_LEGACY_FLAG_UNDOC_Q15B,459af0d7d91c,fc80a095c5ee,q_code,Y,Y,Y,Y,Y,Y,Y,Y,N,N,N,N,N,N,N,N,N,N,N,N,N,N,N,Y,N,N,N,N,N,N
0212c2361e60,F01,REPAIR,,REPAIR_F01_BLQ_CMTM,ad950bea7a00,b0d8a8150750,"blq_handling_policy,cmt_analyte_policy",Y,Y,Y,Y,Y,Y,Y,Y,Y,N,N,N,N,Y,N,N,N,N,Y,N,N,Y,N,N,N,N,N,N,N,N
12992995c316,F01,QUARANTINE,Q15B,QUARANTINE_LEGACY_FLAG_UNDOC_Q15B,459af0d7d91c,fc80a095c5ee,q_code,Y,Y,Y,Y,Y,Y,Y,Y,N,N,N,N,N,N,N,N,N,N,N,N,N,Y,N,Y,N,N,N,N,N,N
8e237bb6f61e,F22,REPAIR,,REPAIR_F22_BLQ_DDIVP,f452000cd78c,1a93afeda678,"blq_handling_policy,cmt_analyte_policy,dual_cmt_policy",Y,Y,Y,Y,Y,Y,Y,Y,Y,N,N,N,N,Y,N,N,N,N,Y,N,N,Y,Y,N,N,N,N,N,N,N
b14da4a324b4,F22,QUARANTINE,Q15B,QUARANTINE_LEGACY_FLAG_UNDOC_Q15B,459af0d7d91c,fc80a095c5ee,q_code,Y,Y,Y,Y,Y,Y,Y,Y,N,N,N,N,N,N,N,N,N,N,N,N,N,Y,Y,Y,N,N,N,N,N,N
9989768d50ad,F01,QUARANTINE,Q15A,QUARANTINE_BIO_FINAL_FLAG_Q15A,459af0d7d91c,0ff39de5a52e,q_code,Y,Y,Y,Y,N,Y,Y,Y,N,N,N,N,N,N,N,N,N,N,N,N,Y,N,N,N,N,N,N,N,N,N
e28f29a970cc,F01,QUARANTINE,Q15A,QUARANTINE_BIO_FINAL_FLAG_Q15A,459af0d7d91c,0ff39de5a52e,q_code,Y,Y,Y,Y,N,Y,Y,Y,N,N,N,N,N,N,N,N,N,N,N,N,Y,N,N,Y,N,N,N,N,N,N
826a7fa48572,F01,QUARANTINE,Q15A,QUARANTINE_BIO_FINAL_FLAG_Q15A,459af0d7d91c,0ff39de5a52e,q_code,Y,Y,Y,Y,N,Y,Y,Y,N,N,N,N,N,N,N,N,N,N,N,N,Y,Y,N,N,N,N,N,N,N,N
a9a236e1a8ff,F01,QUARANTINE,Q15A,QUARANTINE_BIO_FINAL_FLAG_Q15A,459af0d7d91c,0ff39de5a52e,q_code,Y,Y,Y,Y,N,Y,Y,Y,N,N,N,N,N,N,N,N,N,N,N,N,Y,Y,N,Y,N,N,N,N,N,N
c9913cc6e7ea,F22,QUARANTINE,Q15A,QUARANTINE_BIO_FINAL_FLAG_Q15A,459af0d7d91c,0ff39de5a52e,q_code,Y,Y,Y,Y,N,Y,Y,Y,N,N,N,N,N,N,N,N,N,N,N,N,Y,Y,Y,N,N,N,N,N,N,N
32575e2c5d07,F22,QUARANTINE,Q15A,QUARANTINE_BIO_FINAL_FLAG_Q15A,459af0d7d91c,0ff39de5a52e,q_code,Y,Y,Y,Y,N,Y,Y,Y,N,N,N,N,N,N,N,N,N,N,N,N,Y,Y,Y,Y,N,N,N,N,N,N
3d3025fdcd0a,F01,AUTO,,AUTO_F01_MAB,375dc3d886a9,44136fa355b3,,Y,Y,Y,Y,Y,Y,Y,Y,Y,N,N,N,N,N,N,N,N,N,N,N,N,N,N,N,Y,N,N,N,N,N
866794859cbd,F01,QUARANTINE,Q15B,QUARANTINE_ADDL_CONFLICT_Q15B,459af0d7d91c,fc80a095c5ee,q_code,Y,Y,Y,Y,Y,Y,Y,Y,N,N,N,N,N,N,N,N,N,N,N,N,N,N,N,Y,Y,N,N,N,N,N
213020641bd1,F01,REPAIR,,REPAIR_F01_CMTM,625092f45d69,3d9b119a827c,cmt_analyte_policy,Y,Y,Y,Y,Y,Y,Y,Y,Y,N,N,N,N,N,N,N,N,N,Y,N,N,Y,N,N,Y,N,N,N,N,N
d1de44f5bb08,F01,QUARANTINE,Q15B,QUARANTINE_ADDL_CONFLICT_Q15B,459af0d7d91c,fc80a095c5ee,q_code,Y,Y,Y,Y,Y,Y,Y,Y,N,N,N,N,N,N,N,N,N,N,N,N,N,Y,N,Y,Y,N,N,N,N,N
23628da21807,F22,REPAIR,,REPAIR_F22_DDIVP,9778a409567c,3b6e37a453cb,"cmt_analyte_policy,dual_cmt_policy",Y,Y,Y,Y,Y,Y,Y,Y,Y,N,N,N,N,N,N,N,N,N,Y,N,N,Y,Y,N,Y,N,N,N,N,N
9ac43b09cdf5,F22,QUARANTINE,Q15B,QUARANTINE_ADDL_CONFLICT_Q15B,459af0d7d91c,fc80a095c5ee,q_code,Y,Y,Y,Y,Y,Y,Y,Y,N,N,N,N,N,N,N,N,N,N,N,N,N,Y,Y,Y,Y,N,N,N,N,N
aaac001d2d59,F01,REPAIR,,REPAIR_F01_BLQ,f67c49c740b6,5598114a142c,blq_handling_policy,Y,Y,Y,Y,Y,Y,Y,Y,Y,N,N,N,N,Y,N,N,N,N,N,N,N,N,N,N,Y,N,N,N,N,N
59f5dc323867,F01,QUARANTINE,Q15B,QUARANTINE_ADDL_CONFLICT_Q15B,459af0d7d91c,fc80a095c5ee,q_code,Y,Y,Y,Y,Y,Y,Y,Y,N,N,N,N,N,N,N,N,N,N,N,N,N,N,N,Y,Y,N,N,N,N,N
699bdc62d249,F01,REPAIR,,REPAIR_F01_BLQ_CMTM,ad950bea7a00,b0d8a8150750,"blq_handling_policy,cmt_analyte_policy",Y,Y,Y,Y,Y,Y,Y,Y,Y,N,N,N,N,Y,N,N,N,N,Y,N,N,Y,N,N,Y,N,N,N,N,N
305c7b527d3b,F01,QUARANTINE,Q15B,QUARANTINE_ADDL_CONFLICT_Q15B,459af0d7d91c,fc80a095c5ee,q_code,Y,Y,Y,Y,Y,Y,Y,Y,N,N,N,N,N,N,N,N,N,N,N,N,N,Y,N,Y,Y,N,N,N,N,N
ba03fe0aadb4,F22,REPAIR,,REPAIR_F22_BLQ_DDIVP,f452000cd78c,1a93afeda678,"blq_handling_policy,cmt_analyte_policy,dual_cmt_policy",Y,Y,Y,Y,Y,Y,Y,Y,Y,N,N,N,N,Y,N,N,N,N,Y,N,N,Y,Y,N,Y,N,N,N,N,N
bec7cc01708b,F22,QUARANTINE,Q15B,QUARANTINE_ADDL_CONFLICT_Q15B,459af0d7d91c,fc80a095c5ee,q_code,Y,Y,Y,Y,Y,Y,Y,Y,N,N,N,N,N,N,N,N,N,N,N,N,N,Y,Y,Y,Y,N,N,N,N,N
8f273f3bc215,F01,QUARANTINE,Q15A,QUARANTINE_BIO_FINAL_FLAG_Q15A,459af0d7d91c,0ff39de5a52e,q_code,Y,Y,Y,Y,N,Y,Y,Y,N,N,N,N,N,N,N,N,N,N,N,N,Y,N,N,N,Y,N,N,N,N,N
81925225b54f,F01,QUARANTINE,Q15A,QUARANTINE_BIO_FINAL_FLAG_Q15A,459af0d7d91c,0ff39de5a52e,q_code,Y,Y,Y,Y,N,Y,Y,Y,N,N,N,N,N,N,N,N,N,N,N,N,Y,N,N,Y,Y,N,N,N,N,N
b36b0ffc3679,F01,QUARANTINE,Q15A,QUARANTINE_BIO_FINAL_FLAG_Q15A,459af0d7d91c,0ff39de5a52e,q_code,Y,Y,Y,Y,N,Y,Y,Y,N,N,N,N,N,N,N,N,N,N,N,N,Y,Y,N,N,Y,N,N,N,N,N
0cc7699cddc1,F01,QUARANTINE,Q15A,QUARANTINE_BIO_FINAL_FLAG_Q15A,459af0d7d91c,0ff39de5a52e,q_code,Y,Y,Y,Y,N,Y,Y,Y,N,N,N,N,N,N,N,N,N,N,N,N,Y,Y,N,Y,Y,N,N,N,N,N
f513c5235f0b,F22,QUARANTINE,Q15A,QUARANTINE_BIO_FINAL_FLAG_Q15A,459af0d7d91c,0ff39de5a52e,q_code,Y,Y,Y,Y,N,Y,Y,Y,N,N,N,N,N,N,N,N,N,N,N,N,Y,Y,Y,N,Y,N,N,N,N,N
ccff62ae7e25,F22,QUARANTINE,Q15A,QUARANTINE_BIO_FINAL_FLAG_Q15A,459af0d7d91c,0ff39de5a52e,q_code,Y,Y,Y,Y,N,Y,Y,Y,N,N,N,N,N,N,N,N,N,N,N,N,Y,Y,Y,Y,Y,N,N,N,N,N
6b391ea5b8c2,F01,AUTO,,AUTO_F01_ADC,375dc3d886a9,44136fa355b3,,Y,Y,Y,Y,Y,Y,Y,Y,Y,N,N,N,Y,N,N,N,N,N,N,N,N,N,N,N,N,Y,N,N,N,N
5fbaada6233f,F01,QUARANTINE,Q15B,QUARANTINE_LEGACY_FLAG_UNDOC_Q15B,459af0d7d91c,fc80a095c5ee,q_code,Y,Y,Y,Y,Y,Y,Y,Y,N,N,N,N,Y,N,N,N,N,N,N,N,N,N,N,Y,N,Y,N,N,N,N
30775a50bc47,F24,REPAIR,,REPAIR_F24_CMTROLE,067eec0a7a08,835c27d30e59,"analyte_role_declaration,cmt_analyte_policy",Y,Y,Y,Y,Y,Y,Y,Y,Y,N,N,N,Y,N,N,N,N,N,Y,N,N,Y,N,N,N,Y,Y,N,N,N
7e120d6f8563,F24,QUARANTINE,Q16,QUARANTINE_ANALYTE_ROLE_MISSING_Q16,459af0d7d91c,9d9b4b667195,q_code,Y,Y,Y,Y,N,Y,Y,Y,N,N,N,N,Y,N,N,N,N,N,N,N,N,Y,N,N,N,Y,N,N,N,N
eef8077915cf,F24,QUARANTINE,Q15B,QUARANTINE_LEGACY_FLAG_UNDOC_Q15B,459af0d7d91c,fc80a095c5ee,q_code,Y,Y,Y,Y,Y,Y,Y,Y,N,N,N,N,Y,N,N,N,N,N,N,N,N,Y,N,Y,N,Y,N,N,N,N
715d893211ea,F24,QUARANTINE,Q16,QUARANTINE_ANALYTE_ROLE_MISSING_Q16,459af0d7d91c,9d9b4b667195,q_code,Y,Y,Y,Y,N,Y,Y,Y,N,N,N,N,Y,N,N,N,N,N,N,N,N,Y,N,Y,N,Y,N,N,N,N
2a6b12a6445f,F22,REPAIR,,REPAIR_F22_DDIVP,9778a409567c,3b6e37a453cb,"cmt_analyte_policy,dual_cmt_policy",Y,Y,Y,Y,Y,Y,Y,Y,Y,N,N,N,Y,N,N,N,N,N,Y,N,N,Y,Y,N,N,Y,N,N,N,N
e233189925ec,F22,QUARANTINE,Q16,QUARANTINE_ANALYTE_ROLE_MISSING_Q16,459af0d7d91c,9d9b4b667195,q_code,Y,Y,Y,Y,N,Y,Y,Y,N,N,N,N,Y,N,N,N,N,N,N,N,N,Y,Y,N,N,Y,N,N,N,N
01942c0db500,F22,QUARANTINE,Q15B,QUARANTINE_LEGACY_FLAG_UNDOC_Q15B,459af0d7d91c,fc80a095c5ee,q_code,Y,Y,Y,Y,Y,Y,Y,Y,N,N,N,N,Y,N,N,N,N,N,N,N,N,Y,Y,Y,N,Y,N,N,N,N
dc88e83c4686,F22,QUARANTINE,Q16,QUARANTINE_ANALYTE_ROLE_MISSING_Q16,459af0d7d91c,9d9b4b667195,q_code,Y,Y,Y,Y,N,Y,Y,Y,N,N,N,N,Y,N,N,N,N,N,N,N,N,Y,Y,Y,N,Y,N,N,N,N
1582173d6698,F01,REPAIR,,REPAIR_F01_BLQ,f67c49c740b6,5598114a142c,blq_handling_policy,Y,Y,Y,Y,Y,Y,Y,Y,Y,N,N,N,Y,Y,N,N,N,N,N,N,N,N,N,N,N,Y,N,N,N,N
86b8a4c7c44f,F01,QUARANTINE,Q15B,QUARANTINE_LEGACY_FLAG_UNDOC_Q15B,459af0d7d91c,fc80a095c5ee,q_code,Y,Y,Y,Y,Y,Y,Y,Y,N,N,N,N,Y,N,N,N,N,N,N,N,N,N,N,Y,N,Y,N,N,N,N
9a1b675a6cde,F24,REPAIR,,REPAIR_F24_BLQ_CMTROLE,b0a07c38e805,0fb8c6d4335c,"analyte_role_declaration,blq_handling_policy,cmt_analyte_policy",Y,Y,Y,Y,Y,Y,Y,Y,Y,N,N,N,Y,Y,N,N,N,N,Y,N,N,Y,N,N,N,Y,Y,N,N,N
2a12ac4367e9,F24,QUARANTINE,Q16,QUARANTINE_ANALYTE_ROLE_MISSING_Q16,459af0d7d91c,9d9b4b667195,q_code,Y,Y,Y,Y,N,Y,Y,Y,N,N,N,N,Y,N,N,N,N,N,N,N,N,Y,N,N,N,Y,N,N,N,N
af5d2d94d9ae,F24,QUARANTINE,Q15B,QUARANTINE_LEGACY_FLAG_UNDOC_Q15B,459af0d7d91c,fc80a095c5ee,q_code,Y,Y,Y,Y,Y,Y,Y,Y,N,N,N,N,Y,N,N,N,N,N,N,N,N,Y,N,Y,N,Y,N,N,N,N
a1f3093f17e4,F24,QUARANTINE,Q16,QUARANTINE_ANALYTE_ROLE_MISSING_Q16,459af0d7d91c,9d9b4b667195,q_code,Y,Y,Y,Y,N,Y,Y,Y,N,N,N,N,Y,N,N,N,N,N,N,N,N,Y,N,Y,N,Y,N,N,N,N
f89adf5d71e0,F22,REPAIR,,REPAIR_F22_BLQ_DDIVP,f452000cd78c,1a93afeda678,"blq_handling_policy,cmt_analyte_policy,dual_cmt_policy",Y,Y,Y,Y,Y,Y,Y,Y,Y,N,N,N,Y,Y,N,N,N,N,Y,N,N,Y,Y,N,N,Y,N,N,N,N
13fe4c1b6287,F22,QUARANTINE,Q16,QUARANTINE_ANALYTE_ROLE_MISSING_Q16,459af0d7d91c,9d9b4b667195,q_code,Y,Y,Y,Y,N,Y,Y,Y,N,N,N,N,Y,N,N,N,N,N,N,N,N,Y,Y,N,N,Y,N,N,N,N
c920767b9a97,F22,QUARANTINE,Q15B,QUARANTINE_LEGACY_FLAG_UNDOC_Q15B,459af0d7d91c,fc80a095c5ee,q_code,Y,Y,Y,Y,Y,Y,Y,Y,N,N,N,N,Y,N,N,N,N,N,N,N,N,Y,Y,Y,N,Y,N,N,N,N
73e1ad2008fa,F22,QUARANTINE,Q16,QUARANTINE_ANALYTE_ROLE_MISSING_Q16,459af0d7d91c,9d9b4b667195,q_code,Y,Y,Y,Y,N,Y,Y,Y,N,N,N,N,Y,N,N,N,N,N,N,N,N,Y,Y,Y,N,Y,N,N,N,N
cb5e8a095db0,F01,QUARANTINE,Q15A,QUARANTINE_BIO_FINAL_FLAG_Q15A,459af0d7d91c,0ff39de5a52e,q_code,Y,Y,Y,Y,N,Y,Y,Y,N,N,N,N,Y,N,N,N,N,N,N,N,Y,N,N,N,N,Y,N,N,N,N
d59bbc17a501,F01,QUARANTINE,Q15A,QUARANTINE_BIO_FINAL_FLAG_Q15A,459af0d7d91c,0ff39de5a52e,q_code,Y,Y,Y,Y,N,Y,Y,Y,N,N,N,N,Y,N,N,N,N,N,N,N,Y,N,N,Y,N,Y,N,N,N,N
a5f7aec027d6,F24,QUARANTINE,Q15A,QUARANTINE_BIO_FINAL_FLAG_Q15A,459af0d7d91c,0ff39de5a52e,q_code,Y,Y,Y,Y,N,Y,Y,Y,N,N,N,N,Y,N,N,N,N,N,N,N,Y,Y,N,N,N,Y,N,N,N,N
d87b80626f20,F24,QUARANTINE,Q15A,QUARANTINE_BIO_FINAL_FLAG_Q15A,459af0d7d91c,0ff39de5a52e,q_code,Y,Y,Y,Y,N,Y,Y,Y,N,N,N,N,Y,N,N,N,N,N,N,N,Y,Y,N,N,N,Y,N,N,N,N
17e8db82f1fd,F24,QUARANTINE,Q15A,QUARANTINE_BIO_FINAL_FLAG_Q15A,459af0d7d91c,0ff39de5a52e,q_code,Y,Y,Y,Y,N,Y,Y,Y,N,N,N,N,Y,N,N,N,N,N,N,N,Y,Y,N,Y,N,Y,N,N,N,N
6376ba04da2b,F24,QUARANTINE,Q15A,QUARANTINE_BIO_FINAL_FLAG_Q15A,459af0d7d91c,0ff39de5a52e,q_code,Y,Y,Y,Y,N,Y,Y,Y,N,N,N,N,Y,N,N,N,N,N,N,N,Y,Y,N,Y,N,Y,N,N,N,N
b120200aacf2,F22,QUARANTINE,Q15A,QUARANTINE_BIO_FINAL_FLAG_Q15A,459af0d7d91c,0ff39de5a52e,q_code,Y,Y,Y,Y,N,Y,Y,Y,N,N,N,N,Y,N,N,N,N,N,N,N,Y,Y,Y,N,N,Y,N,N,N,N
c8000440c0e6,F22,QUARANTINE,Q15A,QUARANTINE_BIO_FINAL_FLAG_Q15A,459af0d7d91c,0ff39de5a52e,q_code,Y,Y,Y,Y,N,Y,Y,Y,N,N,N,N,Y,N,N,N,N,N,N,N,Y,Y,Y,N,N,Y,N,N,N,N
630d53d18504,F22,QUARANTINE,Q15A,QUARANTINE_BIO_FINAL_FLAG_Q15A,459af0d7d91c,0ff39de5a52e,q_code,Y,Y,Y,Y,N,Y,Y,Y,N,N,N,N,Y,N,N,N,N,N,N,N,Y,Y,Y,Y,N,Y,N,N,N,N
e1f2b7255c59,F22,QUARANTINE,Q15A,QUARANTINE_BIO_FINAL_FLAG_Q15A,459af0d7d91c,0ff39de5a52e,q_code,Y,Y,Y,Y,N,Y,Y,Y,N,N,N,N,Y,N,N,N,N,N,N,N,Y,Y,Y,Y,N,Y,N,N,N,N
874a9dcb6736,F01,AUTO,,AUTO_F01_ADC,375dc3d886a9,44136fa355b3,,Y,Y,Y,Y,Y,Y,Y,Y,Y,N,N,N,Y,N,N,N,N,N,N,N,N,N,N,N,Y,Y,N,N,N,N
ac0fc1cebb81,F01,QUARANTINE,Q15B,QUARANTINE_ADDL_CONFLICT_Q15B,459af0d7d91c,fc80a095c5ee,q_code,Y,Y,Y,Y,Y,Y,Y,Y,N,N,N,N,Y,N,N,N,N,N,N,N,N,N,N,Y,Y,Y,N,N,N,N
00a02a9242cd,F24,REPAIR,,REPAIR_F24_CMTROLE,067eec0a7a08,835c27d30e59,"analyte_role_declaration,cmt_analyte_policy",Y,Y,Y,Y,Y,Y,Y,Y,Y,N,N,N,Y,N,N,N,N,N,Y,N,N,Y,N,N,Y,Y,Y,N,N,N
0b0407d53a87,F24,QUARANTINE,Q16,QUARANTINE_ADDL_CONFLICT_Q16,459af0d7d91c,9d9b4b667195,q_code,Y,Y,Y,Y,N,Y,Y,Y,N,N,N,N,Y,N,N,N,N,N,N,N,N,Y,N,N,Y,Y,N,N,N,N
5da0d388d3f5,F24,QUARANTINE,Q15B,QUARANTINE_ADDL_CONFLICT_Q15B,459af0d7d91c,fc80a095c5ee,q_code,Y,Y,Y,Y,Y,Y,Y,Y,N,N,N,N,Y,N,N,N,N,N,N,N,N,Y,N,Y,Y,Y,N,N,N,N
0986f66f3683,F24,QUARANTINE,Q16,QUARANTINE_ADDL_CONFLICT_Q16,459af0d7d91c,9d9b4b667195,q_code,Y,Y,Y,Y,N,Y,Y,Y,N,N,N,N,Y,N,N,N,N,N,N,N,N,Y,N,Y,Y,Y,N,N,N,N
26cd43656fce,F22,REPAIR,,REPAIR_F22_DDIVP,9778a409567c,3b6e37a453cb,"cmt_analyte_policy,dual_cmt_policy",Y,Y,Y,Y,Y,Y,Y,Y,Y,N,N,N,Y,N,N,N,N,N,Y,N,N,Y,Y,N,Y,Y,N,N,N,N
7abb8635bc2e,F22,QUARANTINE,Q16,QUARANTINE_ADDL_CONFLICT_Q16,459af0d7d91c,9d9b4b667195,q_code,Y,Y,Y,Y,N,Y,Y,Y,N,N,N,N,Y,N,N,N,N,N,N,N,N,Y,Y,N,Y,Y,N,N,N,N
308af9632e65,F22,QUARANTINE,Q15B,QUARANTINE_ADDL_CONFLICT_Q15B,459af0d7d91c,fc80a095c5ee,q_code,Y,Y,Y,Y,Y,Y,Y,Y,N,N,N,N,Y,N,N,N,N,N,N,N,N,Y,Y,Y,Y,Y,N,N,N,N
b1c04f031034,F22,QUARANTINE,Q16,QUARANTINE_ADDL_CONFLICT_Q16,459af0d7d91c,9d9b4b667195,q_code,Y,Y,Y,Y,N,Y,Y,Y,N,N,N,N,Y,N,N,N,N,N,N,N,N,Y,Y,Y,Y,Y,N,N,N,N
8cfb27d33a0a,F01,REPAIR,,REPAIR_F01_BLQ,f67c49c740b6,5598114a142c,blq_handling_policy,Y,Y,Y,Y,Y,Y,Y,Y,Y,N,N,N,Y,Y,N,N,N,N,N,N,N,N,N,N,Y,Y,N,N,N,N
9310fb01923e,F01,QUARANTINE,Q15B,QUARANTINE_ADDL_CONFLICT_Q15B,459af0d7d91c,fc80a095c5ee,q_code,Y,Y,Y,Y,Y,Y,Y,Y,N,N,N,N,Y,N,N,N,N,N,N,N,N,N,N,Y,Y,Y,N,N,N,N
45adf81821d6,F24,REPAIR,,REPAIR_F24_BLQ_CMTROLE,b0a07c38e805,0fb8c6d4335c,"analyte_role_declaration,blq_handling_policy,cmt_analyte_policy",Y,Y,Y,Y,Y,Y,Y,Y,Y,N,N,N,Y,Y,N,N,N,N,Y,N,N,Y,N,N,Y,Y,Y,N,N,N
34ca72f42a18,F24,QUARANTINE,Q16,QUARANTINE_ADDL_CONFLICT_Q16,459af0d7d91c,9d9b4b667195,q_code,Y,Y,Y,Y,N,Y,Y,Y,N,N,N,N,Y,N,N,N,N,N,N,N,N,Y,N,N,Y,Y,N,N,N,N
bff70457c269,F24,QUARANTINE,Q15B,QUARANTINE_ADDL_CONFLICT_Q15B,459af0d7d91c,fc80a095c5ee,q_code,Y,Y,Y,Y,Y,Y,Y,Y,N,N,N,N,Y,N,N,N,N,N,N,N,N,Y,N,Y,Y,Y,N,N,N,N
cd3d59fbd5f9,F24,QUARANTINE,Q16,QUARANTINE_ADDL_CONFLICT_Q16,459af0d7d91c,9d9b4b667195,q_code,Y,Y,Y,Y,N,Y,Y,Y,N,N,N,N,Y,N,N,N,N,N,N,N,N,Y,N,Y,Y,Y,N,N,N,N
b08b62745655,F22,REPAIR,,REPAIR_F22_BLQ_DDIVP,f452000cd78c,1a93afeda678,"blq_handling_policy,cmt_analyte_policy,dual_cmt_policy",Y,Y,Y,Y,Y,Y,Y,Y,Y,N,N,N,Y,Y,N,N,N,N,Y,N,N,Y,Y,N,Y,Y,N,N,N,N
2db861faac31,F22,QUARANTINE,Q16,QUARANTINE_ADDL_CONFLICT_Q16,459af0d7d91c,9d9b4b667195,q_code,Y,Y,Y,Y,N,Y,Y,Y,N,N,N,N,Y,N,N,N,N,N,N,N,N,Y,Y,N,Y,Y,N,N,N,N
7821c4bff99a,F22,QUARANTINE,Q15B,QUARANTINE_ADDL_CONFLICT_Q15B,459af0d7d91c,fc80a095c5ee,q_code,Y,Y,Y,Y,Y,Y,Y,Y,N,N,N,N,Y,N,N,N,N,N,N,N,N,Y,Y,Y,Y,Y,N,N,N,N
04738b2e4bb1,F22,QUARANTINE,Q16,QUARANTINE_ADDL_CONFLICT_Q16,459af0d7d91c,9d9b4b667195,q_code,Y,Y,Y,Y,N,Y,Y,Y,N,N,N,N,Y,N,N,N,N,N,N,N,N,Y,Y,Y,Y,Y,N,N,N,N
41adba7a1463,F01,QUARANTINE,Q15A,QUARANTINE_BIO_FINAL_FLAG_Q15A,459af0d7d91c,0ff39de5a52e,q_code,Y,Y,Y,Y,N,Y,Y,Y,N,N,N,N,Y,N,N,N,N,N,N,N,Y,N,N,N,Y,Y,N,N,N,N
6fb8b6732a7a,F01,QUARANTINE,Q15A,QUARANTINE_BIO_FINAL_FLAG_Q15A,459af0d7d91c,0ff39de5a52e,q_code,Y,Y,Y,Y,N,Y,Y,Y,N,N,N,N,Y,N,N,N,N,N,N,N,Y,N,N,Y,Y,Y,N,N,N,N
688c89d0906d,F24,QUARANTINE,Q15A,QUARANTINE_BIO_FINAL_FLAG_Q15A,459af0d7d91c,0ff39de5a52e,q_code,Y,Y,Y,Y,N,Y,Y,Y,N,N,N,N,Y,N,N,N,N,N,N,N,Y,Y,N,N,Y,Y,N,N,N,N
cf163cbfc19f,F24,QUARANTINE,Q15A,QUARANTINE_BIO_FINAL_FLAG_Q15A,459af0d7d91c,0ff39de5a52e,q_code,Y,Y,Y,Y,N,Y,Y,Y,N,N,N,N,Y,N,N,N,N,N,N,N,Y,Y,N,N,Y,Y,N,N,N,N
4ca4f43366ea,F24,QUARANTINE,Q15A,QUARANTINE_BIO_FINAL_FLAG_Q15A,459af0d7d91c,0ff39de5a52e,q_code,Y,Y,Y,Y,N,Y,Y,Y,N,N,N,N,Y,N,N,N,N,N,N,N,Y,Y,N,Y,Y,Y,N,N,N,N
fed06a26ebcf,F24,QUARANTINE,Q15A,QUARANTINE_BIO_FINAL_FLAG_Q15A,459af0d7d91c,0ff39de5a52e,q_code,Y,Y,Y,Y,N,Y,Y,Y,N,N,N,N,Y,N,N,N,N,N,N,N,Y,Y,N,Y,Y,Y,N,N,N,N
dcfd9efe5928,F22,QUARANTINE,Q15A,QUARANTINE_BIO_FINAL_FLAG_Q15A,459af0d7d91c,0ff39de5a52e,q_code,Y,Y,Y,Y,N,Y,Y,Y,N,N,N,N,Y,N,N,N,N,N,N,N,Y,Y,Y,N,Y,Y,N,N,N,N
e77fa775f319,F22,QUARANTINE,Q15A,QUARANTINE_BIO_FINAL_FLAG_Q15A,459af0d7d91c,0ff39de5a52e,q_code,Y,Y,Y,Y,N,Y,Y,Y,N,N,N,N,Y,N,N,N,N,N,N,N,Y,Y,Y,N,Y,Y,N,N,N,N
f24e165e4ee7,F22,QUARANTINE,Q15A,QUARANTINE_BIO_FINAL_FLAG_Q15A,459af0d7d91c,0ff39de5a52e,q_code,Y,Y,Y,Y,N,Y,Y,Y,N,N,N,N,Y,N,N,N,N,N,N,N,Y,Y,Y,Y,Y,Y,N,N,N,N
89a35cefca21,F22,QUARANTINE,Q15A,QUARANTINE_BIO_FINAL_FLAG_Q15A,459af0d7d91c,0ff39de5a52e,q_code,Y,Y,Y,Y,N,Y,Y,Y,N,N,N,N,Y,N,N,N,N,N,N,N,Y,Y,Y,Y,Y,Y,N,N,N,N
9807524c0d22,F01,AUTO,,AUTO_F01_BISPECIFIC,375dc3d886a9,44136fa355b3,,Y,Y,Y,Y,Y,Y,Y,Y,Y,N,N,N,Y,N,N,N,N,N,N,N,N,N,N,N,N,Y,N,N,N,N
34b92aa32aa6,F01,QUARANTINE,Q15B,QUARANTINE_LEGACY_FLAG_UNDOC_Q15B,459af0d7d91c,fc80a095c5ee,q_code,Y,Y,Y,Y,Y,Y,Y,Y,N,N,N,N,Y,N,N,N,N,N,N,N,N,N,N,Y,N,Y,N,N,N,N
653e3ab0d3c7,F25,REPAIR,,REPAIR_F25_CMTROLE,067eec0a7a08,ea8fdc70131d,"analyte_role_declaration,cmt_analyte_policy",Y,Y,Y,Y,Y,Y,Y,Y,Y,N,N,N,Y,N,N,N,N,N,Y,N,N,Y,N,N,N,Y,Y,N,N,N
854ab969dd95,F25,QUARANTINE,Q16,QUARANTINE_ANALYTE_ROLE_MISSING_Q16,459af0d7d91c,9d9b4b667195,q_code,Y,Y,Y,Y,N,Y,Y,Y,N,N,N,N,Y,N,N,N,N,N,N,N,N,Y,N,N,N,Y,N,N,N,N
10fbb56b055b,F25,QUARANTINE,Q15B,QUARANTINE_LEGACY_FLAG_UNDOC_Q15B,459af0d7d91c,fc80a095c5ee,q_code,Y,Y,Y,Y,Y,Y,Y,Y,N,N,N,N,Y,N,N,N,N,N,N,N,N,Y,N,Y,N,Y,N,N,N,N
2e885f6b5933,F25,QUARANTINE,Q16,QUARANTINE_ANALYTE_ROLE_MISSING_Q16,459af0d7d91c,9d9b4b667195,q_code,Y,Y,Y,Y,N,Y,Y,Y,N,N,N,N,Y,N,N,N,N,N,N,N,N,Y,N,Y,N,Y,N,N,N,N
5021d5039db4,F22,REPAIR,,REPAIR_F22_DDIVP,9778a409567c,3b6e37a453cb,"cmt_analyte_policy,dual_cmt_policy",Y,Y,Y,Y,Y,Y,Y,Y,Y,N,N,N,Y,N,N,N,N,N,Y,N,N,Y,Y,N,N,Y,N,N,N,N
9369f2579cff,F22,QUARANTINE,Q16,QUARANTINE_ANALYTE_ROLE_MISSING_Q16,459af0d7d91c,9d9b4b667195,q_code,Y,Y,Y,Y,N,Y,Y,Y,N,N,N,N,Y,N,N,N,N,N,N,N,N,Y,Y,N,N,Y,N,N,N,N
6fb5210ad879,F22,QUARANTINE,Q15B,QUARANTINE_LEGACY_FLAG_UNDOC_Q15B,459af0d7d91c,fc80a095c5ee,q_code,Y,Y,Y,Y,Y,Y,Y,Y,N,N,N,N,Y,N,N,N,N,N,N,N,N,Y,Y,Y,N,Y,N,N,N,N
c73a5bc5257c,F22,QUARANTINE,Q16,QUARANTINE_ANALYTE_ROLE_MISSING_Q16,459af0d7d91c,9d9b4b667195,q_code,Y,Y,Y,Y,N,Y,Y,Y,N,N,N,N,Y,N,N,N,N,N,N,N,N,Y,Y,Y,N,Y,N,N,N,N
5ff0e792f827,F01,REPAIR,,REPAIR_F01_BLQ,f67c49c740b6,5598114a142c,blq_handling_policy,Y,Y,Y,Y,Y,Y,Y,Y,Y,N,N,N,Y,Y,N,N,N,N,N,N,N,N,N,N,N,Y,N,N,N,N
cac8793f8855,F01,QUARANTINE,Q15B,QUARANTINE_LEGACY_FLAG_UNDOC_Q15B,459af0d7d91c,fc80a095c5ee,q_code,Y,Y,Y,Y,Y,Y,Y,Y,N,N,N,N,Y,N,N,N,N,N,N,N,N,N,N,Y,N,Y,N,N,N,N
1b0a296ff38a,F25,REPAIR,,REPAIR_F25_BLQ_CMTROLE,b0a07c38e805,4bdf45aaf340,"analyte_role_declaration,blq_handling_policy,cmt_analyte_policy",Y,Y,Y,Y,Y,Y,Y,Y,Y,N,N,N,Y,Y,N,N,N,N,Y,N,N,Y,N,N,N,Y,Y,N,N,N
3c7f80a090ad,F25,QUARANTINE,Q16,QUARANTINE_ANALYTE_ROLE_MISSING_Q16,459af0d7d91c,9d9b4b667195,q_code,Y,Y,Y,Y,N,Y,Y,Y,N,N,N,N,Y,N,N,N,N,N,N,N,N,Y,N,N,N,Y,N,N,N,N
11703630b574,F25,QUARANTINE,Q15B,QUARANTINE_LEGACY_FLAG_UNDOC_Q15B,459af0d7d91c,fc80a095c5ee,q_code,Y,Y,Y,Y,Y,Y,Y,Y,N,N,N,N,Y,N,N,N,N,N,N,N,N,Y,N,Y,N,Y,N,N,N,N
3e73ed010d28,F25,QUARANTINE,Q16,QUARANTINE_ANALYTE_ROLE_MISSING_Q16,459af0d7d91c,9d9b4b667195,q_code,Y,Y,Y,Y,N,Y,Y,Y,N,N,N,N,Y,N,N,N,N,N,N,N,N,Y,N,Y,N,Y,N,N,N,N
e1601bc6f418,F22,REPAIR,,REPAIR_F22_BLQ_DDIVP,f452000cd78c,1a93afeda678,"blq_handling_policy,cmt_analyte_policy,dual_cmt_policy",Y,Y,Y,Y,Y,Y,Y,Y,Y,N,N,N,Y,Y,N,N,N,N,Y,N,N,Y,Y,N,N,Y,N,N,N,N
a822f6e066e9,F22,QUARANTINE,Q16,QUARANTINE_ANALYTE_ROLE_MISSING_Q16,459af0d7d91c,9d9b4b667195,q_code,Y,Y,Y,Y,N,Y,Y,Y,N,N,N,N,Y,N,N,N,N,N,N,N,N,Y,Y,N,N,Y,N,N,N,N
e6bb9df5bd89,F22,QUARANTINE,Q15B,QUARANTINE_LEGACY_FLAG_UNDOC_Q15B,459af0d7d91c,fc80a095c5ee,q_code,Y,Y,Y,Y,Y,Y,Y,Y,N,N,N,N,Y,N,N,N,N,N,N,N,N,Y,Y,Y,N,Y,N,N,N,N
dcb722333592,F22,QUARANTINE,Q16,QUARANTINE_ANALYTE_ROLE_MISSING_Q16,459af0d7d91c,9d9b4b667195,q_code,Y,Y,Y,Y,N,Y,Y,Y,N,N,N,N,Y,N,N,N,N,N,N,N,N,Y,Y,Y,N,Y,N,N,N,N
0d3febceaea1,F01,QUARANTINE,Q15A,QUARANTINE_BIO_FINAL_FLAG_Q15A,459af0d7d91c,0ff39de5a52e,q_code,Y,Y,Y,Y,N,Y,Y,Y,N,N,N,N,Y,N,N,N,N,N,N,N,Y,N,N,N,N,Y,N,N,N,N
fb44b0b353ec,F01,QUARANTINE,Q15A,QUARANTINE_BIO_FINAL_FLAG_Q15A,459af0d7d91c,0ff39de5a52e,q_code,Y,Y,Y,Y,N,Y,Y,Y,N,N,N,N,Y,N,N,N,N,N,N,N,Y,N,N,Y,N,Y,N,N,N,N
86b01dd09434,F25,QUARANTINE,Q15A,QUARANTINE_BIO_FINAL_FLAG_Q15A,459af0d7d91c,0ff39de5a52e,q_code,Y,Y,Y,Y,N,Y,Y,Y,N,N,N,N,Y,N,N,N,N,N,N,N,Y,Y,N,N,N,Y,N,N,N,N
3027cfe3863e,F25,QUARANTINE,Q15A,QUARANTINE_BIO_FINAL_FLAG_Q15A,459af0d7d91c,0ff39de5a52e,q_code,Y,Y,Y,Y,N,Y,Y,Y,N,N,N,N,Y,N,N,N,N,N,N,N,Y,Y,N,N,N,Y,N,N,N,N
82d64fee9878,F25,QUARANTINE,Q15A,QUARANTINE_BIO_FINAL_FLAG_Q15A,459af0d7d91c,0ff39de5a52e,q_code,Y,Y,Y,Y,N,Y,Y,Y,N,N,N,N,Y,N,N,N,N,N,N,N,Y,Y,N,Y,N,Y,N,N,N,N
a7c02add4601,F25,QUARANTINE,Q15A,QUARANTINE_BIO_FINAL_FLAG_Q15A,459af0d7d91c,0ff39de5a52e,q_code,Y,Y,Y,Y,N,Y,Y,Y,N,N,N,N,Y,N,N,N,N,N,N,N,Y,Y,N,Y,N,Y,N,N,N,N
c33fad01e053,F22,QUARANTINE,Q15A,QUARANTINE_BIO_FINAL_FLAG_Q15A,459af0d7d91c,0ff39de5a52e,q_code,Y,Y,Y,Y,N,Y,Y,Y,N,N,N,N,Y,N,N,N,N,N,N,N,Y,Y,Y,N,N,Y,N,N,N,N
184cba5db8b1,F22,QUARANTINE,Q15A,QUARANTINE_BIO_FINAL_FLAG_Q15A,459af0d7d91c,0ff39de5a52e,q_code,Y,Y,Y,Y,N,Y,Y,Y,N,N,N,N,Y,N,N,N,N,N,N,N,Y,Y,Y,N,N,Y,N,N,N,N
4293d3375f26,F22,QUARANTINE,Q15A,QUARANTINE_BIO_FINAL_FLAG_Q15A,459af0d7d91c,0ff39de5a52e,q_code,Y,Y,Y,Y,N,Y,Y,Y,N,N,N,N,Y,N,N,N,N,N,N,N,Y,Y,Y,Y,N,Y,N,N,N,N
f55d04f32b68,F22,QUARANTINE,Q15A,QUARANTINE_BIO_FINAL_FLAG_Q15A,459af0d7d91c,0ff39de5a52e,q_code,Y,Y,Y,Y,N,Y,Y,Y,N,N,N,N,Y,N,N,N,N,N,N,N,Y,Y,Y,Y,N,Y,N,N,N,N
d15bbdce024c,F01,AUTO,,AUTO_F01_BISPECIFIC,375dc3d886a9,44136fa355b3,,Y,Y,Y,Y,Y,Y,Y,Y,Y,N,N,N,Y,N,N,N,N,N,N,N,N,N,N,N,Y,Y,N,N,N,N
17e3ed0a9134,F01,QUARANTINE,Q15B,QUARANTINE_ADDL_CONFLICT_Q15B,459af0d7d91c,fc80a095c5ee,q_code,Y,Y,Y,Y,Y,Y,Y,Y,N,N,N,N,Y,N,N,N,N,N,N,N,N,N,N,Y,Y,Y,N,N,N,N
155d8d2cdd9b,F25,REPAIR,,REPAIR_F25_CMTROLE,067eec0a7a08,ea8fdc70131d,"analyte_role_declaration,cmt_analyte_policy",Y,Y,Y,Y,Y,Y,Y,Y,Y,N,N,N,Y,N,N,N,N,N,Y,N,N,Y,N,N,Y,Y,Y,N,N,N
fe5b95bf89d3,F25,QUARANTINE,Q16,QUARANTINE_ADDL_CONFLICT_Q16,459af0d7d91c,9d9b4b667195,q_code,Y,Y,Y,Y,N,Y,Y,Y,N,N,N,N,Y,N,N,N,N,N,N,N,N,Y,N,N,Y,Y,N,N,N,N
ec7f4b2e7ecf,F25,QUARANTINE,Q15B,QUARANTINE_ADDL_CONFLICT_Q15B,459af0d7d91c,fc80a095c5ee,q_code,Y,Y,Y,Y,Y,Y,Y,Y,N,N,N,N,Y,N,N,N,N,N,N,N,N,Y,N,Y,Y,Y,N,N,N,N
843237a20002,F25,QUARANTINE,Q16,QUARANTINE_ADDL_CONFLICT_Q16,459af0d7d91c,9d9b4b667195,q_code,Y,Y,Y,Y,N,Y,Y,Y,N,N,N,N,Y,N,N,N,N,N,N,N,N,Y,N,Y,Y,Y,N,N,N,N
2b91ed46c983,F22,REPAIR,,REPAIR_F22_DDIVP,9778a409567c,3b6e37a453cb,"cmt_analyte_policy,dual_cmt_policy",Y,Y,Y,Y,Y,Y,Y,Y,Y,N,N,N,Y,N,N,N,N,N,Y,N,N,Y,Y,N,Y,Y,N,N,N,N
833d18cb774a,F22,QUARANTINE,Q16,QUARANTINE_ADDL_CONFLICT_Q16,459af0d7d91c,9d9b4b667195,q_code,Y,Y,Y,Y,N,Y,Y,Y,N,N,N,N,Y,N,N,N,N,N,N,N,N,Y,Y,N,Y,Y,N,N,N,N
a52adf3a199c,F22,QUARANTINE,Q15B,QUARANTINE_ADDL_CONFLICT_Q15B,459af0d7d91c,fc80a095c5ee,q_code,Y,Y,Y,Y,Y,Y,Y,Y,N,N,N,N,Y,N,N,N,N,N,N,N,N,Y,Y,Y,Y,Y,N,N,N,N
d50d6684f007,F22,QUARANTINE,Q16,QUARANTINE_ADDL_CONFLICT_Q16,459af0d7d91c,9d9b4b667195,q_code,Y,Y,Y,Y,N,Y,Y,Y,N,N,N,N,Y,N,N,N,N,N,N,N,N,Y,Y,Y,Y,Y,N,N,N,N
2530e6f2c4e5,F01,REPAIR,,REPAIR_F01_BLQ,f67c49c740b6,5598114a142c,blq_handling_policy,Y,Y,Y,Y,Y,Y,Y,Y,Y,N,N,N,Y,Y,N,N,N,N,N,N,N,N,N,N,Y,Y,N,N,N,N
bc1103ef2800,F01,QUARANTINE,Q15B,QUARANTINE_ADDL_CONFLICT_Q15B,459af0d7d91c,fc80a095c5ee,q_code,Y,Y,Y,Y,Y,Y,Y,Y,N,N,N,N,Y,N,N,N,N,N,N,N,N,N,N,Y,Y,Y,N,N,N,N
9dc88d667c8a,F25,REPAIR,,REPAIR_F25_BLQ_CMTROLE,b0a07c38e805,4bdf45aaf340,"analyte_role_declaration,blq_handling_policy,cmt_analyte_policy",Y,Y,Y,Y,Y,Y,Y,Y,Y,N,N,N,Y,Y,N,N,N,N,Y,N,N,Y,N,N,Y,Y,Y,N,N,N
a9ac405de6b8,F25,QUARANTINE,Q16,QUARANTINE_ADDL_CONFLICT_Q16,459af0d7d91c,9d9b4b667195,q_code,Y,Y,Y,Y,N,Y,Y,Y,N,N,N,N,Y,N,N,N,N,N,N,N,N,Y,N,N,Y,Y,N,N,N,N
790abaf5be21,F25,QUARANTINE,Q15B,QUARANTINE_ADDL_CONFLICT_Q15B,459af0d7d91c,fc80a095c5ee,q_code,Y,Y,Y,Y,Y,Y,Y,Y,N,N,N,N,Y,N,N,N,N,N,N,N,N,Y,N,Y,Y,Y,N,N,N,N
812291caa7a3,F25,QUARANTINE,Q16,QUARANTINE_ADDL_CONFLICT_Q16,459af0d7d91c,9d9b4b667195,q_code,Y,Y,Y,Y,N,Y,Y,Y,N,N,N,N,Y,N,N,N,N,N,N,N,N,Y,N,Y,Y,Y,N,N,N,N
d6c1ffbe4d27,F22,REPAIR,,REPAIR_F22_BLQ_DDIVP,f452000cd78c,1a93afeda678,"blq_handling_policy,cmt_analyte_policy,dual_cmt_policy",Y,Y,Y,Y,Y,Y,Y,Y,Y,N,N,N,Y,Y,N,N,N,N,Y,N,N,Y,Y,N,Y,Y,N,N,N,N
bcf6be7348ca,F22,QUARANTINE,Q16,QUARANTINE_ADDL_CONFLICT_Q16,459af0d7d91c,9d9b4b667195,q_code,Y,Y,Y,Y,N,Y,Y,Y,N,N,N,N,Y,N,N,N,N,N,N,N,N,Y,Y,N,Y,Y,N,N,N,N
78bb5aee7342,F22,QUARANTINE,Q15B,QUARANTINE_ADDL_CONFLICT_Q15B,459af0d7d91c,fc80a095c5ee,q_code,Y,Y,Y,Y,Y,Y,Y,Y,N,N,N,N,Y,N,N,N,N,N,N,N,N,Y,Y,Y,Y,Y,N,N,N,N
1d149b16914b,F22,QUARANTINE,Q16,QUARANTINE_ADDL_CONFLICT_Q16,459af0d7d91c,9d9b4b667195,q_code,Y,Y,Y,Y,N,Y,Y,Y,N,N,N,N,Y,N,N,N,N,N,N,N,N,Y,Y,Y,Y,Y,N,N,N,N
ea9913ff1b47,F01,QUARANTINE,Q15A,QUARANTINE_BIO_FINAL_FLAG_Q15A,459af0d7d91c,0ff39de5a52e,q_code,Y,Y,Y,Y,N,Y,Y,Y,N,N,N,N,Y,N,N,N,N,N,N,N,Y,N,N,N,Y,Y,N,N,N,N
f4f71ffb051f,F01,QUARANTINE,Q15A,QUARANTINE_BIO_FINAL_FLAG_Q15A,459af0d7d91c,0ff39de5a52e,q_code,Y,Y,Y,Y,N,Y,Y,Y,N,N,N,N,Y,N,N,N,N,N,N,N,Y,N,N,Y,Y,Y,N,N,N,N
66610223548e,F25,QUARANTINE,Q15A,QUARANTINE_BIO_FINAL_FLAG_Q15A,459af0d7d91c,0ff39de5a52e,q_code,Y,Y,Y,Y,N,Y,Y,Y,N,N,N,N,Y,N,N,N,N,N,N,N,Y,Y,N,N,Y,Y,N,N,N,N
38b09918b7dc,F25,QUARANTINE,Q15A,QUARANTINE_BIO_FINAL_FLAG_Q15A,459af0d7d91c,0ff39de5a52e,q_code,Y,Y,Y,Y,N,Y,Y,Y,N,N,N,N,Y,N,N,N,N,N,N,N,Y,Y,N,N,Y,Y,N,N,N,N
26120033fedb,F25,QUARANTINE,Q15A,QUARANTINE_BIO_FINAL_FLAG_Q15A,459af0d7d91c,0ff39de5a52e,q_code,Y,Y,Y,Y,N,Y,Y,Y,N,N,N,N,Y,N,N,N,N,N,N,N,Y,Y,N,Y,Y,Y,N,N,N,N
f4b1a8640048,F25,QUARANTINE,Q15A,QUARANTINE_BIO_FINAL_FLAG_Q15A,459af0d7d91c,0ff39de5a52e,q_code,Y,Y,Y,Y,N,Y,Y,Y,N,N,N,N,Y,N,N,N,N,N,N,N,Y,Y,N,Y,Y,Y,N,N,N,N
b347fbe644a5,F22,QUARANTINE,Q15A,QUARANTINE_BIO_FINAL_FLAG_Q15A,459af0d7d91c,0ff39de5a52e,q_code,Y,Y,Y,Y,N,Y,Y,Y,N,N,N,N,Y,N,N,N,N,N,N,N,Y,Y,Y,N,Y,Y,N,N,N,N
816c4103eb04,F22,QUARANTINE,Q15A,QUARANTINE_BIO_FINAL_FLAG_Q15A,459af0d7d91c,0ff39de5a52e,q_code,Y,Y,Y,Y,N,Y,Y,Y,N,N,N,N,Y,N,N,N,N,N,N,N,Y,Y,Y,N,Y,Y,N,N,N,N
d9d42188ffcb,F22,QUARANTINE,Q15A,QUARANTINE_BIO_FINAL_FLAG_Q15A,459af0d7d91c,0ff39de5a52e,q_code,Y,Y,Y,Y,N,Y,Y,Y,N,N,N,N,Y,N,N,N,N,N,N,N,Y,Y,Y,Y,Y,Y,N,N,N,N
c7fe6dd0da59,F22,QUARANTINE,Q15A,QUARANTINE_BIO_FINAL_FLAG_Q15A,459af0d7d91c,0ff39de5a52e,q_code,Y,Y,Y,Y,N,Y,Y,Y,N,N,N,N,Y,N,N,N,N,N,N,N,Y,Y,Y,Y,Y,Y,N,N,N,N
ced00fa40f33,F01,AUTO,,AUTO_F01_CELL_THERAPY,375dc3d886a9,44136fa355b3,,Y,Y,Y,Y,Y,Y,Y,Y,Y,N,N,N,Y,N,N,N,N,N,N,N,N,N,N,N,N,Y,N,N,N,N
60304fbe86c6,F01,QUARANTINE,Q15B,QUARANTINE_LEGACY_FLAG_UNDOC_Q15B,459af0d7d91c,fc80a095c5ee,q_code,Y,Y,Y,Y,Y,Y,Y,Y,N,N,N,N,Y,N,N,N,N,N,N,N,N,N,N,Y,N,Y,N,N,N,N
cf85241cc80d,F01,REPAIR,,REPAIR_F01_CMTROLE,067eec0a7a08,f60410e849b7,"analyte_role_declaration,cmt_analyte_policy",Y,Y,Y,Y,Y,Y,Y,Y,Y,N,N,N,Y,N,N,N,N,N,Y,N,N,Y,N,N,N,Y,Y,N,N,N
42f7ae3f0105,F01,QUARANTINE,Q16,QUARANTINE_ANALYTE_ROLE_MISSING_Q16,459af0d7d91c,9d9b4b667195,q_code,Y,Y,Y,Y,N,Y,Y,Y,N,N,N,N,Y,N,N,N,N,N,N,N,N,Y,N,N,N,Y,N,N,N,N
2ad23dc8b10f,F01,QUARANTINE,Q15B,QUARANTINE_LEGACY_FLAG_UNDOC_Q15B,459af0d7d91c,fc80a095c5ee,q_code,Y,Y,Y,Y,Y,Y,Y,Y,N,N,N,N,Y,N,N,N,N,N,N,N,N,Y,N,Y,N,Y,N,N,N,N
c76d4f5dd2a2,F01,QUARANTINE,Q16,QUARANTINE_ANALYTE_ROLE_MISSING_Q16,459af0d7d91c,9d9b4b667195,q_code,Y,Y,Y,Y,N,Y,Y,Y,N,N,N,N,Y,N,N,N,N,N,N,N,N,Y,N,Y,N,Y,N,N,N,N
baa2e2cb2568,F22,REPAIR,,REPAIR_F22_DDIVP,9778a409567c,3b6e37a453cb,"cmt_analyte_policy,dual_cmt_policy",Y,Y,Y,Y,Y,Y,Y,Y,Y,N,N,N,Y,N,N,N,N,N,Y,N,N,Y,Y,N,N,Y,N,N,N,N
7bd7ec5df31c,F22,QUARANTINE,Q16,QUARANTINE_ANALYTE_ROLE_MISSING_Q16,459af0d7d91c,9d9b4b667195,q_code,Y,Y,Y,Y,N,Y,Y,Y,N,N,N,N,Y,N,N,N,N,N,N,N,N,Y,Y,N,N,Y,N,N,N,N
e71cfa70917e,F22,QUARANTINE,Q15B,QUARANTINE_LEGACY_FLAG_UNDOC_Q15B,459af0d7d91c,fc80a095c5ee,q_code,Y,Y,Y,Y,Y,Y,Y,Y,N,N,N,N,Y,N,N,N,N,N,N,N,N,Y,Y,Y,N,Y,N,N,N,N
aae5973b228a,F22,QUARANTINE,Q16,QUARANTINE_ANALYTE_ROLE_MISSING_Q16,459af0d7d91c,9d9b4b667195,q_code,Y,Y,Y,Y,N,Y,Y,Y,N,N,N,N,Y,N,N,N,N,N,N,N,N,Y,Y,Y,N,Y,N,N,N,N
4d063a4fcfea,F01,REPAIR,,REPAIR_F01_BLQ,f67c49c740b6,5598114a142c,blq_handling_policy,Y,Y,Y,Y,Y,Y,Y,Y,Y,N,N,N,Y,Y,N,N,N,N,N,N,N,N,N,N,N,Y,N,N,N,N
9d95c68b6fd1,F01,QUARANTINE,Q15B,QUARANTINE_LEGACY_FLAG_UNDOC_Q15B,459af0d7d91c,fc80a095c5ee,q_code,Y,Y,Y,Y,Y,Y,Y,Y,N,N,N,N,Y,N,N,N,N,N,N,N,N,N,N,Y,N,Y,N,N,N,N
a3a471e87ae5,F01,REPAIR,,REPAIR_F01_BLQ_CMTROLE,b0a07c38e805,edd44a84e2e5,"analyte_role_declaration,blq_handling_policy,cmt_analyte_policy",Y,Y,Y,Y,Y,Y,Y,Y,Y,N,N,N,Y,Y,N,N,N,N,Y,N,N,Y,N,N,N,Y,Y,N,N,N
a5cf9f80cd32,F01,QUARANTINE,Q16,QUARANTINE_ANALYTE_ROLE_MISSING_Q16,459af0d7d91c,9d9b4b667195,q_code,Y,Y,Y,Y,N,Y,Y,Y,N,N,N,N,Y,N,N,N,N,N,N,N,N,Y,N,N,N,Y,N,N,N,N
b31631ffbe4f,F01,QUARANTINE,Q15B,QUARANTINE_LEGACY_FLAG_UNDOC_Q15B,459af0d7d91c,fc80a095c5ee,q_code,Y,Y,Y,Y,Y,Y,Y,Y,N,N,N,N,Y,N,N,N,N,N,N,N,N,Y,N,Y,N,Y,N,N,N,N
5cd84700224a,F01,QUARANTINE,Q16,QUARANTINE_ANALYTE_ROLE_MISSING_Q16,459af0d7d91c,9d9b4b667195,q_code,Y,Y,Y,Y,N,Y,Y,Y,N,N,N,N,Y,N,N,N,N,N,N,N,N,Y,N,Y,N,Y,N,N,N,N
b638ac6deeeb,F22,REPAIR,,REPAIR_F22_BLQ_DDIVP,f452000cd78c,1a93afeda678,"blq_handling_policy,cmt_analyte_policy,dual_cmt_policy",Y,Y,Y,Y,Y,Y,Y,Y,Y,N,N,N,Y,Y,N,N,N,N,Y,N,N,Y,Y,N,N,Y,N,N,N,N
1d10d518e1ed,F22,QUARANTINE,Q16,QUARANTINE_ANALYTE_ROLE_MISSING_Q16,459af0d7d91c,9d9b4b667195,q_code,Y,Y,Y,Y,N,Y,Y,Y,N,N,N,N,Y,N,N,N,N,N,N,N,N,Y,Y,N,N,Y,N,N,N,N
d39a68dedbd7,F22,QUARANTINE,Q15B,QUARANTINE_LEGACY_FLAG_UNDOC_Q15B,459af0d7d91c,fc80a095c5ee,q_code,Y,Y,Y,Y,Y,Y,Y,Y,N,N,N,N,Y,N,N,N,N,N,N,N,N,Y,Y,Y,N,Y,N,N,N,N
125efaf2a189,F22,QUARANTINE,Q16,QUARANTINE_ANALYTE_ROLE_MISSING_Q16,459af0d7d91c,9d9b4b667195,q_code,Y,Y,Y,Y,N,Y,Y,Y,N,N,N,N,Y,N,N,N,N,N,N,N,N,Y,Y,Y,N,Y,N,N,N,N
17b8c4fa8a63,F01,QUARANTINE,Q15A,QUARANTINE_BIO_FINAL_FLAG_Q15A,459af0d7d91c,0ff39de5a52e,q_code,Y,Y,Y,Y,N,Y,Y,Y,N,N,N,N,Y,N,N,N,N,N,N,N,Y,N,N,N,N,Y,N,N,N,N
8c8689192339,F01,QUARANTINE,Q15A,QUARANTINE_BIO_FINAL_FLAG_Q15A,459af0d7d91c,0ff39de5a52e,q_code,Y,Y,Y,Y,N,Y,Y,Y,N,N,N,N,Y,N,N,N,N,N,N,N,Y,N,N,Y,N,Y,N,N,N,N
c7d3140f848b,F01,QUARANTINE,Q15A,QUARANTINE_BIO_FINAL_FLAG_Q15A,459af0d7d91c,0ff39de5a52e,q_code,Y,Y,Y,Y,N,Y,Y,Y,N,N,N,N,Y,N,N,N,N,N,N,N,Y,Y,N,N,N,Y,N,N,N,N
476d7c619a3e,F01,QUARANTINE,Q15A,QUARANTINE_BIO_FINAL_FLAG_Q15A,459af0d7d91c,0ff39de5a52e,q_code,Y,Y,Y,Y,N,Y,Y,Y,N,N,N,N,Y,N,N,N,N,N,N,N,Y,Y,N,N,N,Y,N,N,N,N
55b6b4038079,F01,QUARANTINE,Q15A,QUARANTINE_BIO_FINAL_FLAG_Q15A,459af0d7d91c,0ff39de5a52e,q_code,Y,Y,Y,Y,N,Y,Y,Y,N,N,N,N,Y,N,N,N,N,N,N,N,Y,Y,N,Y,N,Y,N,N,N,N
b9c922cd58df,F01,QUARANTINE,Q15A,QUARANTINE_BIO_FINAL_FLAG_Q15A,459af0d7d91c,0ff39de5a52e,q_code,Y,Y,Y,Y,N,Y,Y,Y,N,N,N,N,Y,N,N,N,N,N,N,N,Y,Y,N,Y,N,Y,N,N,N,N
30f3b6c60152,F22,QUARANTINE,Q15A,QUARANTINE_BIO_FINAL_FLAG_Q15A,459af0d7d91c,0ff39de5a52e,q_code,Y,Y,Y,Y,N,Y,Y,Y,N,N,N,N,Y,N,N,N,N,N,N,N,Y,Y,Y,N,N,Y,N,N,N,N
4701c5e7d884,F22,QUARANTINE,Q15A,QUARANTINE_BIO_FINAL_FLAG_Q15A,459af0d7d91c,0ff39de5a52e,q_code,Y,Y,Y,Y,N,Y,Y,Y,N,N,N,N,Y,N,N,N,N,N,N,N,Y,Y,Y,N,N,Y,N,N,N,N
f10b6f2daf39,F22,QUARANTINE,Q15A,QUARANTINE_BIO_FINAL_FLAG_Q15A,459af0d7d91c,0ff39de5a52e,q_code,Y,Y,Y,Y,N,Y,Y,Y,N,N,N,N,Y,N,N,N,N,N,N,N,Y,Y,Y,Y,N,Y,N,N,N,N
3d5b1466fa80,F22,QUARANTINE,Q15A,QUARANTINE_BIO_FINAL_FLAG_Q15A,459af0d7d91c,0ff39de5a52e,q_code,Y,Y,Y,Y,N,Y,Y,Y,N,N,N,N,Y,N,N,N,N,N,N,N,Y,Y,Y,Y,N,Y,N,N,N,N
3088763cbe14,F01,AUTO,,AUTO_F01_CELL_THERAPY,375dc3d886a9,44136fa355b3,,Y,Y,Y,Y,Y,Y,Y,Y,Y,N,N,N,Y,N,N,N,N,N,N,N,N,N,N,N,Y,Y,N,N,N,N
6baa73e49464,F01,QUARANTINE,Q15B,QUARANTINE_ADDL_CONFLICT_Q15B,459af0d7d91c,fc80a095c5ee,q_code,Y,Y,Y,Y,Y,Y,Y,Y,N,N,N,N,Y,N,N,N,N,N,N,N,N,N,N,Y,Y,Y,N,N,N,N
4ce07cebfc35,F01,REPAIR,,REPAIR_F01_CMTROLE,067eec0a7a08,f60410e849b7,"analyte_role_declaration,cmt_analyte_policy",Y,Y,Y,Y,Y,Y,Y,Y,Y,N,N,N,Y,N,N,N,N,N,Y,N,N,Y,N,N,Y,Y,Y,N,N,N
36a50f540f57,F01,QUARANTINE,Q16,QUARANTINE_ADDL_CONFLICT_Q16,459af0d7d91c,9d9b4b667195,q_code,Y,Y,Y,Y,N,Y,Y,Y,N,N,N,N,Y,N,N,N,N,N,N,N,N,Y,N,N,Y,Y,N,N,N,N
61d8725a9baf,F01,QUARANTINE,Q15B,QUARANTINE_ADDL_CONFLICT_Q15B,459af0d7d91c,fc80a095c5ee,q_code,Y,Y,Y,Y,Y,Y,Y,Y,N,N,N,N,Y,N,N,N,N,N,N,N,N,Y,N,Y,Y,Y,N,N,N,N
b282fc96fc63,F01,QUARANTINE,Q16,QUARANTINE_ADDL_CONFLICT_Q16,459af0d7d91c,9d9b4b667195,q_code,Y,Y,Y,Y,N,Y,Y,Y,N,N,N,N,Y,N,N,N,N,N,N,N,N,Y,N,Y,Y,Y,N,N,N,N
9fc8e40afe43,F22,REPAIR,,REPAIR_F22_DDIVP,9778a409567c,3b6e37a453cb,"cmt_analyte_policy,dual_cmt_policy",Y,Y,Y,Y,Y,Y,Y,Y,Y,N,N,N,Y,N,N,N,N,N,Y,N,N,Y,Y,N,Y,Y,N,N,N,N
4264f2648674,F22,QUARANTINE,Q16,QUARANTINE_ADDL_CONFLICT_Q16,459af0d7d91c,9d9b4b667195,q_code,Y,Y,Y,Y,N,Y,Y,Y,N,N,N,N,Y,N,N,N,N,N,N,N,N,Y,Y,N,Y,Y,N,N,N,N
2719dd707417,F22,QUARANTINE,Q15B,QUARANTINE_ADDL_CONFLICT_Q15B,459af0d7d91c,fc80a095c5ee,q_code,Y,Y,Y,Y,Y,Y,Y,Y,N,N,N,N,Y,N,N,N,N,N,N,N,N,Y,Y,Y,Y,Y,N,N,N,N
6c34881afc18,F22,QUARANTINE,Q16,QUARANTINE_ADDL_CONFLICT_Q16,459af0d7d91c,9d9b4b667195,q_code,Y,Y,Y,Y,N,Y,Y,Y,N,N,N,N,Y,N,N,N,N,N,N,N,N,Y,Y,Y,Y,Y,N,N,N,N
2e915b0f4889,F01,REPAIR,,REPAIR_F01_BLQ,f67c49c740b6,5598114a142c,blq_handling_policy,Y,Y,Y,Y,Y,Y,Y,Y,Y,N,N,N,Y,Y,N,N,N,N,N,N,N,N,N,N,Y,Y,N,N,N,N
2ea40f5b617d,F01,QUARANTINE,Q15B,QUARANTINE_ADDL_CONFLICT_Q15B,459af0d7d91c,fc80a095c5ee,q_code,Y,Y,Y,Y,Y,Y,Y,Y,N,N,N,N,Y,N,N,N,N,N,N,N,N,N,N,Y,Y,Y,N,N,N,N
d7ea9814ca1e,F01,REPAIR,,REPAIR_F01_BLQ_CMTROLE,b0a07c38e805,edd44a84e2e5,"analyte_role_declaration,blq_handling_policy,cmt_analyte_policy",Y,Y,Y,Y,Y,Y,Y,Y,Y,N,N,N,Y,Y,N,N,N,N,Y,N,N,Y,N,N,Y,Y,Y,N,N,N
8fd3dbee7b19,F01,QUARANTINE,Q16,QUARANTINE_ADDL_CONFLICT_Q16,459af0d7d91c,9d9b4b667195,q_code,Y,Y,Y,Y,N,Y,Y,Y,N,N,N,N,Y,N,N,N,N,N,N,N,N,Y,N,N,Y,Y,N,N,N,N
a9c873d5ad93,F01,QUARANTINE,Q15B,QUARANTINE_ADDL_CONFLICT_Q15B,459af0d7d91c,fc80a095c5ee,q_code,Y,Y,Y,Y,Y,Y,Y,Y,N,N,N,N,Y,N,N,N,N,N,N,N,N,Y,N,Y,Y,Y,N,N,N,N
88d340cc6d3b,F01,QUARANTINE,Q16,QUARANTINE_ADDL_CONFLICT_Q16,459af0d7d91c,9d9b4b667195,q_code,Y,Y,Y,Y,N,Y,Y,Y,N,N,N,N,Y,N,N,N,N,N,N,N,N,Y,N,Y,Y,Y,N,N,N,N
233a0333f540,F22,REPAIR,,REPAIR_F22_BLQ_DDIVP,f452000cd78c,1a93afeda678,"blq_handling_policy,cmt_analyte_policy,dual_cmt_policy",Y,Y,Y,Y,Y,Y,Y,Y,Y,N,N,N,Y,Y,N,N,N,N,Y,N,N,Y,Y,N,Y,Y,N,N,N,N
8b6ecf4b7419,F22,QUARANTINE,Q16,QUARANTINE_ADDL_CONFLICT_Q16,459af0d7d91c,9d9b4b667195,q_code,Y,Y,Y,Y,N,Y,Y,Y,N,N,N,N,Y,N,N,N,N,N,N,N,N,Y,Y,N,Y,Y,N,N,N,N
0fb8395aae11,F22,QUARANTINE,Q15B,QUARANTINE_ADDL_CONFLICT_Q15B,459af0d7d91c,fc80a095c5ee,q_code,Y,Y,Y,Y,Y,Y,Y,Y,N,N,N,N,Y,N,N,N,N,N,N,N,N,Y,Y,Y,Y,Y,N,N,N,N
8257266a46aa,F22,QUARANTINE,Q16,QUARANTINE_ADDL_CONFLICT_Q16,459af0d7d91c,9d9b4b667195,q_code,Y,Y,Y,Y,N,Y,Y,Y,N,N,N,N,Y,N,N,N,N,N,N,N,N,Y,Y,Y,Y,Y,N,N,N,N
1a7cb493e00e,F01,QUARANTINE,Q15A,QUARANTINE_BIO_FINAL_FLAG_Q15A,459af0d7d91c,0ff39de5a52e,q_code,Y,Y,Y,Y,N,Y,Y,Y,N,N,N,N,Y,N,N,N,N,N,N,N,Y,N,N,N,Y,Y,N,N,N,N
e7212ecc876a,F01,QUARANTINE,Q15A,QUARANTINE_BIO_FINAL_FLAG_Q15A,459af0d7d91c,0ff39de5a52e,q_code,Y,Y,Y,Y,N,Y,Y,Y,N,N,N,N,Y,N,N,N,N,N,N,N,Y,N,N,Y,Y,Y,N,N,N,N
bc25bc0318a2,F01,QUARANTINE,Q15A,QUARANTINE_BIO_FINAL_FLAG_Q15A,459af0d7d91c,0ff39de5a52e,q_code,Y,Y,Y,Y,N,Y,Y,Y,N,N,N,N,Y,N,N,N,N,N,N,N,Y,Y,N,N,Y,Y,N,N,N,N
ea151c4e3cf6,F01,QUARANTINE,Q15A,QUARANTINE_BIO_FINAL_FLAG_Q15A,459af0d7d91c,0ff39de5a52e,q_code,Y,Y,Y,Y,N,Y,Y,Y,N,N,N,N,Y,N,N,N,N,N,N,N,Y,Y,N,N,Y,Y,N,N,N,N
680ddf0286a8,F01,QUARANTINE,Q15A,QUARANTINE_BIO_FINAL_FLAG_Q15A,459af0d7d91c,0ff39de5a52e,q_code,Y,Y,Y,Y,N,Y,Y,Y,N,N,N,N,Y,N,N,N,N,N,N,N,Y,Y,N,Y,Y,Y,N,N,N,N
7714a16bb354,F01,QUARANTINE,Q15A,QUARANTINE_BIO_FINAL_FLAG_Q15A,459af0d7d91c,0ff39de5a52e,q_code,Y,Y,Y,Y,N,Y,Y,Y,N,N,N,N,Y,N,N,N,N,N,N,N,Y,Y,N,Y,Y,Y,N,N,N,N
516ebec12f6e,F22,QUARANTINE,Q15A,QUARANTINE_BIO_FINAL_FLAG_Q15A,459af0d7d91c,0ff39de5a52e,q_code,Y,Y,Y,Y,N,Y,Y,Y,N,N,N,N,Y,N,N,N,N,N,N,N,Y,Y,Y,N,Y,Y,N,N,N,N
09aaf83db61b,F22,QUARANTINE,Q15A,QUARANTINE_BIO_FINAL_FLAG_Q15A,459af0d7d91c,0ff39de5a52e,q_code,Y,Y,Y,Y,N,Y,Y,Y,N,N,N,N,Y,N,N,N,N,N,N,N,Y,Y,Y,N,Y,Y,N,N,N,N
4730c0f700f9,F22,QUARANTINE,Q15A,QUARANTINE_BIO_FINAL_FLAG_Q15A,459af0d7d91c,0ff39de5a52e,q_code,Y,Y,Y,Y,N,Y,Y,Y,N,N,N,N,Y,N,N,N,N,N,N,N,Y,Y,Y,Y,Y,Y,N,N,N,N
d6b6d5ea05ff,F22,QUARANTINE,Q15A,QUARANTINE_BIO_FINAL_FLAG_Q15A,459af0d7d91c,0ff39de5a52e,q_code,Y,Y,Y,Y,N,Y,Y,Y,N,N,N,N,Y,N,N,N,N,N,N,N,Y,Y,Y,Y,Y,Y,N,N,N,N
070af25ab3b1,F27,AUTO,,AUTO_F27_MRNA,375dc3d886a9,44136fa355b3,,Y,Y,Y,Y,Y,Y,Y,Y,Y,N,N,N,Y,N,N,N,N,N,N,N,N,N,N,N,N,N,N,N,N,N
8fcbc16c021d,F27,QUARANTINE,Q15B,QUARANTINE_LEGACY_FLAG_UNDOC_Q15B,459af0d7d91c,fc80a095c5ee,q_code,Y,Y,Y,Y,Y,Y,Y,Y,N,N,N,N,Y,N,N,N,N,N,N,N,N,N,N,Y,N,N,N,N,N,N
9e7c7c674363,F27,REPAIR,,REPAIR_F27_CMTM,625092f45d69,3d9b119a827c,cmt_analyte_policy,Y,Y,Y,Y,Y,Y,Y,Y,Y,N,N,N,Y,N,N,N,N,N,Y,N,N,Y,N,N,N,N,N,N,N,N
f41bcd0c29ee,F27,QUARANTINE,Q15B,QUARANTINE_LEGACY_FLAG_UNDOC_Q15B,459af0d7d91c,fc80a095c5ee,q_code,Y,Y,Y,Y,Y,Y,Y,Y,N,N,N,N,Y,N,N,N,N,N,N,N,N,Y,N,Y,N,N,N,N,N,N
2df321583058,F27,REPAIR,,REPAIR_F27_DDIVP,9778a409567c,3b6e37a453cb,"cmt_analyte_policy,dual_cmt_policy",Y,Y,Y,Y,Y,Y,Y,Y,Y,N,N,N,Y,N,N,N,N,N,Y,N,N,Y,Y,N,N,N,N,N,N,N
d616af00ddf7,F27,QUARANTINE,Q15B,QUARANTINE_LEGACY_FLAG_UNDOC_Q15B,459af0d7d91c,fc80a095c5ee,q_code,Y,Y,Y,Y,Y,Y,Y,Y,N,N,N,N,Y,N,N,N,N,N,N,N,N,Y,Y,Y,N,N,N,N,N,N
beb43ce50f58,F27,REPAIR,,REPAIR_F27_BLQ,f67c49c740b6,5598114a142c,blq_handling_policy,Y,Y,Y,Y,Y,Y,Y,Y,Y,N,N,N,Y,Y,N,N,N,N,N,N,N,N,N,N,N,N,N,N,N,N
b48f3def1290,F27,QUARANTINE,Q15B,QUARANTINE_LEGACY_FLAG_UNDOC_Q15B,459af0d7d91c,fc80a095c5ee,q_code,Y,Y,Y,Y,Y,Y,Y,Y,N,N,N,N,Y,N,N,N,N,N,N,N,N,N,N,Y,N,N,N,N,N,N
74ef18bdcaf2,F27,REPAIR,,REPAIR_F27_BLQ_CMTM,ad950bea7a00,b0d8a8150750,"blq_handling_policy,cmt_analyte_policy",Y,Y,Y,Y,Y,Y,Y,Y,Y,N,N,N,Y,Y,N,N,N,N,Y,N,N,Y,N,N,N,N,N,N,N,N
3228dc0da85c,F27,QUARANTINE,Q15B,QUARANTINE_LEGACY_FLAG_UNDOC_Q15B,459af0d7d91c,fc80a095c5ee,q_code,Y,Y,Y,Y,Y,Y,Y,Y,N,N,N,N,Y,N,N,N,N,N,N,N,N,Y,N,Y,N,N,N,N,N,N
3efa4974f82b,F27,REPAIR,,REPAIR_F27_BLQ_DDIVP,f452000cd78c,1a93afeda678,"blq_handling_policy,cmt_analyte_policy,dual_cmt_policy",Y,Y,Y,Y,Y,Y,Y,Y,Y,N,N,N,Y,Y,N,N,N,N,Y,N,N,Y,Y,N,N,N,N,N,N,N
876bca0157c6,F27,QUARANTINE,Q15B,QUARANTINE_LEGACY_FLAG_UNDOC_Q15B,459af0d7d91c,fc80a095c5ee,q_code,Y,Y,Y,Y,Y,Y,Y,Y,N,N,N,N,Y,N,N,N,N,N,N,N,N,Y,Y,Y,N,N,N,N,N,N
f5c47157c6ed,F27,QUARANTINE,Q15A,QUARANTINE_BIO_FINAL_FLAG_Q15A,459af0d7d91c,0ff39de5a52e,q_code,Y,Y,Y,Y,N,Y,Y,Y,N,N,N,N,Y,N,N,N,N,N,N,N,Y,N,N,N,N,N,N,N,N,N
f51aa4f56121,F27,QUARANTINE,Q15A,QUARANTINE_BIO_FINAL_FLAG_Q15A,459af0d7d91c,0ff39de5a52e,q_code,Y,Y,Y,Y,N,Y,Y,Y,N,N,N,N,Y,N,N,N,N,N,N,N,Y,N,N,Y,N,N,N,N,N,N
b2dd808a0811,F27,QUARANTINE,Q15A,QUARANTINE_BIO_FINAL_FLAG_Q15A,459af0d7d91c,0ff39de5a52e,q_code,Y,Y,Y,Y,N,Y,Y,Y,N,N,N,N,Y,N,N,N,N,N,N,N,Y,Y,N,N,N,N,N,N,N,N
8bbd9e739409,F27,QUARANTINE,Q15A,QUARANTINE_BIO_FINAL_FLAG_Q15A,459af0d7d91c,0ff39de5a52e,q_code,Y,Y,Y,Y,N,Y,Y,Y,N,N,N,N,Y,N,N,N,N,N,N,N,Y,Y,N,Y,N,N,N,N,N,N
45bf7e0cef2d,F27,QUARANTINE,Q15A,QUARANTINE_BIO_FINAL_FLAG_Q15A,459af0d7d91c,0ff39de5a52e,q_code,Y,Y,Y,Y,N,Y,Y,Y,N,N,N,N,Y,N,N,N,N,N,N,N,Y,Y,Y,N,N,N,N,N,N,N
eec431449f29,F27,QUARANTINE,Q15A,QUARANTINE_BIO_FINAL_FLAG_Q15A,459af0d7d91c,0ff39de5a52e,q_code,Y,Y,Y,Y,N,Y,Y,Y,N,N,N,N,Y,N,N,N,N,N,N,N,Y,Y,Y,Y,N,N,N,N,N,N
0af492e9ab6c,F27,AUTO,,AUTO_F27_MRNA,375dc3d886a9,44136fa355b3,,Y,Y,Y,Y,Y,Y,Y,Y,Y,N,N,N,Y,N,N,N,N,N,N,N,N,N,N,N,Y,N,N,N,N,N
48651ce8800b,F27,QUARANTINE,Q15B,QUARANTINE_ADDL_CONFLICT_Q15B,459af0d7d91c,fc80a095c5ee,q_code,Y,Y,Y,Y,Y,Y,Y,Y,N,N,N,N,Y,N,N,N,N,N,N,N,N,N,N,Y,Y,N,N,N,N,N
05fbc4e08b7b,F27,REPAIR,,REPAIR_F27_CMTM,625092f45d69,3d9b119a827c,cmt_analyte_policy,Y,Y,Y,Y,Y,Y,Y,Y,Y,N,N,N,Y,N,N,N,N,N,Y,N,N,Y,N,N,Y,N,N,N,N,N
b05ff2fc1f9d,F27,QUARANTINE,Q15B,QUARANTINE_ADDL_CONFLICT_Q15B,459af0d7d91c,fc80a095c5ee,q_code,Y,Y,Y,Y,Y,Y,Y,Y,N,N,N,N,Y,N,N,N,N,N,N,N,N,Y,N,Y,Y,N,N,N,N,N
6b0f057b7dd3,F27,REPAIR,,REPAIR_F27_DDIVP,9778a409567c,3b6e37a453cb,"cmt_analyte_policy,dual_cmt_policy",Y,Y,Y,Y,Y,Y,Y,Y,Y,N,N,N,Y,N,N,N,N,N,Y,N,N,Y,Y,N,Y,N,N,N,N,N
7c0e5405c045,F27,QUARANTINE,Q15B,QUARANTINE_ADDL_CONFLICT_Q15B,459af0d7d91c,fc80a095c5ee,q_code,Y,Y,Y,Y,Y,Y,Y,Y,N,N,N,N,Y,N,N,N,N,N,N,N,N,Y,Y,Y,Y,N,N,N,N,N
adf44c50ebd3,F27,REPAIR,,REPAIR_F27_BLQ,f67c49c740b6,5598114a142c,blq_handling_policy,Y,Y,Y,Y,Y,Y,Y,Y,Y,N,N,N,Y,Y,N,N,N,N,N,N,N,N,N,N,Y,N,N,N,N,N
fab32ff4cc7b,F27,QUARANTINE,Q15B,QUARANTINE_ADDL_CONFLICT_Q15B,459af0d7d91c,fc80a095c5ee,q_code,Y,Y,Y,Y,Y,Y,Y,Y,N,N,N,N,Y,N,N,N,N,N,N,N,N,N,N,Y,Y,N,N,N,N,N
e1fb36121c45,F27,REPAIR,,REPAIR_F27_BLQ_CMTM,ad950bea7a00,b0d8a8150750,"blq_handling_policy,cmt_analyte_policy",Y,Y,Y,Y,Y,Y,Y,Y,Y,N,N,N,Y,Y,N,N,N,N,Y,N,N,Y,N,N,Y,N,N,N,N,N
9a147eca178b,F27,QUARANTINE,Q15B,QUARANTINE_ADDL_CONFLICT_Q15B,459af0d7d91c,fc80a095c5ee,q_code,Y,Y,Y,Y,Y,Y,Y,Y,N,N,N,N,Y,N,N,N,N,N,N,N,N,Y,N,Y,Y,N,N,N,N,N
4b443bc530ca,F27,REPAIR,,REPAIR_F27_BLQ_DDIVP,f452000cd78c,1a93afeda678,"blq_handling_policy,cmt_analyte_policy,dual_cmt_policy",Y,Y,Y,Y,Y,Y,Y,Y,Y,N,N,N,Y,Y,N,N,N,N,Y,N,N,Y,Y,N,Y,N,N,N,N,N
86e8a10da755,F27,QUARANTINE,Q15B,QUARANTINE_ADDL_CONFLICT_Q15B,459af0d7d91c,fc80a095c5ee,q_code,Y,Y,Y,Y,Y,Y,Y,Y,N,N,N,N,Y,N,N,N,N,N,N,N,N,Y,Y,Y,Y,N,N,N,N,N
a55af78a1563,F27,QUARANTINE,Q15A,QUARANTINE_BIO_FINAL_FLAG_Q15A,459af0d7d91c,0ff39de5a52e,q_code,Y,Y,Y,Y,N,Y,Y,Y,N,N,N,N,Y,N,N,N,N,N,N,N,Y,N,N,N,Y,N,N,N,N,N
144afc6717a4,F27,QUARANTINE,Q15A,QUARANTINE_BIO_FINAL_FLAG_Q15A,459af0d7d91c,0ff39de5a52e,q_code,Y,Y,Y,Y,N,Y,Y,Y,N,N,N,N,Y,N,N,N,N,N,N,N,Y,N,N,Y,Y,N,N,N,N,N
68c4639c9432,F27,QUARANTINE,Q15A,QUARANTINE_BIO_FINAL_FLAG_Q15A,459af0d7d91c,0ff39de5a52e,q_code,Y,Y,Y,Y,N,Y,Y,Y,N,N,N,N,Y,N,N,N,N,N,N,N,Y,Y,N,N,Y,N,N,N,N,N
1a07a33f43f2,F27,QUARANTINE,Q15A,QUARANTINE_BIO_FINAL_FLAG_Q15A,459af0d7d91c,0ff39de5a52e,q_code,Y,Y,Y,Y,N,Y,Y,Y,N,N,N,N,Y,N,N,N,N,N,N,N,Y,Y,N,Y,Y,N,N,N,N,N
e89bebb9d340,F27,QUARANTINE,Q15A,QUARANTINE_BIO_FINAL_FLAG_Q15A,459af0d7d91c,0ff39de5a52e,q_code,Y,Y,Y,Y,N,Y,Y,Y,N,N,N,N,Y,N,N,N,N,N,N,N,Y,Y,Y,N,Y,N,N,N,N,N
c07a7b1ab211,F27,QUARANTINE,Q15A,QUARANTINE_BIO_FINAL_FLAG_Q15A,459af0d7d91c,0ff39de5a52e,q_code,Y,Y,Y,Y,N,Y,Y,Y,N,N,N,N,Y,N,N,N,N,N,N,N,Y,Y,Y,Y,Y,N,N,N,N,N
7f6f675d0039,F01,AUTO,,AUTO_F01_SMALL_MOLECULE,375dc3d886a9,44136fa355b3,,Y,Y,Y,Y,Y,Y,Y,Y,Y,N,N,N,N,N,N,N,N,N,N,N,N,N,N,N,N,N,N,N,N,N
ff6bded0a42b,F01,QUARANTINE,Q15B,QUARANTINE_LEGACY_FLAG_UNDOC_Q15B,459af0d7d91c,fc80a095c5ee,q_code,Y,Y,Y,Y,Y,Y,Y,Y,N,N,N,N,N,N,N,N,N,N,N,N,N,N,N,Y,N,N,N,N,N,N
e6886b7748f7,F01,REPAIR,,REPAIR_F01_CMTM,625092f45d69,3d9b119a827c,cmt_analyte_policy,Y,Y,Y,Y,Y,Y,Y,Y,Y,N,N,N,N,N,N,N,N,N,Y,N,N,Y,N,N,N,N,N,N,N,N
3e0ceaba4f5e,F01,QUARANTINE,Q15B,QUARANTINE_LEGACY_FLAG_UNDOC_Q15B,459af0d7d91c,fc80a095c5ee,q_code,Y,Y,Y,Y,Y,Y,Y,Y,N,N,N,N,N,N,N,N,N,N,N,N,N,Y,N,Y,N,N,N,N,N,N
086cbf5001e5,F22,REPAIR,,REPAIR_F22_DDIVP,9778a409567c,3b6e37a453cb,"cmt_analyte_policy,dual_cmt_policy",Y,Y,Y,Y,Y,Y,Y,Y,Y,N,N,N,N,N,N,N,N,N,Y,N,N,Y,Y,N,N,N,N,N,N,N
3376329576d4,F22,QUARANTINE,Q15B,QUARANTINE_LEGACY_FLAG_UNDOC_Q15B,459af0d7d91c,fc80a095c5ee,q_code,Y,Y,Y,Y,Y,Y,Y,Y,N,N,N,N,N,N,N,N,N,N,N,N,N,Y,Y,Y,N,N,N,N,N,N
e38333abdf0f,F01,REPAIR,,REPAIR_F01_BLQ,f67c49c740b6,5598114a142c,blq_handling_policy,Y,Y,Y,Y,Y,Y,Y,Y,Y,N,N,N,N,Y,N,N,N,N,N,N,N,N,N,N,N,N,N,N,N,N
57f964c5776e,F01,QUARANTINE,Q15B,QUARANTINE_LEGACY_FLAG_UNDOC_Q15B,459af0d7d91c,fc80a095c5ee,q_code,Y,Y,Y,Y,Y,Y,Y,Y,N,N,N,N,N,N,N,N,N,N,N,N,N,N,N,Y,N,N,N,N,N,N
fbdeeea74917,F01,REPAIR,,REPAIR_F01_BLQ_CMTM,ad950bea7a00,b0d8a8150750,"blq_handling_policy,cmt_analyte_policy",Y,Y,Y,Y,Y,Y,Y,Y,Y,N,N,N,N,Y,N,N,N,N,Y,N,N,Y,N,N,N,N,N,N,N,N
04893b342473,F01,QUARANTINE,Q15B,QUARANTINE_LEGACY_FLAG_UNDOC_Q15B,459af0d7d91c,fc80a095c5ee,q_code,Y,Y,Y,Y,Y,Y,Y,Y,N,N,N,N,N,N,N,N,N,N,N,N,N,Y,N,Y,N,N,N,N,N,N
712a60329dfe,F22,REPAIR,,REPAIR_F22_BLQ_DDIVP,f452000cd78c,1a93afeda678,"blq_handling_policy,cmt_analyte_policy,dual_cmt_policy",Y,Y,Y,Y,Y,Y,Y,Y,Y,N,N,N,N,Y,N,N,N,N,Y,N,N,Y,Y,N,N,N,N,N,N,N
36ed08c54d03,F22,QUARANTINE,Q15B,QUARANTINE_LEGACY_FLAG_UNDOC_Q15B,459af0d7d91c,fc80a095c5ee,q_code,Y,Y,Y,Y,Y,Y,Y,Y,N,N,N,N,N,N,N,N,N,N,N,N,N,Y,Y,Y,N,N,N,N,N,N
c94673a36f2b,F01,QUARANTINE,Q15A,QUARANTINE_BIO_FINAL_FLAG_Q15A,459af0d7d91c,0ff39de5a52e,q_code,Y,Y,Y,Y,N,Y,Y,Y,N,N,N,N,N,N,N,N,N,N,N,N,Y,N,N,N,N,N,N,N,N,N
8e2a19a57ee1,F01,QUARANTINE,Q15A,QUARANTINE_BIO_FINAL_FLAG_Q15A,459af0d7d91c,0ff39de5a52e,q_code,Y,Y,Y,Y,N,Y,Y,Y,N,N,N,N,N,N,N,N,N,N,N,N,Y,N,N,Y,N,N,N,N,N,N
c6581ef6401c,F01,QUARANTINE,Q15A,QUARANTINE_BIO_FINAL_FLAG_Q15A,459af0d7d91c,0ff39de5a52e,q_code,Y,Y,Y,Y,N,Y,Y,Y,N,N,N,N,N,N,N,N,N,N,N,N,Y,Y,N,N,N,N,N,N,N,N
a38d2b150025,F01,QUARANTINE,Q15A,QUARANTINE_BIO_FINAL_FLAG_Q15A,459af0d7d91c,0ff39de5a52e,q_code,Y,Y,Y,Y,N,Y,Y,Y,N,N,N,N,N,N,N,N,N,N,N,N,Y,Y,N,Y,N,N,N,N,N,N
072de2b3fc8e,F22,QUARANTINE,Q15A,QUARANTINE_BIO_FINAL_FLAG_Q15A,459af0d7d91c,0ff39de5a52e,q_code,Y,Y,Y,Y,N,Y,Y,Y,N,N,N,N,N,N,N,N,N,N,N,N,Y,Y,Y,N,N,N,N,N,N,N
13490187d614,F22,QUARANTINE,Q15A,QUARANTINE_BIO_FINAL_FLAG_Q15A,459af0d7d91c,0ff39de5a52e,q_code,Y,Y,Y,Y,N,Y,Y,Y,N,N,N,N,N,N,N,N,N,N,N,N,Y,Y,Y,Y,N,N,N,N,N,N
05e2b338e051,F01,AUTO,,AUTO_F01_SMALL_MOLECULE,375dc3d886a9,44136fa355b3,,Y,Y,Y,Y,Y,Y,Y,Y,Y,N,N,N,N,N,N,N,N,N,N,N,N,N,N,N,Y,N,N,N,N,N
c8fe7d08f7cc,F01,QUARANTINE,Q15B,QUARANTINE_ADDL_CONFLICT_Q15B,459af0d7d91c,fc80a095c5ee,q_code,Y,Y,Y,Y,Y,Y,Y,Y,N,N,N,N,N,N,N,N,N,N,N,N,N,N,N,Y,Y,N,N,N,N,N
863562c22869,F01,REPAIR,,REPAIR_F01_CMTM,625092f45d69,3d9b119a827c,cmt_analyte_policy,Y,Y,Y,Y,Y,Y,Y,Y,Y,N,N,N,N,N,N,N,N,N,Y,N,N,Y,N,N,Y,N,N,N,N,N
5ce9f06c6ae3,F01,QUARANTINE,Q15B,QUARANTINE_ADDL_CONFLICT_Q15B,459af0d7d91c,fc80a095c5ee,q_code,Y,Y,Y,Y,Y,Y,Y,Y,N,N,N,N,N,N,N,N,N,N,N,N,N,Y,N,Y,Y,N,N,N,N,N
714dd49437bf,F22,REPAIR,,REPAIR_F22_DDIVP,9778a409567c,3b6e37a453cb,"cmt_analyte_policy,dual_cmt_policy",Y,Y,Y,Y,Y,Y,Y,Y,Y,N,N,N,N,N,N,N,N,N,Y,N,N,Y,Y,N,Y,N,N,N,N,N
d5da9f8e51b6,F22,QUARANTINE,Q15B,QUARANTINE_ADDL_CONFLICT_Q15B,459af0d7d91c,fc80a095c5ee,q_code,Y,Y,Y,Y,Y,Y,Y,Y,N,N,N,N,N,N,N,N,N,N,N,N,N,Y,Y,Y,Y,N,N,N,N,N
57aa0b297f75,F01,REPAIR,,REPAIR_F01_BLQ,f67c49c740b6,5598114a142c,blq_handling_policy,Y,Y,Y,Y,Y,Y,Y,Y,Y,N,N,N,N,Y,N,N,N,N,N,N,N,N,N,N,Y,N,N,N,N,N
99ee3b7e2aa9,F01,QUARANTINE,Q15B,QUARANTINE_ADDL_CONFLICT_Q15B,459af0d7d91c,fc80a095c5ee,q_code,Y,Y,Y,Y,Y,Y,Y,Y,N,N,N,N,N,N,N,N,N,N,N,N,N,N,N,Y,Y,N,N,N,N,N
9afc6681069f,F01,REPAIR,,REPAIR_F01_BLQ_CMTM,ad950bea7a00,b0d8a8150750,"blq_handling_policy,cmt_analyte_policy",Y,Y,Y,Y,Y,Y,Y,Y,Y,N,N,N,N,Y,N,N,N,N,Y,N,N,Y,N,N,Y,N,N,N,N,N
0f7ef0ebf5ca,F01,QUARANTINE,Q15B,QUARANTINE_ADDL_CONFLICT_Q15B,459af0d7d91c,fc80a095c5ee,q_code,Y,Y,Y,Y,Y,Y,Y,Y,N,N,N,N,N,N,N,N,N,N,N,N,N,Y,N,Y,Y,N,N,N,N,N
adf02930d6fa,F22,REPAIR,,REPAIR_F22_BLQ_DDIVP,f452000cd78c,1a93afeda678,"blq_handling_policy,cmt_analyte_policy,dual_cmt_policy",Y,Y,Y,Y,Y,Y,Y,Y,Y,N,N,N,N,Y,N,N,N,N,Y,N,N,Y,Y,N,Y,N,N,N,N,N
c4e6b1080cd5,F22,QUARANTINE,Q15B,QUARANTINE_ADDL_CONFLICT_Q15B,459af0d7d91c,fc80a095c5ee,q_code,Y,Y,Y,Y,Y,Y,Y,Y,N,N,N,N,N,N,N,N,N,N,N,N,N,Y,Y,Y,Y,N,N,N,N,N
4b32137f6b07,F01,QUARANTINE,Q15A,QUARANTINE_BIO_FINAL_FLAG_Q15A,459af0d7d91c,0ff39de5a52e,q_code,Y,Y,Y,Y,N,Y,Y,Y,N,N,N,N,N,N,N,N,N,N,N,N,Y,N,N,N,Y,N,N,N,N,N
25d6f898c44e,F01,QUARANTINE,Q15A,QUARANTINE_BIO_FINAL_FLAG_Q15A,459af0d7d91c,0ff39de5a52e,q_code,Y,Y,Y,Y,N,Y,Y,Y,N,N,N,N,N,N,N,N,N,N,N,N,Y,N,N,Y,Y,N,N,N,N,N
bc727d6bee60,F01,QUARANTINE,Q15A,QUARANTINE_BIO_FINAL_FLAG_Q15A,459af0d7d91c,0ff39de5a52e,q_code,Y,Y,Y,Y,N,Y,Y,Y,N,N,N,N,N,N,N,N,N,N,N,N,Y,Y,N,N,Y,N,N,N,N,N
38a031850ecf,F01,QUARANTINE,Q15A,QUARANTINE_BIO_FINAL_FLAG_Q15A,459af0d7d91c,0ff39de5a52e,q_code,Y,Y,Y,Y,N,Y,Y,Y,N,N,N,N,N,N,N,N,N,N,N,N,Y,Y,N,Y,Y,N,N,N,N,N
35fc712ac5e8,F22,QUARANTINE,Q15A,QUARANTINE_BIO_FINAL_FLAG_Q15A,459af0d7d91c,0ff39de5a52e,q_code,Y,Y,Y,Y,N,Y,Y,Y,N,N,N,N,N,N,N,N,N,N,N,N,Y,Y,Y,N,Y,N,N,N,N,N
7a0dbcd3f3a8,F22,QUARANTINE,Q15A,QUARANTINE_BIO_FINAL_FLAG_Q15A,459af0d7d91c,0ff39de5a52e,q_code,Y,Y,Y,Y,N,Y,Y,Y,N,N,N,N,N,N,N,N,N,N,N,N,Y,Y,Y,Y,Y,N,N,N,N,N
a212a80f4b07,F01,AUTO,,AUTO_F01_MAB,375dc3d886a9,44136fa355b3,,Y,Y,Y,Y,Y,Y,Y,Y,Y,N,N,N,N,N,N,N,N,N,N,N,N,N,N,N,N,N,N,N,N,N
d1031b1c1128,F01,QUARANTINE,Q15B,QUARANTINE_LEGACY_FLAG_UNDOC_Q15B,459af0d7d91c,fc80a095c5ee,q_code,Y,Y,Y,Y,Y,Y,Y,Y,N,N,N,N,N,N,N,N,N,N,N,N,N,N,N,Y,N,N,N,N,N,N
549432b72dc1,F01,REPAIR,,REPAIR_F01_CMTM,625092f45d69,3d9b119a827c,cmt_analyte_policy,Y,Y,Y,Y,Y,Y,Y,Y,Y,N,N,N,N,N,N,N,N,N,Y,N,N,Y,N,N,N,N,N,N,N,N
77651dcc1874,F01,QUARANTINE,Q15B,QUARANTINE_LEGACY_FLAG_UNDOC_Q15B,459af0d7d91c,fc80a095c5ee,q_code,Y,Y,Y,Y,Y,Y,Y,Y,N,N,N,N,N,N,N,N,N,N,N,N,N,Y,N,Y,N,N,N,N,N,N
e1885246fb65,F22,REPAIR,,REPAIR_F22_DDIVP,9778a409567c,3b6e37a453cb,"cmt_analyte_policy,dual_cmt_policy",Y,Y,Y,Y,Y,Y,Y,Y,Y,N,N,N,N,N,N,N,N,N,Y,N,N,Y,Y,N,N,N,N,N,N,N
f0b13204521b,F22,QUARANTINE,Q15B,QUARANTINE_LEGACY_FLAG_UNDOC_Q15B,459af0d7d91c,fc80a095c5ee,q_code,Y,Y,Y,Y,Y,Y,Y,Y,N,N,N,N,N,N,N,N,N,N,N,N,N,Y,Y,Y,N,N,N,N,N,N
03e18303b722,F01,REPAIR,,REPAIR_F01_BLQ,f67c49c740b6,5598114a142c,blq_handling_policy,Y,Y,Y,Y,Y,Y,Y,Y,Y,N,N,N,N,Y,N,N,N,N,N,N,N,N,N,N,N,N,N,N,N,N
56c7ff0ff76d,F01,QUARANTINE,Q15B,QUARANTINE_LEGACY_FLAG_UNDOC_Q15B,459af0d7d91c,fc80a095c5ee,q_code,Y,Y,Y,Y,Y,Y,Y,Y,N,N,N,N,N,N,N,N,N,N,N,N,N,N,N,Y,N,N,N,N,N,N
42768965238b,F01,REPAIR,,REPAIR_F01_BLQ_CMTM,ad950bea7a00,b0d8a8150750,"blq_handling_policy,cmt_analyte_policy",Y,Y,Y,Y,Y,Y,Y,Y,Y,N,N,N,N,Y,N,N,N,N,Y,N,N,Y,N,N,N,N,N,N,N,N
6abb7048b8eb,F01,QUARANTINE,Q15B,QUARANTINE_LEGACY_FLAG_UNDOC_Q15B,459af0d7d91c,fc80a095c5ee,q_code,Y,Y,Y,Y,Y,Y,Y,Y,N,N,N,N,N,N,N,N,N,N,N,N,N,Y,N,Y,N,N,N,N,N,N
2b522e144593,F22,REPAIR,,REPAIR_F22_BLQ_DDIVP,f452000cd78c,1a93afeda678,"blq_handling_policy,cmt_analyte_policy,dual_cmt_policy",Y,Y,Y,Y,Y,Y,Y,Y,Y,N,N,N,N,Y,N,N,N,N,Y,N,N,Y,Y,N,N,N,N,N,N,N
bc786eaf3a98,F22,QUARANTINE,Q15B,QUARANTINE_LEGACY_FLAG_UNDOC_Q15B,459af0d7d91c,fc80a095c5ee,q_code,Y,Y,Y,Y,Y,Y,Y,Y,N,N,N,N,N,N,N,N,N,N,N,N,N,Y,Y,Y,N,N,N,N,N,N
addc4ed410bb,F01,QUARANTINE,Q15A,QUARANTINE_BIO_FINAL_FLAG_Q15A,459af0d7d91c,0ff39de5a52e,q_code,Y,Y,Y,Y,N,Y,Y,Y,N,N,N,N,N,N,N,N,N,N,N,N,Y,N,N,N,N,N,N,N,N,N
d8fce4c5b5e0,F01,QUARANTINE,Q15A,QUARANTINE_BIO_FINAL_FLAG_Q15A,459af0d7d91c,0ff39de5a52e,q_code,Y,Y,Y,Y,N,Y,Y,Y,N,N,N,N,N,N,N,N,N,N,N,N,Y,N,N,Y,N,N,N,N,N,N
71072448af7b,F01,QUARANTINE,Q15A,QUARANTINE_BIO_FINAL_FLAG_Q15A,459af0d7d91c,0ff39de5a52e,q_code,Y,Y,Y,Y,N,Y,Y,Y,N,N,N,N,N,N,N,N,N,N,N,N,Y,Y,N,N,N,N,N,N,N,N
9c9922d5da49,F01,QUARANTINE,Q15A,QUARANTINE_BIO_FINAL_FLAG_Q15A,459af0d7d91c,0ff39de5a52e,q_code,Y,Y,Y,Y,N,Y,Y,Y,N,N,N,N,N,N,N,N,N,N,N,N,Y,Y,N,Y,N,N,N,N,N,N
4928f4455048,F22,QUARANTINE,Q15A,QUARANTINE_BIO_FINAL_FLAG_Q15A,459af0d7d91c,0ff39de5a52e,q_code,Y,Y,Y,Y,N,Y,Y,Y,N,N,N,N,N,N,N,N,N,N,N,N,Y,Y,Y,N,N,N,N,N,N,N
7696ad9be9c5,F22,QUARANTINE,Q15A,QUARANTINE_BIO_FINAL_FLAG_Q15A,459af0d7d91c,0ff39de5a52e,q_code,Y,Y,Y,Y,N,Y,Y,Y,N,N,N,N,N,N,N,N,N,N,N,N,Y,Y,Y,Y,N,N,N,N,N,N
d0b3c3a9f488,F01,AUTO,,AUTO_F01_MAB,375dc3d886a9,44136fa355b3,,Y,Y,Y,Y,Y,Y,Y,Y,Y,N,N,N,N,N,N,N,N,N,N,N,N,N,N,N,Y,N,N,N,N,N
9e5a26df95b4,F01,QUARANTINE,Q15B,QUARANTINE_ADDL_CONFLICT_Q15B,459af0d7d91c,fc80a095c5ee,q_code,Y,Y,Y,Y,Y,Y,Y,Y,N,N,N,N,N,N,N,N,N,N,N,N,N,N,N,Y,Y,N,N,N,N,N
39829d51ace7,F01,REPAIR,,REPAIR_F01_CMTM,625092f45d69,3d9b119a827c,cmt_analyte_policy,Y,Y,Y,Y,Y,Y,Y,Y,Y,N,N,N,N,N,N,N,N,N,Y,N,N,Y,N,N,Y,N,N,N,N,N
1048feba78b3,F01,QUARANTINE,Q15B,QUARANTINE_ADDL_CONFLICT_Q15B,459af0d7d91c,fc80a095c5ee,q_code,Y,Y,Y,Y,Y,Y,Y,Y,N,N,N,N,N,N,N,N,N,N,N,N,N,Y,N,Y,Y,N,N,N,N,N
7ac7a46f231e,F22,REPAIR,,REPAIR_F22_DDIVP,9778a409567c,3b6e37a453cb,"cmt_analyte_policy,dual_cmt_policy",Y,Y,Y,Y,Y,Y,Y,Y,Y,N,N,N,N,N,N,N,N,N,Y,N,N,Y,Y,N,Y,N,N,N,N,N
439c4ad2e043,F22,QUARANTINE,Q15B,QUARANTINE_ADDL_CONFLICT_Q15B,459af0d7d91c,fc80a095c5ee,q_code,Y,Y,Y,Y,Y,Y,Y,Y,N,N,N,N,N,N,N,N,N,N,N,N,N,Y,Y,Y,Y,N,N,N,N,N
6929aa77fceb,F01,REPAIR,,REPAIR_F01_BLQ,f67c49c740b6,5598114a142c,blq_handling_policy,Y,Y,Y,Y,Y,Y,Y,Y,Y,N,N,N,N,Y,N,N,N,N,N,N,N,N,N,N,Y,N,N,N,N,N
6c809522d5ef,F01,QUARANTINE,Q15B,QUARANTINE_ADDL_CONFLICT_Q15B,459af0d7d91c,fc80a095c5ee,q_code,Y,Y,Y,Y,Y,Y,Y,Y,N,N,N,N,N,N,N,N,N,N,N,N,N,N,N,Y,Y,N,N,N,N,N
bd1de3095d26,F01,REPAIR,,REPAIR_F01_BLQ_CMTM,ad950bea7a00,b0d8a8150750,"blq_handling_policy,cmt_analyte_policy",Y,Y,Y,Y,Y,Y,Y,Y,Y,N,N,N,N,Y,N,N,N,N,Y,N,N,Y,N,N,Y,N,N,N,N,N
2b196b384bf4,F01,QUARANTINE,Q15B,QUARANTINE_ADDL_CONFLICT_Q15B,459af0d7d91c,fc80a095c5ee,q_code,Y,Y,Y,Y,Y,Y,Y,Y,N,N,N,N,N,N,N,N,N,N,N,N,N,Y,N,Y,Y,N,N,N,N,N
1a116ef989a6,F22,REPAIR,,REPAIR_F22_BLQ_DDIVP,f452000cd78c,1a93afeda678,"blq_handling_policy,cmt_analyte_policy,dual_cmt_policy",Y,Y,Y,Y,Y,Y,Y,Y,Y,N,N,N,N,Y,N,N,N,N,Y,N,N,Y,Y,N,Y,N,N,N,N,N
7b9bfacbf1aa,F22,QUARANTINE,Q15B,QUARANTINE_ADDL_CONFLICT_Q15B,459af0d7d91c,fc80a095c5ee,q_code,Y,Y,Y,Y,Y,Y,Y,Y,N,N,N,N,N,N,N,N,N,N,N,N,N,Y,Y,Y,Y,N,N,N,N,N
7e8477372b1f,F01,QUARANTINE,Q15A,QUARANTINE_BIO_FINAL_FLAG_Q15A,459af0d7d91c,0ff39de5a52e,q_code,Y,Y,Y,Y,N,Y,Y,Y,N,N,N,N,N,N,N,N,N,N,N,N,Y,N,N,N,Y,N,N,N,N,N
ad34f2763336,F01,QUARANTINE,Q15A,QUARANTINE_BIO_FINAL_FLAG_Q15A,459af0d7d91c,0ff39de5a52e,q_code,Y,Y,Y,Y,N,Y,Y,Y,N,N,N,N,N,N,N,N,N,N,N,N,Y,N,N,Y,Y,N,N,N,N,N
20666b5650b4,F01,QUARANTINE,Q15A,QUARANTINE_BIO_FINAL_FLAG_Q15A,459af0d7d91c,0ff39de5a52e,q_code,Y,Y,Y,Y,N,Y,Y,Y,N,N,N,N,N,N,N,N,N,N,N,N,Y,Y,N,N,Y,N,N,N,N,N
557f561711f8,F01,QUARANTINE,Q15A,QUARANTINE_BIO_FINAL_FLAG_Q15A,459af0d7d91c,0ff39de5a52e,q_code,Y,Y,Y,Y,N,Y,Y,Y,N,N,N,N,N,N,N,N,N,N,N,N,Y,Y,N,Y,Y,N,N,N,N,N
2cb0e25f2548,F22,QUARANTINE,Q15A,QUARANTINE_BIO_FINAL_FLAG_Q15A,459af0d7d91c,0ff39de5a52e,q_code,Y,Y,Y,Y,N,Y,Y,Y,N,N,N,N,N,N,N,N,N,N,N,N,Y,Y,Y,N,Y,N,N,N,N,N
fb619423666d,F22,QUARANTINE,Q15A,QUARANTINE_BIO_FINAL_FLAG_Q15A,459af0d7d91c,0ff39de5a52e,q_code,Y,Y,Y,Y,N,Y,Y,Y,N,N,N,N,N,N,N,N,N,N,N,N,Y,Y,Y,Y,Y,N,N,N,N,N
994d2d78e747,F01,AUTO,,AUTO_F01_ADC,375dc3d886a9,44136fa355b3,,Y,Y,Y,Y,Y,Y,Y,Y,Y,N,N,N,Y,N,N,N,N,N,N,N,N,N,N,N,N,Y,N,N,N,N
10ac07fd7147,F01,QUARANTINE,Q15B,QUARANTINE_LEGACY_FLAG_UNDOC_Q15B,459af0d7d91c,fc80a095c5ee,q_code,Y,Y,Y,Y,Y,Y,Y,Y,N,N,N,N,Y,N,N,N,N,N,N,N,N,N,N,Y,N,Y,N,N,N,N
b56b221bed0a,F24,REPAIR,,REPAIR_F24_CMTROLE,067eec0a7a08,835c27d30e59,"analyte_role_declaration,cmt_analyte_policy",Y,Y,Y,Y,Y,Y,Y,Y,Y,N,N,N,Y,N,N,N,N,N,Y,N,N,Y,N,N,N,Y,Y,N,N,N
24e966d4b125,F24,QUARANTINE,Q16,QUARANTINE_ANALYTE_ROLE_MISSING_Q16,459af0d7d91c,9d9b4b667195,q_code,Y,Y,Y,Y,N,Y,Y,Y,N,N,N,N,Y,N,N,N,N,N,N,N,N,Y,N,N,N,Y,N,N,N,N
6f5333b41466,F24,QUARANTINE,Q15B,QUARANTINE_LEGACY_FLAG_UNDOC_Q15B,459af0d7d91c,fc80a095c5ee,q_code,Y,Y,Y,Y,Y,Y,Y,Y,N,N,N,N,Y,N,N,N,N,N,N,N,N,Y,N,Y,N,Y,N,N,N,N
bc8f8577461d,F24,QUARANTINE,Q16,QUARANTINE_ANALYTE_ROLE_MISSING_Q16,459af0d7d91c,9d9b4b667195,q_code,Y,Y,Y,Y,N,Y,Y,Y,N,N,N,N,Y,N,N,N,N,N,N,N,N,Y,N,Y,N,Y,N,N,N,N
819311e03fea,F22,REPAIR,,REPAIR_F22_DDIVP,9778a409567c,3b6e37a453cb,"cmt_analyte_policy,dual_cmt_policy",Y,Y,Y,Y,Y,Y,Y,Y,Y,N,N,N,Y,N,N,N,N,N,Y,N,N,Y,Y,N,N,Y,N,N,N,N
a0376fb8aaa1,F22,QUARANTINE,Q16,QUARANTINE_ANALYTE_ROLE_MISSING_Q16,459af0d7d91c,9d9b4b667195,q_code,Y,Y,Y,Y,N,Y,Y,Y,N,N,N,N,Y,N,N,N,N,N,N,N,N,Y,Y,N,N,Y,N,N,N,N
714ab94f7ade,F22,QUARANTINE,Q15B,QUARANTINE_LEGACY_FLAG_UNDOC_Q15B,459af0d7d91c,fc80a095c5ee,q_code,Y,Y,Y,Y,Y,Y,Y,Y,N,N,N,N,Y,N,N,N,N,N,N,N,N,Y,Y,Y,N,Y,N,N,N,N
2af87448025f,F22,QUARANTINE,Q16,QUARANTINE_ANALYTE_ROLE_MISSING_Q16,459af0d7d91c,9d9b4b667195,q_code,Y,Y,Y,Y,N,Y,Y,Y,N,N,N,N,Y,N,N,N,N,N,N,N,N,Y,Y,Y,N,Y,N,N,N,N
84236623cb91,F01,REPAIR,,REPAIR_F01_BLQ,f67c49c740b6,5598114a142c,blq_handling_policy,Y,Y,Y,Y,Y,Y,Y,Y,Y,N,N,N,Y,Y,N,N,N,N,N,N,N,N,N,N,N,Y,N,N,N,N
2ee99d0edc00,F01,QUARANTINE,Q15B,QUARANTINE_LEGACY_FLAG_UNDOC_Q15B,459af0d7d91c,fc80a095c5ee,q_code,Y,Y,Y,Y,Y,Y,Y,Y,N,N,N,N,Y,N,N,N,N,N,N,N,N,N,N,Y,N,Y,N,N,N,N
ef634aab678c,F24,REPAIR,,REPAIR_F24_BLQ_CMTROLE,b0a07c38e805,0fb8c6d4335c,"analyte_role_declaration,blq_handling_policy,cmt_analyte_policy",Y,Y,Y,Y,Y,Y,Y,Y,Y,N,N,N,Y,Y,N,N,N,N,Y,N,N,Y,N,N,N,Y,Y,N,N,N
4612c809bddf,F24,QUARANTINE,Q16,QUARANTINE_ANALYTE_ROLE_MISSING_Q16,459af0d7d91c,9d9b4b667195,q_code,Y,Y,Y,Y,N,Y,Y,Y,N,N,N,N,Y,N,N,N,N,N,N,N,N,Y,N,N,N,Y,N,N,N,N
2a5a5dbe2db8,F24,QUARANTINE,Q15B,QUARANTINE_LEGACY_FLAG_UNDOC_Q15B,459af0d7d91c,fc80a095c5ee,q_code,Y,Y,Y,Y,Y,Y,Y,Y,N,N,N,N,Y,N,N,N,N,N,N,N,N,Y,N,Y,N,Y,N,N,N,N
899b94a3117d,F24,QUARANTINE,Q16,QUARANTINE_ANALYTE_ROLE_MISSING_Q16,459af0d7d91c,9d9b4b667195,q_code,Y,Y,Y,Y,N,Y,Y,Y,N,N,N,N,Y,N,N,N,N,N,N,N,N,Y,N,Y,N,Y,N,N,N,N
0c07e4b29ac1,F22,REPAIR,,REPAIR_F22_BLQ_DDIVP,f452000cd78c,1a93afeda678,"blq_handling_policy,cmt_analyte_policy,dual_cmt_policy",Y,Y,Y,Y,Y,Y,Y,Y,Y,N,N,N,Y,Y,N,N,N,N,Y,N,N,Y,Y,N,N,Y,N,N,N,N
637cfb5c4e48,F22,QUARANTINE,Q16,QUARANTINE_ANALYTE_ROLE_MISSING_Q16,459af0d7d91c,9d9b4b667195,q_code,Y,Y,Y,Y,N,Y,Y,Y,N,N,N,N,Y,N,N,N,N,N,N,N,N,Y,Y,N,N,Y,N,N,N,N
45802fcfeb95,F22,QUARANTINE,Q15B,QUARANTINE_LEGACY_FLAG_UNDOC_Q15B,459af0d7d91c,fc80a095c5ee,q_code,Y,Y,Y,Y,Y,Y,Y,Y,N,N,N,N,Y,N,N,N,N,N,N,N,N,Y,Y,Y,N,Y,N,N,N,N
19d5dde446e4,F22,QUARANTINE,Q16,QUARANTINE_ANALYTE_ROLE_MISSING_Q16,459af0d7d91c,9d9b4b667195,q_code,Y,Y,Y,Y,N,Y,Y,Y,N,N,N,N,Y,N,N,N,N,N,N,N,N,Y,Y,Y,N,Y,N,N,N,N
5455c0f2a137,F01,QUARANTINE,Q15A,QUARANTINE_BIO_FINAL_FLAG_Q15A,459af0d7d91c,0ff39de5a52e,q_code,Y,Y,Y,Y,N,Y,Y,Y,N,N,N,N,Y,N,N,N,N,N,N,N,Y,N,N,N,N,Y,N,N,N,N
e9ccfe2648a0,F01,QUARANTINE,Q15A,QUARANTINE_BIO_FINAL_FLAG_Q15A,459af0d7d91c,0ff39de5a52e,q_code,Y,Y,Y,Y,N,Y,Y,Y,N,N,N,N,Y,N,N,N,N,N,N,N,Y,N,N,Y,N,Y,N,N,N,N
ec959084f568,F24,QUARANTINE,Q15A,QUARANTINE_BIO_FINAL_FLAG_Q15A,459af0d7d91c,0ff39de5a52e,q_code,Y,Y,Y,Y,N,Y,Y,Y,N,N,N,N,Y,N,N,N,N,N,N,N,Y,Y,N,N,N,Y,N,N,N,N
196d06ef4b74,F24,QUARANTINE,Q15A,QUARANTINE_BIO_FINAL_FLAG_Q15A,459af0d7d91c,0ff39de5a52e,q_code,Y,Y,Y,Y,N,Y,Y,Y,N,N,N,N,Y,N,N,N,N,N,N,N,Y,Y,N,N,N,Y,N,N,N,N
5ea68f5873de,F24,QUARANTINE,Q15A,QUARANTINE_BIO_FINAL_FLAG_Q15A,459af0d7d91c,0ff39de5a52e,q_code,Y,Y,Y,Y,N,Y,Y,Y,N,N,N,N,Y,N,N,N,N,N,N,N,Y,Y,N,Y,N,Y,N,N,N,N
dce04490165a,F24,QUARANTINE,Q15A,QUARANTINE_BIO_FINAL_FLAG_Q15A,459af0d7d91c,0ff39de5a52e,q_code,Y,Y,Y,Y,N,Y,Y,Y,N,N,N,N,Y,N,N,N,N,N,N,N,Y,Y,N,Y,N,Y,N,N,N,N
022963155878,F22,QUARANTINE,Q15A,QUARANTINE_BIO_FINAL_FLAG_Q15A,459af0d7d91c,0ff39de5a52e,q_code,Y,Y,Y,Y,N,Y,Y,Y,N,N,N,N,Y,N,N,N,N,N,N,N,Y,Y,Y,N,N,Y,N,N,N,N
c8278c46b6dc,F22,QUARANTINE,Q15A,QUARANTINE_BIO_FINAL_FLAG_Q15A,459af0d7d91c,0ff39de5a52e,q_code,Y,Y,Y,Y,N,Y,Y,Y,N,N,N,N,Y,N,N,N,N,N,N,N,Y,Y,Y,N,N,Y,N,N,N,N
f65ce3b9e55f,F22,QUARANTINE,Q15A,QUARANTINE_BIO_FINAL_FLAG_Q15A,459af0d7d91c,0ff39de5a52e,q_code,Y,Y,Y,Y,N,Y,Y,Y,N,N,N,N,Y,N,N,N,N,N,N,N,Y,Y,Y,Y,N,Y,N,N,N,N
78d5df6c3169,F22,QUARANTINE,Q15A,QUARANTINE_BIO_FINAL_FLAG_Q15A,459af0d7d91c,0ff39de5a52e,q_code,Y,Y,Y,Y,N,Y,Y,Y,N,N,N,N,Y,N,N,N,N,N,N,N,Y,Y,Y,Y,N,Y,N,N,N,N
6742fdeb8e28,F01,AUTO,,AUTO_F01_ADC,375dc3d886a9,44136fa355b3,,Y,Y,Y,Y,Y,Y,Y,Y,Y,N,N,N,Y,N,N,N,N,N,N,N,N,N,N,N,Y,Y,N,N,N,N
47319b073b04,F01,QUARANTINE,Q15B,QUARANTINE_ADDL_CONFLICT_Q15B,459af0d7d91c,fc80a095c5ee,q_code,Y,Y,Y,Y,Y,Y,Y,Y,N,N,N,N,Y,N,N,N,N,N,N,N,N,N,N,Y,Y,Y,N,N,N,N
ba63d76d8900,F24,REPAIR,,REPAIR_F24_CMTROLE,067eec0a7a08,835c27d30e59,"analyte_role_declaration,cmt_analyte_policy",Y,Y,Y,Y,Y,Y,Y,Y,Y,N,N,N,Y,N,N,N,N,N,Y,N,N,Y,N,N,Y,Y,Y,N,N,N
5fddeaf56b11,F24,QUARANTINE,Q16,QUARANTINE_ADDL_CONFLICT_Q16,459af0d7d91c,9d9b4b667195,q_code,Y,Y,Y,Y,N,Y,Y,Y,N,N,N,N,Y,N,N,N,N,N,N,N,N,Y,N,N,Y,Y,N,N,N,N
11d3d06a7b0f,F24,QUARANTINE,Q15B,QUARANTINE_ADDL_CONFLICT_Q15B,459af0d7d91c,fc80a095c5ee,q_code,Y,Y,Y,Y,Y,Y,Y,Y,N,N,N,N,Y,N,N,N,N,N,N,N,N,Y,N,Y,Y,Y,N,N,N,N
2aca0ab552ed,F24,QUARANTINE,Q16,QUARANTINE_ADDL_CONFLICT_Q16,459af0d7d91c,9d9b4b667195,q_code,Y,Y,Y,Y,N,Y,Y,Y,N,N,N,N,Y,N,N,N,N,N,N,N,N,Y,N,Y,Y,Y,N,N,N,N
fcfae4a50522,F22,REPAIR,,REPAIR_F22_DDIVP,9778a409567c,3b6e37a453cb,"cmt_analyte_policy,dual_cmt_policy",Y,Y,Y,Y,Y,Y,Y,Y,Y,N,N,N,Y,N,N,N,N,N,Y,N,N,Y,Y,N,Y,Y,N,N,N,N
00cb59870607,F22,QUARANTINE,Q16,QUARANTINE_ADDL_CONFLICT_Q16,459af0d7d91c,9d9b4b667195,q_code,Y,Y,Y,Y,N,Y,Y,Y,N,N,N,N,Y,N,N,N,N,N,N,N,N,Y,Y,N,Y,Y,N,N,N,N
9fc9d0f0de8a,F22,QUARANTINE,Q15B,QUARANTINE_ADDL_CONFLICT_Q15B,459af0d7d91c,fc80a095c5ee,q_code,Y,Y,Y,Y,Y,Y,Y,Y,N,N,N,N,Y,N,N,N,N,N,N,N,N,Y,Y,Y,Y,Y,N,N,N,N
c52c385da104,F22,QUARANTINE,Q16,QUARANTINE_ADDL_CONFLICT_Q16,459af0d7d91c,9d9b4b667195,q_code,Y,Y,Y,Y,N,Y,Y,Y,N,N,N,N,Y,N,N,N,N,N,N,N,N,Y,Y,Y,Y,Y,N,N,N,N
3416216925e4,F01,REPAIR,,REPAIR_F01_BLQ,f67c49c740b6,5598114a142c,blq_handling_policy,Y,Y,Y,Y,Y,Y,Y,Y,Y,N,N,N,Y,Y,N,N,N,N,N,N,N,N,N,N,Y,Y,N,N,N,N
994166a722cf,F01,QUARANTINE,Q15B,QUARANTINE_ADDL_CONFLICT_Q15B,459af0d7d91c,fc80a095c5ee,q_code,Y,Y,Y,Y,Y,Y,Y,Y,N,N,N,N,Y,N,N,N,N,N,N,N,N,N,N,Y,Y,Y,N,N,N,N
63c3ab3a1bea,F24,REPAIR,,REPAIR_F24_BLQ_CMTROLE,b0a07c38e805,0fb8c6d4335c,"analyte_role_declaration,blq_handling_policy,cmt_analyte_policy",Y,Y,Y,Y,Y,Y,Y,Y,Y,N,N,N,Y,Y,N,N,N,N,Y,N,N,Y,N,N,Y,Y,Y,N,N,N
b097f7eb5b66,F24,QUARANTINE,Q16,QUARANTINE_ADDL_CONFLICT_Q16,459af0d7d91c,9d9b4b667195,q_code,Y,Y,Y,Y,N,Y,Y,Y,N,N,N,N,Y,N,N,N,N,N,N,N,N,Y,N,N,Y,Y,N,N,N,N
687bfb28d40f,F24,QUARANTINE,Q15B,QUARANTINE_ADDL_CONFLICT_Q15B,459af0d7d91c,fc80a095c5ee,q_code,Y,Y,Y,Y,Y,Y,Y,Y,N,N,N,N,Y,N,N,N,N,N,N,N,N,Y,N,Y,Y,Y,N,N,N,N
95702599e0b1,F24,QUARANTINE,Q16,QUARANTINE_ADDL_CONFLICT_Q16,459af0d7d91c,9d9b4b667195,q_code,Y,Y,Y,Y,N,Y,Y,Y,N,N,N,N,Y,N,N,N,N,N,N,N,N,Y,N,Y,Y,Y,N,N,N,N
bea5b6dbd586,F22,REPAIR,,REPAIR_F22_BLQ_DDIVP,f452000cd78c,1a93afeda678,"blq_handling_policy,cmt_analyte_policy,dual_cmt_policy",Y,Y,Y,Y,Y,Y,Y,Y,Y,N,N,N,Y,Y,N,N,N,N,Y,N,N,Y,Y,N,Y,Y,N,N,N,N
1b38f5e4ff57,F22,QUARANTINE,Q16,QUARANTINE_ADDL_CONFLICT_Q16,459af0d7d91c,9d9b4b667195,q_code,Y,Y,Y,Y,N,Y,Y,Y,N,N,N,N,Y,N,N,N,N,N,N,N,N,Y,Y,N,Y,Y,N,N,N,N
f14d19916bb9,F22,QUARANTINE,Q15B,QUARANTINE_ADDL_CONFLICT_Q15B,459af0d7d91c,fc80a095c5ee,q_code,Y,Y,Y,Y,Y,Y,Y,Y,N,N,N,N,Y,N,N,N,N,N,N,N,N,Y,Y,Y,Y,Y,N,N,N,N
8e972e4a9b74,F22,QUARANTINE,Q16,QUARANTINE_ADDL_CONFLICT_Q16,459af0d7d91c,9d9b4b667195,q_code,Y,Y,Y,Y,N,Y,Y,Y,N,N,N,N,Y,N,N,N,N,N,N,N,N,Y,Y,Y,Y,Y,N,N,N,N
b45f240ad4fc,F01,QUARANTINE,Q15A,QUARANTINE_BIO_FINAL_FLAG_Q15A,459af0d7d91c,0ff39de5a52e,q_code,Y,Y,Y,Y,N,Y,Y,Y,N,N,N,N,Y,N,N,N,N,N,N,N,Y,N,N,N,Y,Y,N,N,N,N
1b9250f0235a,F01,QUARANTINE,Q15A,QUARANTINE_BIO_FINAL_FLAG_Q15A,459af0d7d91c,0ff39de5a52e,q_code,Y,Y,Y,Y,N,Y,Y,Y,N,N,N,N,Y,N,N,N,N,N,N,N,Y,N,N,Y,Y,Y,N,N,N,N
2853273b4425,F24,QUARANTINE,Q15A,QUARANTINE_BIO_FINAL_FLAG_Q15A,459af0d7d91c,0ff39de5a52e,q_code,Y,Y,Y,Y,N,Y,Y,Y,N,N,N,N,Y,N,N,N,N,N,N,N,Y,Y,N,N,Y,Y,N,N,N,N
793098a98303,F24,QUARANTINE,Q15A,QUARANTINE_BIO_FINAL_FLAG_Q15A,459af0d7d91c,0ff39de5a52e,q_code,Y,Y,Y,Y,N,Y,Y,Y,N,N,N,N,Y,N,N,N,N,N,N,N,Y,Y,N,N,Y,Y,N,N,N,N
1e91132c7c45,F24,QUARANTINE,Q15A,QUARANTINE_BIO_FINAL_FLAG_Q15A,459af0d7d91c,0ff39de5a52e,q_code,Y,Y,Y,Y,N,Y,Y,Y,N,N,N,N,Y,N,N,N,N,N,N,N,Y,Y,N,Y,Y,Y,N,N,N,N
d54dcbd1a04f,F24,QUARANTINE,Q15A,QUARANTINE_BIO_FINAL_FLAG_Q15A,459af0d7d91c,0ff39de5a52e,q_code,Y,Y,Y,Y,N,Y,Y,Y,N,N,N,N,Y,N,N,N,N,N,N,N,Y,Y,N,Y,Y,Y,N,N,N,N
f9c2ef7148f2,F22,QUARANTINE,Q15A,QUARANTINE_BIO_FINAL_FLAG_Q15A,459af0d7d91c,0ff39de5a52e,q_code,Y,Y,Y,Y,N,Y,Y,Y,N,N,N,N,Y,N,N,N,N,N,N,N,Y,Y,Y,N,Y,Y,N,N,N,N
cfb231e26e3b,F22,QUARANTINE,Q15A,QUARANTINE_BIO_FINAL_FLAG_Q15A,459af0d7d91c,0ff39de5a52e,q_code,Y,Y,Y,Y,N,Y,Y,Y,N,N,N,N,Y,N,N,N,N,N,N,N,Y,Y,Y,N,Y,Y,N,N,N,N
eaf3f5c27e10,F22,QUARANTINE,Q15A,QUARANTINE_BIO_FINAL_FLAG_Q15A,459af0d7d91c,0ff39de5a52e,q_code,Y,Y,Y,Y,N,Y,Y,Y,N,N,N,N,Y,N,N,N,N,N,N,N,Y,Y,Y,Y,Y,Y,N,N,N,N
c30d6e17b1c8,F22,QUARANTINE,Q15A,QUARANTINE_BIO_FINAL_FLAG_Q15A,459af0d7d91c,0ff39de5a52e,q_code,Y,Y,Y,Y,N,Y,Y,Y,N,N,N,N,Y,N,N,N,N,N,N,N,Y,Y,Y,Y,Y,Y,N,N,N,N
8b09b7e40f88,F01,AUTO,,AUTO_F01_BISPECIFIC,375dc3d886a9,44136fa355b3,,Y,Y,Y,Y,Y,Y,Y,Y,Y,N,N,N,Y,N,N,N,N,N,N,N,N,N,N,N,N,Y,N,N,N,N
c1b7042259e0,F01,QUARANTINE,Q15B,QUARANTINE_LEGACY_FLAG_UNDOC_Q15B,459af0d7d91c,fc80a095c5ee,q_code,Y,Y,Y,Y,Y,Y,Y,Y,N,N,N,N,Y,N,N,N,N,N,N,N,N,N,N,Y,N,Y,N,N,N,N
59a488747a6b,F25,REPAIR,,REPAIR_F25_CMTROLE,067eec0a7a08,ea8fdc70131d,"analyte_role_declaration,cmt_analyte_policy",Y,Y,Y,Y,Y,Y,Y,Y,Y,N,N,N,Y,N,N,N,N,N,Y,N,N,Y,N,N,N,Y,Y,N,N,N
7ecef648fe30,F25,QUARANTINE,Q16,QUARANTINE_ANALYTE_ROLE_MISSING_Q16,459af0d7d91c,9d9b4b667195,q_code,Y,Y,Y,Y,N,Y,Y,Y,N,N,N,N,Y,N,N,N,N,N,N,N,N,Y,N,N,N,Y,N,N,N,N
4ae116f261ad,F25,QUARANTINE,Q15B,QUARANTINE_LEGACY_FLAG_UNDOC_Q15B,459af0d7d91c,fc80a095c5ee,q_code,Y,Y,Y,Y,Y,Y,Y,Y,N,N,N,N,Y,N,N,N,N,N,N,N,N,Y,N,Y,N,Y,N,N,N,N
857a04743afc,F25,QUARANTINE,Q16,QUARANTINE_ANALYTE_ROLE_MISSING_Q16,459af0d7d91c,9d9b4b667195,q_code,Y,Y,Y,Y,N,Y,Y,Y,N,N,N,N,Y,N,N,N,N,N,N,N,N,Y,N,Y,N,Y,N,N,N,N
23f4269c8fdc,F22,REPAIR,,REPAIR_F22_DDIVP,9778a409567c,3b6e37a453cb,"cmt_analyte_policy,dual_cmt_policy",Y,Y,Y,Y,Y,Y,Y,Y,Y,N,N,N,Y,N,N,N,N,N,Y,N,N,Y,Y,N,N,Y,N,N,N,N
d676a63f9acc,F22,QUARANTINE,Q16,QUARANTINE_ANALYTE_ROLE_MISSING_Q16,459af0d7d91c,9d9b4b667195,q_code,Y,Y,Y,Y,N,Y,Y,Y,N,N,N,N,Y,N,N,N,N,N,N,N,N,Y,Y,N,N,Y,N,N,N,N
716c5049cdc2,F22,QUARANTINE,Q15B,QUARANTINE_LEGACY_FLAG_UNDOC_Q15B,459af0d7d91c,fc80a095c5ee,q_code,Y,Y,Y,Y,Y,Y,Y,Y,N,N,N,N,Y,N,N,N,N,N,N,N,N,Y,Y,Y,N,Y,N,N,N,N
d419960fc7eb,F22,QUARANTINE,Q16,QUARANTINE_ANALYTE_ROLE_MISSING_Q16,459af0d7d91c,9d9b4b667195,q_code,Y,Y,Y,Y,N,Y,Y,Y,N,N,N,N,Y,N,N,N,N,N,N,N,N,Y,Y,Y,N,Y,N,N,N,N
893f72b87308,F01,REPAIR,,REPAIR_F01_BLQ,f67c49c740b6,5598114a142c,blq_handling_policy,Y,Y,Y,Y,Y,Y,Y,Y,Y,N,N,N,Y,Y,N,N,N,N,N,N,N,N,N,N,N,Y,N,N,N,N
96825e9ce483,F01,QUARANTINE,Q15B,QUARANTINE_LEGACY_FLAG_UNDOC_Q15B,459af0d7d91c,fc80a095c5ee,q_code,Y,Y,Y,Y,Y,Y,Y,Y,N,N,N,N,Y,N,N,N,N,N,N,N,N,N,N,Y,N,Y,N,N,N,N
3b31c5632dd7,F25,REPAIR,,REPAIR_F25_BLQ_CMTROLE,b0a07c38e805,4bdf45aaf340,"analyte_role_declaration,blq_handling_policy,cmt_analyte_policy",Y,Y,Y,Y,Y,Y,Y,Y,Y,N,N,N,Y,Y,N,N,N,N,Y,N,N,Y,N,N,N,Y,Y,N,N,N
ceebaff42388,F25,QUARANTINE,Q16,QUARANTINE_ANALYTE_ROLE_MISSING_Q16,459af0d7d91c,9d9b4b667195,q_code,Y,Y,Y,Y,N,Y,Y,Y,N,N,N,N,Y,N,N,N,N,N,N,N,N,Y,N,N,N,Y,N,N,N,N
14c62f26b4be,F25,QUARANTINE,Q15B,QUARANTINE_LEGACY_FLAG_UNDOC_Q15B,459af0d7d91c,fc80a095c5ee,q_code,Y,Y,Y,Y,Y,Y,Y,Y,N,N,N,N,Y,N,N,N,N,N,N,N,N,Y,N,Y,N,Y,N,N,N,N
78a4a6ed32c0,F25,QUARANTINE,Q16,QUARANTINE_ANALYTE_ROLE_MISSING_Q16,459af0d7d91c,9d9b4b667195,q_code,Y,Y,Y,Y,N,Y,Y,Y,N,N,N,N,Y,N,N,N,N,N,N,N,N,Y,N,Y,N,Y,N,N,N,N
3ef704a5f162,F22,REPAIR,,REPAIR_F22_BLQ_DDIVP,f452000cd78c,1a93afeda678,"blq_handling_policy,cmt_analyte_policy,dual_cmt_policy",Y,Y,Y,Y,Y,Y,Y,Y,Y,N,N,N,Y,Y,N,N,N,N,Y,N,N,Y,Y,N,N,Y,N,N,N,N
e1a35cf93bcf,F22,QUARANTINE,Q16,QUARANTINE_ANALYTE_ROLE_MISSING_Q16,459af0d7d91c,9d9b4b667195,q_code,Y,Y,Y,Y,N,Y,Y,Y,N,N,N,N,Y,N,N,N,N,N,N,N,N,Y,Y,N,N,Y,N,N,N,N
da7f19fb6bc5,F22,QUARANTINE,Q15B,QUARANTINE_LEGACY_FLAG_UNDOC_Q15B,459af0d7d91c,fc80a095c5ee,q_code,Y,Y,Y,Y,Y,Y,Y,Y,N,N,N,N,Y,N,N,N,N,N,N,N,N,Y,Y,Y,N,Y,N,N,N,N
09a15fed8aee,F22,QUARANTINE,Q16,QUARANTINE_ANALYTE_ROLE_MISSING_Q16,459af0d7d91c,9d9b4b667195,q_code,Y,Y,Y,Y,N,Y,Y,Y,N,N,N,N,Y,N,N,N,N,N,N,N,N,Y,Y,Y,N,Y,N,N,N,N
ba34a272a29b,F01,QUARANTINE,Q15A,QUARANTINE_BIO_FINAL_FLAG_Q15A,459af0d7d91c,0ff39de5a52e,q_code,Y,Y,Y,Y,N,Y,Y,Y,N,N,N,N,Y,N,N,N,N,N,N,N,Y,N,N,N,N,Y,N,N,N,N
b624f750c4be,F01,QUARANTINE,Q15A,QUARANTINE_BIO_FINAL_FLAG_Q15A,459af0d7d91c,0ff39de5a52e,q_code,Y,Y,Y,Y,N,Y,Y,Y,N,N,N,N,Y,N,N,N,N,N,N,N,Y,N,N,Y,N,Y,N,N,N,N
8f3dcc5656b6,F25,QUARANTINE,Q15A,QUARANTINE_BIO_FINAL_FLAG_Q15A,459af0d7d91c,0ff39de5a52e,q_code,Y,Y,Y,Y,N,Y,Y,Y,N,N,N,N,Y,N,N,N,N,N,N,N,Y,Y,N,N,N,Y,N,N,N,N
c612e069ed0c,F25,QUARANTINE,Q15A,QUARANTINE_BIO_FINAL_FLAG_Q15A,459af0d7d91c,0ff39de5a52e,q_code,Y,Y,Y,Y,N,Y,Y,Y,N,N,N,N,Y,N,N,N,N,N,N,N,Y,Y,N,N,N,Y,N,N,N,N
1ae1356123ce,F25,QUARANTINE,Q15A,QUARANTINE_BIO_FINAL_FLAG_Q15A,459af0d7d91c,0ff39de5a52e,q_code,Y,Y,Y,Y,N,Y,Y,Y,N,N,N,N,Y,N,N,N,N,N,N,N,Y,Y,N,Y,N,Y,N,N,N,N
5f6c0839b78e,F25,QUARANTINE,Q15A,QUARANTINE_BIO_FINAL_FLAG_Q15A,459af0d7d91c,0ff39de5a52e,q_code,Y,Y,Y,Y,N,Y,Y,Y,N,N,N,N,Y,N,N,N,N,N,N,N,Y,Y,N,Y,N,Y,N,N,N,N
52c27933cbf1,F22,QUARANTINE,Q15A,QUARANTINE_BIO_FINAL_FLAG_Q15A,459af0d7d91c,0ff39de5a52e,q_code,Y,Y,Y,Y,N,Y,Y,Y,N,N,N,N,Y,N,N,N,N,N,N,N,Y,Y,Y,N,N,Y,N,N,N,N
aa4f2e98c537,F22,QUARANTINE,Q15A,QUARANTINE_BIO_FINAL_FLAG_Q15A,459af0d7d91c,0ff39de5a52e,q_code,Y,Y,Y,Y,N,Y,Y,Y,N,N,N,N,Y,N,N,N,N,N,N,N,Y,Y,Y,N,N,Y,N,N,N,N
55cb33b3e42d,F22,QUARANTINE,Q15A,QUARANTINE_BIO_FINAL_FLAG_Q15A,459af0d7d91c,0ff39de5a52e,q_code,Y,Y,Y,Y,N,Y,Y,Y,N,N,N,N,Y,N,N,N,N,N,N,N,Y,Y,Y,Y,N,Y,N,N,N,N
56053bb5dc0d,F22,QUARANTINE,Q15A,QUARANTINE_BIO_FINAL_FLAG_Q15A,459af0d7d91c,0ff39de5a52e,q_code,Y,Y,Y,Y,N,Y,Y,Y,N,N,N,N,Y,N,N,N,N,N,N,N,Y,Y,Y,Y,N,Y,N,N,N,N
4f255d8fb4d9,F01,AUTO,,AUTO_F01_BISPECIFIC,375dc3d886a9,44136fa355b3,,Y,Y,Y,Y,Y,Y,Y,Y,Y,N,N,N,Y,N,N,N,N,N,N,N,N,N,N,N,Y,Y,N,N,N,N
f663ef355876,F01,QUARANTINE,Q15B,QUARANTINE_ADDL_CONFLICT_Q15B,459af0d7d91c,fc80a095c5ee,q_code,Y,Y,Y,Y,Y,Y,Y,Y,N,N,N,N,Y,N,N,N,N,N,N,N,N,N,N,Y,Y,Y,N,N,N,N
03c4ac5449ed,F25,REPAIR,,REPAIR_F25_CMTROLE,067eec0a7a08,ea8fdc70131d,"analyte_role_declaration,cmt_analyte_policy",Y,Y,Y,Y,Y,Y,Y,Y,Y,N,N,N,Y,N,N,N,N,N,Y,N,N,Y,N,N,Y,Y,Y,N,N,N
67f4b30072f5,F25,QUARANTINE,Q16,QUARANTINE_ADDL_CONFLICT_Q16,459af0d7d91c,9d9b4b667195,q_code,Y,Y,Y,Y,N,Y,Y,Y,N,N,N,N,Y,N,N,N,N,N,N,N,N,Y,N,N,Y,Y,N,N,N,N
ca5781960e29,F25,QUARANTINE,Q15B,QUARANTINE_ADDL_CONFLICT_Q15B,459af0d7d91c,fc80a095c5ee,q_code,Y,Y,Y,Y,Y,Y,Y,Y,N,N,N,N,Y,N,N,N,N,N,N,N,N,Y,N,Y,Y,Y,N,N,N,N
32e3cbc1622e,F25,QUARANTINE,Q16,QUARANTINE_ADDL_CONFLICT_Q16,459af0d7d91c,9d9b4b667195,q_code,Y,Y,Y,Y,N,Y,Y,Y,N,N,N,N,Y,N,N,N,N,N,N,N,N,Y,N,Y,Y,Y,N,N,N,N
7a993d6e7ce3,F22,REPAIR,,REPAIR_F22_DDIVP,9778a409567c,3b6e37a453cb,"cmt_analyte_policy,dual_cmt_policy",Y,Y,Y,Y,Y,Y,Y,Y,Y,N,N,N,Y,N,N,N,N,N,Y,N,N,Y,Y,N,Y,Y,N,N,N,N
f823e66b4b61,F22,QUARANTINE,Q16,QUARANTINE_ADDL_CONFLICT_Q16,459af0d7d91c,9d9b4b667195,q_code,Y,Y,Y,Y,N,Y,Y,Y,N,N,N,N,Y,N,N,N,N,N,N,N,N,Y,Y,N,Y,Y,N,N,N,N
d22afaaf16de,F22,QUARANTINE,Q15B,QUARANTINE_ADDL_CONFLICT_Q15B,459af0d7d91c,fc80a095c5ee,q_code,Y,Y,Y,Y,Y,Y,Y,Y,N,N,N,N,Y,N,N,N,N,N,N,N,N,Y,Y,Y,Y,Y,N,N,N,N
781a7585194b,F22,QUARANTINE,Q16,QUARANTINE_ADDL_CONFLICT_Q16,459af0d7d91c,9d9b4b667195,q_code,Y,Y,Y,Y,N,Y,Y,Y,N,N,N,N,Y,N,N,N,N,N,N,N,N,Y,Y,Y,Y,Y,N,N,N,N
5c3caca4022f,F01,REPAIR,,REPAIR_F01_BLQ,f67c49c740b6,5598114a142c,blq_handling_policy,Y,Y,Y,Y,Y,Y,Y,Y,Y,N,N,N,Y,Y,N,N,N,N,N,N,N,N,N,N,Y,Y,N,N,N,N
98e811b543a5,F01,QUARANTINE,Q15B,QUARANTINE_ADDL_CONFLICT_Q15B,459af0d7d91c,fc80a095c5ee,q_code,Y,Y,Y,Y,Y,Y,Y,Y,N,N,N,N,Y,N,N,N,N,N,N,N,N,N,N,Y,Y,Y,N,N,N,N
a8fdc8616317,F25,REPAIR,,REPAIR_F25_BLQ_CMTROLE,b0a07c38e805,4bdf45aaf340,"analyte_role_declaration,blq_handling_policy,cmt_analyte_policy",Y,Y,Y,Y,Y,Y,Y,Y,Y,N,N,N,Y,Y,N,N,N,N,Y,N,N,Y,N,N,Y,Y,Y,N,N,N
611d1812e764,F25,QUARANTINE,Q16,QUARANTINE_ADDL_CONFLICT_Q16,459af0d7d91c,9d9b4b667195,q_code,Y,Y,Y,Y,N,Y,Y,Y,N,N,N,N,Y,N,N,N,N,N,N,N,N,Y,N,N,Y,Y,N,N,N,N
d25eb6c817cf,F25,QUARANTINE,Q15B,QUARANTINE_ADDL_CONFLICT_Q15B,459af0d7d91c,fc80a095c5ee,q_code,Y,Y,Y,Y,Y,Y,Y,Y,N,N,N,N,Y,N,N,N,N,N,N,N,N,Y,N,Y,Y,Y,N,N,N,N
ee9c4c3e3a08,F25,QUARANTINE,Q16,QUARANTINE_ADDL_CONFLICT_Q16,459af0d7d91c,9d9b4b667195,q_code,Y,Y,Y,Y,N,Y,Y,Y,N,N,N,N,Y,N,N,N,N,N,N,N,N,Y,N,Y,Y,Y,N,N,N,N
d276621ca5e8,F22,REPAIR,,REPAIR_F22_BLQ_DDIVP,f452000cd78c,1a93afeda678,"blq_handling_policy,cmt_analyte_policy,dual_cmt_policy",Y,Y,Y,Y,Y,Y,Y,Y,Y,N,N,N,Y,Y,N,N,N,N,Y,N,N,Y,Y,N,Y,Y,N,N,N,N
cc3bfaa75c5d,F22,QUARANTINE,Q16,QUARANTINE_ADDL_CONFLICT_Q16,459af0d7d91c,9d9b4b667195,q_code,Y,Y,Y,Y,N,Y,Y,Y,N,N,N,N,Y,N,N,N,N,N,N,N,N,Y,Y,N,Y,Y,N,N,N,N
13cfcbc9176b,F22,QUARANTINE,Q15B,QUARANTINE_ADDL_CONFLICT_Q15B,459af0d7d91c,fc80a095c5ee,q_code,Y,Y,Y,Y,Y,Y,Y,Y,N,N,N,N,Y,N,N,N,N,N,N,N,N,Y,Y,Y,Y,Y,N,N,N,N
6bd6c7be5fd9,F22,QUARANTINE,Q16,QUARANTINE_ADDL_CONFLICT_Q16,459af0d7d91c,9d9b4b667195,q_code,Y,Y,Y,Y,N,Y,Y,Y,N,N,N,N,Y,N,N,N,N,N,N,N,N,Y,Y,Y,Y,Y,N,N,N,N
6ad08a4e2799,F01,QUARANTINE,Q15A,QUARANTINE_BIO_FINAL_FLAG_Q15A,459af0d7d91c,0ff39de5a52e,q_code,Y,Y,Y,Y,N,Y,Y,Y,N,N,N,N,Y,N,N,N,N,N,N,N,Y,N,N,N,Y,Y,N,N,N,N
9fd5c29d9974,F01,QUARANTINE,Q15A,QUARANTINE_BIO_FINAL_FLAG_Q15A,459af0d7d91c,0ff39de5a52e,q_code,Y,Y,Y,Y,N,Y,Y,Y,N,N,N,N,Y,N,N,N,N,N,N,N,Y,N,N,Y,Y,Y,N,N,N,N
afa8da783378,F25,QUARANTINE,Q15A,QUARANTINE_BIO_FINAL_FLAG_Q15A,459af0d7d91c,0ff39de5a52e,q_code,Y,Y,Y,Y,N,Y,Y,Y,N,N,N,N,Y,N,N,N,N,N,N,N,Y,Y,N,N,Y,Y,N,N,N,N
33df5381b4ac,F25,QUARANTINE,Q15A,QUARANTINE_BIO_FINAL_FLAG_Q15A,459af0d7d91c,0ff39de5a52e,q_code,Y,Y,Y,Y,N,Y,Y,Y,N,N,N,N,Y,N,N,N,N,N,N,N,Y,Y,N,N,Y,Y,N,N,N,N
37cd8a2ae251,F25,QUARANTINE,Q15A,QUARANTINE_BIO_FINAL_FLAG_Q15A,459af0d7d91c,0ff39de5a52e,q_code,Y,Y,Y,Y,N,Y,Y,Y,N,N,N,N,Y,N,N,N,N,N,N,N,Y,Y,N,Y,Y,Y,N,N,N,N
b56220240a0b,F25,QUARANTINE,Q15A,QUARANTINE_BIO_FINAL_FLAG_Q15A,459af0d7d91c,0ff39de5a52e,q_code,Y,Y,Y,Y,N,Y,Y,Y,N,N,N,N,Y,N,N,N,N,N,N,N,Y,Y,N,Y,Y,Y,N,N,N,N
acb7401870e2,F22,QUARANTINE,Q15A,QUARANTINE_BIO_FINAL_FLAG_Q15A,459af0d7d91c,0ff39de5a52e,q_code,Y,Y,Y,Y,N,Y,Y,Y,N,N,N,N,Y,N,N,N,N,N,N,N,Y,Y,Y,N,Y,Y,N,N,N,N
f02259e911cc,F22,QUARANTINE,Q15A,QUARANTINE_BIO_FINAL_FLAG_Q15A,459af0d7d91c,0ff39de5a52e,q_code,Y,Y,Y,Y,N,Y,Y,Y,N,N,N,N,Y,N,N,N,N,N,N,N,Y,Y,Y,N,Y,Y,N,N,N,N
bc59fd1fd51c,F22,QUARANTINE,Q15A,QUARANTINE_BIO_FINAL_FLAG_Q15A,459af0d7d91c,0ff39de5a52e,q_code,Y,Y,Y,Y,N,Y,Y,Y,N,N,N,N,Y,N,N,N,N,N,N,N,Y,Y,Y,Y,Y,Y,N,N,N,N
b3de4a047903,F22,QUARANTINE,Q15A,QUARANTINE_BIO_FINAL_FLAG_Q15A,459af0d7d91c,0ff39de5a52e,q_code,Y,Y,Y,Y,N,Y,Y,Y,N,N,N,N,Y,N,N,N,N,N,N,N,Y,Y,Y,Y,Y,Y,N,N,N,N
b2c7a2d8b011,F01,AUTO,,AUTO_F01_CELL_THERAPY,375dc3d886a9,44136fa355b3,,Y,Y,Y,Y,Y,Y,Y,Y,Y,N,N,N,Y,N,N,N,N,N,N,N,N,N,N,N,N,Y,N,N,N,N
c3d9f9f71a9d,F01,QUARANTINE,Q15B,QUARANTINE_LEGACY_FLAG_UNDOC_Q15B,459af0d7d91c,fc80a095c5ee,q_code,Y,Y,Y,Y,Y,Y,Y,Y,N,N,N,N,Y,N,N,N,N,N,N,N,N,N,N,Y,N,Y,N,N,N,N
7b9bc5a7c729,F01,REPAIR,,REPAIR_F01_CMTROLE,067eec0a7a08,f60410e849b7,"analyte_role_declaration,cmt_analyte_policy",Y,Y,Y,Y,Y,Y,Y,Y,Y,N,N,N,Y,N,N,N,N,N,Y,N,N,Y,N,N,N,Y,Y,N,N,N
1f2244881fb4,F01,QUARANTINE,Q16,QUARANTINE_ANALYTE_ROLE_MISSING_Q16,459af0d7d91c,9d9b4b667195,q_code,Y,Y,Y,Y,N,Y,Y,Y,N,N,N,N,Y,N,N,N,N,N,N,N,N,Y,N,N,N,Y,N,N,N,N
655c07b15445,F01,QUARANTINE,Q15B,QUARANTINE_LEGACY_FLAG_UNDOC_Q15B,459af0d7d91c,fc80a095c5ee,q_code,Y,Y,Y,Y,Y,Y,Y,Y,N,N,N,N,Y,N,N,N,N,N,N,N,N,Y,N,Y,N,Y,N,N,N,N
7dde2d825fef,F01,QUARANTINE,Q16,QUARANTINE_ANALYTE_ROLE_MISSING_Q16,459af0d7d91c,9d9b4b667195,q_code,Y,Y,Y,Y,N,Y,Y,Y,N,N,N,N,Y,N,N,N,N,N,N,N,N,Y,N,Y,N,Y,N,N,N,N
a89c912559da,F22,REPAIR,,REPAIR_F22_DDIVP,9778a409567c,3b6e37a453cb,"cmt_analyte_policy,dual_cmt_policy",Y,Y,Y,Y,Y,Y,Y,Y,Y,N,N,N,Y,N,N,N,N,N,Y,N,N,Y,Y,N,N,Y,N,N,N,N
7d412384a06d,F22,QUARANTINE,Q16,QUARANTINE_ANALYTE_ROLE_MISSING_Q16,459af0d7d91c,9d9b4b667195,q_code,Y,Y,Y,Y,N,Y,Y,Y,N,N,N,N,Y,N,N,N,N,N,N,N,N,Y,Y,N,N,Y,N,N,N,N
8d58f4d063bf,F22,QUARANTINE,Q15B,QUARANTINE_LEGACY_FLAG_UNDOC_Q15B,459af0d7d91c,fc80a095c5ee,q_code,Y,Y,Y,Y,Y,Y,Y,Y,N,N,N,N,Y,N,N,N,N,N,N,N,N,Y,Y,Y,N,Y,N,N,N,N
f791b7f8c5cd,F22,QUARANTINE,Q16,QUARANTINE_ANALYTE_ROLE_MISSING_Q16,459af0d7d91c,9d9b4b667195,q_code,Y,Y,Y,Y,N,Y,Y,Y,N,N,N,N,Y,N,N,N,N,N,N,N,N,Y,Y,Y,N,Y,N,N,N,N
938688c69627,F01,REPAIR,,REPAIR_F01_BLQ,f67c49c740b6,5598114a142c,blq_handling_policy,Y,Y,Y,Y,Y,Y,Y,Y,Y,N,N,N,Y,Y,N,N,N,N,N,N,N,N,N,N,N,Y,N,N,N,N
16ebc17d4999,F01,QUARANTINE,Q15B,QUARANTINE_LEGACY_FLAG_UNDOC_Q15B,459af0d7d91c,fc80a095c5ee,q_code,Y,Y,Y,Y,Y,Y,Y,Y,N,N,N,N,Y,N,N,N,N,N,N,N,N,N,N,Y,N,Y,N,N,N,N
7b3a0478e756,F01,REPAIR,,REPAIR_F01_BLQ_CMTROLE,b0a07c38e805,edd44a84e2e5,"analyte_role_declaration,blq_handling_policy,cmt_analyte_policy",Y,Y,Y,Y,Y,Y,Y,Y,Y,N,N,N,Y,Y,N,N,N,N,Y,N,N,Y,N,N,N,Y,Y,N,N,N
aacc75330772,F01,QUARANTINE,Q16,QUARANTINE_ANALYTE_ROLE_MISSING_Q16,459af0d7d91c,9d9b4b667195,q_code,Y,Y,Y,Y,N,Y,Y,Y,N,N,N,N,Y,N,N,N,N,N,N,N,N,Y,N,N,N,Y,N,N,N,N
3189200a5d52,F01,QUARANTINE,Q15B,QUARANTINE_LEGACY_FLAG_UNDOC_Q15B,459af0d7d91c,fc80a095c5ee,q_code,Y,Y,Y,Y,Y,Y,Y,Y,N,N,N,N,Y,N,N,N,N,N,N,N,N,Y,N,Y,N,Y,N,N,N,N
1740d7d087d3,F01,QUARANTINE,Q16,QUARANTINE_ANALYTE_ROLE_MISSING_Q16,459af0d7d91c,9d9b4b667195,q_code,Y,Y,Y,Y,N,Y,Y,Y,N,N,N,N,Y,N,N,N,N,N,N,N,N,Y,N,Y,N,Y,N,N,N,N
d21fba3ec779,F22,REPAIR,,REPAIR_F22_BLQ_DDIVP,f452000cd78c,1a93afeda678,"blq_handling_policy,cmt_analyte_policy,dual_cmt_policy",Y,Y,Y,Y,Y,Y,Y,Y,Y,N,N,N,Y,Y,N,N,N,N,Y,N,N,Y,Y,N,N,Y,N,N,N,N
41d196e186de,F22,QUARANTINE,Q16,QUARANTINE_ANALYTE_ROLE_MISSING_Q16,459af0d7d91c,9d9b4b667195,q_code,Y,Y,Y,Y,N,Y,Y,Y,N,N,N,N,Y,N,N,N,N,N,N,N,N,Y,Y,N,N,Y,N,N,N,N
292debe78642,F22,QUARANTINE,Q15B,QUARANTINE_LEGACY_FLAG_UNDOC_Q15B,459af0d7d91c,fc80a095c5ee,q_code,Y,Y,Y,Y,Y,Y,Y,Y,N,N,N,N,Y,N,N,N,N,N,N,N,N,Y,Y,Y,N,Y,N,N,N,N
c7344d563a8c,F22,QUARANTINE,Q16,QUARANTINE_ANALYTE_ROLE_MISSING_Q16,459af0d7d91c,9d9b4b667195,q_code,Y,Y,Y,Y,N,Y,Y,Y,N,N,N,N,Y,N,N,N,N,N,N,N,N,Y,Y,Y,N,Y,N,N,N,N
e25f2747b49d,F01,QUARANTINE,Q15A,QUARANTINE_BIO_FINAL_FLAG_Q15A,459af0d7d91c,0ff39de5a52e,q_code,Y,Y,Y,Y,N,Y,Y,Y,N,N,N,N,Y,N,N,N,N,N,N,N,Y,N,N,N,N,Y,N,N,N,N
a9ed273b951b,F01,QUARANTINE,Q15A,QUARANTINE_BIO_FINAL_FLAG_Q15A,459af0d7d91c,0ff39de5a52e,q_code,Y,Y,Y,Y,N,Y,Y,Y,N,N,N,N,Y,N,N,N,N,N,N,N,Y,N,N,Y,N,Y,N,N,N,N
da5239a0da9b,F01,QUARANTINE,Q15A,QUARANTINE_BIO_FINAL_FLAG_Q15A,459af0d7d91c,0ff39de5a52e,q_code,Y,Y,Y,Y,N,Y,Y,Y,N,N,N,N,Y,N,N,N,N,N,N,N,Y,Y,N,N,N,Y,N,N,N,N
1206977b6cf5,F01,QUARANTINE,Q15A,QUARANTINE_BIO_FINAL_FLAG_Q15A,459af0d7d91c,0ff39de5a52e,q_code,Y,Y,Y,Y,N,Y,Y,Y,N,N,N,N,Y,N,N,N,N,N,N,N,Y,Y,N,N,N,Y,N,N,N,N
80c5f0e01556,F01,QUARANTINE,Q15A,QUARANTINE_BIO_FINAL_FLAG_Q15A,459af0d7d91c,0ff39de5a52e,q_code,Y,Y,Y,Y,N,Y,Y,Y,N,N,N,N,Y,N,N,N,N,N,N,N,Y,Y,N,Y,N,Y,N,N,N,N
0f1579d8e259,F01,QUARANTINE,Q15A,QUARANTINE_BIO_FINAL_FLAG_Q15A,459af0d7d91c,0ff39de5a52e,q_code,Y,Y,Y,Y,N,Y,Y,Y,N,N,N,N,Y,N,N,N,N,N,N,N,Y,Y,N,Y,N,Y,N,N,N,N
09d4c6fc386b,F22,QUARANTINE,Q15A,QUARANTINE_BIO_FINAL_FLAG_Q15A,459af0d7d91c,0ff39de5a52e,q_code,Y,Y,Y,Y,N,Y,Y,Y,N,N,N,N,Y,N,N,N,N,N,N,N,Y,Y,Y,N,N,Y,N,N,N,N
b01f8abd318c,F22,QUARANTINE,Q15A,QUARANTINE_BIO_FINAL_FLAG_Q15A,459af0d7d91c,0ff39de5a52e,q_code,Y,Y,Y,Y,N,Y,Y,Y,N,N,N,N,Y,N,N,N,N,N,N,N,Y,Y,Y,N,N,Y,N,N,N,N
1933893d71a3,F22,QUARANTINE,Q15A,QUARANTINE_BIO_FINAL_FLAG_Q15A,459af0d7d91c,0ff39de5a52e,q_code,Y,Y,Y,Y,N,Y,Y,Y,N,N,N,N,Y,N,N,N,N,N,N,N,Y,Y,Y,Y,N,Y,N,N,N,N
120334bcdde5,F22,QUARANTINE,Q15A,QUARANTINE_BIO_FINAL_FLAG_Q15A,459af0d7d91c,0ff39de5a52e,q_code,Y,Y,Y,Y,N,Y,Y,Y,N,N,N,N,Y,N,N,N,N,N,N,N,Y,Y,Y,Y,N,Y,N,N,N,N
ad1586411868,F01,AUTO,,AUTO_F01_CELL_THERAPY,375dc3d886a9,44136fa355b3,,Y,Y,Y,Y,Y,Y,Y,Y,Y,N,N,N,Y,N,N,N,N,N,N,N,N,N,N,N,Y,Y,N,N,N,N
b8790363bdeb,F01,QUARANTINE,Q15B,QUARANTINE_ADDL_CONFLICT_Q15B,459af0d7d91c,fc80a095c5ee,q_code,Y,Y,Y,Y,Y,Y,Y,Y,N,N,N,N,Y,N,N,N,N,N,N,N,N,N,N,Y,Y,Y,N,N,N,N
8f4b11f22b07,F01,REPAIR,,REPAIR_F01_CMTROLE,067eec0a7a08,f60410e849b7,"analyte_role_declaration,cmt_analyte_policy",Y,Y,Y,Y,Y,Y,Y,Y,Y,N,N,N,Y,N,N,N,N,N,Y,N,N,Y,N,N,Y,Y,Y,N,N,N
1f5d4c8ae703,F01,QUARANTINE,Q16,QUARANTINE_ADDL_CONFLICT_Q16,459af0d7d91c,9d9b4b667195,q_code,Y,Y,Y,Y,N,Y,Y,Y,N,N,N,N,Y,N,N,N,N,N,N,N,N,Y,N,N,Y,Y,N,N,N,N
2f961abe289e,F01,QUARANTINE,Q15B,QUARANTINE_ADDL_CONFLICT_Q15B,459af0d7d91c,fc80a095c5ee,q_code,Y,Y,Y,Y,Y,Y,Y,Y,N,N,N,N,Y,N,N,N,N,N,N,N,N,Y,N,Y,Y,Y,N,N,N,N
074d6d40a2bd,F01,QUARANTINE,Q16,QUARANTINE_ADDL_CONFLICT_Q16,459af0d7d91c,9d9b4b667195,q_code,Y,Y,Y,Y,N,Y,Y,Y,N,N,N,N,Y,N,N,N,N,N,N,N,N,Y,N,Y,Y,Y,N,N,N,N
a50e1c3a0bec,F22,REPAIR,,REPAIR_F22_DDIVP,9778a409567c,3b6e37a453cb,"cmt_analyte_policy,dual_cmt_policy",Y,Y,Y,Y,Y,Y,Y,Y,Y,N,N,N,Y,N,N,N,N,N,Y,N,N,Y,Y,N,Y,Y,N,N,N,N
8d0eb1e6568d,F22,QUARANTINE,Q16,QUARANTINE_ADDL_CONFLICT_Q16,459af0d7d91c,9d9b4b667195,q_code,Y,Y,Y,Y,N,Y,Y,Y,N,N,N,N,Y,N,N,N,N,N,N,N,N,Y,Y,N,Y,Y,N,N,N,N
aa8d3e1aa91e,F22,QUARANTINE,Q15B,QUARANTINE_ADDL_CONFLICT_Q15B,459af0d7d91c,fc80a095c5ee,q_code,Y,Y,Y,Y,Y,Y,Y,Y,N,N,N,N,Y,N,N,N,N,N,N,N,N,Y,Y,Y,Y,Y,N,N,N,N
813516d2a18d,F22,QUARANTINE,Q16,QUARANTINE_ADDL_CONFLICT_Q16,459af0d7d91c,9d9b4b667195,q_code,Y,Y,Y,Y,N,Y,Y,Y,N,N,N,N,Y,N,N,N,N,N,N,N,N,Y,Y,Y,Y,Y,N,N,N,N
07813c7bd929,F01,REPAIR,,REPAIR_F01_BLQ,f67c49c740b6,5598114a142c,blq_handling_policy,Y,Y,Y,Y,Y,Y,Y,Y,Y,N,N,N,Y,Y,N,N,N,N,N,N,N,N,N,N,Y,Y,N,N,N,N
b87bc643651e,F01,QUARANTINE,Q15B,QUARANTINE_ADDL_CONFLICT_Q15B,459af0d7d91c,fc80a095c5ee,q_code,Y,Y,Y,Y,Y,Y,Y,Y,N,N,N,N,Y,N,N,N,N,N,N,N,N,N,N,Y,Y,Y,N,N,N,N
7eb32ca1865b,F01,REPAIR,,REPAIR_F01_BLQ_CMTROLE,b0a07c38e805,edd44a84e2e5,"analyte_role_declaration,blq_handling_policy,cmt_analyte_policy",Y,Y,Y,Y,Y,Y,Y,Y,Y,N,N,N,Y,Y,N,N,N,N,Y,N,N,Y,N,N,Y,Y,Y,N,N,N
bd6a2a7c9974,F01,QUARANTINE,Q16,QUARANTINE_ADDL_CONFLICT_Q16,459af0d7d91c,9d9b4b667195,q_code,Y,Y,Y,Y,N,Y,Y,Y,N,N,N,N,Y,N,N,N,N,N,N,N,N,Y,N,N,Y,Y,N,N,N,N
3dd5041b00a6,F01,QUARANTINE,Q15B,QUARANTINE_ADDL_CONFLICT_Q15B,459af0d7d91c,fc80a095c5ee,q_code,Y,Y,Y,Y,Y,Y,Y,Y,N,N,N,N,Y,N,N,N,N,N,N,N,N,Y,N,Y,Y,Y,N,N,N,N
fbccfb83ddfd,F01,QUARANTINE,Q16,QUARANTINE_ADDL_CONFLICT_Q16,459af0d7d91c,9d9b4b667195,q_code,Y,Y,Y,Y,N,Y,Y,Y,N,N,N,N,Y,N,N,N,N,N,N,N,N,Y,N,Y,Y,Y,N,N,N,N
be6417217a5c,F22,REPAIR,,REPAIR_F22_BLQ_DDIVP,f452000cd78c,1a93afeda678,"blq_handling_policy,cmt_analyte_policy,dual_cmt_policy",Y,Y,Y,Y,Y,Y,Y,Y,Y,N,N,N,Y,Y,N,N,N,N,Y,N,N,Y,Y,N,Y,Y,N,N,N,N
9bb5c99640da,F22,QUARANTINE,Q16,QUARANTINE_ADDL_CONFLICT_Q16,459af0d7d91c,9d9b4b667195,q_code,Y,Y,Y,Y,N,Y,Y,Y,N,N,N,N,Y,N,N,N,N,N,N,N,N,Y,Y,N,Y,Y,N,N,N,N
79b7e58aa25c,F22,QUARANTINE,Q15B,QUARANTINE_ADDL_CONFLICT_Q15B,459af0d7d91c,fc80a095c5ee,q_code,Y,Y,Y,Y,Y,Y,Y,Y,N,N,N,N,Y,N,N,N,N,N,N,N,N,Y,Y,Y,Y,Y,N,N,N,N
51796382748a,F22,QUARANTINE,Q16,QUARANTINE_ADDL_CONFLICT_Q16,459af0d7d91c,9d9b4b667195,q_code,Y,Y,Y,Y,N,Y,Y,Y,N,N,N,N,Y,N,N,N,N,N,N,N,N,Y,Y,Y,Y,Y,N,N,N,N
d229031be42e,F01,QUARANTINE,Q15A,QUARANTINE_BIO_FINAL_FLAG_Q15A,459af0d7d91c,0ff39de5a52e,q_code,Y,Y,Y,Y,N,Y,Y,Y,N,N,N,N,Y,N,N,N,N,N,N,N,Y,N,N,N,Y,Y,N,N,N,N
346468e5d033,F01,QUARANTINE,Q15A,QUARANTINE_BIO_FINAL_FLAG_Q15A,459af0d7d91c,0ff39de5a52e,q_code,Y,Y,Y,Y,N,Y,Y,Y,N,N,N,N,Y,N,N,N,N,N,N,N,Y,N,N,Y,Y,Y,N,N,N,N
2e03e200aace,F01,QUARANTINE,Q15A,QUARANTINE_BIO_FINAL_FLAG_Q15A,459af0d7d91c,0ff39de5a52e,q_code,Y,Y,Y,Y,N,Y,Y,Y,N,N,N,N,Y,N,N,N,N,N,N,N,Y,Y,N,N,Y,Y,N,N,N,N
acc319dd690c,F01,QUARANTINE,Q15A,QUARANTINE_BIO_FINAL_FLAG_Q15A,459af0d7d91c,0ff39de5a52e,q_code,Y,Y,Y,Y,N,Y,Y,Y,N,N,N,N,Y,N,N,N,N,N,N,N,Y,Y,N,N,Y,Y,N,N,N,N
1eaec39c8db7,F01,QUARANTINE,Q15A,QUARANTINE_BIO_FINAL_FLAG_Q15A,459af0d7d91c,0ff39de5a52e,q_code,Y,Y,Y,Y,N,Y,Y,Y,N,N,N,N,Y,N,N,N,N,N,N,N,Y,Y,N,Y,Y,Y,N,N,N,N
13ddd29229c6,F01,QUARANTINE,Q15A,QUARANTINE_BIO_FINAL_FLAG_Q15A,459af0d7d91c,0ff39de5a52e,q_code,Y,Y,Y,Y,N,Y,Y,Y,N,N,N,N,Y,N,N,N,N,N,N,N,Y,Y,N,Y,Y,Y,N,N,N,N
10c084caed18,F22,QUARANTINE,Q15A,QUARANTINE_BIO_FINAL_FLAG_Q15A,459af0d7d91c,0ff39de5a52e,q_code,Y,Y,Y,Y,N,Y,Y,Y,N,N,N,N,Y,N,N,N,N,N,N,N,Y,Y,Y,N,Y,Y,N,N,N,N
3ed9caf062c9,F22,QUARANTINE,Q15A,QUARANTINE_BIO_FINAL_FLAG_Q15A,459af0d7d91c,0ff39de5a52e,q_code,Y,Y,Y,Y,N,Y,Y,Y,N,N,N,N,Y,N,N,N,N,N,N,N,Y,Y,Y,N,Y,Y,N,N,N,N
6664b3008d45,F22,QUARANTINE,Q15A,QUARANTINE_BIO_FINAL_FLAG_Q15A,459af0d7d91c,0ff39de5a52e,q_code,Y,Y,Y,Y,N,Y,Y,Y,N,N,N,N,Y,N,N,N,N,N,N,N,Y,Y,Y,Y,Y,Y,N,N,N,N
e3d75497df98,F22,QUARANTINE,Q15A,QUARANTINE_BIO_FINAL_FLAG_Q15A,459af0d7d91c,0ff39de5a52e,q_code,Y,Y,Y,Y,N,Y,Y,Y,N,N,N,N,Y,N,N,N,N,N,N,N,Y,Y,Y,Y,Y,Y,N,N,N,N
5197239d1073,F27,AUTO,,AUTO_F27_MRNA,375dc3d886a9,44136fa355b3,,Y,Y,Y,Y,Y,Y,Y,Y,Y,N,N,N,Y,N,N,N,N,N,N,N,N,N,N,N,N,N,N,N,N,N
2beabe47bfd5,F27,QUARANTINE,Q15B,QUARANTINE_LEGACY_FLAG_UNDOC_Q15B,459af0d7d91c,fc80a095c5ee,q_code,Y,Y,Y,Y,Y,Y,Y,Y,N,N,N,N,Y,N,N,N,N,N,N,N,N,N,N,Y,N,N,N,N,N,N
6f35205913b9,F27,REPAIR,,REPAIR_F27_CMTM,625092f45d69,3d9b119a827c,cmt_analyte_policy,Y,Y,Y,Y,Y,Y,Y,Y,Y,N,N,N,Y,N,N,N,N,N,Y,N,N,Y,N,N,N,N,N,N,N,N
27a9edff3250,F27,QUARANTINE,Q15B,QUARANTINE_LEGACY_FLAG_UNDOC_Q15B,459af0d7d91c,fc80a095c5ee,q_code,Y,Y,Y,Y,Y,Y,Y,Y,N,N,N,N,Y,N,N,N,N,N,N,N,N,Y,N,Y,N,N,N,N,N,N
92252690e02b,F27,REPAIR,,REPAIR_F27_DDIVP,9778a409567c,3b6e37a453cb,"cmt_analyte_policy,dual_cmt_policy",Y,Y,Y,Y,Y,Y,Y,Y,Y,N,N,N,Y,N,N,N,N,N,Y,N,N,Y,Y,N,N,N,N,N,N,N
54ae37972164,F27,QUARANTINE,Q15B,QUARANTINE_LEGACY_FLAG_UNDOC_Q15B,459af0d7d91c,fc80a095c5ee,q_code,Y,Y,Y,Y,Y,Y,Y,Y,N,N,N,N,Y,N,N,N,N,N,N,N,N,Y,Y,Y,N,N,N,N,N,N
2e0d616cb7c9,F27,REPAIR,,REPAIR_F27_BLQ,f67c49c740b6,5598114a142c,blq_handling_policy,Y,Y,Y,Y,Y,Y,Y,Y,Y,N,N,N,Y,Y,N,N,N,N,N,N,N,N,N,N,N,N,N,N,N,N
d65f660b67de,F27,QUARANTINE,Q15B,QUARANTINE_LEGACY_FLAG_UNDOC_Q15B,459af0d7d91c,fc80a095c5ee,q_code,Y,Y,Y,Y,Y,Y,Y,Y,N,N,N,N,Y,N,N,N,N,N,N,N,N,N,N,Y,N,N,N,N,N,N
146d339ebd8f,F27,REPAIR,,REPAIR_F27_BLQ_CMTM,ad950bea7a00,b0d8a8150750,"blq_handling_policy,cmt_analyte_policy",Y,Y,Y,Y,Y,Y,Y,Y,Y,N,N,N,Y,Y,N,N,N,N,Y,N,N,Y,N,N,N,N,N,N,N,N
dd03ec83bb25,F27,QUARANTINE,Q15B,QUARANTINE_LEGACY_FLAG_UNDOC_Q15B,459af0d7d91c,fc80a095c5ee,q_code,Y,Y,Y,Y,Y,Y,Y,Y,N,N,N,N,Y,N,N,N,N,N,N,N,N,Y,N,Y,N,N,N,N,N,N
f5cc3c30df8f,F27,REPAIR,,REPAIR_F27_BLQ_DDIVP,f452000cd78c,1a93afeda678,"blq_handling_policy,cmt_analyte_policy,dual_cmt_policy",Y,Y,Y,Y,Y,Y,Y,Y,Y,N,N,N,Y,Y,N,N,N,N,Y,N,N,Y,Y,N,N,N,N,N,N,N
17e698682a9e,F27,QUARANTINE,Q15B,QUARANTINE_LEGACY_FLAG_UNDOC_Q15B,459af0d7d91c,fc80a095c5ee,q_code,Y,Y,Y,Y,Y,Y,Y,Y,N,N,N,N,Y,N,N,N,N,N,N,N,N,Y,Y,Y,N,N,N,N,N,N
211472a58ad9,F27,QUARANTINE,Q15A,QUARANTINE_BIO_FINAL_FLAG_Q15A,459af0d7d91c,0ff39de5a52e,q_code,Y,Y,Y,Y,N,Y,Y,Y,N,N,N,N,Y,N,N,N,N,N,N,N,Y,N,N,N,N,N,N,N,N,N
cfdbf83b295d,F27,QUARANTINE,Q15A,QUARANTINE_BIO_FINAL_FLAG_Q15A,459af0d7d91c,0ff39de5a52e,q_code,Y,Y,Y,Y,N,Y,Y,Y,N,N,N,N,Y,N,N,N,N,N,N,N,Y,N,N,Y,N,N,N,N,N,N
6b52d7fa9afa,F27,QUARANTINE,Q15A,QUARANTINE_BIO_FINAL_FLAG_Q15A,459af0d7d91c,0ff39de5a52e,q_code,Y,Y,Y,Y,N,Y,Y,Y,N,N,N,N,Y,N,N,N,N,N,N,N,Y,Y,N,N,N,N,N,N,N,N
e8ea04387b84,F27,QUARANTINE,Q15A,QUARANTINE_BIO_FINAL_FLAG_Q15A,459af0d7d91c,0ff39de5a52e,q_code,Y,Y,Y,Y,N,Y,Y,Y,N,N,N,N,Y,N,N,N,N,N,N,N,Y,Y,N,Y,N,N,N,N,N,N
16032671849d,F27,QUARANTINE,Q15A,QUARANTINE_BIO_FINAL_FLAG_Q15A,459af0d7d91c,0ff39de5a52e,q_code,Y,Y,Y,Y,N,Y,Y,Y,N,N,N,N,Y,N,N,N,N,N,N,N,Y,Y,Y,N,N,N,N,N,N,N
e5db60cbef34,F27,QUARANTINE,Q15A,QUARANTINE_BIO_FINAL_FLAG_Q15A,459af0d7d91c,0ff39de5a52e,q_code,Y,Y,Y,Y,N,Y,Y,Y,N,N,N,N,Y,N,N,N,N,N,N,N,Y,Y,Y,Y,N,N,N,N,N,N
9eb512a43f15,F27,AUTO,,AUTO_F27_MRNA,375dc3d886a9,44136fa355b3,,Y,Y,Y,Y,Y,Y,Y,Y,Y,N,N,N,Y,N,N,N,N,N,N,N,N,N,N,N,Y,N,N,N,N,N
26522f1fd485,F27,QUARANTINE,Q15B,QUARANTINE_ADDL_CONFLICT_Q15B,459af0d7d91c,fc80a095c5ee,q_code,Y,Y,Y,Y,Y,Y,Y,Y,N,N,N,N,Y,N,N,N,N,N,N,N,N,N,N,Y,Y,N,N,N,N,N
760f921286bd,F27,REPAIR,,REPAIR_F27_CMTM,625092f45d69,3d9b119a827c,cmt_analyte_policy,Y,Y,Y,Y,Y,Y,Y,Y,Y,N,N,N,Y,N,N,N,N,N,Y,N,N,Y,N,N,Y,N,N,N,N,N
b9f2ef9d7c7a,F27,QUARANTINE,Q15B,QUARANTINE_ADDL_CONFLICT_Q15B,459af0d7d91c,fc80a095c5ee,q_code,Y,Y,Y,Y,Y,Y,Y,Y,N,N,N,N,Y,N,N,N,N,N,N,N,N,Y,N,Y,Y,N,N,N,N,N
439344100c56,F27,REPAIR,,REPAIR_F27_DDIVP,9778a409567c,3b6e37a453cb,"cmt_analyte_policy,dual_cmt_policy",Y,Y,Y,Y,Y,Y,Y,Y,Y,N,N,N,Y,N,N,N,N,N,Y,N,N,Y,Y,N,Y,N,N,N,N,N
8fa425540fdc,F27,QUARANTINE,Q15B,QUARANTINE_ADDL_CONFLICT_Q15B,459af0d7d91c,fc80a095c5ee,q_code,Y,Y,Y,Y,Y,Y,Y,Y,N,N,N,N,Y,N,N,N,N,N,N,N,N,Y,Y,Y,Y,N,N,N,N,N
4cf410ef34a3,F27,REPAIR,,REPAIR_F27_BLQ,f67c49c740b6,5598114a142c,blq_handling_policy,Y,Y,Y,Y,Y,Y,Y,Y,Y,N,N,N,Y,Y,N,N,N,N,N,N,N,N,N,N,Y,N,N,N,N,N
e4dc0460d71e,F27,QUARANTINE,Q15B,QUARANTINE_ADDL_CONFLICT_Q15B,459af0d7d91c,fc80a095c5ee,q_code,Y,Y,Y,Y,Y,Y,Y,Y,N,N,N,N,Y,N,N,N,N,N,N,N,N,N,N,Y,Y,N,N,N,N,N
43111566ac01,F27,REPAIR,,REPAIR_F27_BLQ_CMTM,ad950bea7a00,b0d8a8150750,"blq_handling_policy,cmt_analyte_policy",Y,Y,Y,Y,Y,Y,Y,Y,Y,N,N,N,Y,Y,N,N,N,N,Y,N,N,Y,N,N,Y,N,N,N,N,N
671d7bb61d82,F27,QUARANTINE,Q15B,QUARANTINE_ADDL_CONFLICT_Q15B,459af0d7d91c,fc80a095c5ee,q_code,Y,Y,Y,Y,Y,Y,Y,Y,N,N,N,N,Y,N,N,N,N,N,N,N,N,Y,N,Y,Y,N,N,N,N,N
8d48f68b803f,F27,REPAIR,,REPAIR_F27_BLQ_DDIVP,f452000cd78c,1a93afeda678,"blq_handling_policy,cmt_analyte_policy,dual_cmt_policy",Y,Y,Y,Y,Y,Y,Y,Y,Y,N,N,N,Y,Y,N,N,N,N,Y,N,N,Y,Y,N,Y,N,N,N,N,N
b75f5e3e1e3a,F27,QUARANTINE,Q15B,QUARANTINE_ADDL_CONFLICT_Q15B,459af0d7d91c,fc80a095c5ee,q_code,Y,Y,Y,Y,Y,Y,Y,Y,N,N,N,N,Y,N,N,N,N,N,N,N,N,Y,Y,Y,Y,N,N,N,N,N
e0fbd153f0c9,F27,QUARANTINE,Q15A,QUARANTINE_BIO_FINAL_FLAG_Q15A,459af0d7d91c,0ff39de5a52e,q_code,Y,Y,Y,Y,N,Y,Y,Y,N,N,N,N,Y,N,N,N,N,N,N,N,Y,N,N,N,Y,N,N,N,N,N
ff347dd3b1c4,F27,QUARANTINE,Q15A,QUARANTINE_BIO_FINAL_FLAG_Q15A,459af0d7d91c,0ff39de5a52e,q_code,Y,Y,Y,Y,N,Y,Y,Y,N,N,N,N,Y,N,N,N,N,N,N,N,Y,N,N,Y,Y,N,N,N,N,N
a7a75e693f8d,F27,QUARANTINE,Q15A,QUARANTINE_BIO_FINAL_FLAG_Q15A,459af0d7d91c,0ff39de5a52e,q_code,Y,Y,Y,Y,N,Y,Y,Y,N,N,N,N,Y,N,N,N,N,N,N,N,Y,Y,N,N,Y,N,N,N,N,N
8357bf89c282,F27,QUARANTINE,Q15A,QUARANTINE_BIO_FINAL_FLAG_Q15A,459af0d7d91c,0ff39de5a52e,q_code,Y,Y,Y,Y,N,Y,Y,Y,N,N,N,N,Y,N,N,N,N,N,N,N,Y,Y,N,Y,Y,N,N,N,N,N
821f9bb0f09c,F27,QUARANTINE,Q15A,QUARANTINE_BIO_FINAL_FLAG_Q15A,459af0d7d91c,0ff39de5a52e,q_code,Y,Y,Y,Y,N,Y,Y,Y,N,N,N,N,Y,N,N,N,N,N,N,N,Y,Y,Y,N,Y,N,N,N,N,N
f5a571c9ee4a,F27,QUARANTINE,Q15A,QUARANTINE_BIO_FINAL_FLAG_Q15A,459af0d7d91c,0ff39de5a52e,q_code,Y,Y,Y,Y,N,Y,Y,Y,N,N,N,N,Y,N,N,N,N,N,N,N,Y,Y,Y,Y,Y,N,N,N,N,N
d66b9ea2a2d0,F01,AUTO,,AUTO_F01_SMALL_MOLECULE,375dc3d886a9,44136fa355b3,,Y,Y,Y,Y,Y,Y,Y,Y,Y,N,N,N,N,N,N,N,N,N,N,N,N,N,N,N,N,N,N,N,N,N
e2db9b27d5cc,F01,QUARANTINE,Q15B,QUARANTINE_LEGACY_FLAG_UNDOC_Q15B,459af0d7d91c,fc80a095c5ee,q_code,Y,Y,Y,Y,Y,Y,Y,Y,N,N,N,N,N,N,N,N,N,N,N,N,N,N,N,Y,N,N,N,N,N,N
2dd2e1e42fc2,F01,REPAIR,,REPAIR_F01_CMTM,625092f45d69,3d9b119a827c,cmt_analyte_policy,Y,Y,Y,Y,Y,Y,Y,Y,Y,N,N,N,N,N,N,N,N,N,Y,N,N,Y,N,N,N,N,N,N,N,N
b763bf67c154,F01,QUARANTINE,Q15B,QUARANTINE_LEGACY_FLAG_UNDOC_Q15B,459af0d7d91c,fc80a095c5ee,q_code,Y,Y,Y,Y,Y,Y,Y,Y,N,N,N,N,N,N,N,N,N,N,N,N,N,Y,N,Y,N,N,N,N,N,N
677d692f8a82,F22,REPAIR,,REPAIR_F22_DDIVP,9778a409567c,3b6e37a453cb,"cmt_analyte_policy,dual_cmt_policy",Y,Y,Y,Y,Y,Y,Y,Y,Y,N,N,N,N,N,N,N,N,N,Y,N,N,Y,Y,N,N,N,N,N,N,N
5056d9b98490,F22,QUARANTINE,Q15B,QUARANTINE_LEGACY_FLAG_UNDOC_Q15B,459af0d7d91c,fc80a095c5ee,q_code,Y,Y,Y,Y,Y,Y,Y,Y,N,N,N,N,N,N,N,N,N,N,N,N,N,Y,Y,Y,N,N,N,N,N,N
6d7a6733490b,F01,REPAIR,,REPAIR_F01_BLQ,f67c49c740b6,5598114a142c,blq_handling_policy,Y,Y,Y,Y,Y,Y,Y,Y,Y,N,N,N,N,Y,N,N,N,N,N,N,N,N,N,N,N,N,N,N,N,N
afbc7d102ba4,F01,QUARANTINE,Q15B,QUARANTINE_LEGACY_FLAG_UNDOC_Q15B,459af0d7d91c,fc80a095c5ee,q_code,Y,Y,Y,Y,Y,Y,Y,Y,N,N,N,N,N,N,N,N,N,N,N,N,N,N,N,Y,N,N,N,N,N,N
422af6706f11,F01,REPAIR,,REPAIR_F01_BLQ_CMTM,ad950bea7a00,b0d8a8150750,"blq_handling_policy,cmt_analyte_policy",Y,Y,Y,Y,Y,Y,Y,Y,Y,N,N,N,N,Y,N,N,N,N,Y,N,N,Y,N,N,N,N,N,N,N,N
cc0c0635fd90,F01,QUARANTINE,Q15B,QUARANTINE_LEGACY_FLAG_UNDOC_Q15B,459af0d7d91c,fc80a095c5ee,q_code,Y,Y,Y,Y,Y,Y,Y,Y,N,N,N,N,N,N,N,N,N,N,N,N,N,Y,N,Y,N,N,N,N,N,N
51151840b05b,F22,REPAIR,,REPAIR_F22_BLQ_DDIVP,f452000cd78c,1a93afeda678,"blq_handling_policy,cmt_analyte_policy,dual_cmt_policy",Y,Y,Y,Y,Y,Y,Y,Y,Y,N,N,N,N,Y,N,N,N,N,Y,N,N,Y,Y,N,N,N,N,N,N,N
b33ff662ae14,F22,QUARANTINE,Q15B,QUARANTINE_LEGACY_FLAG_UNDOC_Q15B,459af0d7d91c,fc80a095c5ee,q_code,Y,Y,Y,Y,Y,Y,Y,Y,N,N,N,N,N,N,N,N,N,N,N,N,N,Y,Y,Y,N,N,N,N,N,N
5ef5dbc9e1f0,F01,QUARANTINE,Q15A,QUARANTINE_BIO_FINAL_FLAG_Q15A,459af0d7d91c,0ff39de5a52e,q_code,Y,Y,Y,Y,N,Y,Y,Y,N,N,N,N,N,N,N,N,N,N,N,N,Y,N,N,N,N,N,N,N,N,N
e062887c4bbd,F01,QUARANTINE,Q15A,QUARANTINE_BIO_FINAL_FLAG_Q15A,459af0d7d91c,0ff39de5a52e,q_code,Y,Y,Y,Y,N,Y,Y,Y,N,N,N,N,N,N,N,N,N,N,N,N,Y,N,N,Y,N,N,N,N,N,N
cb7a6b33275a,F01,QUARANTINE,Q15A,QUARANTINE_BIO_FINAL_FLAG_Q15A,459af0d7d91c,0ff39de5a52e,q_code,Y,Y,Y,Y,N,Y,Y,Y,N,N,N,N,N,N,N,N,N,N,N,N,Y,Y,N,N,N,N,N,N,N,N
d6037cf9d956,F01,QUARANTINE,Q15A,QUARANTINE_BIO_FINAL_FLAG_Q15A,459af0d7d91c,0ff39de5a52e,q_code,Y,Y,Y,Y,N,Y,Y,Y,N,N,N,N,N,N,N,N,N,N,N,N,Y,Y,N,Y,N,N,N,N,N,N
e24918cbc16d,F22,QUARANTINE,Q15A,QUARANTINE_BIO_FINAL_FLAG_Q15A,459af0d7d91c,0ff39de5a52e,q_code,Y,Y,Y,Y,N,Y,Y,Y,N,N,N,N,N,N,N,N,N,N,N,N,Y,Y,Y,N,N,N,N,N,N,N
a64c1ed80928,F22,QUARANTINE,Q15A,QUARANTINE_BIO_FINAL_FLAG_Q15A,459af0d7d91c,0ff39de5a52e,q_code,Y,Y,Y,Y,N,Y,Y,Y,N,N,N,N,N,N,N,N,N,N,N,N,Y,Y,Y,Y,N,N,N,N,N,N
d7fd5cd9c01a,F01,AUTO,,AUTO_F01_SMALL_MOLECULE,375dc3d886a9,44136fa355b3,,Y,Y,Y,Y,Y,Y,Y,Y,Y,N,N,N,N,N,N,N,N,N,N,N,N,N,N,N,Y,N,N,N,N,N
abcd1dc0463f,F01,QUARANTINE,Q15B,QUARANTINE_ADDL_CONFLICT_Q15B,459af0d7d91c,fc80a095c5ee,q_code,Y,Y,Y,Y,Y,Y,Y,Y,N,N,N,N,N,N,N,N,N,N,N,N,N,N,N,Y,Y,N,N,N,N,N
12fcd8a5508c,F01,REPAIR,,REPAIR_F01_CMTM,625092f45d69,3d9b119a827c,cmt_analyte_policy,Y,Y,Y,Y,Y,Y,Y,Y,Y,N,N,N,N,N,N,N,N,N,Y,N,N,Y,N,N,Y,N,N,N,N,N
a4961d82b4bb,F01,QUARANTINE,Q15B,QUARANTINE_ADDL_CONFLICT_Q15B,459af0d7d91c,fc80a095c5ee,q_code,Y,Y,Y,Y,Y,Y,Y,Y,N,N,N,N,N,N,N,N,N,N,N,N,N,Y,N,Y,Y,N,N,N,N,N
330106a5d1c8,F22,REPAIR,,REPAIR_F22_DDIVP,9778a409567c,3b6e37a453cb,"cmt_analyte_policy,dual_cmt_policy",Y,Y,Y,Y,Y,Y,Y,Y,Y,N,N,N,N,N,N,N,N,N,Y,N,N,Y,Y,N,Y,N,N,N,N,N
a5de19410e35,F22,QUARANTINE,Q15B,QUARANTINE_ADDL_CONFLICT_Q15B,459af0d7d91c,fc80a095c5ee,q_code,Y,Y,Y,Y,Y,Y,Y,Y,N,N,N,N,N,N,N,N,N,N,N,N,N,Y,Y,Y,Y,N,N,N,N,N
f44b18613370,F01,REPAIR,,REPAIR_F01_BLQ,f67c49c740b6,5598114a142c,blq_handling_policy,Y,Y,Y,Y,Y,Y,Y,Y,Y,N,N,N,N,Y,N,N,N,N,N,N,N,N,N,N,Y,N,N,N,N,N
62fa9f76339f,F01,QUARANTINE,Q15B,QUARANTINE_ADDL_CONFLICT_Q15B,459af0d7d91c,fc80a095c5ee,q_code,Y,Y,Y,Y,Y,Y,Y,Y,N,N,N,N,N,N,N,N,N,N,N,N,N,N,N,Y,Y,N,N,N,N,N
ff03a985e007,F01,REPAIR,,REPAIR_F01_BLQ_CMTM,ad950bea7a00,b0d8a8150750,"blq_handling_policy,cmt_analyte_policy",Y,Y,Y,Y,Y,Y,Y,Y,Y,N,N,N,N,Y,N,N,N,N,Y,N,N,Y,N,N,Y,N,N,N,N,N
83fcd627ca55,F01,QUARANTINE,Q15B,QUARANTINE_ADDL_CONFLICT_Q15B,459af0d7d91c,fc80a095c5ee,q_code,Y,Y,Y,Y,Y,Y,Y,Y,N,N,N,N,N,N,N,N,N,N,N,N,N,Y,N,Y,Y,N,N,N,N,N
e1ea47afa2f8,F22,REPAIR,,REPAIR_F22_BLQ_DDIVP,f452000cd78c,1a93afeda678,"blq_handling_policy,cmt_analyte_policy,dual_cmt_policy",Y,Y,Y,Y,Y,Y,Y,Y,Y,N,N,N,N,Y,N,N,N,N,Y,N,N,Y,Y,N,Y,N,N,N,N,N
484628185cce,F22,QUARANTINE,Q15B,QUARANTINE_ADDL_CONFLICT_Q15B,459af0d7d91c,fc80a095c5ee,q_code,Y,Y,Y,Y,Y,Y,Y,Y,N,N,N,N,N,N,N,N,N,N,N,N,N,Y,Y,Y,Y,N,N,N,N,N
0644c2197c51,F01,QUARANTINE,Q15A,QUARANTINE_BIO_FINAL_FLAG_Q15A,459af0d7d91c,0ff39de5a52e,q_code,Y,Y,Y,Y,N,Y,Y,Y,N,N,N,N,N,N,N,N,N,N,N,N,Y,N,N,N,Y,N,N,N,N,N
1e2d1eb09362,F01,QUARANTINE,Q15A,QUARANTINE_BIO_FINAL_FLAG_Q15A,459af0d7d91c,0ff39de5a52e,q_code,Y,Y,Y,Y,N,Y,Y,Y,N,N,N,N,N,N,N,N,N,N,N,N,Y,N,N,Y,Y,N,N,N,N,N
b2f22b758328,F01,QUARANTINE,Q15A,QUARANTINE_BIO_FINAL_FLAG_Q15A,459af0d7d91c,0ff39de5a52e,q_code,Y,Y,Y,Y,N,Y,Y,Y,N,N,N,N,N,N,N,N,N,N,N,N,Y,Y,N,N,Y,N,N,N,N,N
2c9df9bfc267,F01,QUARANTINE,Q15A,QUARANTINE_BIO_FINAL_FLAG_Q15A,459af0d7d91c,0ff39de5a52e,q_code,Y,Y,Y,Y,N,Y,Y,Y,N,N,N,N,N,N,N,N,N,N,N,N,Y,Y,N,Y,Y,N,N,N,N,N
f041a99ed5dc,F22,QUARANTINE,Q15A,QUARANTINE_BIO_FINAL_FLAG_Q15A,459af0d7d91c,0ff39de5a52e,q_code,Y,Y,Y,Y,N,Y,Y,Y,N,N,N,N,N,N,N,N,N,N,N,N,Y,Y,Y,N,Y,N,N,N,N,N
7b1a432db5fa,F22,QUARANTINE,Q15A,QUARANTINE_BIO_FINAL_FLAG_Q15A,459af0d7d91c,0ff39de5a52e,q_code,Y,Y,Y,Y,N,Y,Y,Y,N,N,N,N,N,N,N,N,N,N,N,N,Y,Y,Y,Y,Y,N,N,N,N,N
5fb4dc235017,F01,AUTO,,AUTO_F01_MAB,375dc3d886a9,44136fa355b3,,Y,Y,Y,Y,Y,Y,Y,Y,Y,N,N,N,N,N,N,N,N,N,N,N,N,N,N,N,N,N,N,N,N,N
daabd515c59e,F01,QUARANTINE,Q15B,QUARANTINE_LEGACY_FLAG_UNDOC_Q15B,459af0d7d91c,fc80a095c5ee,q_code,Y,Y,Y,Y,Y,Y,Y,Y,N,N,N,N,N,N,N,N,N,N,N,N,N,N,N,Y,N,N,N,N,N,N
783040858a37,F01,REPAIR,,REPAIR_F01_CMTM,625092f45d69,3d9b119a827c,cmt_analyte_policy,Y,Y,Y,Y,Y,Y,Y,Y,Y,N,N,N,N,N,N,N,N,N,Y,N,N,Y,N,N,N,N,N,N,N,N
252fbcfac87d,F01,QUARANTINE,Q15B,QUARANTINE_LEGACY_FLAG_UNDOC_Q15B,459af0d7d91c,fc80a095c5ee,q_code,Y,Y,Y,Y,Y,Y,Y,Y,N,N,N,N,N,N,N,N,N,N,N,N,N,Y,N,Y,N,N,N,N,N,N
9443c17d0a48,F22,REPAIR,,REPAIR_F22_DDIVP,9778a409567c,3b6e37a453cb,"cmt_analyte_policy,dual_cmt_policy",Y,Y,Y,Y,Y,Y,Y,Y,Y,N,N,N,N,N,N,N,N,N,Y,N,N,Y,Y,N,N,N,N,N,N,N
a59f904fbeed,F22,QUARANTINE,Q15B,QUARANTINE_LEGACY_FLAG_UNDOC_Q15B,459af0d7d91c,fc80a095c5ee,q_code,Y,Y,Y,Y,Y,Y,Y,Y,N,N,N,N,N,N,N,N,N,N,N,N,N,Y,Y,Y,N,N,N,N,N,N
c220f2cace04,F01,REPAIR,,REPAIR_F01_BLQ,f67c49c740b6,5598114a142c,blq_handling_policy,Y,Y,Y,Y,Y,Y,Y,Y,Y,N,N,N,N,Y,N,N,N,N,N,N,N,N,N,N,N,N,N,N,N,N
8ec022153300,F01,QUARANTINE,Q15B,QUARANTINE_LEGACY_FLAG_UNDOC_Q15B,459af0d7d91c,fc80a095c5ee,q_code,Y,Y,Y,Y,Y,Y,Y,Y,N,N,N,N,N,N,N,N,N,N,N,N,N,N,N,Y,N,N,N,N,N,N
0e093f3a0d5d,F01,REPAIR,,REPAIR_F01_BLQ_CMTM,ad950bea7a00,b0d8a8150750,"blq_handling_policy,cmt_analyte_policy",Y,Y,Y,Y,Y,Y,Y,Y,Y,N,N,N,N,Y,N,N,N,N,Y,N,N,Y,N,N,N,N,N,N,N,N
a42bc53c09b9,F01,QUARANTINE,Q15B,QUARANTINE_LEGACY_FLAG_UNDOC_Q15B,459af0d7d91c,fc80a095c5ee,q_code,Y,Y,Y,Y,Y,Y,Y,Y,N,N,N,N,N,N,N,N,N,N,N,N,N,Y,N,Y,N,N,N,N,N,N
b91e250578b6,F22,REPAIR,,REPAIR_F22_BLQ_DDIVP,f452000cd78c,1a93afeda678,"blq_handling_policy,cmt_analyte_policy,dual_cmt_policy",Y,Y,Y,Y,Y,Y,Y,Y,Y,N,N,N,N,Y,N,N,N,N,Y,N,N,Y,Y,N,N,N,N,N,N,N
291623639087,F22,QUARANTINE,Q15B,QUARANTINE_LEGACY_FLAG_UNDOC_Q15B,459af0d7d91c,fc80a095c5ee,q_code,Y,Y,Y,Y,Y,Y,Y,Y,N,N,N,N,N,N,N,N,N,N,N,N,N,Y,Y,Y,N,N,N,N,N,N
442ad0ae7d8a,F01,QUARANTINE,Q15A,QUARANTINE_BIO_FINAL_FLAG_Q15A,459af0d7d91c,0ff39de5a52e,q_code,Y,Y,Y,Y,N,Y,Y,Y,N,N,N,N,N,N,N,N,N,N,N,N,Y,N,N,N,N,N,N,N,N,N
69c0ac014255,F01,QUARANTINE,Q15A,QUARANTINE_BIO_FINAL_FLAG_Q15A,459af0d7d91c,0ff39de5a52e,q_code,Y,Y,Y,Y,N,Y,Y,Y,N,N,N,N,N,N,N,N,N,N,N,N,Y,N,N,Y,N,N,N,N,N,N
92bca8eb28f4,F01,QUARANTINE,Q15A,QUARANTINE_BIO_FINAL_FLAG_Q15A,459af0d7d91c,0ff39de5a52e,q_code,Y,Y,Y,Y,N,Y,Y,Y,N,N,N,N,N,N,N,N,N,N,N,N,Y,Y,N,N,N,N,N,N,N,N
16e42d25c7a4,F01,QUARANTINE,Q15A,QUARANTINE_BIO_FINAL_FLAG_Q15A,459af0d7d91c,0ff39de5a52e,q_code,Y,Y,Y,Y,N,Y,Y,Y,N,N,N,N,N,N,N,N,N,N,N,N,Y,Y,N,Y,N,N,N,N,N,N
90ba5c4c20a8,F22,QUARANTINE,Q15A,QUARANTINE_BIO_FINAL_FLAG_Q15A,459af0d7d91c,0ff39de5a52e,q_code,Y,Y,Y,Y,N,Y,Y,Y,N,N,N,N,N,N,N,N,N,N,N,N,Y,Y,Y,N,N,N,N,N,N,N
92bb541aaa50,F22,QUARANTINE,Q15A,QUARANTINE_BIO_FINAL_FLAG_Q15A,459af0d7d91c,0ff39de5a52e,q_code,Y,Y,Y,Y,N,Y,Y,Y,N,N,N,N,N,N,N,N,N,N,N,N,Y,Y,Y,Y,N,N,N,N,N,N
7b12bb8f6954,F01,AUTO,,AUTO_F01_MAB,375dc3d886a9,44136fa355b3,,Y,Y,Y,Y,Y,Y,Y,Y,Y,N,N,N,N,N,N,N,N,N,N,N,N,N,N,N,Y,N,N,N,N,N
015e3c9a4894,F01,QUARANTINE,Q15B,QUARANTINE_ADDL_CONFLICT_Q15B,459af0d7d91c,fc80a095c5ee,q_code,Y,Y,Y,Y,Y,Y,Y,Y,N,N,N,N,N,N,N,N,N,N,N,N,N,N,N,Y,Y,N,N,N,N,N
d82e01da32da,F01,REPAIR,,REPAIR_F01_CMTM,625092f45d69,3d9b119a827c,cmt_analyte_policy,Y,Y,Y,Y,Y,Y,Y,Y,Y,N,N,N,N,N,N,N,N,N,Y,N,N,Y,N,N,Y,N,N,N,N,N
d476edde1f84,F01,QUARANTINE,Q15B,QUARANTINE_ADDL_CONFLICT_Q15B,459af0d7d91c,fc80a095c5ee,q_code,Y,Y,Y,Y,Y,Y,Y,Y,N,N,N,N,N,N,N,N,N,N,N,N,N,Y,N,Y,Y,N,N,N,N,N
67c5f8dc9d0b,F22,REPAIR,,REPAIR_F22_DDIVP,9778a409567c,3b6e37a453cb,"cmt_analyte_policy,dual_cmt_policy",Y,Y,Y,Y,Y,Y,Y,Y,Y,N,N,N,N,N,N,N,N,N,Y,N,N,Y,Y,N,Y,N,N,N,N,N
33b2b233acf9,F22,QUARANTINE,Q15B,QUARANTINE_ADDL_CONFLICT_Q15B,459af0d7d91c,fc80a095c5ee,q_code,Y,Y,Y,Y,Y,Y,Y,Y,N,N,N,N,N,N,N,N,N,N,N,N,N,Y,Y,Y,Y,N,N,N,N,N
89240288ce44,F01,REPAIR,,REPAIR_F01_BLQ,f67c49c740b6,5598114a142c,blq_handling_policy,Y,Y,Y,Y,Y,Y,Y,Y,Y,N,N,N,N,Y,N,N,N,N,N,N,N,N,N,N,Y,N,N,N,N,N
a9727028562e,F01,QUARANTINE,Q15B,QUARANTINE_ADDL_CONFLICT_Q15B,459af0d7d91c,fc80a095c5ee,q_code,Y,Y,Y,Y,Y,Y,Y,Y,N,N,N,N,N,N,N,N,N,N,N,N,N,N,N,Y,Y,N,N,N,N,N
73bede925308,F01,REPAIR,,REPAIR_F01_BLQ_CMTM,ad950bea7a00,b0d8a8150750,"blq_handling_policy,cmt_analyte_policy",Y,Y,Y,Y,Y,Y,Y,Y,Y,N,N,N,N,Y,N,N,N,N,Y,N,N,Y,N,N,Y,N,N,N,N,N
79e80b995ca6,F01,QUARANTINE,Q15B,QUARANTINE_ADDL_CONFLICT_Q15B,459af0d7d91c,fc80a095c5ee,q_code,Y,Y,Y,Y,Y,Y,Y,Y,N,N,N,N,N,N,N,N,N,N,N,N,N,Y,N,Y,Y,N,N,N,N,N
67648b2ca782,F22,REPAIR,,REPAIR_F22_BLQ_DDIVP,f452000cd78c,1a93afeda678,"blq_handling_policy,cmt_analyte_policy,dual_cmt_policy",Y,Y,Y,Y,Y,Y,Y,Y,Y,N,N,N,N,Y,N,N,N,N,Y,N,N,Y,Y,N,Y,N,N,N,N,N
10b9cc069d15,F22,QUARANTINE,Q15B,QUARANTINE_ADDL_CONFLICT_Q15B,459af0d7d91c,fc80a095c5ee,q_code,Y,Y,Y,Y,Y,Y,Y,Y,N,N,N,N,N,N,N,N,N,N,N,N,N,Y,Y,Y,Y,N,N,N,N,N
832703147128,F01,QUARANTINE,Q15A,QUARANTINE_BIO_FINAL_FLAG_Q15A,459af0d7d91c,0ff39de5a52e,q_code,Y,Y,Y,Y,N,Y,Y,Y,N,N,N,N,N,N,N,N,N,N,N,N,Y,N,N,N,Y,N,N,N,N,N
b462aba0dcee,F01,QUARANTINE,Q15A,QUARANTINE_BIO_FINAL_FLAG_Q15A,459af0d7d91c,0ff39de5a52e,q_code,Y,Y,Y,Y,N,Y,Y,Y,N,N,N,N,N,N,N,N,N,N,N,N,Y,N,N,Y,Y,N,N,N,N,N
49dfd810e420,F01,QUARANTINE,Q15A,QUARANTINE_BIO_FINAL_FLAG_Q15A,459af0d7d91c,0ff39de5a52e,q_code,Y,Y,Y,Y,N,Y,Y,Y,N,N,N,N,N,N,N,N,N,N,N,N,Y,Y,N,N,Y,N,N,N,N,N
50056cc9b1d1,F01,QUARANTINE,Q15A,QUARANTINE_BIO_FINAL_FLAG_Q15A,459af0d7d91c,0ff39de5a52e,q_code,Y,Y,Y,Y,N,Y,Y,Y,N,N,N,N,N,N,N,N,N,N,N,N,Y,Y,N,Y,Y,N,N,N,N,N
5188e616e0f0,F22,QUARANTINE,Q15A,QUARANTINE_BIO_FINAL_FLAG_Q15A,459af0d7d91c,0ff39de5a52e,q_code,Y,Y,Y,Y,N,Y,Y,Y,N,N,N,N,N,N,N,N,N,N,N,N,Y,Y,Y,N,Y,N,N,N,N,N
9e4c7c4953c4,F22,QUARANTINE,Q15A,QUARANTINE_BIO_FINAL_FLAG_Q15A,459af0d7d91c,0ff39de5a52e,q_code,Y,Y,Y,Y,N,Y,Y,Y,N,N,N,N,N,N,N,N,N,N,N,N,Y,Y,Y,Y,Y,N,N,N,N,N
08e3b12e6cdf,F01,AUTO,,AUTO_F01_ADC,375dc3d886a9,44136fa355b3,,Y,Y,Y,Y,Y,Y,Y,Y,Y,N,N,N,Y,N,N,N,N,N,N,N,N,N,N,N,N,Y,N,N,N,N
3e7eb4ab35dc,F01,QUARANTINE,Q15B,QUARANTINE_LEGACY_FLAG_UNDOC_Q15B,459af0d7d91c,fc80a095c5ee,q_code,Y,Y,Y,Y,Y,Y,Y,Y,N,N,N,N,Y,N,N,N,N,N,N,N,N,N,N,Y,N,Y,N,N,N,N
d698048dbb24,F24,REPAIR,,REPAIR_F24_CMTROLE,067eec0a7a08,835c27d30e59,"analyte_role_declaration,cmt_analyte_policy",Y,Y,Y,Y,Y,Y,Y,Y,Y,N,N,N,Y,N,N,N,N,N,Y,N,N,Y,N,N,N,Y,Y,N,N,N
2ccc39839582,F24,QUARANTINE,Q16,QUARANTINE_ANALYTE_ROLE_MISSING_Q16,459af0d7d91c,9d9b4b667195,q_code,Y,Y,Y,Y,N,Y,Y,Y,N,N,N,N,Y,N,N,N,N,N,N,N,N,Y,N,N,N,Y,N,N,N,N
ea0fa69f63a3,F24,QUARANTINE,Q15B,QUARANTINE_LEGACY_FLAG_UNDOC_Q15B,459af0d7d91c,fc80a095c5ee,q_code,Y,Y,Y,Y,Y,Y,Y,Y,N,N,N,N,Y,N,N,N,N,N,N,N,N,Y,N,Y,N,Y,N,N,N,N
e3c3c0becd75,F24,QUARANTINE,Q16,QUARANTINE_ANALYTE_ROLE_MISSING_Q16,459af0d7d91c,9d9b4b667195,q_code,Y,Y,Y,Y,N,Y,Y,Y,N,N,N,N,Y,N,N,N,N,N,N,N,N,Y,N,Y,N,Y,N,N,N,N
147ad860f4fc,F22,REPAIR,,REPAIR_F22_DDIVP,9778a409567c,3b6e37a453cb,"cmt_analyte_policy,dual_cmt_policy",Y,Y,Y,Y,Y,Y,Y,Y,Y,N,N,N,Y,N,N,N,N,N,Y,N,N,Y,Y,N,N,Y,N,N,N,N
76e4a6453a4c,F22,QUARANTINE,Q16,QUARANTINE_ANALYTE_ROLE_MISSING_Q16,459af0d7d91c,9d9b4b667195,q_code,Y,Y,Y,Y,N,Y,Y,Y,N,N,N,N,Y,N,N,N,N,N,N,N,N,Y,Y,N,N,Y,N,N,N,N
f47f534777af,F22,QUARANTINE,Q15B,QUARANTINE_LEGACY_FLAG_UNDOC_Q15B,459af0d7d91c,fc80a095c5ee,q_code,Y,Y,Y,Y,Y,Y,Y,Y,N,N,N,N,Y,N,N,N,N,N,N,N,N,Y,Y,Y,N,Y,N,N,N,N
8c66a5255629,F22,QUARANTINE,Q16,QUARANTINE_ANALYTE_ROLE_MISSING_Q16,459af0d7d91c,9d9b4b667195,q_code,Y,Y,Y,Y,N,Y,Y,Y,N,N,N,N,Y,N,N,N,N,N,N,N,N,Y,Y,Y,N,Y,N,N,N,N
e9e61f50e516,F01,REPAIR,,REPAIR_F01_BLQ,f67c49c740b6,5598114a142c,blq_handling_policy,Y,Y,Y,Y,Y,Y,Y,Y,Y,N,N,N,Y,Y,N,N,N,N,N,N,N,N,N,N,N,Y,N,N,N,N
1740f983f281,F01,QUARANTINE,Q15B,QUARANTINE_LEGACY_FLAG_UNDOC_Q15B,459af0d7d91c,fc80a095c5ee,q_code,Y,Y,Y,Y,Y,Y,Y,Y,N,N,N,N,Y,N,N,N,N,N,N,N,N,N,N,Y,N,Y,N,N,N,N
8f0bcb280a28,F24,REPAIR,,REPAIR_F24_BLQ_CMTROLE,b0a07c38e805,0fb8c6d4335c,"analyte_role_declaration,blq_handling_policy,cmt_analyte_policy",Y,Y,Y,Y,Y,Y,Y,Y,Y,N,N,N,Y,Y,N,N,N,N,Y,N,N,Y,N,N,N,Y,Y,N,N,N
63cba9e2278e,F24,QUARANTINE,Q16,QUARANTINE_ANALYTE_ROLE_MISSING_Q16,459af0d7d91c,9d9b4b667195,q_code,Y,Y,Y,Y,N,Y,Y,Y,N,N,N,N,Y,N,N,N,N,N,N,N,N,Y,N,N,N,Y,N,N,N,N
0e79bce4404f,F24,QUARANTINE,Q15B,QUARANTINE_LEGACY_FLAG_UNDOC_Q15B,459af0d7d91c,fc80a095c5ee,q_code,Y,Y,Y,Y,Y,Y,Y,Y,N,N,N,N,Y,N,N,N,N,N,N,N,N,Y,N,Y,N,Y,N,N,N,N
dcfa60445516,F24,QUARANTINE,Q16,QUARANTINE_ANALYTE_ROLE_MISSING_Q16,459af0d7d91c,9d9b4b667195,q_code,Y,Y,Y,Y,N,Y,Y,Y,N,N,N,N,Y,N,N,N,N,N,N,N,N,Y,N,Y,N,Y,N,N,N,N
21819f7e4d2a,F22,REPAIR,,REPAIR_F22_BLQ_DDIVP,f452000cd78c,1a93afeda678,"blq_handling_policy,cmt_analyte_policy,dual_cmt_policy",Y,Y,Y,Y,Y,Y,Y,Y,Y,N,N,N,Y,Y,N,N,N,N,Y,N,N,Y,Y,N,N,Y,N,N,N,N
e1c41595e146,F22,QUARANTINE,Q16,QUARANTINE_ANALYTE_ROLE_MISSING_Q16,459af0d7d91c,9d9b4b667195,q_code,Y,Y,Y,Y,N,Y,Y,Y,N,N,N,N,Y,N,N,N,N,N,N,N,N,Y,Y,N,N,Y,N,N,N,N
41bec79245fd,F22,QUARANTINE,Q15B,QUARANTINE_LEGACY_FLAG_UNDOC_Q15B,459af0d7d91c,fc80a095c5ee,q_code,Y,Y,Y,Y,Y,Y,Y,Y,N,N,N,N,Y,N,N,N,N,N,N,N,N,Y,Y,Y,N,Y,N,N,N,N
5d34ba15bde0,F22,QUARANTINE,Q16,QUARANTINE_ANALYTE_ROLE_MISSING_Q16,459af0d7d91c,9d9b4b667195,q_code,Y,Y,Y,Y,N,Y,Y,Y,N,N,N,N,Y,N,N,N,N,N,N,N,N,Y,Y,Y,N,Y,N,N,N,N
592d0bd24f14,F01,QUARANTINE,Q15A,QUARANTINE_BIO_FINAL_FLAG_Q15A,459af0d7d91c,0ff39de5a52e,q_code,Y,Y,Y,Y,N,Y,Y,Y,N,N,N,N,Y,N,N,N,N,N,N,N,Y,N,N,N,N,Y,N,N,N,N
9af04cc6389f,F01,QUARANTINE,Q15A,QUARANTINE_BIO_FINAL_FLAG_Q15A,459af0d7d91c,0ff39de5a52e,q_code,Y,Y,Y,Y,N,Y,Y,Y,N,N,N,N,Y,N,N,N,N,N,N,N,Y,N,N,Y,N,Y,N,N,N,N
223f15784e32,F24,QUARANTINE,Q15A,QUARANTINE_BIO_FINAL_FLAG_Q15A,459af0d7d91c,0ff39de5a52e,q_code,Y,Y,Y,Y,N,Y,Y,Y,N,N,N,N,Y,N,N,N,N,N,N,N,Y,Y,N,N,N,Y,N,N,N,N
710b4faa71b8,F24,QUARANTINE,Q15A,QUARANTINE_BIO_FINAL_FLAG_Q15A,459af0d7d91c,0ff39de5a52e,q_code,Y,Y,Y,Y,N,Y,Y,Y,N,N,N,N,Y,N,N,N,N,N,N,N,Y,Y,N,N,N,Y,N,N,N,N
411492093c36,F24,QUARANTINE,Q15A,QUARANTINE_BIO_FINAL_FLAG_Q15A,459af0d7d91c,0ff39de5a52e,q_code,Y,Y,Y,Y,N,Y,Y,Y,N,N,N,N,Y,N,N,N,N,N,N,N,Y,Y,N,Y,N,Y,N,N,N,N
9e633e66a728,F24,QUARANTINE,Q15A,QUARANTINE_BIO_FINAL_FLAG_Q15A,459af0d7d91c,0ff39de5a52e,q_code,Y,Y,Y,Y,N,Y,Y,Y,N,N,N,N,Y,N,N,N,N,N,N,N,Y,Y,N,Y,N,Y,N,N,N,N
f857a88c14f3,F22,QUARANTINE,Q15A,QUARANTINE_BIO_FINAL_FLAG_Q15A,459af0d7d91c,0ff39de5a52e,q_code,Y,Y,Y,Y,N,Y,Y,Y,N,N,N,N,Y,N,N,N,N,N,N,N,Y,Y,Y,N,N,Y,N,N,N,N
89999df1bd53,F22,QUARANTINE,Q15A,QUARANTINE_BIO_FINAL_FLAG_Q15A,459af0d7d91c,0ff39de5a52e,q_code,Y,Y,Y,Y,N,Y,Y,Y,N,N,N,N,Y,N,N,N,N,N,N,N,Y,Y,Y,N,N,Y,N,N,N,N
4caa766418e0,F22,QUARANTINE,Q15A,QUARANTINE_BIO_FINAL_FLAG_Q15A,459af0d7d91c,0ff39de5a52e,q_code,Y,Y,Y,Y,N,Y,Y,Y,N,N,N,N,Y,N,N,N,N,N,N,N,Y,Y,Y,Y,N,Y,N,N,N,N
2a6c9d7bdd75,F22,QUARANTINE,Q15A,QUARANTINE_BIO_FINAL_FLAG_Q15A,459af0d7d91c,0ff39de5a52e,q_code,Y,Y,Y,Y,N,Y,Y,Y,N,N,N,N,Y,N,N,N,N,N,N,N,Y,Y,Y,Y,N,Y,N,N,N,N
7a4e1866f7a6,F01,AUTO,,AUTO_F01_ADC,375dc3d886a9,44136fa355b3,,Y,Y,Y,Y,Y,Y,Y,Y,Y,N,N,N,Y,N,N,N,N,N,N,N,N,N,N,N,Y,Y,N,N,N,N
7f520af68835,F01,QUARANTINE,Q15B,QUARANTINE_ADDL_CONFLICT_Q15B,459af0d7d91c,fc80a095c5ee,q_code,Y,Y,Y,Y,Y,Y,Y,Y,N,N,N,N,Y,N,N,N,N,N,N,N,N,N,N,Y,Y,Y,N,N,N,N
2c17da0f197b,F24,REPAIR,,REPAIR_F24_CMTROLE,067eec0a7a08,835c27d30e59,"analyte_role_declaration,cmt_analyte_policy",Y,Y,Y,Y,Y,Y,Y,Y,Y,N,N,N,Y,N,N,N,N,N,Y,N,N,Y,N,N,Y,Y,Y,N,N,N
87727b515360,F24,QUARANTINE,Q16,QUARANTINE_ADDL_CONFLICT_Q16,459af0d7d91c,9d9b4b667195,q_code,Y,Y,Y,Y,N,Y,Y,Y,N,N,N,N,Y,N,N,N,N,N,N,N,N,Y,N,N,Y,Y,N,N,N,N
7b9b774b1fbf,F24,QUARANTINE,Q15B,QUARANTINE_ADDL_CONFLICT_Q15B,459af0d7d91c,fc80a095c5ee,q_code,Y,Y,Y,Y,Y,Y,Y,Y,N,N,N,N,Y,N,N,N,N,N,N,N,N,Y,N,Y,Y,Y,N,N,N,N
848a6231b7c9,F24,QUARANTINE,Q16,QUARANTINE_ADDL_CONFLICT_Q16,459af0d7d91c,9d9b4b667195,q_code,Y,Y,Y,Y,N,Y,Y,Y,N,N,N,N,Y,N,N,N,N,N,N,N,N,Y,N,Y,Y,Y,N,N,N,N
f00fa75eb415,F22,REPAIR,,REPAIR_F22_DDIVP,9778a409567c,3b6e37a453cb,"cmt_analyte_policy,dual_cmt_policy",Y,Y,Y,Y,Y,Y,Y,Y,Y,N,N,N,Y,N,N,N,N,N,Y,N,N,Y,Y,N,Y,Y,N,N,N,N
3fe70efb174d,F22,QUARANTINE,Q16,QUARANTINE_ADDL_CONFLICT_Q16,459af0d7d91c,9d9b4b667195,q_code,Y,Y,Y,Y,N,Y,Y,Y,N,N,N,N,Y,N,N,N,N,N,N,N,N,Y,Y,N,Y,Y,N,N,N,N
6b670148b382,F22,QUARANTINE,Q15B,QUARANTINE_ADDL_CONFLICT_Q15B,459af0d7d91c,fc80a095c5ee,q_code,Y,Y,Y,Y,Y,Y,Y,Y,N,N,N,N,Y,N,N,N,N,N,N,N,N,Y,Y,Y,Y,Y,N,N,N,N
fe433a560acc,F22,QUARANTINE,Q16,QUARANTINE_ADDL_CONFLICT_Q16,459af0d7d91c,9d9b4b667195,q_code,Y,Y,Y,Y,N,Y,Y,Y,N,N,N,N,Y,N,N,N,N,N,N,N,N,Y,Y,Y,Y,Y,N,N,N,N
0bd445ecfc85,F01,REPAIR,,REPAIR_F01_BLQ,f67c49c740b6,5598114a142c,blq_handling_policy,Y,Y,Y,Y,Y,Y,Y,Y,Y,N,N,N,Y,Y,N,N,N,N,N,N,N,N,N,N,Y,Y,N,N,N,N
bba1247ef7fb,F01,QUARANTINE,Q15B,QUARANTINE_ADDL_CONFLICT_Q15B,459af0d7d91c,fc80a095c5ee,q_code,Y,Y,Y,Y,Y,Y,Y,Y,N,N,N,N,Y,N,N,N,N,N,N,N,N,N,N,Y,Y,Y,N,N,N,N
df862bd37fd7,F24,REPAIR,,REPAIR_F24_BLQ_CMTROLE,b0a07c38e805,0fb8c6d4335c,"analyte_role_declaration,blq_handling_policy,cmt_analyte_policy",Y,Y,Y,Y,Y,Y,Y,Y,Y,N,N,N,Y,Y,N,N,N,N,Y,N,N,Y,N,N,Y,Y,Y,N,N,N
55689d1d1704,F24,QUARANTINE,Q16,QUARANTINE_ADDL_CONFLICT_Q16,459af0d7d91c,9d9b4b667195,q_code,Y,Y,Y,Y,N,Y,Y,Y,N,N,N,N,Y,N,N,N,N,N,N,N,N,Y,N,N,Y,Y,N,N,N,N
2b4da8bfe368,F24,QUARANTINE,Q15B,QUARANTINE_ADDL_CONFLICT_Q15B,459af0d7d91c,fc80a095c5ee,q_code,Y,Y,Y,Y,Y,Y,Y,Y,N,N,N,N,Y,N,N,N,N,N,N,N,N,Y,N,Y,Y,Y,N,N,N,N
4f7646beec2d,F24,QUARANTINE,Q16,QUARANTINE_ADDL_CONFLICT_Q16,459af0d7d91c,9d9b4b667195,q_code,Y,Y,Y,Y,N,Y,Y,Y,N,N,N,N,Y,N,N,N,N,N,N,N,N,Y,N,Y,Y,Y,N,N,N,N
3bce1fee2acd,F22,REPAIR,,REPAIR_F22_BLQ_DDIVP,f452000cd78c,1a93afeda678,"blq_handling_policy,cmt_analyte_policy,dual_cmt_policy",Y,Y,Y,Y,Y,Y,Y,Y,Y,N,N,N,Y,Y,N,N,N,N,Y,N,N,Y,Y,N,Y,Y,N,N,N,N
fc995547785d,F22,QUARANTINE,Q16,QUARANTINE_ADDL_CONFLICT_Q16,459af0d7d91c,9d9b4b667195,q_code,Y,Y,Y,Y,N,Y,Y,Y,N,N,N,N,Y,N,N,N,N,N,N,N,N,Y,Y,N,Y,Y,N,N,N,N
b240f858ae28,F22,QUARANTINE,Q15B,QUARANTINE_ADDL_CONFLICT_Q15B,459af0d7d91c,fc80a095c5ee,q_code,Y,Y,Y,Y,Y,Y,Y,Y,N,N,N,N,Y,N,N,N,N,N,N,N,N,Y,Y,Y,Y,Y,N,N,N,N
6f8a0084c5cd,F22,QUARANTINE,Q16,QUARANTINE_ADDL_CONFLICT_Q16,459af0d7d91c,9d9b4b667195,q_code,Y,Y,Y,Y,N,Y,Y,Y,N,N,N,N,Y,N,N,N,N,N,N,N,N,Y,Y,Y,Y,Y,N,N,N,N
5c9cc139976e,F01,QUARANTINE,Q15A,QUARANTINE_BIO_FINAL_FLAG_Q15A,459af0d7d91c,0ff39de5a52e,q_code,Y,Y,Y,Y,N,Y,Y,Y,N,N,N,N,Y,N,N,N,N,N,N,N,Y,N,N,N,Y,Y,N,N,N,N
8780faec719b,F01,QUARANTINE,Q15A,QUARANTINE_BIO_FINAL_FLAG_Q15A,459af0d7d91c,0ff39de5a52e,q_code,Y,Y,Y,Y,N,Y,Y,Y,N,N,N,N,Y,N,N,N,N,N,N,N,Y,N,N,Y,Y,Y,N,N,N,N
d81df9ad7137,F24,QUARANTINE,Q15A,QUARANTINE_BIO_FINAL_FLAG_Q15A,459af0d7d91c,0ff39de5a52e,q_code,Y,Y,Y,Y,N,Y,Y,Y,N,N,N,N,Y,N,N,N,N,N,N,N,Y,Y,N,N,Y,Y,N,N,N,N
f57447c09496,F24,QUARANTINE,Q15A,QUARANTINE_BIO_FINAL_FLAG_Q15A,459af0d7d91c,0ff39de5a52e,q_code,Y,Y,Y,Y,N,Y,Y,Y,N,N,N,N,Y,N,N,N,N,N,N,N,Y,Y,N,N,Y,Y,N,N,N,N
6b446d5cefb5,F24,QUARANTINE,Q15A,QUARANTINE_BIO_FINAL_FLAG_Q15A,459af0d7d91c,0ff39de5a52e,q_code,Y,Y,Y,Y,N,Y,Y,Y,N,N,N,N,Y,N,N,N,N,N,N,N,Y,Y,N,Y,Y,Y,N,N,N,N
7e68ba77829c,F24,QUARANTINE,Q15A,QUARANTINE_BIO_FINAL_FLAG_Q15A,459af0d7d91c,0ff39de5a52e,q_code,Y,Y,Y,Y,N,Y,Y,Y,N,N,N,N,Y,N,N,N,N,N,N,N,Y,Y,N,Y,Y,Y,N,N,N,N
a6e7a49c176b,F22,QUARANTINE,Q15A,QUARANTINE_BIO_FINAL_FLAG_Q15A,459af0d7d91c,0ff39de5a52e,q_code,Y,Y,Y,Y,N,Y,Y,Y,N,N,N,N,Y,N,N,N,N,N,N,N,Y,Y,Y,N,Y,Y,N,N,N,N
ff4114ec697a,F22,QUARANTINE,Q15A,QUARANTINE_BIO_FINAL_FLAG_Q15A,459af0d7d91c,0ff39de5a52e,q_code,Y,Y,Y,Y,N,Y,Y,Y,N,N,N,N,Y,N,N,N,N,N,N,N,Y,Y,Y,N,Y,Y,N,N,N,N
8a18824989e5,F22,QUARANTINE,Q15A,QUARANTINE_BIO_FINAL_FLAG_Q15A,459af0d7d91c,0ff39de5a52e,q_code,Y,Y,Y,Y,N,Y,Y,Y,N,N,N,N,Y,N,N,N,N,N,N,N,Y,Y,Y,Y,Y,Y,N,N,N,N
185d4506b74e,F22,QUARANTINE,Q15A,QUARANTINE_BIO_FINAL_FLAG_Q15A,459af0d7d91c,0ff39de5a52e,q_code,Y,Y,Y,Y,N,Y,Y,Y,N,N,N,N,Y,N,N,N,N,N,N,N,Y,Y,Y,Y,Y,Y,N,N,N,N
7a7f6de4dfd7,F01,AUTO,,AUTO_F01_BISPECIFIC,375dc3d886a9,44136fa355b3,,Y,Y,Y,Y,Y,Y,Y,Y,Y,N,N,N,Y,N,N,N,N,N,N,N,N,N,N,N,N,Y,N,N,N,N
411a88aa02f7,F01,QUARANTINE,Q15B,QUARANTINE_LEGACY_FLAG_UNDOC_Q15B,459af0d7d91c,fc80a095c5ee,q_code,Y,Y,Y,Y,Y,Y,Y,Y,N,N,N,N,Y,N,N,N,N,N,N,N,N,N,N,Y,N,Y,N,N,N,N
2362617500a2,F25,REPAIR,,REPAIR_F25_CMTROLE,067eec0a7a08,ea8fdc70131d,"analyte_role_declaration,cmt_analyte_policy",Y,Y,Y,Y,Y,Y,Y,Y,Y,N,N,N,Y,N,N,N,N,N,Y,N,N,Y,N,N,N,Y,Y,N,N,N
8ca5bd83ecc1,F25,QUARANTINE,Q16,QUARANTINE_ANALYTE_ROLE_MISSING_Q16,459af0d7d91c,9d9b4b667195,q_code,Y,Y,Y,Y,N,Y,Y,Y,N,N,N,N,Y,N,N,N,N,N,N,N,N,Y,N,N,N,Y,N,N,N,N
99231afbf589,F25,QUARANTINE,Q15B,QUARANTINE_LEGACY_FLAG_UNDOC_Q15B,459af0d7d91c,fc80a095c5ee,q_code,Y,Y,Y,Y,Y,Y,Y,Y,N,N,N,N,Y,N,N,N,N,N,N,N,N,Y,N,Y,N,Y,N,N,N,N
9ab6cb2b042a,F25,QUARANTINE,Q16,QUARANTINE_ANALYTE_ROLE_MISSING_Q16,459af0d7d91c,9d9b4b667195,q_code,Y,Y,Y,Y,N,Y,Y,Y,N,N,N,N,Y,N,N,N,N,N,N,N,N,Y,N,Y,N,Y,N,N,N,N
37d381d2b70f,F22,REPAIR,,REPAIR_F22_DDIVP,9778a409567c,3b6e37a453cb,"cmt_analyte_policy,dual_cmt_policy",Y,Y,Y,Y,Y,Y,Y,Y,Y,N,N,N,Y,N,N,N,N,N,Y,N,N,Y,Y,N,N,Y,N,N,N,N
87a00e7f4a40,F22,QUARANTINE,Q16,QUARANTINE_ANALYTE_ROLE_MISSING_Q16,459af0d7d91c,9d9b4b667195,q_code,Y,Y,Y,Y,N,Y,Y,Y,N,N,N,N,Y,N,N,N,N,N,N,N,N,Y,Y,N,N,Y,N,N,N,N
0daf2d14b909,F22,QUARANTINE,Q15B,QUARANTINE_LEGACY_FLAG_UNDOC_Q15B,459af0d7d91c,fc80a095c5ee,q_code,Y,Y,Y,Y,Y,Y,Y,Y,N,N,N,N,Y,N,N,N,N,N,N,N,N,Y,Y,Y,N,Y,N,N,N,N
3b21d705d941,F22,QUARANTINE,Q16,QUARANTINE_ANALYTE_ROLE_MISSING_Q16,459af0d7d91c,9d9b4b667195,q_code,Y,Y,Y,Y,N,Y,Y,Y,N,N,N,N,Y,N,N,N,N,N,N,N,N,Y,Y,Y,N,Y,N,N,N,N
6940ee886da6,F01,REPAIR,,REPAIR_F01_BLQ,f67c49c740b6,5598114a142c,blq_handling_policy,Y,Y,Y,Y,Y,Y,Y,Y,Y,N,N,N,Y,Y,N,N,N,N,N,N,N,N,N,N,N,Y,N,N,N,N
8c8e49f78973,F01,QUARANTINE,Q15B,QUARANTINE_LEGACY_FLAG_UNDOC_Q15B,459af0d7d91c,fc80a095c5ee,q_code,Y,Y,Y,Y,Y,Y,Y,Y,N,N,N,N,Y,N,N,N,N,N,N,N,N,N,N,Y,N,Y,N,N,N,N
69affe3fead9,F25,REPAIR,,REPAIR_F25_BLQ_CMTROLE,b0a07c38e805,4bdf45aaf340,"analyte_role_declaration,blq_handling_policy,cmt_analyte_policy",Y,Y,Y,Y,Y,Y,Y,Y,Y,N,N,N,Y,Y,N,N,N,N,Y,N,N,Y,N,N,N,Y,Y,N,N,N
cba44ea0b55e,F25,QUARANTINE,Q16,QUARANTINE_ANALYTE_ROLE_MISSING_Q16,459af0d7d91c,9d9b4b667195,q_code,Y,Y,Y,Y,N,Y,Y,Y,N,N,N,N,Y,N,N,N,N,N,N,N,N,Y,N,N,N,Y,N,N,N,N
80bde611cdd7,F25,QUARANTINE,Q15B,QUARANTINE_LEGACY_FLAG_UNDOC_Q15B,459af0d7d91c,fc80a095c5ee,q_code,Y,Y,Y,Y,Y,Y,Y,Y,N,N,N,N,Y,N,N,N,N,N,N,N,N,Y,N,Y,N,Y,N,N,N,N
a6f825e1d2e5,F25,QUARANTINE,Q16,QUARANTINE_ANALYTE_ROLE_MISSING_Q16,459af0d7d91c,9d9b4b667195,q_code,Y,Y,Y,Y,N,Y,Y,Y,N,N,N,N,Y,N,N,N,N,N,N,N,N,Y,N,Y,N,Y,N,N,N,N
a79d0df17d3d,F22,REPAIR,,REPAIR_F22_BLQ_DDIVP,f452000cd78c,1a93afeda678,"blq_handling_policy,cmt_analyte_policy,dual_cmt_policy",Y,Y,Y,Y,Y,Y,Y,Y,Y,N,N,N,Y,Y,N,N,N,N,Y,N,N,Y,Y,N,N,Y,N,N,N,N
5289e7b8e1c1,F22,QUARANTINE,Q16,QUARANTINE_ANALYTE_ROLE_MISSING_Q16,459af0d7d91c,9d9b4b667195,q_code,Y,Y,Y,Y,N,Y,Y,Y,N,N,N,N,Y,N,N,N,N,N,N,N,N,Y,Y,N,N,Y,N,N,N,N
4c99250a0ff2,F22,QUARANTINE,Q15B,QUARANTINE_LEGACY_FLAG_UNDOC_Q15B,459af0d7d91c,fc80a095c5ee,q_code,Y,Y,Y,Y,Y,Y,Y,Y,N,N,N,N,Y,N,N,N,N,N,N,N,N,Y,Y,Y,N,Y,N,N,N,N
fdc20fee3ac6,F22,QUARANTINE,Q16,QUARANTINE_ANALYTE_ROLE_MISSING_Q16,459af0d7d91c,9d9b4b667195,q_code,Y,Y,Y,Y,N,Y,Y,Y,N,N,N,N,Y,N,N,N,N,N,N,N,N,Y,Y,Y,N,Y,N,N,N,N
58098c420a0c,F01,QUARANTINE,Q15A,QUARANTINE_BIO_FINAL_FLAG_Q15A,459af0d7d91c,0ff39de5a52e,q_code,Y,Y,Y,Y,N,Y,Y,Y,N,N,N,N,Y,N,N,N,N,N,N,N,Y,N,N,N,N,Y,N,N,N,N
16b343fd770d,F01,QUARANTINE,Q15A,QUARANTINE_BIO_FINAL_FLAG_Q15A,459af0d7d91c,0ff39de5a52e,q_code,Y,Y,Y,Y,N,Y,Y,Y,N,N,N,N,Y,N,N,N,N,N,N,N,Y,N,N,Y,N,Y,N,N,N,N
643c4ad97d4e,F25,QUARANTINE,Q15A,QUARANTINE_BIO_FINAL_FLAG_Q15A,459af0d7d91c,0ff39de5a52e,q_code,Y,Y,Y,Y,N,Y,Y,Y,N,N,N,N,Y,N,N,N,N,N,N,N,Y,Y,N,N,N,Y,N,N,N,N
b4ce3bca2a5b,F25,QUARANTINE,Q15A,QUARANTINE_BIO_FINAL_FLAG_Q15A,459af0d7d91c,0ff39de5a52e,q_code,Y,Y,Y,Y,N,Y,Y,Y,N,N,N,N,Y,N,N,N,N,N,N,N,Y,Y,N,N,N,Y,N,N,N,N
ecff1ab2135d,F25,QUARANTINE,Q15A,QUARANTINE_BIO_FINAL_FLAG_Q15A,459af0d7d91c,0ff39de5a52e,q_code,Y,Y,Y,Y,N,Y,Y,Y,N,N,N,N,Y,N,N,N,N,N,N,N,Y,Y,N,Y,N,Y,N,N,N,N
6ca3a5d1d932,F25,QUARANTINE,Q15A,QUARANTINE_BIO_FINAL_FLAG_Q15A,459af0d7d91c,0ff39de5a52e,q_code,Y,Y,Y,Y,N,Y,Y,Y,N,N,N,N,Y,N,N,N,N,N,N,N,Y,Y,N,Y,N,Y,N,N,N,N
69dbfabb6b5a,F22,QUARANTINE,Q15A,QUARANTINE_BIO_FINAL_FLAG_Q15A,459af0d7d91c,0ff39de5a52e,q_code,Y,Y,Y,Y,N,Y,Y,Y,N,N,N,N,Y,N,N,N,N,N,N,N,Y,Y,Y,N,N,Y,N,N,N,N
3b4252cdece3,F22,QUARANTINE,Q15A,QUARANTINE_BIO_FINAL_FLAG_Q15A,459af0d7d91c,0ff39de5a52e,q_code,Y,Y,Y,Y,N,Y,Y,Y,N,N,N,N,Y,N,N,N,N,N,N,N,Y,Y,Y,N,N,Y,N,N,N,N
e8073ff32423,F22,QUARANTINE,Q15A,QUARANTINE_BIO_FINAL_FLAG_Q15A,459af0d7d91c,0ff39de5a52e,q_code,Y,Y,Y,Y,N,Y,Y,Y,N,N,N,N,Y,N,N,N,N,N,N,N,Y,Y,Y,Y,N,Y,N,N,N,N
c1ffa36538dc,F22,QUARANTINE,Q15A,QUARANTINE_BIO_FINAL_FLAG_Q15A,459af0d7d91c,0ff39de5a52e,q_code,Y,Y,Y,Y,N,Y,Y,Y,N,N,N,N,Y,N,N,N,N,N,N,N,Y,Y,Y,Y,N,Y,N,N,N,N
8dd94465259b,F01,AUTO,,AUTO_F01_BISPECIFIC,375dc3d886a9,44136fa355b3,,Y,Y,Y,Y,Y,Y,Y,Y,Y,N,N,N,Y,N,N,N,N,N,N,N,N,N,N,N,Y,Y,N,N,N,N
f6211f5612e0,F01,QUARANTINE,Q15B,QUARANTINE_ADDL_CONFLICT_Q15B,459af0d7d91c,fc80a095c5ee,q_code,Y,Y,Y,Y,Y,Y,Y,Y,N,N,N,N,Y,N,N,N,N,N,N,N,N,N,N,Y,Y,Y,N,N,N,N
6c37d1d8c41f,F25,REPAIR,,REPAIR_F25_CMTROLE,067eec0a7a08,ea8fdc70131d,"analyte_role_declaration,cmt_analyte_policy",Y,Y,Y,Y,Y,Y,Y,Y,Y,N,N,N,Y,N,N,N,N,N,Y,N,N,Y,N,N,Y,Y,Y,N,N,N
c0f43aca1597,F25,QUARANTINE,Q16,QUARANTINE_ADDL_CONFLICT_Q16,459af0d7d91c,9d9b4b667195,q_code,Y,Y,Y,Y,N,Y,Y,Y,N,N,N,N,Y,N,N,N,N,N,N,N,N,Y,N,N,Y,Y,N,N,N,N
b0e8ea55d26b,F25,QUARANTINE,Q15B,QUARANTINE_ADDL_CONFLICT_Q15B,459af0d7d91c,fc80a095c5ee,q_code,Y,Y,Y,Y,Y,Y,Y,Y,N,N,N,N,Y,N,N,N,N,N,N,N,N,Y,N,Y,Y,Y,N,N,N,N
58b09d49b58e,F25,QUARANTINE,Q16,QUARANTINE_ADDL_CONFLICT_Q16,459af0d7d91c,9d9b4b667195,q_code,Y,Y,Y,Y,N,Y,Y,Y,N,N,N,N,Y,N,N,N,N,N,N,N,N,Y,N,Y,Y,Y,N,N,N,N
f1c3b7deb36d,F22,REPAIR,,REPAIR_F22_DDIVP,9778a409567c,3b6e37a453cb,"cmt_analyte_policy,dual_cmt_policy",Y,Y,Y,Y,Y,Y,Y,Y,Y,N,N,N,Y,N,N,N,N,N,Y,N,N,Y,Y,N,Y,Y,N,N,N,N
e87c382e6706,F22,QUARANTINE,Q16,QUARANTINE_ADDL_CONFLICT_Q16,459af0d7d91c,9d9b4b667195,q_code,Y,Y,Y,Y,N,Y,Y,Y,N,N,N,N,Y,N,N,N,N,N,N,N,N,Y,Y,N,Y,Y,N,N,N,N
effaf39afe42,F22,QUARANTINE,Q15B,QUARANTINE_ADDL_CONFLICT_Q15B,459af0d7d91c,fc80a095c5ee,q_code,Y,Y,Y,Y,Y,Y,Y,Y,N,N,N,N,Y,N,N,N,N,N,N,N,N,Y,Y,Y,Y,Y,N,N,N,N
f8a6a174dd4f,F22,QUARANTINE,Q16,QUARANTINE_ADDL_CONFLICT_Q16,459af0d7d91c,9d9b4b667195,q_code,Y,Y,Y,Y,N,Y,Y,Y,N,N,N,N,Y,N,N,N,N,N,N,N,N,Y,Y,Y,Y,Y,N,N,N,N
6baa68f380d3,F01,REPAIR,,REPAIR_F01_BLQ,f67c49c740b6,5598114a142c,blq_handling_policy,Y,Y,Y,Y,Y,Y,Y,Y,Y,N,N,N,Y,Y,N,N,N,N,N,N,N,N,N,N,Y,Y,N,N,N,N
af28a4232edf,F01,QUARANTINE,Q15B,QUARANTINE_ADDL_CONFLICT_Q15B,459af0d7d91c,fc80a095c5ee,q_code,Y,Y,Y,Y,Y,Y,Y,Y,N,N,N,N,Y,N,N,N,N,N,N,N,N,N,N,Y,Y,Y,N,N,N,N
05e546372914,F25,REPAIR,,REPAIR_F25_BLQ_CMTROLE,b0a07c38e805,4bdf45aaf340,"analyte_role_declaration,blq_handling_policy,cmt_analyte_policy",Y,Y,Y,Y,Y,Y,Y,Y,Y,N,N,N,Y,Y,N,N,N,N,Y,N,N,Y,N,N,Y,Y,Y,N,N,N
a8f32ea0bbf8,F25,QUARANTINE,Q16,QUARANTINE_ADDL_CONFLICT_Q16,459af0d7d91c,9d9b4b667195,q_code,Y,Y,Y,Y,N,Y,Y,Y,N,N,N,N,Y,N,N,N,N,N,N,N,N,Y,N,N,Y,Y,N,N,N,N
5edf7bdcff04,F25,QUARANTINE,Q15B,QUARANTINE_ADDL_CONFLICT_Q15B,459af0d7d91c,fc80a095c5ee,q_code,Y,Y,Y,Y,Y,Y,Y,Y,N,N,N,N,Y,N,N,N,N,N,N,N,N,Y,N,Y,Y,Y,N,N,N,N
1a0b55190187,F25,QUARANTINE,Q16,QUARANTINE_ADDL_CONFLICT_Q16,459af0d7d91c,9d9b4b667195,q_code,Y,Y,Y,Y,N,Y,Y,Y,N,N,N,N,Y,N,N,N,N,N,N,N,N,Y,N,Y,Y,Y,N,N,N,N
6a4f0231135a,F22,REPAIR,,REPAIR_F22_BLQ_DDIVP,f452000cd78c,1a93afeda678,"blq_handling_policy,cmt_analyte_policy,dual_cmt_policy",Y,Y,Y,Y,Y,Y,Y,Y,Y,N,N,N,Y,Y,N,N,N,N,Y,N,N,Y,Y,N,Y,Y,N,N,N,N
c49d35585837,F22,QUARANTINE,Q16,QUARANTINE_ADDL_CONFLICT_Q16,459af0d7d91c,9d9b4b667195,q_code,Y,Y,Y,Y,N,Y,Y,Y,N,N,N,N,Y,N,N,N,N,N,N,N,N,Y,Y,N,Y,Y,N,N,N,N
192053da55d3,F22,QUARANTINE,Q15B,QUARANTINE_ADDL_CONFLICT_Q15B,459af0d7d91c,fc80a095c5ee,q_code,Y,Y,Y,Y,Y,Y,Y,Y,N,N,N,N,Y,N,N,N,N,N,N,N,N,Y,Y,Y,Y,Y,N,N,N,N
73551f7d0556,F22,QUARANTINE,Q16,QUARANTINE_ADDL_CONFLICT_Q16,459af0d7d91c,9d9b4b667195,q_code,Y,Y,Y,Y,N,Y,Y,Y,N,N,N,N,Y,N,N,N,N,N,N,N,N,Y,Y,Y,Y,Y,N,N,N,N
785b04434ce4,F01,QUARANTINE,Q15A,QUARANTINE_BIO_FINAL_FLAG_Q15A,459af0d7d91c,0ff39de5a52e,q_code,Y,Y,Y,Y,N,Y,Y,Y,N,N,N,N,Y,N,N,N,N,N,N,N,Y,N,N,N,Y,Y,N,N,N,N
f08d0c3d925c,F01,QUARANTINE,Q15A,QUARANTINE_BIO_FINAL_FLAG_Q15A,459af0d7d91c,0ff39de5a52e,q_code,Y,Y,Y,Y,N,Y,Y,Y,N,N,N,N,Y,N,N,N,N,N,N,N,Y,N,N,Y,Y,Y,N,N,N,N
5377b7e8134d,F25,QUARANTINE,Q15A,QUARANTINE_BIO_FINAL_FLAG_Q15A,459af0d7d91c,0ff39de5a52e,q_code,Y,Y,Y,Y,N,Y,Y,Y,N,N,N,N,Y,N,N,N,N,N,N,N,Y,Y,N,N,Y,Y,N,N,N,N
dce4518b19b0,F25,QUARANTINE,Q15A,QUARANTINE_BIO_FINAL_FLAG_Q15A,459af0d7d91c,0ff39de5a52e,q_code,Y,Y,Y,Y,N,Y,Y,Y,N,N,N,N,Y,N,N,N,N,N,N,N,Y,Y,N,N,Y,Y,N,N,N,N
1ddb25790d6c,F25,QUARANTINE,Q15A,QUARANTINE_BIO_FINAL_FLAG_Q15A,459af0d7d91c,0ff39de5a52e,q_code,Y,Y,Y,Y,N,Y,Y,Y,N,N,N,N,Y,N,N,N,N,N,N,N,Y,Y,N,Y,Y,Y,N,N,N,N
03843ca73b4d,F25,QUARANTINE,Q15A,QUARANTINE_BIO_FINAL_FLAG_Q15A,459af0d7d91c,0ff39de5a52e,q_code,Y,Y,Y,Y,N,Y,Y,Y,N,N,N,N,Y,N,N,N,N,N,N,N,Y,Y,N,Y,Y,Y,N,N,N,N
9ac2b80f89d7,F22,QUARANTINE,Q15A,QUARANTINE_BIO_FINAL_FLAG_Q15A,459af0d7d91c,0ff39de5a52e,q_code,Y,Y,Y,Y,N,Y,Y,Y,N,N,N,N,Y,N,N,N,N,N,N,N,Y,Y,Y,N,Y,Y,N,N,N,N
1db1f466dda9,F22,QUARANTINE,Q15A,QUARANTINE_BIO_FINAL_FLAG_Q15A,459af0d7d91c,0ff39de5a52e,q_code,Y,Y,Y,Y,N,Y,Y,Y,N,N,N,N,Y,N,N,N,N,N,N,N,Y,Y,Y,N,Y,Y,N,N,N,N
5f6510939fc2,F22,QUARANTINE,Q15A,QUARANTINE_BIO_FINAL_FLAG_Q15A,459af0d7d91c,0ff39de5a52e,q_code,Y,Y,Y,Y,N,Y,Y,Y,N,N,N,N,Y,N,N,N,N,N,N,N,Y,Y,Y,Y,Y,Y,N,N,N,N
31aea211adbb,F22,QUARANTINE,Q15A,QUARANTINE_BIO_FINAL_FLAG_Q15A,459af0d7d91c,0ff39de5a52e,q_code,Y,Y,Y,Y,N,Y,Y,Y,N,N,N,N,Y,N,N,N,N,N,N,N,Y,Y,Y,Y,Y,Y,N,N,N,N
70c58b162212,F01,AUTO,,AUTO_F01_CELL_THERAPY,375dc3d886a9,44136fa355b3,,Y,Y,Y,Y,Y,Y,Y,Y,Y,N,N,N,Y,N,N,N,N,N,N,N,N,N,N,N,N,Y,N,N,N,N
08db681c25c1,F01,QUARANTINE,Q15B,QUARANTINE_LEGACY_FLAG_UNDOC_Q15B,459af0d7d91c,fc80a095c5ee,q_code,Y,Y,Y,Y,Y,Y,Y,Y,N,N,N,N,Y,N,N,N,N,N,N,N,N,N,N,Y,N,Y,N,N,N,N
5e4a588bad3d,F01,REPAIR,,REPAIR_F01_CMTROLE,067eec0a7a08,f60410e849b7,"analyte_role_declaration,cmt_analyte_policy",Y,Y,Y,Y,Y,Y,Y,Y,Y,N,N,N,Y,N,N,N,N,N,Y,N,N,Y,N,N,N,Y,Y,N,N,N
2f4a3dc9b9b3,F01,QUARANTINE,Q16,QUARANTINE_ANALYTE_ROLE_MISSING_Q16,459af0d7d91c,9d9b4b667195,q_code,Y,Y,Y,Y,N,Y,Y,Y,N,N,N,N,Y,N,N,N,N,N,N,N,N,Y,N,N,N,Y,N,N,N,N
7efc9447ad20,F01,QUARANTINE,Q15B,QUARANTINE_LEGACY_FLAG_UNDOC_Q15B,459af0d7d91c,fc80a095c5ee,q_code,Y,Y,Y,Y,Y,Y,Y,Y,N,N,N,N,Y,N,N,N,N,N,N,N,N,Y,N,Y,N,Y,N,N,N,N
64fdfe0fae25,F01,QUARANTINE,Q16,QUARANTINE_ANALYTE_ROLE_MISSING_Q16,459af0d7d91c,9d9b4b667195,q_code,Y,Y,Y,Y,N,Y,Y,Y,N,N,N,N,Y,N,N,N,N,N,N,N,N,Y,N,Y,N,Y,N,N,N,N
12353857088d,F22,REPAIR,,REPAIR_F22_DDIVP,9778a409567c,3b6e37a453cb,"cmt_analyte_policy,dual_cmt_policy",Y,Y,Y,Y,Y,Y,Y,Y,Y,N,N,N,Y,N,N,N,N,N,Y,N,N,Y,Y,N,N,Y,N,N,N,N
44332d2845a0,F22,QUARANTINE,Q16,QUARANTINE_ANALYTE_ROLE_MISSING_Q16,459af0d7d91c,9d9b4b667195,q_code,Y,Y,Y,Y,N,Y,Y,Y,N,N,N,N,Y,N,N,N,N,N,N,N,N,Y,Y,N,N,Y,N,N,N,N
561fdcf67c55,F22,QUARANTINE,Q15B,QUARANTINE_LEGACY_FLAG_UNDOC_Q15B,459af0d7d91c,fc80a095c5ee,q_code,Y,Y,Y,Y,Y,Y,Y,Y,N,N,N,N,Y,N,N,N,N,N,N,N,N,Y,Y,Y,N,Y,N,N,N,N
09a9d6dcfffc,F22,QUARANTINE,Q16,QUARANTINE_ANALYTE_ROLE_MISSING_Q16,459af0d7d91c,9d9b4b667195,q_code,Y,Y,Y,Y,N,Y,Y,Y,N,N,N,N,Y,N,N,N,N,N,N,N,N,Y,Y,Y,N,Y,N,N,N,N
8a18846bcf35,F01,REPAIR,,REPAIR_F01_BLQ,f67c49c740b6,5598114a142c,blq_handling_policy,Y,Y,Y,Y,Y,Y,Y,Y,Y,N,N,N,Y,Y,N,N,N,N,N,N,N,N,N,N,N,Y,N,N,N,N
c8d2df8ba397,F01,QUARANTINE,Q15B,QUARANTINE_LEGACY_FLAG_UNDOC_Q15B,459af0d7d91c,fc80a095c5ee,q_code,Y,Y,Y,Y,Y,Y,Y,Y,N,N,N,N,Y,N,N,N,N,N,N,N,N,N,N,Y,N,Y,N,N,N,N
7284b80e632f,F01,REPAIR,,REPAIR_F01_BLQ_CMTROLE,b0a07c38e805,edd44a84e2e5,"analyte_role_declaration,blq_handling_policy,cmt_analyte_policy",Y,Y,Y,Y,Y,Y,Y,Y,Y,N,N,N,Y,Y,N,N,N,N,Y,N,N,Y,N,N,N,Y,Y,N,N,N
505df1fffc98,F01,QUARANTINE,Q16,QUARANTINE_ANALYTE_ROLE_MISSING_Q16,459af0d7d91c,9d9b4b667195,q_code,Y,Y,Y,Y,N,Y,Y,Y,N,N,N,N,Y,N,N,N,N,N,N,N,N,Y,N,N,N,Y,N,N,N,N
3bac99d8c200,F01,QUARANTINE,Q15B,QUARANTINE_LEGACY_FLAG_UNDOC_Q15B,459af0d7d91c,fc80a095c5ee,q_code,Y,Y,Y,Y,Y,Y,Y,Y,N,N,N,N,Y,N,N,N,N,N,N,N,N,Y,N,Y,N,Y,N,N,N,N
69bced371419,F01,QUARANTINE,Q16,QUARANTINE_ANALYTE_ROLE_MISSING_Q16,459af0d7d91c,9d9b4b667195,q_code,Y,Y,Y,Y,N,Y,Y,Y,N,N,N,N,Y,N,N,N,N,N,N,N,N,Y,N,Y,N,Y,N,N,N,N
ddd594ee61b0,F22,REPAIR,,REPAIR_F22_BLQ_DDIVP,f452000cd78c,1a93afeda678,"blq_handling_policy,cmt_analyte_policy,dual_cmt_policy",Y,Y,Y,Y,Y,Y,Y,Y,Y,N,N,N,Y,Y,N,N,N,N,Y,N,N,Y,Y,N,N,Y,N,N,N,N
906bb5a6e9ac,F22,QUARANTINE,Q16,QUARANTINE_ANALYTE_ROLE_MISSING_Q16,459af0d7d91c,9d9b4b667195,q_code,Y,Y,Y,Y,N,Y,Y,Y,N,N,N,N,Y,N,N,N,N,N,N,N,N,Y,Y,N,N,Y,N,N,N,N
a1f6ab56fd5c,F22,QUARANTINE,Q15B,QUARANTINE_LEGACY_FLAG_UNDOC_Q15B,459af0d7d91c,fc80a095c5ee,q_code,Y,Y,Y,Y,Y,Y,Y,Y,N,N,N,N,Y,N,N,N,N,N,N,N,N,Y,Y,Y,N,Y,N,N,N,N
4163781e58d5,F22,QUARANTINE,Q16,QUARANTINE_ANALYTE_ROLE_MISSING_Q16,459af0d7d91c,9d9b4b667195,q_code,Y,Y,Y,Y,N,Y,Y,Y,N,N,N,N,Y,N,N,N,N,N,N,N,N,Y,Y,Y,N,Y,N,N,N,N
592b25e4472b,F01,QUARANTINE,Q15A,QUARANTINE_BIO_FINAL_FLAG_Q15A,459af0d7d91c,0ff39de5a52e,q_code,Y,Y,Y,Y,N,Y,Y,Y,N,N,N,N,Y,N,N,N,N,N,N,N,Y,N,N,N,N,Y,N,N,N,N
647768e2e699,F01,QUARANTINE,Q15A,QUARANTINE_BIO_FINAL_FLAG_Q15A,459af0d7d91c,0ff39de5a52e,q_code,Y,Y,Y,Y,N,Y,Y,Y,N,N,N,N,Y,N,N,N,N,N,N,N,Y,N,N,Y,N,Y,N,N,N,N
46d1e62c2cdc,F01,QUARANTINE,Q15A,QUARANTINE_BIO_FINAL_FLAG_Q15A,459af0d7d91c,0ff39de5a52e,q_code,Y,Y,Y,Y,N,Y,Y,Y,N,N,N,N,Y,N,N,N,N,N,N,N,Y,Y,N,N,N,Y,N,N,N,N
199d2cd21658,F01,QUARANTINE,Q15A,QUARANTINE_BIO_FINAL_FLAG_Q15A,459af0d7d91c,0ff39de5a52e,q_code,Y,Y,Y,Y,N,Y,Y,Y,N,N,N,N,Y,N,N,N,N,N,N,N,Y,Y,N,N,N,Y,N,N,N,N
ad0f7bea3776,F01,QUARANTINE,Q15A,QUARANTINE_BIO_FINAL_FLAG_Q15A,459af0d7d91c,0ff39de5a52e,q_code,Y,Y,Y,Y,N,Y,Y,Y,N,N,N,N,Y,N,N,N,N,N,N,N,Y,Y,N,Y,N,Y,N,N,N,N
ca4bec390930,F01,QUARANTINE,Q15A,QUARANTINE_BIO_FINAL_FLAG_Q15A,459af0d7d91c,0ff39de5a52e,q_code,Y,Y,Y,Y,N,Y,Y,Y,N,N,N,N,Y,N,N,N,N,N,N,N,Y,Y,N,Y,N,Y,N,N,N,N
b80b3cae4a77,F22,QUARANTINE,Q15A,QUARANTINE_BIO_FINAL_FLAG_Q15A,459af0d7d91c,0ff39de5a52e,q_code,Y,Y,Y,Y,N,Y,Y,Y,N,N,N,N,Y,N,N,N,N,N,N,N,Y,Y,Y,N,N,Y,N,N,N,N
c38097d19fa4,F22,QUARANTINE,Q15A,QUARANTINE_BIO_FINAL_FLAG_Q15A,459af0d7d91c,0ff39de5a52e,q_code,Y,Y,Y,Y,N,Y,Y,Y,N,N,N,N,Y,N,N,N,N,N,N,N,Y,Y,Y,N,N,Y,N,N,N,N
11acd0f73371,F22,QUARANTINE,Q15A,QUARANTINE_BIO_FINAL_FLAG_Q15A,459af0d7d91c,0ff39de5a52e,q_code,Y,Y,Y,Y,N,Y,Y,Y,N,N,N,N,Y,N,N,N,N,N,N,N,Y,Y,Y,Y,N,Y,N,N,N,N
4e0825137bee,F22,QUARANTINE,Q15A,QUARANTINE_BIO_FINAL_FLAG_Q15A,459af0d7d91c,0ff39de5a52e,q_code,Y,Y,Y,Y,N,Y,Y,Y,N,N,N,N,Y,N,N,N,N,N,N,N,Y,Y,Y,Y,N,Y,N,N,N,N
3da2a217e809,F01,AUTO,,AUTO_F01_CELL_THERAPY,375dc3d886a9,44136fa355b3,,Y,Y,Y,Y,Y,Y,Y,Y,Y,N,N,N,Y,N,N,N,N,N,N,N,N,N,N,N,Y,Y,N,N,N,N
6742183685d1,F01,QUARANTINE,Q15B,QUARANTINE_ADDL_CONFLICT_Q15B,459af0d7d91c,fc80a095c5ee,q_code,Y,Y,Y,Y,Y,Y,Y,Y,N,N,N,N,Y,N,N,N,N,N,N,N,N,N,N,Y,Y,Y,N,N,N,N
63561b3c0671,F01,REPAIR,,REPAIR_F01_CMTROLE,067eec0a7a08,f60410e849b7,"analyte_role_declaration,cmt_analyte_policy",Y,Y,Y,Y,Y,Y,Y,Y,Y,N,N,N,Y,N,N,N,N,N,Y,N,N,Y,N,N,Y,Y,Y,N,N,N
6cd7f7acb161,F01,QUARANTINE,Q16,QUARANTINE_ADDL_CONFLICT_Q16,459af0d7d91c,9d9b4b667195,q_code,Y,Y,Y,Y,N,Y,Y,Y,N,N,N,N,Y,N,N,N,N,N,N,N,N,Y,N,N,Y,Y,N,N,N,N
f6a798136588,F01,QUARANTINE,Q15B,QUARANTINE_ADDL_CONFLICT_Q15B,459af0d7d91c,fc80a095c5ee,q_code,Y,Y,Y,Y,Y,Y,Y,Y,N,N,N,N,Y,N,N,N,N,N,N,N,N,Y,N,Y,Y,Y,N,N,N,N
3fd35ddfeb01,F01,QUARANTINE,Q16,QUARANTINE_ADDL_CONFLICT_Q16,459af0d7d91c,9d9b4b667195,q_code,Y,Y,Y,Y,N,Y,Y,Y,N,N,N,N,Y,N,N,N,N,N,N,N,N,Y,N,Y,Y,Y,N,N,N,N
59be2726803f,F22,REPAIR,,REPAIR_F22_DDIVP,9778a409567c,3b6e37a453cb,"cmt_analyte_policy,dual_cmt_policy",Y,Y,Y,Y,Y,Y,Y,Y,Y,N,N,N,Y,N,N,N,N,N,Y,N,N,Y,Y,N,Y,Y,N,N,N,N
ba14927e90f6,F22,QUARANTINE,Q16,QUARANTINE_ADDL_CONFLICT_Q16,459af0d7d91c,9d9b4b667195,q_code,Y,Y,Y,Y,N,Y,Y,Y,N,N,N,N,Y,N,N,N,N,N,N,N,N,Y,Y,N,Y,Y,N,N,N,N
e23d923608f6,F22,QUARANTINE,Q15B,QUARANTINE_ADDL_CONFLICT_Q15B,459af0d7d91c,fc80a095c5ee,q_code,Y,Y,Y,Y,Y,Y,Y,Y,N,N,N,N,Y,N,N,N,N,N,N,N,N,Y,Y,Y,Y,Y,N,N,N,N
8709b80e2ced,F22,QUARANTINE,Q16,QUARANTINE_ADDL_CONFLICT_Q16,459af0d7d91c,9d9b4b667195,q_code,Y,Y,Y,Y,N,Y,Y,Y,N,N,N,N,Y,N,N,N,N,N,N,N,N,Y,Y,Y,Y,Y,N,N,N,N
9cfdfd8bdbeb,F01,REPAIR,,REPAIR_F01_BLQ,f67c49c740b6,5598114a142c,blq_handling_policy,Y,Y,Y,Y,Y,Y,Y,Y,Y,N,N,N,Y,Y,N,N,N,N,N,N,N,N,N,N,Y,Y,N,N,N,N
cc433a8bde07,F01,QUARANTINE,Q15B,QUARANTINE_ADDL_CONFLICT_Q15B,459af0d7d91c,fc80a095c5ee,q_code,Y,Y,Y,Y,Y,Y,Y,Y,N,N,N,N,Y,N,N,N,N,N,N,N,N,N,N,Y,Y,Y,N,N,N,N
54a7a1bacc02,F01,REPAIR,,REPAIR_F01_BLQ_CMTROLE,b0a07c38e805,edd44a84e2e5,"analyte_role_declaration,blq_handling_policy,cmt_analyte_policy",Y,Y,Y,Y,Y,Y,Y,Y,Y,N,N,N,Y,Y,N,N,N,N,Y,N,N,Y,N,N,Y,Y,Y,N,N,N
b4491bf6388c,F01,QUARANTINE,Q16,QUARANTINE_ADDL_CONFLICT_Q16,459af0d7d91c,9d9b4b667195,q_code,Y,Y,Y,Y,N,Y,Y,Y,N,N,N,N,Y,N,N,N,N,N,N,N,N,Y,N,N,Y,Y,N,N,N,N
d53bce04ca52,F01,QUARANTINE,Q15B,QUARANTINE_ADDL_CONFLICT_Q15B,459af0d7d91c,fc80a095c5ee,q_code,Y,Y,Y,Y,Y,Y,Y,Y,N,N,N,N,Y,N,N,N,N,N,N,N,N,Y,N,Y,Y,Y,N,N,N,N
f204ea8dafc8,F01,QUARANTINE,Q16,QUARANTINE_ADDL_CONFLICT_Q16,459af0d7d91c,9d9b4b667195,q_code,Y,Y,Y,Y,N,Y,Y,Y,N,N,N,N,Y,N,N,N,N,N,N,N,N,Y,N,Y,Y,Y,N,N,N,N
d47fda4774e4,F22,REPAIR,,REPAIR_F22_BLQ_DDIVP,f452000cd78c,1a93afeda678,"blq_handling_policy,cmt_analyte_policy,dual_cmt_policy",Y,Y,Y,Y,Y,Y,Y,Y,Y,N,N,N,Y,Y,N,N,N,N,Y,N,N,Y,Y,N,Y,Y,N,N,N,N
a6650818d5ae,F22,QUARANTINE,Q16,QUARANTINE_ADDL_CONFLICT_Q16,459af0d7d91c,9d9b4b667195,q_code,Y,Y,Y,Y,N,Y,Y,Y,N,N,N,N,Y,N,N,N,N,N,N,N,N,Y,Y,N,Y,Y,N,N,N,N
a39eca9399ac,F22,QUARANTINE,Q15B,QUARANTINE_ADDL_CONFLICT_Q15B,459af0d7d91c,fc80a095c5ee,q_code,Y,Y,Y,Y,Y,Y,Y,Y,N,N,N,N,Y,N,N,N,N,N,N,N,N,Y,Y,Y,Y,Y,N,N,N,N
c1dfc5573f20,F22,QUARANTINE,Q16,QUARANTINE_ADDL_CONFLICT_Q16,459af0d7d91c,9d9b4b667195,q_code,Y,Y,Y,Y,N,Y,Y,Y,N,N,N,N,Y,N,N,N,N,N,N,N,N,Y,Y,Y,Y,Y,N,N,N,N
91d299e1e053,F01,QUARANTINE,Q15A,QUARANTINE_BIO_FINAL_FLAG_Q15A,459af0d7d91c,0ff39de5a52e,q_code,Y,Y,Y,Y,N,Y,Y,Y,N,N,N,N,Y,N,N,N,N,N,N,N,Y,N,N,N,Y,Y,N,N,N,N
d7d4f1586169,F01,QUARANTINE,Q15A,QUARANTINE_BIO_FINAL_FLAG_Q15A,459af0d7d91c,0ff39de5a52e,q_code,Y,Y,Y,Y,N,Y,Y,Y,N,N,N,N,Y,N,N,N,N,N,N,N,Y,N,N,Y,Y,Y,N,N,N,N
460d7b93a5c7,F01,QUARANTINE,Q15A,QUARANTINE_BIO_FINAL_FLAG_Q15A,459af0d7d91c,0ff39de5a52e,q_code,Y,Y,Y,Y,N,Y,Y,Y,N,N,N,N,Y,N,N,N,N,N,N,N,Y,Y,N,N,Y,Y,N,N,N,N
9f473c5b9982,F01,QUARANTINE,Q15A,QUARANTINE_BIO_FINAL_FLAG_Q15A,459af0d7d91c,0ff39de5a52e,q_code,Y,Y,Y,Y,N,Y,Y,Y,N,N,N,N,Y,N,N,N,N,N,N,N,Y,Y,N,N,Y,Y,N,N,N,N
5a3b96fdcb27,F01,QUARANTINE,Q15A,QUARANTINE_BIO_FINAL_FLAG_Q15A,459af0d7d91c,0ff39de5a52e,q_code,Y,Y,Y,Y,N,Y,Y,Y,N,N,N,N,Y,N,N,N,N,N,N,N,Y,Y,N,Y,Y,Y,N,N,N,N
a1703e21526c,F01,QUARANTINE,Q15A,QUARANTINE_BIO_FINAL_FLAG_Q15A,459af0d7d91c,0ff39de5a52e,q_code,Y,Y,Y,Y,N,Y,Y,Y,N,N,N,N,Y,N,N,N,N,N,N,N,Y,Y,N,Y,Y,Y,N,N,N,N
7e7d4ad0d7bf,F22,QUARANTINE,Q15A,QUARANTINE_BIO_FINAL_FLAG_Q15A,459af0d7d91c,0ff39de5a52e,q_code,Y,Y,Y,Y,N,Y,Y,Y,N,N,N,N,Y,N,N,N,N,N,N,N,Y,Y,Y,N,Y,Y,N,N,N,N
5d02f89b6b9c,F22,QUARANTINE,Q15A,QUARANTINE_BIO_FINAL_FLAG_Q15A,459af0d7d91c,0ff39de5a52e,q_code,Y,Y,Y,Y,N,Y,Y,Y,N,N,N,N,Y,N,N,N,N,N,N,N,Y,Y,Y,N,Y,Y,N,N,N,N
8a96f51de2e3,F22,QUARANTINE,Q15A,QUARANTINE_BIO_FINAL_FLAG_Q15A,459af0d7d91c,0ff39de5a52e,q_code,Y,Y,Y,Y,N,Y,Y,Y,N,N,N,N,Y,N,N,N,N,N,N,N,Y,Y,Y,Y,Y,Y,N,N,N,N
7c7c9e6ff5c3,F22,QUARANTINE,Q15A,QUARANTINE_BIO_FINAL_FLAG_Q15A,459af0d7d91c,0ff39de5a52e,q_code,Y,Y,Y,Y,N,Y,Y,Y,N,N,N,N,Y,N,N,N,N,N,N,N,Y,Y,Y,Y,Y,Y,N,N,N,N
b32552493514,F27,AUTO,,AUTO_F27_MRNA,375dc3d886a9,44136fa355b3,,Y,Y,Y,Y,Y,Y,Y,Y,Y,N,N,N,Y,N,N,N,N,N,N,N,N,N,N,N,N,N,N,N,N,N
8076eecad762,F27,QUARANTINE,Q15B,QUARANTINE_LEGACY_FLAG_UNDOC_Q15B,459af0d7d91c,fc80a095c5ee,q_code,Y,Y,Y,Y,Y,Y,Y,Y,N,N,N,N,Y,N,N,N,N,N,N,N,N,N,N,Y,N,N,N,N,N,N
f62b79422317,F27,REPAIR,,REPAIR_F27_CMTM,625092f45d69,3d9b119a827c,cmt_analyte_policy,Y,Y,Y,Y,Y,Y,Y,Y,Y,N,N,N,Y,N,N,N,N,N,Y,N,N,Y,N,N,N,N,N,N,N,N
53a5940e30ad,F27,QUARANTINE,Q15B,QUARANTINE_LEGACY_FLAG_UNDOC_Q15B,459af0d7d91c,fc80a095c5ee,q_code,Y,Y,Y,Y,Y,Y,Y,Y,N,N,N,N,Y,N,N,N,N,N,N,N,N,Y,N,Y,N,N,N,N,N,N
8c706f2e1a03,F27,REPAIR,,REPAIR_F27_DDIVP,9778a409567c,3b6e37a453cb,"cmt_analyte_policy,dual_cmt_policy",Y,Y,Y,Y,Y,Y,Y,Y,Y,N,N,N,Y,N,N,N,N,N,Y,N,N,Y,Y,N,N,N,N,N,N,N
0163c0c056a2,F27,QUARANTINE,Q15B,QUARANTINE_LEGACY_FLAG_UNDOC_Q15B,459af0d7d91c,fc80a095c5ee,q_code,Y,Y,Y,Y,Y,Y,Y,Y,N,N,N,N,Y,N,N,N,N,N,N,N,N,Y,Y,Y,N,N,N,N,N,N
071598f602d8,F27,REPAIR,,REPAIR_F27_BLQ,f67c49c740b6,5598114a142c,blq_handling_policy,Y,Y,Y,Y,Y,Y,Y,Y,Y,N,N,N,Y,Y,N,N,N,N,N,N,N,N,N,N,N,N,N,N,N,N
82c9da65c188,F27,QUARANTINE,Q15B,QUARANTINE_LEGACY_FLAG_UNDOC_Q15B,459af0d7d91c,fc80a095c5ee,q_code,Y,Y,Y,Y,Y,Y,Y,Y,N,N,N,N,Y,N,N,N,N,N,N,N,N,N,N,Y,N,N,N,N,N,N
4dd0a2ade781,F27,REPAIR,,REPAIR_F27_BLQ_CMTM,ad950bea7a00,b0d8a8150750,"blq_handling_policy,cmt_analyte_policy",Y,Y,Y,Y,Y,Y,Y,Y,Y,N,N,N,Y,Y,N,N,N,N,Y,N,N,Y,N,N,N,N,N,N,N,N
de059b39b9b8,F27,QUARANTINE,Q15B,QUARANTINE_LEGACY_FLAG_UNDOC_Q15B,459af0d7d91c,fc80a095c5ee,q_code,Y,Y,Y,Y,Y,Y,Y,Y,N,N,N,N,Y,N,N,N,N,N,N,N,N,Y,N,Y,N,N,N,N,N,N
0aad07a8486d,F27,REPAIR,,REPAIR_F27_BLQ_DDIVP,f452000cd78c,1a93afeda678,"blq_handling_policy,cmt_analyte_policy,dual_cmt_policy",Y,Y,Y,Y,Y,Y,Y,Y,Y,N,N,N,Y,Y,N,N,N,N,Y,N,N,Y,Y,N,N,N,N,N,N,N
49196d4095f9,F27,QUARANTINE,Q15B,QUARANTINE_LEGACY_FLAG_UNDOC_Q15B,459af0d7d91c,fc80a095c5ee,q_code,Y,Y,Y,Y,Y,Y,Y,Y,N,N,N,N,Y,N,N,N,N,N,N,N,N,Y,Y,Y,N,N,N,N,N,N
ba5ca0ed1efa,F27,QUARANTINE,Q15A,QUARANTINE_BIO_FINAL_FLAG_Q15A,459af0d7d91c,0ff39de5a52e,q_code,Y,Y,Y,Y,N,Y,Y,Y,N,N,N,N,Y,N,N,N,N,N,N,N,Y,N,N,N,N,N,N,N,N,N
f54048f06783,F27,QUARANTINE,Q15A,QUARANTINE_BIO_FINAL_FLAG_Q15A,459af0d7d91c,0ff39de5a52e,q_code,Y,Y,Y,Y,N,Y,Y,Y,N,N,N,N,Y,N,N,N,N,N,N,N,Y,N,N,Y,N,N,N,N,N,N
33ad3c8dd234,F27,QUARANTINE,Q15A,QUARANTINE_BIO_FINAL_FLAG_Q15A,459af0d7d91c,0ff39de5a52e,q_code,Y,Y,Y,Y,N,Y,Y,Y,N,N,N,N,Y,N,N,N,N,N,N,N,Y,Y,N,N,N,N,N,N,N,N
52d2e2482399,F27,QUARANTINE,Q15A,QUARANTINE_BIO_FINAL_FLAG_Q15A,459af0d7d91c,0ff39de5a52e,q_code,Y,Y,Y,Y,N,Y,Y,Y,N,N,N,N,Y,N,N,N,N,N,N,N,Y,Y,N,Y,N,N,N,N,N,N
8c16a67c4093,F27,QUARANTINE,Q15A,QUARANTINE_BIO_FINAL_FLAG_Q15A,459af0d7d91c,0ff39de5a52e,q_code,Y,Y,Y,Y,N,Y,Y,Y,N,N,N,N,Y,N,N,N,N,N,N,N,Y,Y,Y,N,N,N,N,N,N,N
07b94771490e,F27,QUARANTINE,Q15A,QUARANTINE_BIO_FINAL_FLAG_Q15A,459af0d7d91c,0ff39de5a52e,q_code,Y,Y,Y,Y,N,Y,Y,Y,N,N,N,N,Y,N,N,N,N,N,N,N,Y,Y,Y,Y,N,N,N,N,N,N
1e24a2ad2445,F27,AUTO,,AUTO_F27_MRNA,375dc3d886a9,44136fa355b3,,Y,Y,Y,Y,Y,Y,Y,Y,Y,N,N,N,Y,N,N,N,N,N,N,N,N,N,N,N,Y,N,N,N,N,N
9396251999c1,F27,QUARANTINE,Q15B,QUARANTINE_ADDL_CONFLICT_Q15B,459af0d7d91c,fc80a095c5ee,q_code,Y,Y,Y,Y,Y,Y,Y,Y,N,N,N,N,Y,N,N,N,N,N,N,N,N,N,N,Y,Y,N,N,N,N,N
cd65567869ec,F27,REPAIR,,REPAIR_F27_CMTM,625092f45d69,3d9b119a827c,cmt_analyte_policy,Y,Y,Y,Y,Y,Y,Y,Y,Y,N,N,N,Y,N,N,N,N,N,Y,N,N,Y,N,N,Y,N,N,N,N,N
060a16a6041a,F27,QUARANTINE,Q15B,QUARANTINE_ADDL_CONFLICT_Q15B,459af0d7d91c,fc80a095c5ee,q_code,Y,Y,Y,Y,Y,Y,Y,Y,N,N,N,N,Y,N,N,N,N,N,N,N,N,Y,N,Y,Y,N,N,N,N,N
8c535ce4239d,F27,REPAIR,,REPAIR_F27_DDIVP,9778a409567c,3b6e37a453cb,"cmt_analyte_policy,dual_cmt_policy",Y,Y,Y,Y,Y,Y,Y,Y,Y,N,N,N,Y,N,N,N,N,N,Y,N,N,Y,Y,N,Y,N,N,N,N,N
a8772ef2165d,F27,QUARANTINE,Q15B,QUARANTINE_ADDL_CONFLICT_Q15B,459af0d7d91c,fc80a095c5ee,q_code,Y,Y,Y,Y,Y,Y,Y,Y,N,N,N,N,Y,N,N,N,N,N,N,N,N,Y,Y,Y,Y,N,N,N,N,N
583ad976b43e,F27,REPAIR,,REPAIR_F27_BLQ,f67c49c740b6,5598114a142c,blq_handling_policy,Y,Y,Y,Y,Y,Y,Y,Y,Y,N,N,N,Y,Y,N,N,N,N,N,N,N,N,N,N,Y,N,N,N,N,N
4447c95e1897,F27,QUARANTINE,Q15B,QUARANTINE_ADDL_CONFLICT_Q15B,459af0d7d91c,fc80a095c5ee,q_code,Y,Y,Y,Y,Y,Y,Y,Y,N,N,N,N,Y,N,N,N,N,N,N,N,N,N,N,Y,Y,N,N,N,N,N
1118e2d0920e,F27,REPAIR,,REPAIR_F27_BLQ_CMTM,ad950bea7a00,b0d8a8150750,"blq_handling_policy,cmt_analyte_policy",Y,Y,Y,Y,Y,Y,Y,Y,Y,N,N,N,Y,Y,N,N,N,N,Y,N,N,Y,N,N,Y,N,N,N,N,N
e817f7cc2bb1,F27,QUARANTINE,Q15B,QUARANTINE_ADDL_CONFLICT_Q15B,459af0d7d91c,fc80a095c5ee,q_code,Y,Y,Y,Y,Y,Y,Y,Y,N,N,N,N,Y,N,N,N,N,N,N,N,N,Y,N,Y,Y,N,N,N,N,N
dadd4342b6b1,F27,REPAIR,,REPAIR_F27_BLQ_DDIVP,f452000cd78c,1a93afeda678,"blq_handling_policy,cmt_analyte_policy,dual_cmt_policy",Y,Y,Y,Y,Y,Y,Y,Y,Y,N,N,N,Y,Y,N,N,N,N,Y,N,N,Y,Y,N,Y,N,N,N,N,N
d803beb470ca,F27,QUARANTINE,Q15B,QUARANTINE_ADDL_CONFLICT_Q15B,459af0d7d91c,fc80a095c5ee,q_code,Y,Y,Y,Y,Y,Y,Y,Y,N,N,N,N,Y,N,N,N,N,N,N,N,N,Y,Y,Y,Y,N,N,N,N,N
77dc363b7e6f,F27,QUARANTINE,Q15A,QUARANTINE_BIO_FINAL_FLAG_Q15A,459af0d7d91c,0ff39de5a52e,q_code,Y,Y,Y,Y,N,Y,Y,Y,N,N,N,N,Y,N,N,N,N,N,N,N,Y,N,N,N,Y,N,N,N,N,N
68174c0be4fe,F27,QUARANTINE,Q15A,QUARANTINE_BIO_FINAL_FLAG_Q15A,459af0d7d91c,0ff39de5a52e,q_code,Y,Y,Y,Y,N,Y,Y,Y,N,N,N,N,Y,N,N,N,N,N,N,N,Y,N,N,Y,Y,N,N,N,N,N
9de4fce8fd89,F27,QUARANTINE,Q15A,QUARANTINE_BIO_FINAL_FLAG_Q15A,459af0d7d91c,0ff39de5a52e,q_code,Y,Y,Y,Y,N,Y,Y,Y,N,N,N,N,Y,N,N,N,N,N,N,N,Y,Y,N,N,Y,N,N,N,N,N
89e73f0439a7,F27,QUARANTINE,Q15A,QUARANTINE_BIO_FINAL_FLAG_Q15A,459af0d7d91c,0ff39de5a52e,q_code,Y,Y,Y,Y,N,Y,Y,Y,N,N,N,N,Y,N,N,N,N,N,N,N,Y,Y,N,Y,Y,N,N,N,N,N
dbb0e2774dfb,F27,QUARANTINE,Q15A,QUARANTINE_BIO_FINAL_FLAG_Q15A,459af0d7d91c,0ff39de5a52e,q_code,Y,Y,Y,Y,N,Y,Y,Y,N,N,N,N,Y,N,N,N,N,N,N,N,Y,Y,Y,N,Y,N,N,N,N,N
c8b4b612f3dc,F27,QUARANTINE,Q15A,QUARANTINE_BIO_FINAL_FLAG_Q15A,459af0d7d91c,0ff39de5a52e,q_code,Y,Y,Y,Y,N,Y,Y,Y,N,N,N,N,Y,N,N,N,N,N,N,N,Y,Y,Y,Y,Y,N,N,N,N,N
55c48b1ffcb9,F15,AUTO,,AUTO_F15_SMALL_MOLECULE,375dc3d886a9,44136fa355b3,,Y,Y,Y,Y,Y,Y,Y,Y,Y,N,N,N,N,N,N,N,N,N,N,N,N,N,N,N,N,N,N,N,N,N
e64d821aa48d,F15,QUARANTINE,Q15B,QUARANTINE_LEGACY_FLAG_UNDOC_Q15B,459af0d7d91c,fc80a095c5ee,q_code,Y,Y,Y,Y,Y,Y,Y,Y,N,N,N,N,N,N,N,N,N,N,N,N,N,N,N,Y,N,N,N,N,N,N
b66b23b020c8,F15,REPAIR,,REPAIR_F15_CMTM,625092f45d69,3d9b119a827c,cmt_analyte_policy,Y,Y,Y,Y,Y,Y,Y,Y,Y,N,N,N,N,N,N,N,N,N,Y,N,N,Y,N,N,N,N,N,N,N,N
4311c7e30a41,F15,QUARANTINE,Q15B,QUARANTINE_LEGACY_FLAG_UNDOC_Q15B,459af0d7d91c,fc80a095c5ee,q_code,Y,Y,Y,Y,Y,Y,Y,Y,N,N,N,N,N,N,N,N,N,N,N,N,N,Y,N,Y,N,N,N,N,N,N
962767abace3,F22,REPAIR,,REPAIR_F22_DDIVP,9778a409567c,3b6e37a453cb,"cmt_analyte_policy,dual_cmt_policy",Y,Y,Y,Y,Y,Y,Y,Y,Y,N,N,N,N,N,N,N,N,N,Y,N,N,Y,Y,N,N,N,N,N,N,N
ba7847db0def,F22,QUARANTINE,Q15B,QUARANTINE_LEGACY_FLAG_UNDOC_Q15B,459af0d7d91c,fc80a095c5ee,q_code,Y,Y,Y,Y,Y,Y,Y,Y,N,N,N,N,N,N,N,N,N,N,N,N,N,Y,Y,Y,N,N,N,N,N,N
a3c1c5e92cb5,F15,REPAIR,,REPAIR_F15_BLQ,f67c49c740b6,5598114a142c,blq_handling_policy,Y,Y,Y,Y,Y,Y,Y,Y,Y,N,N,N,N,Y,N,N,N,N,N,N,N,N,N,N,N,N,N,N,N,N
3db910fe9c97,F15,QUARANTINE,Q15B,QUARANTINE_LEGACY_FLAG_UNDOC_Q15B,459af0d7d91c,fc80a095c5ee,q_code,Y,Y,Y,Y,Y,Y,Y,Y,N,N,N,N,N,N,N,N,N,N,N,N,N,N,N,Y,N,N,N,N,N,N
90a49f837d80,F15,REPAIR,,REPAIR_F15_BLQ_CMTM,ad950bea7a00,b0d8a8150750,"blq_handling_policy,cmt_analyte_policy",Y,Y,Y,Y,Y,Y,Y,Y,Y,N,N,N,N,Y,N,N,N,N,Y,N,N,Y,N,N,N,N,N,N,N,N
c62b50ad63db,F15,QUARANTINE,Q15B,QUARANTINE_LEGACY_FLAG_UNDOC_Q15B,459af0d7d91c,fc80a095c5ee,q_code,Y,Y,Y,Y,Y,Y,Y,Y,N,N,N,N,N,N,N,N,N,N,N,N,N,Y,N,Y,N,N,N,N,N,N
a42d0cd9ca8f,F22,REPAIR,,REPAIR_F22_BLQ_DDIVP,f452000cd78c,1a93afeda678,"blq_handling_policy,cmt_analyte_policy,dual_cmt_policy",Y,Y,Y,Y,Y,Y,Y,Y,Y,N,N,N,N,Y,N,N,N,N,Y,N,N,Y,Y,N,N,N,N,N,N,N
1145c5679d82,F22,QUARANTINE,Q15B,QUARANTINE_LEGACY_FLAG_UNDOC_Q15B,459af0d7d91c,fc80a095c5ee,q_code,Y,Y,Y,Y,Y,Y,Y,Y,N,N,N,N,N,N,N,N,N,N,N,N,N,Y,Y,Y,N,N,N,N,N,N
494e891d3031,F15,QUARANTINE,Q15A,QUARANTINE_BIO_FINAL_FLAG_Q15A,459af0d7d91c,0ff39de5a52e,q_code,Y,Y,Y,Y,N,Y,Y,Y,N,N,N,N,N,N,N,N,N,N,N,N,Y,N,N,N,N,N,N,N,N,N
43c550a030e9,F15,QUARANTINE,Q15A,QUARANTINE_BIO_FINAL_FLAG_Q15A,459af0d7d91c,0ff39de5a52e,q_code,Y,Y,Y,Y,N,Y,Y,Y,N,N,N,N,N,N,N,N,N,N,N,N,Y,N,N,Y,N,N,N,N,N,N
ede18aee9b3e,F15,QUARANTINE,Q15A,QUARANTINE_BIO_FINAL_FLAG_Q15A,459af0d7d91c,0ff39de5a52e,q_code,Y,Y,Y,Y,N,Y,Y,Y,N,N,N,N,N,N,N,N,N,N,N,N,Y,Y,N,N,N,N,N,N,N,N
d9ac6d42e220,F15,QUARANTINE,Q15A,QUARANTINE_BIO_FINAL_FLAG_Q15A,459af0d7d91c,0ff39de5a52e,q_code,Y,Y,Y,Y,N,Y,Y,Y,N,N,N,N,N,N,N,N,N,N,N,N,Y,Y,N,Y,N,N,N,N,N,N
71aad64813ac,F22,QUARANTINE,Q15A,QUARANTINE_BIO_FINAL_FLAG_Q15A,459af0d7d91c,0ff39de5a52e,q_code,Y,Y,Y,Y,N,Y,Y,Y,N,N,N,N,N,N,N,N,N,N,N,N,Y,Y,Y,N,N,N,N,N,N,N
a4f95f3de258,F22,QUARANTINE,Q15A,QUARANTINE_BIO_FINAL_FLAG_Q15A,459af0d7d91c,0ff39de5a52e,q_code,Y,Y,Y,Y,N,Y,Y,Y,N,N,N,N,N,N,N,N,N,N,N,N,Y,Y,Y,Y,N,N,N,N,N,N
c472a6f847f0,F15,AUTO,,AUTO_F15_SMALL_MOLECULE,375dc3d886a9,44136fa355b3,,Y,Y,Y,Y,Y,Y,Y,Y,Y,N,N,N,N,N,N,N,N,N,N,N,N,N,N,N,Y,N,N,N,N,N
227c9464928d,F15,QUARANTINE,Q15B,QUARANTINE_ADDL_CONFLICT_Q15B,459af0d7d91c,fc80a095c5ee,q_code,Y,Y,Y,Y,Y,Y,Y,Y,N,N,N,N,N,N,N,N,N,N,N,N,N,N,N,Y,Y,N,N,N,N,N
1b012461dd0d,F15,REPAIR,,REPAIR_F15_CMTM,625092f45d69,3d9b119a827c,cmt_analyte_policy,Y,Y,Y,Y,Y,Y,Y,Y,Y,N,N,N,N,N,N,N,N,N,Y,N,N,Y,N,N,Y,N,N,N,N,N
16af12542598,F15,QUARANTINE,Q15B,QUARANTINE_ADDL_CONFLICT_Q15B,459af0d7d91c,fc80a095c5ee,q_code,Y,Y,Y,Y,Y,Y,Y,Y,N,N,N,N,N,N,N,N,N,N,N,N,N,Y,N,Y,Y,N,N,N,N,N
61f28be826c1,F22,REPAIR,,REPAIR_F22_DDIVP,9778a409567c,3b6e37a453cb,"cmt_analyte_policy,dual_cmt_policy",Y,Y,Y,Y,Y,Y,Y,Y,Y,N,N,N,N,N,N,N,N,N,Y,N,N,Y,Y,N,Y,N,N,N,N,N
cb1f625f6b67,F22,QUARANTINE,Q15B,QUARANTINE_ADDL_CONFLICT_Q15B,459af0d7d91c,fc80a095c5ee,q_code,Y,Y,Y,Y,Y,Y,Y,Y,N,N,N,N,N,N,N,N,N,N,N,N,N,Y,Y,Y,Y,N,N,N,N,N
74a0ca0ce83a,F15,REPAIR,,REPAIR_F15_BLQ,f67c49c740b6,5598114a142c,blq_handling_policy,Y,Y,Y,Y,Y,Y,Y,Y,Y,N,N,N,N,Y,N,N,N,N,N,N,N,N,N,N,Y,N,N,N,N,N
dc70b26ddba5,F15,QUARANTINE,Q15B,QUARANTINE_ADDL_CONFLICT_Q15B,459af0d7d91c,fc80a095c5ee,q_code,Y,Y,Y,Y,Y,Y,Y,Y,N,N,N,N,N,N,N,N,N,N,N,N,N,N,N,Y,Y,N,N,N,N,N
5c42cdd31b37,F15,REPAIR,,REPAIR_F15_BLQ_CMTM,ad950bea7a00,b0d8a8150750,"blq_handling_policy,cmt_analyte_policy",Y,Y,Y,Y,Y,Y,Y,Y,Y,N,N,N,N,Y,N,N,N,N,Y,N,N,Y,N,N,Y,N,N,N,N,N
8afa021c8653,F15,QUARANTINE,Q15B,QUARANTINE_ADDL_CONFLICT_Q15B,459af0d7d91c,fc80a095c5ee,q_code,Y,Y,Y,Y,Y,Y,Y,Y,N,N,N,N,N,N,N,N,N,N,N,N,N,Y,N,Y,Y,N,N,N,N,N
7f47b00c991b,F22,REPAIR,,REPAIR_F22_BLQ_DDIVP,f452000cd78c,1a93afeda678,"blq_handling_policy,cmt_analyte_policy,dual_cmt_policy",Y,Y,Y,Y,Y,Y,Y,Y,Y,N,N,N,N,Y,N,N,N,N,Y,N,N,Y,Y,N,Y,N,N,N,N,N
efe2baa9d789,F22,QUARANTINE,Q15B,QUARANTINE_ADDL_CONFLICT_Q15B,459af0d7d91c,fc80a095c5ee,q_code,Y,Y,Y,Y,Y,Y,Y,Y,N,N,N,N,N,N,N,N,N,N,N,N,N,Y,Y,Y,Y,N,N,N,N,N
124c01eb804c,F15,QUARANTINE,Q15A,QUARANTINE_BIO_FINAL_FLAG_Q15A,459af0d7d91c,0ff39de5a52e,q_code,Y,Y,Y,Y,N,Y,Y,Y,N,N,N,N,N,N,N,N,N,N,N,N,Y,N,N,N,Y,N,N,N,N,N
9f45e989f635,F15,QUARANTINE,Q15A,QUARANTINE_BIO_FINAL_FLAG_Q15A,459af0d7d91c,0ff39de5a52e,q_code,Y,Y,Y,Y,N,Y,Y,Y,N,N,N,N,N,N,N,N,N,N,N,N,Y,N,N,Y,Y,N,N,N,N,N
43e3a8180ffb,F15,QUARANTINE,Q15A,QUARANTINE_BIO_FINAL_FLAG_Q15A,459af0d7d91c,0ff39de5a52e,q_code,Y,Y,Y,Y,N,Y,Y,Y,N,N,N,N,N,N,N,N,N,N,N,N,Y,Y,N,N,Y,N,N,N,N,N
15d06b1e4628,F15,QUARANTINE,Q15A,QUARANTINE_BIO_FINAL_FLAG_Q15A,459af0d7d91c,0ff39de5a52e,q_code,Y,Y,Y,Y,N,Y,Y,Y,N,N,N,N,N,N,N,N,N,N,N,N,Y,Y,N,Y,Y,N,N,N,N,N
e674894967ea,F22,QUARANTINE,Q15A,QUARANTINE_BIO_FINAL_FLAG_Q15A,459af0d7d91c,0ff39de5a52e,q_code,Y,Y,Y,Y,N,Y,Y,Y,N,N,N,N,N,N,N,N,N,N,N,N,Y,Y,Y,N,Y,N,N,N,N,N
a234a0d633f2,F22,QUARANTINE,Q15A,QUARANTINE_BIO_FINAL_FLAG_Q15A,459af0d7d91c,0ff39de5a52e,q_code,Y,Y,Y,Y,N,Y,Y,Y,N,N,N,N,N,N,N,N,N,N,N,N,Y,Y,Y,Y,Y,N,N,N,N,N
08865c86abc4,F15,AUTO,,AUTO_F15_MAB,375dc3d886a9,44136fa355b3,,Y,Y,Y,Y,Y,Y,Y,Y,Y,N,N,N,N,N,N,N,N,N,N,N,N,N,N,N,N,N,N,N,N,N
511c449c4fed,F15,QUARANTINE,Q15B,QUARANTINE_LEGACY_FLAG_UNDOC_Q15B,459af0d7d91c,fc80a095c5ee,q_code,Y,Y,Y,Y,Y,Y,Y,Y,N,N,N,N,N,N,N,N,N,N,N,N,N,N,N,Y,N,N,N,N,N,N
503faa381d26,F15,REPAIR,,REPAIR_F15_CMTM,625092f45d69,3d9b119a827c,cmt_analyte_policy,Y,Y,Y,Y,Y,Y,Y,Y,Y,N,N,N,N,N,N,N,N,N,Y,N,N,Y,N,N,N,N,N,N,N,N
68d95fe05a66,F15,QUARANTINE,Q15B,QUARANTINE_LEGACY_FLAG_UNDOC_Q15B,459af0d7d91c,fc80a095c5ee,q_code,Y,Y,Y,Y,Y,Y,Y,Y,N,N,N,N,N,N,N,N,N,N,N,N,N,Y,N,Y,N,N,N,N,N,N
4e83a014c154,F22,REPAIR,,REPAIR_F22_DDIVP,9778a409567c,3b6e37a453cb,"cmt_analyte_policy,dual_cmt_policy",Y,Y,Y,Y,Y,Y,Y,Y,Y,N,N,N,N,N,N,N,N,N,Y,N,N,Y,Y,N,N,N,N,N,N,N
99ba1a5b7bfe,F22,QUARANTINE,Q15B,QUARANTINE_LEGACY_FLAG_UNDOC_Q15B,459af0d7d91c,fc80a095c5ee,q_code,Y,Y,Y,Y,Y,Y,Y,Y,N,N,N,N,N,N,N,N,N,N,N,N,N,Y,Y,Y,N,N,N,N,N,N
f17f276c7b54,F15,REPAIR,,REPAIR_F15_BLQ,f67c49c740b6,5598114a142c,blq_handling_policy,Y,Y,Y,Y,Y,Y,Y,Y,Y,N,N,N,N,Y,N,N,N,N,N,N,N,N,N,N,N,N,N,N,N,N
a629439cf1ab,F15,QUARANTINE,Q15B,QUARANTINE_LEGACY_FLAG_UNDOC_Q15B,459af0d7d91c,fc80a095c5ee,q_code,Y,Y,Y,Y,Y,Y,Y,Y,N,N,N,N,N,N,N,N,N,N,N,N,N,N,N,Y,N,N,N,N,N,N
ff3d0e44c878,F15,REPAIR,,REPAIR_F15_BLQ_CMTM,ad950bea7a00,b0d8a8150750,"blq_handling_policy,cmt_analyte_policy",Y,Y,Y,Y,Y,Y,Y,Y,Y,N,N,N,N,Y,N,N,N,N,Y,N,N,Y,N,N,N,N,N,N,N,N
795d8c229007,F15,QUARANTINE,Q15B,QUARANTINE_LEGACY_FLAG_UNDOC_Q15B,459af0d7d91c,fc80a095c5ee,q_code,Y,Y,Y,Y,Y,Y,Y,Y,N,N,N,N,N,N,N,N,N,N,N,N,N,Y,N,Y,N,N,N,N,N,N
869a63c9958b,F22,REPAIR,,REPAIR_F22_BLQ_DDIVP,f452000cd78c,1a93afeda678,"blq_handling_policy,cmt_analyte_policy,dual_cmt_policy",Y,Y,Y,Y,Y,Y,Y,Y,Y,N,N,N,N,Y,N,N,N,N,Y,N,N,Y,Y,N,N,N,N,N,N,N
1ff40a5b64ed,F22,QUARANTINE,Q15B,QUARANTINE_LEGACY_FLAG_UNDOC_Q15B,459af0d7d91c,fc80a095c5ee,q_code,Y,Y,Y,Y,Y,Y,Y,Y,N,N,N,N,N,N,N,N,N,N,N,N,N,Y,Y,Y,N,N,N,N,N,N
3bb42e79de0e,F15,QUARANTINE,Q15A,QUARANTINE_BIO_FINAL_FLAG_Q15A,459af0d7d91c,0ff39de5a52e,q_code,Y,Y,Y,Y,N,Y,Y,Y,N,N,N,N,N,N,N,N,N,N,N,N,Y,N,N,N,N,N,N,N,N,N
31df1e18d1d4,F15,QUARANTINE,Q15A,QUARANTINE_BIO_FINAL_FLAG_Q15A,459af0d7d91c,0ff39de5a52e,q_code,Y,Y,Y,Y,N,Y,Y,Y,N,N,N,N,N,N,N,N,N,N,N,N,Y,N,N,Y,N,N,N,N,N,N
b3e1b08e0f2e,F15,QUARANTINE,Q15A,QUARANTINE_BIO_FINAL_FLAG_Q15A,459af0d7d91c,0ff39de5a52e,q_code,Y,Y,Y,Y,N,Y,Y,Y,N,N,N,N,N,N,N,N,N,N,N,N,Y,Y,N,N,N,N,N,N,N,N
b064ffa81a31,F15,QUARANTINE,Q15A,QUARANTINE_BIO_FINAL_FLAG_Q15A,459af0d7d91c,0ff39de5a52e,q_code,Y,Y,Y,Y,N,Y,Y,Y,N,N,N,N,N,N,N,N,N,N,N,N,Y,Y,N,Y,N,N,N,N,N,N
8d30d05af794,F22,QUARANTINE,Q15A,QUARANTINE_BIO_FINAL_FLAG_Q15A,459af0d7d91c,0ff39de5a52e,q_code,Y,Y,Y,Y,N,Y,Y,Y,N,N,N,N,N,N,N,N,N,N,N,N,Y,Y,Y,N,N,N,N,N,N,N
dc46bcd92335,F22,QUARANTINE,Q15A,QUARANTINE_BIO_FINAL_FLAG_Q15A,459af0d7d91c,0ff39de5a52e,q_code,Y,Y,Y,Y,N,Y,Y,Y,N,N,N,N,N,N,N,N,N,N,N,N,Y,Y,Y,Y,N,N,N,N,N,N
968ebf9d8158,F15,AUTO,,AUTO_F15_MAB,375dc3d886a9,44136fa355b3,,Y,Y,Y,Y,Y,Y,Y,Y,Y,N,N,N,N,N,N,N,N,N,N,N,N,N,N,N,Y,N,N,N,N,N
7bd51abb9c65,F15,QUARANTINE,Q15B,QUARANTINE_ADDL_CONFLICT_Q15B,459af0d7d91c,fc80a095c5ee,q_code,Y,Y,Y,Y,Y,Y,Y,Y,N,N,N,N,N,N,N,N,N,N,N,N,N,N,N,Y,Y,N,N,N,N,N
7597474d423c,F15,REPAIR,,REPAIR_F15_CMTM,625092f45d69,3d9b119a827c,cmt_analyte_policy,Y,Y,Y,Y,Y,Y,Y,Y,Y,N,N,N,N,N,N,N,N,N,Y,N,N,Y,N,N,Y,N,N,N,N,N
a890530f8ffb,F15,QUARANTINE,Q15B,QUARANTINE_ADDL_CONFLICT_Q15B,459af0d7d91c,fc80a095c5ee,q_code,Y,Y,Y,Y,Y,Y,Y,Y,N,N,N,N,N,N,N,N,N,N,N,N,N,Y,N,Y,Y,N,N,N,N,N
b6766d615636,F22,REPAIR,,REPAIR_F22_DDIVP,9778a409567c,3b6e37a453cb,"cmt_analyte_policy,dual_cmt_policy",Y,Y,Y,Y,Y,Y,Y,Y,Y,N,N,N,N,N,N,N,N,N,Y,N,N,Y,Y,N,Y,N,N,N,N,N
0d891fef93bd,F22,QUARANTINE,Q15B,QUARANTINE_ADDL_CONFLICT_Q15B,459af0d7d91c,fc80a095c5ee,q_code,Y,Y,Y,Y,Y,Y,Y,Y,N,N,N,N,N,N,N,N,N,N,N,N,N,Y,Y,Y,Y,N,N,N,N,N
fa493f1b4efd,F15,REPAIR,,REPAIR_F15_BLQ,f67c49c740b6,5598114a142c,blq_handling_policy,Y,Y,Y,Y,Y,Y,Y,Y,Y,N,N,N,N,Y,N,N,N,N,N,N,N,N,N,N,Y,N,N,N,N,N
d33cbc1493e4,F15,QUARANTINE,Q15B,QUARANTINE_ADDL_CONFLICT_Q15B,459af0d7d91c,fc80a095c5ee,q_code,Y,Y,Y,Y,Y,Y,Y,Y,N,N,N,N,N,N,N,N,N,N,N,N,N,N,N,Y,Y,N,N,N,N,N
d5a2dfb46bf3,F15,REPAIR,,REPAIR_F15_BLQ_CMTM,ad950bea7a00,b0d8a8150750,"blq_handling_policy,cmt_analyte_policy",Y,Y,Y,Y,Y,Y,Y,Y,Y,N,N,N,N,Y,N,N,N,N,Y,N,N,Y,N,N,Y,N,N,N,N,N
26acd8b153d8,F15,QUARANTINE,Q15B,QUARANTINE_ADDL_CONFLICT_Q15B,459af0d7d91c,fc80a095c5ee,q_code,Y,Y,Y,Y,Y,Y,Y,Y,N,N,N,N,N,N,N,N,N,N,N,N,N,Y,N,Y,Y,N,N,N,N,N
45183146458c,F22,REPAIR,,REPAIR_F22_BLQ_DDIVP,f452000cd78c,1a93afeda678,"blq_handling_policy,cmt_analyte_policy,dual_cmt_policy",Y,Y,Y,Y,Y,Y,Y,Y,Y,N,N,N,N,Y,N,N,N,N,Y,N,N,Y,Y,N,Y,N,N,N,N,N
a48a079ade94,F22,QUARANTINE,Q15B,QUARANTINE_ADDL_CONFLICT_Q15B,459af0d7d91c,fc80a095c5ee,q_code,Y,Y,Y,Y,Y,Y,Y,Y,N,N,N,N,N,N,N,N,N,N,N,N,N,Y,Y,Y,Y,N,N,N,N,N
9c9a08746d39,F15,QUARANTINE,Q15A,QUARANTINE_BIO_FINAL_FLAG_Q15A,459af0d7d91c,0ff39de5a52e,q_code,Y,Y,Y,Y,N,Y,Y,Y,N,N,N,N,N,N,N,N,N,N,N,N,Y,N,N,N,Y,N,N,N,N,N
50d8bfc93185,F15,QUARANTINE,Q15A,QUARANTINE_BIO_FINAL_FLAG_Q15A,459af0d7d91c,0ff39de5a52e,q_code,Y,Y,Y,Y,N,Y,Y,Y,N,N,N,N,N,N,N,N,N,N,N,N,Y,N,N,Y,Y,N,N,N,N,N
b1c7fbe4b203,F15,QUARANTINE,Q15A,QUARANTINE_BIO_FINAL_FLAG_Q15A,459af0d7d91c,0ff39de5a52e,q_code,Y,Y,Y,Y,N,Y,Y,Y,N,N,N,N,N,N,N,N,N,N,N,N,Y,Y,N,N,Y,N,N,N,N,N
e5cc24262047,F15,QUARANTINE,Q15A,QUARANTINE_BIO_FINAL_FLAG_Q15A,459af0d7d91c,0ff39de5a52e,q_code,Y,Y,Y,Y,N,Y,Y,Y,N,N,N,N,N,N,N,N,N,N,N,N,Y,Y,N,Y,Y,N,N,N,N,N
cd3209e81aa8,F22,QUARANTINE,Q15A,QUARANTINE_BIO_FINAL_FLAG_Q15A,459af0d7d91c,0ff39de5a52e,q_code,Y,Y,Y,Y,N,Y,Y,Y,N,N,N,N,N,N,N,N,N,N,N,N,Y,Y,Y,N,Y,N,N,N,N,N
144d6024bee4,F22,QUARANTINE,Q15A,QUARANTINE_BIO_FINAL_FLAG_Q15A,459af0d7d91c,0ff39de5a52e,q_code,Y,Y,Y,Y,N,Y,Y,Y,N,N,N,N,N,N,N,N,N,N,N,N,Y,Y,Y,Y,Y,N,N,N,N,N
a003a71dbc24,F15,AUTO,,AUTO_F15_ADC,375dc3d886a9,44136fa355b3,,Y,Y,Y,Y,Y,Y,Y,Y,Y,N,N,N,Y,N,N,N,N,N,N,N,N,N,N,N,N,Y,N,N,N,N
29177c56dc65,F15,QUARANTINE,Q15B,QUARANTINE_LEGACY_FLAG_UNDOC_Q15B,459af0d7d91c,fc80a095c5ee,q_code,Y,Y,Y,Y,Y,Y,Y,Y,N,N,N,N,Y,N,N,N,N,N,N,N,N,N,N,Y,N,Y,N,N,N,N
7a46ecd25a99,F24,REPAIR,,REPAIR_F24_CMTROLE,067eec0a7a08,835c27d30e59,"analyte_role_declaration,cmt_analyte_policy",Y,Y,Y,Y,Y,Y,Y,Y,Y,N,N,N,Y,N,N,N,N,N,Y,N,N,Y,N,N,N,Y,Y,N,N,N
f9edf6281579,F24,QUARANTINE,Q16,QUARANTINE_ANALYTE_ROLE_MISSING_Q16,459af0d7d91c,9d9b4b667195,q_code,Y,Y,Y,Y,N,Y,Y,Y,N,N,N,N,Y,N,N,N,N,N,N,N,N,Y,N,N,N,Y,N,N,N,N
d5a29ec94fc2,F24,QUARANTINE,Q15B,QUARANTINE_LEGACY_FLAG_UNDOC_Q15B,459af0d7d91c,fc80a095c5ee,q_code,Y,Y,Y,Y,Y,Y,Y,Y,N,N,N,N,Y,N,N,N,N,N,N,N,N,Y,N,Y,N,Y,N,N,N,N
a0dc41328651,F24,QUARANTINE,Q16,QUARANTINE_ANALYTE_ROLE_MISSING_Q16,459af0d7d91c,9d9b4b667195,q_code,Y,Y,Y,Y,N,Y,Y,Y,N,N,N,N,Y,N,N,N,N,N,N,N,N,Y,N,Y,N,Y,N,N,N,N
6fe3c84af6ff,F22,REPAIR,,REPAIR_F22_DDIVP,9778a409567c,3b6e37a453cb,"cmt_analyte_policy,dual_cmt_policy",Y,Y,Y,Y,Y,Y,Y,Y,Y,N,N,N,Y,N,N,N,N,N,Y,N,N,Y,Y,N,N,Y,N,N,N,N
fb523083ec14,F22,QUARANTINE,Q16,QUARANTINE_ANALYTE_ROLE_MISSING_Q16,459af0d7d91c,9d9b4b667195,q_code,Y,Y,Y,Y,N,Y,Y,Y,N,N,N,N,Y,N,N,N,N,N,N,N,N,Y,Y,N,N,Y,N,N,N,N
ea5d521ee646,F22,QUARANTINE,Q15B,QUARANTINE_LEGACY_FLAG_UNDOC_Q15B,459af0d7d91c,fc80a095c5ee,q_code,Y,Y,Y,Y,Y,Y,Y,Y,N,N,N,N,Y,N,N,N,N,N,N,N,N,Y,Y,Y,N,Y,N,N,N,N
e869bf59204a,F22,QUARANTINE,Q16,QUARANTINE_ANALYTE_ROLE_MISSING_Q16,459af0d7d91c,9d9b4b667195,q_code,Y,Y,Y,Y,N,Y,Y,Y,N,N,N,N,Y,N,N,N,N,N,N,N,N,Y,Y,Y,N,Y,N,N,N,N
e478f2a438ad,F15,REPAIR,,REPAIR_F15_BLQ,f67c49c740b6,5598114a142c,blq_handling_policy,Y,Y,Y,Y,Y,Y,Y,Y,Y,N,N,N,Y,Y,N,N,N,N,N,N,N,N,N,N,N,Y,N,N,N,N
41faebb202ac,F15,QUARANTINE,Q15B,QUARANTINE_LEGACY_FLAG_UNDOC_Q15B,459af0d7d91c,fc80a095c5ee,q_code,Y,Y,Y,Y,Y,Y,Y,Y,N,N,N,N,Y,N,N,N,N,N,N,N,N,N,N,Y,N,Y,N,N,N,N
15c428247d6d,F24,REPAIR,,REPAIR_F24_BLQ_CMTROLE,b0a07c38e805,0fb8c6d4335c,"analyte_role_declaration,blq_handling_policy,cmt_analyte_policy",Y,Y,Y,Y,Y,Y,Y,Y,Y,N,N,N,Y,Y,N,N,N,N,Y,N,N,Y,N,N,N,Y,Y,N,N,N
45c984c30ff5,F24,QUARANTINE,Q16,QUARANTINE_ANALYTE_ROLE_MISSING_Q16,459af0d7d91c,9d9b4b667195,q_code,Y,Y,Y,Y,N,Y,Y,Y,N,N,N,N,Y,N,N,N,N,N,N,N,N,Y,N,N,N,Y,N,N,N,N
94a2de99ade3,F24,QUARANTINE,Q15B,QUARANTINE_LEGACY_FLAG_UNDOC_Q15B,459af0d7d91c,fc80a095c5ee,q_code,Y,Y,Y,Y,Y,Y,Y,Y,N,N,N,N,Y,N,N,N,N,N,N,N,N,Y,N,Y,N,Y,N,N,N,N
62a7d2a11bde,F24,QUARANTINE,Q16,QUARANTINE_ANALYTE_ROLE_MISSING_Q16,459af0d7d91c,9d9b4b667195,q_code,Y,Y,Y,Y,N,Y,Y,Y,N,N,N,N,Y,N,N,N,N,N,N,N,N,Y,N,Y,N,Y,N,N,N,N
6ec9d4a760f5,F22,REPAIR,,REPAIR_F22_BLQ_DDIVP,f452000cd78c,1a93afeda678,"blq_handling_policy,cmt_analyte_policy,dual_cmt_policy",Y,Y,Y,Y,Y,Y,Y,Y,Y,N,N,N,Y,Y,N,N,N,N,Y,N,N,Y,Y,N,N,Y,N,N,N,N
5a6613fc1571,F22,QUARANTINE,Q16,QUARANTINE_ANALYTE_ROLE_MISSING_Q16,459af0d7d91c,9d9b4b667195,q_code,Y,Y,Y,Y,N,Y,Y,Y,N,N,N,N,Y,N,N,N,N,N,N,N,N,Y,Y,N,N,Y,N,N,N,N
5637a87385af,F22,QUARANTINE,Q15B,QUARANTINE_LEGACY_FLAG_UNDOC_Q15B,459af0d7d91c,fc80a095c5ee,q_code,Y,Y,Y,Y,Y,Y,Y,Y,N,N,N,N,Y,N,N,N,N,N,N,N,N,Y,Y,Y,N,Y,N,N,N,N
a0ec0f0cf7e8,F22,QUARANTINE,Q16,QUARANTINE_ANALYTE_ROLE_MISSING_Q16,459af0d7d91c,9d9b4b667195,q_code,Y,Y,Y,Y,N,Y,Y,Y,N,N,N,N,Y,N,N,N,N,N,N,N,N,Y,Y,Y,N,Y,N,N,N,N
ec1024c0e0b7,F15,QUARANTINE,Q15A,QUARANTINE_BIO_FINAL_FLAG_Q15A,459af0d7d91c,0ff39de5a52e,q_code,Y,Y,Y,Y,N,Y,Y,Y,N,N,N,N,Y,N,N,N,N,N,N,N,Y,N,N,N,N,Y,N,N,N,N
1454fbe17395,F15,QUARANTINE,Q15A,QUARANTINE_BIO_FINAL_FLAG_Q15A,459af0d7d91c,0ff39de5a52e,q_code,Y,Y,Y,Y,N,Y,Y,Y,N,N,N,N,Y,N,N,N,N,N,N,N,Y,N,N,Y,N,Y,N,N,N,N
decb0460fc62,F24,QUARANTINE,Q15A,QUARANTINE_BIO_FINAL_FLAG_Q15A,459af0d7d91c,0ff39de5a52e,q_code,Y,Y,Y,Y,N,Y,Y,Y,N,N,N,N,Y,N,N,N,N,N,N,N,Y,Y,N,N,N,Y,N,N,N,N
624c30e61705,F24,QUARANTINE,Q15A,QUARANTINE_BIO_FINAL_FLAG_Q15A,459af0d7d91c,0ff39de5a52e,q_code,Y,Y,Y,Y,N,Y,Y,Y,N,N,N,N,Y,N,N,N,N,N,N,N,Y,Y,N,N,N,Y,N,N,N,N
bcd7330eb223,F24,QUARANTINE,Q15A,QUARANTINE_BIO_FINAL_FLAG_Q15A,459af0d7d91c,0ff39de5a52e,q_code,Y,Y,Y,Y,N,Y,Y,Y,N,N,N,N,Y,N,N,N,N,N,N,N,Y,Y,N,Y,N,Y,N,N,N,N
66f9f2ed762b,F24,QUARANTINE,Q15A,QUARANTINE_BIO_FINAL_FLAG_Q15A,459af0d7d91c,0ff39de5a52e,q_code,Y,Y,Y,Y,N,Y,Y,Y,N,N,N,N,Y,N,N,N,N,N,N,N,Y,Y,N,Y,N,Y,N,N,N,N
89753d0da5a0,F22,QUARANTINE,Q15A,QUARANTINE_BIO_FINAL_FLAG_Q15A,459af0d7d91c,0ff39de5a52e,q_code,Y,Y,Y,Y,N,Y,Y,Y,N,N,N,N,Y,N,N,N,N,N,N,N,Y,Y,Y,N,N,Y,N,N,N,N
ba8aa44cad82,F22,QUARANTINE,Q15A,QUARANTINE_BIO_FINAL_FLAG_Q15A,459af0d7d91c,0ff39de5a52e,q_code,Y,Y,Y,Y,N,Y,Y,Y,N,N,N,N,Y,N,N,N,N,N,N,N,Y,Y,Y,N,N,Y,N,N,N,N
c12898401f0e,F22,QUARANTINE,Q15A,QUARANTINE_BIO_FINAL_FLAG_Q15A,459af0d7d91c,0ff39de5a52e,q_code,Y,Y,Y,Y,N,Y,Y,Y,N,N,N,N,Y,N,N,N,N,N,N,N,Y,Y,Y,Y,N,Y,N,N,N,N
e1bef3e6356e,F22,QUARANTINE,Q15A,QUARANTINE_BIO_FINAL_FLAG_Q15A,459af0d7d91c,0ff39de5a52e,q_code,Y,Y,Y,Y,N,Y,Y,Y,N,N,N,N,Y,N,N,N,N,N,N,N,Y,Y,Y,Y,N,Y,N,N,N,N
e447c03f8eb9,F15,AUTO,,AUTO_F15_ADC,375dc3d886a9,44136fa355b3,,Y,Y,Y,Y,Y,Y,Y,Y,Y,N,N,N,Y,N,N,N,N,N,N,N,N,N,N,N,Y,Y,N,N,N,N
a086fdb59743,F15,QUARANTINE,Q15B,QUARANTINE_ADDL_CONFLICT_Q15B,459af0d7d91c,fc80a095c5ee,q_code,Y,Y,Y,Y,Y,Y,Y,Y,N,N,N,N,Y,N,N,N,N,N,N,N,N,N,N,Y,Y,Y,N,N,N,N
b65c0e863751,F24,REPAIR,,REPAIR_F24_CMTROLE,067eec0a7a08,835c27d30e59,"analyte_role_declaration,cmt_analyte_policy",Y,Y,Y,Y,Y,Y,Y,Y,Y,N,N,N,Y,N,N,N,N,N,Y,N,N,Y,N,N,Y,Y,Y,N,N,N
f751db277e18,F24,QUARANTINE,Q16,QUARANTINE_ADDL_CONFLICT_Q16,459af0d7d91c,9d9b4b667195,q_code,Y,Y,Y,Y,N,Y,Y,Y,N,N,N,N,Y,N,N,N,N,N,N,N,N,Y,N,N,Y,Y,N,N,N,N
37a7abff37fa,F24,QUARANTINE,Q15B,QUARANTINE_ADDL_CONFLICT_Q15B,459af0d7d91c,fc80a095c5ee,q_code,Y,Y,Y,Y,Y,Y,Y,Y,N,N,N,N,Y,N,N,N,N,N,N,N,N,Y,N,Y,Y,Y,N,N,N,N
9bcb28b219e1,F24,QUARANTINE,Q16,QUARANTINE_ADDL_CONFLICT_Q16,459af0d7d91c,9d9b4b667195,q_code,Y,Y,Y,Y,N,Y,Y,Y,N,N,N,N,Y,N,N,N,N,N,N,N,N,Y,N,Y,Y,Y,N,N,N,N
4ad1ed68f000,F22,REPAIR,,REPAIR_F22_DDIVP,9778a409567c,3b6e37a453cb,"cmt_analyte_policy,dual_cmt_policy",Y,Y,Y,Y,Y,Y,Y,Y,Y,N,N,N,Y,N,N,N,N,N,Y,N,N,Y,Y,N,Y,Y,N,N,N,N
df727501e9d1,F22,QUARANTINE,Q16,QUARANTINE_ADDL_CONFLICT_Q16,459af0d7d91c,9d9b4b667195,q_code,Y,Y,Y,Y,N,Y,Y,Y,N,N,N,N,Y,N,N,N,N,N,N,N,N,Y,Y,N,Y,Y,N,N,N,N
4fad31d9e429,F22,QUARANTINE,Q15B,QUARANTINE_ADDL_CONFLICT_Q15B,459af0d7d91c,fc80a095c5ee,q_code,Y,Y,Y,Y,Y,Y,Y,Y,N,N,N,N,Y,N,N,N,N,N,N,N,N,Y,Y,Y,Y,Y,N,N,N,N
08c16e8c215c,F22,QUARANTINE,Q16,QUARANTINE_ADDL_CONFLICT_Q16,459af0d7d91c,9d9b4b667195,q_code,Y,Y,Y,Y,N,Y,Y,Y,N,N,N,N,Y,N,N,N,N,N,N,N,N,Y,Y,Y,Y,Y,N,N,N,N
9e1e585eeea6,F15,REPAIR,,REPAIR_F15_BLQ,f67c49c740b6,5598114a142c,blq_handling_policy,Y,Y,Y,Y,Y,Y,Y,Y,Y,N,N,N,Y,Y,N,N,N,N,N,N,N,N,N,N,Y,Y,N,N,N,N
d23a930885ce,F15,QUARANTINE,Q15B,QUARANTINE_ADDL_CONFLICT_Q15B,459af0d7d91c,fc80a095c5ee,q_code,Y,Y,Y,Y,Y,Y,Y,Y,N,N,N,N,Y,N,N,N,N,N,N,N,N,N,N,Y,Y,Y,N,N,N,N
4173886cc19c,F24,REPAIR,,REPAIR_F24_BLQ_CMTROLE,b0a07c38e805,0fb8c6d4335c,"analyte_role_declaration,blq_handling_policy,cmt_analyte_policy",Y,Y,Y,Y,Y,Y,Y,Y,Y,N,N,N,Y,Y,N,N,N,N,Y,N,N,Y,N,N,Y,Y,Y,N,N,N
1d2b7ae3ada9,F24,QUARANTINE,Q16,QUARANTINE_ADDL_CONFLICT_Q16,459af0d7d91c,9d9b4b667195,q_code,Y,Y,Y,Y,N,Y,Y,Y,N,N,N,N,Y,N,N,N,N,N,N,N,N,Y,N,N,Y,Y,N,N,N,N
86f9fae34025,F24,QUARANTINE,Q15B,QUARANTINE_ADDL_CONFLICT_Q15B,459af0d7d91c,fc80a095c5ee,q_code,Y,Y,Y,Y,Y,Y,Y,Y,N,N,N,N,Y,N,N,N,N,N,N,N,N,Y,N,Y,Y,Y,N,N,N,N
a134c1ca49b8,F24,QUARANTINE,Q16,QUARANTINE_ADDL_CONFLICT_Q16,459af0d7d91c,9d9b4b667195,q_code,Y,Y,Y,Y,N,Y,Y,Y,N,N,N,N,Y,N,N,N,N,N,N,N,N,Y,N,Y,Y,Y,N,N,N,N
8447aec3259e,F22,REPAIR,,REPAIR_F22_BLQ_DDIVP,f452000cd78c,1a93afeda678,"blq_handling_policy,cmt_analyte_policy,dual_cmt_policy",Y,Y,Y,Y,Y,Y,Y,Y,Y,N,N,N,Y,Y,N,N,N,N,Y,N,N,Y,Y,N,Y,Y,N,N,N,N
7841ceccd322,F22,QUARANTINE,Q16,QUARANTINE_ADDL_CONFLICT_Q16,459af0d7d91c,9d9b4b667195,q_code,Y,Y,Y,Y,N,Y,Y,Y,N,N,N,N,Y,N,N,N,N,N,N,N,N,Y,Y,N,Y,Y,N,N,N,N
fcbdfd5ed676,F22,QUARANTINE,Q15B,QUARANTINE_ADDL_CONFLICT_Q15B,459af0d7d91c,fc80a095c5ee,q_code,Y,Y,Y,Y,Y,Y,Y,Y,N,N,N,N,Y,N,N,N,N,N,N,N,N,Y,Y,Y,Y,Y,N,N,N,N
1d3dbcbf1363,F22,QUARANTINE,Q16,QUARANTINE_ADDL_CONFLICT_Q16,459af0d7d91c,9d9b4b667195,q_code,Y,Y,Y,Y,N,Y,Y,Y,N,N,N,N,Y,N,N,N,N,N,N,N,N,Y,Y,Y,Y,Y,N,N,N,N
3bfaf426b021,F15,QUARANTINE,Q15A,QUARANTINE_BIO_FINAL_FLAG_Q15A,459af0d7d91c,0ff39de5a52e,q_code,Y,Y,Y,Y,N,Y,Y,Y,N,N,N,N,Y,N,N,N,N,N,N,N,Y,N,N,N,Y,Y,N,N,N,N
0c17b96aa23e,F15,QUARANTINE,Q15A,QUARANTINE_BIO_FINAL_FLAG_Q15A,459af0d7d91c,0ff39de5a52e,q_code,Y,Y,Y,Y,N,Y,Y,Y,N,N,N,N,Y,N,N,N,N,N,N,N,Y,N,N,Y,Y,Y,N,N,N,N
988aa5120b76,F24,QUARANTINE,Q15A,QUARANTINE_BIO_FINAL_FLAG_Q15A,459af0d7d91c,0ff39de5a52e,q_code,Y,Y,Y,Y,N,Y,Y,Y,N,N,N,N,Y,N,N,N,N,N,N,N,Y,Y,N,N,Y,Y,N,N,N,N
74763a867359,F24,QUARANTINE,Q15A,QUARANTINE_BIO_FINAL_FLAG_Q15A,459af0d7d91c,0ff39de5a52e,q_code,Y,Y,Y,Y,N,Y,Y,Y,N,N,N,N,Y,N,N,N,N,N,N,N,Y,Y,N,N,Y,Y,N,N,N,N
250c3f2933d8,F24,QUARANTINE,Q15A,QUARANTINE_BIO_FINAL_FLAG_Q15A,459af0d7d91c,0ff39de5a52e,q_code,Y,Y,Y,Y,N,Y,Y,Y,N,N,N,N,Y,N,N,N,N,N,N,N,Y,Y,N,Y,Y,Y,N,N,N,N
ce95fc7edc10,F24,QUARANTINE,Q15A,QUARANTINE_BIO_FINAL_FLAG_Q15A,459af0d7d91c,0ff39de5a52e,q_code,Y,Y,Y,Y,N,Y,Y,Y,N,N,N,N,Y,N,N,N,N,N,N,N,Y,Y,N,Y,Y,Y,N,N,N,N
ab98b2474a5f,F22,QUARANTINE,Q15A,QUARANTINE_BIO_FINAL_FLAG_Q15A,459af0d7d91c,0ff39de5a52e,q_code,Y,Y,Y,Y,N,Y,Y,Y,N,N,N,N,Y,N,N,N,N,N,N,N,Y,Y,Y,N,Y,Y,N,N,N,N
011c624572e4,F22,QUARANTINE,Q15A,QUARANTINE_BIO_FINAL_FLAG_Q15A,459af0d7d91c,0ff39de5a52e,q_code,Y,Y,Y,Y,N,Y,Y,Y,N,N,N,N,Y,N,N,N,N,N,N,N,Y,Y,Y,N,Y,Y,N,N,N,N
397d38854c13,F22,QUARANTINE,Q15A,QUARANTINE_BIO_FINAL_FLAG_Q15A,459af0d7d91c,0ff39de5a52e,q_code,Y,Y,Y,Y,N,Y,Y,Y,N,N,N,N,Y,N,N,N,N,N,N,N,Y,Y,Y,Y,Y,Y,N,N,N,N
c67de1f76aab,F22,QUARANTINE,Q15A,QUARANTINE_BIO_FINAL_FLAG_Q15A,459af0d7d91c,0ff39de5a52e,q_code,Y,Y,Y,Y,N,Y,Y,Y,N,N,N,N,Y,N,N,N,N,N,N,N,Y,Y,Y,Y,Y,Y,N,N,N,N
5ccc0f2133f2,F15,AUTO,,AUTO_F15_BISPECIFIC,375dc3d886a9,44136fa355b3,,Y,Y,Y,Y,Y,Y,Y,Y,Y,N,N,N,Y,N,N,N,N,N,N,N,N,N,N,N,N,Y,N,N,N,N
552c1a12bf80,F15,QUARANTINE,Q15B,QUARANTINE_LEGACY_FLAG_UNDOC_Q15B,459af0d7d91c,fc80a095c5ee,q_code,Y,Y,Y,Y,Y,Y,Y,Y,N,N,N,N,Y,N,N,N,N,N,N,N,N,N,N,Y,N,Y,N,N,N,N
8b226299d4f8,F25,REPAIR,,REPAIR_F25_CMTROLE,067eec0a7a08,ea8fdc70131d,"analyte_role_declaration,cmt_analyte_policy",Y,Y,Y,Y,Y,Y,Y,Y,Y,N,N,N,Y,N,N,N,N,N,Y,N,N,Y,N,N,N,Y,Y,N,N,N
fdfec3cda36f,F25,QUARANTINE,Q16,QUARANTINE_ANALYTE_ROLE_MISSING_Q16,459af0d7d91c,9d9b4b667195,q_code,Y,Y,Y,Y,N,Y,Y,Y,N,N,N,N,Y,N,N,N,N,N,N,N,N,Y,N,N,N,Y,N,N,N,N
2dd93b6b11b1,F25,QUARANTINE,Q15B,QUARANTINE_LEGACY_FLAG_UNDOC_Q15B,459af0d7d91c,fc80a095c5ee,q_code,Y,Y,Y,Y,Y,Y,Y,Y,N,N,N,N,Y,N,N,N,N,N,N,N,N,Y,N,Y,N,Y,N,N,N,N
ec860b63771a,F25,QUARANTINE,Q16,QUARANTINE_ANALYTE_ROLE_MISSING_Q16,459af0d7d91c,9d9b4b667195,q_code,Y,Y,Y,Y,N,Y,Y,Y,N,N,N,N,Y,N,N,N,N,N,N,N,N,Y,N,Y,N,Y,N,N,N,N
2f8ec3002131,F22,REPAIR,,REPAIR_F22_DDIVP,9778a409567c,3b6e37a453cb,"cmt_analyte_policy,dual_cmt_policy",Y,Y,Y,Y,Y,Y,Y,Y,Y,N,N,N,Y,N,N,N,N,N,Y,N,N,Y,Y,N,N,Y,N,N,N,N
7e6088c5201e,F22,QUARANTINE,Q16,QUARANTINE_ANALYTE_ROLE_MISSING_Q16,459af0d7d91c,9d9b4b667195,q_code,Y,Y,Y,Y,N,Y,Y,Y,N,N,N,N,Y,N,N,N,N,N,N,N,N,Y,Y,N,N,Y,N,N,N,N
ce4b817b9b62,F22,QUARANTINE,Q15B,QUARANTINE_LEGACY_FLAG_UNDOC_Q15B,459af0d7d91c,fc80a095c5ee,q_code,Y,Y,Y,Y,Y,Y,Y,Y,N,N,N,N,Y,N,N,N,N,N,N,N,N,Y,Y,Y,N,Y,N,N,N,N
76cb4a0e82af,F22,QUARANTINE,Q16,QUARANTINE_ANALYTE_ROLE_MISSING_Q16,459af0d7d91c,9d9b4b667195,q_code,Y,Y,Y,Y,N,Y,Y,Y,N,N,N,N,Y,N,N,N,N,N,N,N,N,Y,Y,Y,N,Y,N,N,N,N
25a605bcdf75,F15,REPAIR,,REPAIR_F15_BLQ,f67c49c740b6,5598114a142c,blq_handling_policy,Y,Y,Y,Y,Y,Y,Y,Y,Y,N,N,N,Y,Y,N,N,N,N,N,N,N,N,N,N,N,Y,N,N,N,N
f4b857f8cf09,F15,QUARANTINE,Q15B,QUARANTINE_LEGACY_FLAG_UNDOC_Q15B,459af0d7d91c,fc80a095c5ee,q_code,Y,Y,Y,Y,Y,Y,Y,Y,N,N,N,N,Y,N,N,N,N,N,N,N,N,N,N,Y,N,Y,N,N,N,N
8df8e345cdf3,F25,REPAIR,,REPAIR_F25_BLQ_CMTROLE,b0a07c38e805,4bdf45aaf340,"analyte_role_declaration,blq_handling_policy,cmt_analyte_policy",Y,Y,Y,Y,Y,Y,Y,Y,Y,N,N,N,Y,Y,N,N,N,N,Y,N,N,Y,N,N,N,Y,Y,N,N,N
d4222e4790e2,F25,QUARANTINE,Q16,QUARANTINE_ANALYTE_ROLE_MISSING_Q16,459af0d7d91c,9d9b4b667195,q_code,Y,Y,Y,Y,N,Y,Y,Y,N,N,N,N,Y,N,N,N,N,N,N,N,N,Y,N,N,N,Y,N,N,N,N
9f0320364b70,F25,QUARANTINE,Q15B,QUARANTINE_LEGACY_FLAG_UNDOC_Q15B,459af0d7d91c,fc80a095c5ee,q_code,Y,Y,Y,Y,Y,Y,Y,Y,N,N,N,N,Y,N,N,N,N,N,N,N,N,Y,N,Y,N,Y,N,N,N,N
66ab053d8eb6,F25,QUARANTINE,Q16,QUARANTINE_ANALYTE_ROLE_MISSING_Q16,459af0d7d91c,9d9b4b667195,q_code,Y,Y,Y,Y,N,Y,Y,Y,N,N,N,N,Y,N,N,N,N,N,N,N,N,Y,N,Y,N,Y,N,N,N,N
7db89e1a3bd9,F22,REPAIR,,REPAIR_F22_BLQ_DDIVP,f452000cd78c,1a93afeda678,"blq_handling_policy,cmt_analyte_policy,dual_cmt_policy",Y,Y,Y,Y,Y,Y,Y,Y,Y,N,N,N,Y,Y,N,N,N,N,Y,N,N,Y,Y,N,N,Y,N,N,N,N
cacbe9bd8f48,F22,QUARANTINE,Q16,QUARANTINE_ANALYTE_ROLE_MISSING_Q16,459af0d7d91c,9d9b4b667195,q_code,Y,Y,Y,Y,N,Y,Y,Y,N,N,N,N,Y,N,N,N,N,N,N,N,N,Y,Y,N,N,Y,N,N,N,N
c7b30bf9687a,F22,QUARANTINE,Q15B,QUARANTINE_LEGACY_FLAG_UNDOC_Q15B,459af0d7d91c,fc80a095c5ee,q_code,Y,Y,Y,Y,Y,Y,Y,Y,N,N,N,N,Y,N,N,N,N,N,N,N,N,Y,Y,Y,N,Y,N,N,N,N
a28ceaa4191c,F22,QUARANTINE,Q16,QUARANTINE_ANALYTE_ROLE_MISSING_Q16,459af0d7d91c,9d9b4b667195,q_code,Y,Y,Y,Y,N,Y,Y,Y,N,N,N,N,Y,N,N,N,N,N,N,N,N,Y,Y,Y,N,Y,N,N,N,N
ca5c0c419f25,F15,QUARANTINE,Q15A,QUARANTINE_BIO_FINAL_FLAG_Q15A,459af0d7d91c,0ff39de5a52e,q_code,Y,Y,Y,Y,N,Y,Y,Y,N,N,N,N,Y,N,N,N,N,N,N,N,Y,N,N,N,N,Y,N,N,N,N
4d1d6fde94ca,F15,QUARANTINE,Q15A,QUARANTINE_BIO_FINAL_FLAG_Q15A,459af0d7d91c,0ff39de5a52e,q_code,Y,Y,Y,Y,N,Y,Y,Y,N,N,N,N,Y,N,N,N,N,N,N,N,Y,N,N,Y,N,Y,N,N,N,N
cc2fe8c113be,F25,QUARANTINE,Q15A,QUARANTINE_BIO_FINAL_FLAG_Q15A,459af0d7d91c,0ff39de5a52e,q_code,Y,Y,Y,Y,N,Y,Y,Y,N,N,N,N,Y,N,N,N,N,N,N,N,Y,Y,N,N,N,Y,N,N,N,N
a13cced827cc,F25,QUARANTINE,Q15A,QUARANTINE_BIO_FINAL_FLAG_Q15A,459af0d7d91c,0ff39de5a52e,q_code,Y,Y,Y,Y,N,Y,Y,Y,N,N,N,N,Y,N,N,N,N,N,N,N,Y,Y,N,N,N,Y,N,N,N,N
3849adfc7b88,F25,QUARANTINE,Q15A,QUARANTINE_BIO_FINAL_FLAG_Q15A,459af0d7d91c,0ff39de5a52e,q_code,Y,Y,Y,Y,N,Y,Y,Y,N,N,N,N,Y,N,N,N,N,N,N,N,Y,Y,N,Y,N,Y,N,N,N,N
d443e7465059,F25,QUARANTINE,Q15A,QUARANTINE_BIO_FINAL_FLAG_Q15A,459af0d7d91c,0ff39de5a52e,q_code,Y,Y,Y,Y,N,Y,Y,Y,N,N,N,N,Y,N,N,N,N,N,N,N,Y,Y,N,Y,N,Y,N,N,N,N
e6273a86b81b,F22,QUARANTINE,Q15A,QUARANTINE_BIO_FINAL_FLAG_Q15A,459af0d7d91c,0ff39de5a52e,q_code,Y,Y,Y,Y,N,Y,Y,Y,N,N,N,N,Y,N,N,N,N,N,N,N,Y,Y,Y,N,N,Y,N,N,N,N
7bfdb9928f0d,F22,QUARANTINE,Q15A,QUARANTINE_BIO_FINAL_FLAG_Q15A,459af0d7d91c,0ff39de5a52e,q_code,Y,Y,Y,Y,N,Y,Y,Y,N,N,N,N,Y,N,N,N,N,N,N,N,Y,Y,Y,N,N,Y,N,N,N,N
7641d2a5e233,F22,QUARANTINE,Q15A,QUARANTINE_BIO_FINAL_FLAG_Q15A,459af0d7d91c,0ff39de5a52e,q_code,Y,Y,Y,Y,N,Y,Y,Y,N,N,N,N,Y,N,N,N,N,N,N,N,Y,Y,Y,Y,N,Y,N,N,N,N
5791baa89b82,F22,QUARANTINE,Q15A,QUARANTINE_BIO_FINAL_FLAG_Q15A,459af0d7d91c,0ff39de5a52e,q_code,Y,Y,Y,Y,N,Y,Y,Y,N,N,N,N,Y,N,N,N,N,N,N,N,Y,Y,Y,Y,N,Y,N,N,N,N
b75e710d7842,F15,AUTO,,AUTO_F15_BISPECIFIC,375dc3d886a9,44136fa355b3,,Y,Y,Y,Y,Y,Y,Y,Y,Y,N,N,N,Y,N,N,N,N,N,N,N,N,N,N,N,Y,Y,N,N,N,N
e8d058c01d03,F15,QUARANTINE,Q15B,QUARANTINE_ADDL_CONFLICT_Q15B,459af0d7d91c,fc80a095c5ee,q_code,Y,Y,Y,Y,Y,Y,Y,Y,N,N,N,N,Y,N,N,N,N,N,N,N,N,N,N,Y,Y,Y,N,N,N,N
fce38c35db9b,F25,REPAIR,,REPAIR_F25_CMTROLE,067eec0a7a08,ea8fdc70131d,"analyte_role_declaration,cmt_analyte_policy",Y,Y,Y,Y,Y,Y,Y,Y,Y,N,N,N,Y,N,N,N,N,N,Y,N,N,Y,N,N,Y,Y,Y,N,N,N
d24010f9daee,F25,QUARANTINE,Q16,QUARANTINE_ADDL_CONFLICT_Q16,459af0d7d91c,9d9b4b667195,q_code,Y,Y,Y,Y,N,Y,Y,Y,N,N,N,N,Y,N,N,N,N,N,N,N,N,Y,N,N,Y,Y,N,N,N,N
28b024e9765f,F25,QUARANTINE,Q15B,QUARANTINE_ADDL_CONFLICT_Q15B,459af0d7d91c,fc80a095c5ee,q_code,Y,Y,Y,Y,Y,Y,Y,Y,N,N,N,N,Y,N,N,N,N,N,N,N,N,Y,N,Y,Y,Y,N,N,N,N
6c0c8c24af4b,F25,QUARANTINE,Q16,QUARANTINE_ADDL_CONFLICT_Q16,459af0d7d91c,9d9b4b667195,q_code,Y,Y,Y,Y,N,Y,Y,Y,N,N,N,N,Y,N,N,N,N,N,N,N,N,Y,N,Y,Y,Y,N,N,N,N
87f7c4267ab1,F22,REPAIR,,REPAIR_F22_DDIVP,9778a409567c,3b6e37a453cb,"cmt_analyte_policy,dual_cmt_policy",Y,Y,Y,Y,Y,Y,Y,Y,Y,N,N,N,Y,N,N,N,N,N,Y,N,N,Y,Y,N,Y,Y,N,N,N,N
fb1d9e89f449,F22,QUARANTINE,Q16,QUARANTINE_ADDL_CONFLICT_Q16,459af0d7d91c,9d9b4b667195,q_code,Y,Y,Y,Y,N,Y,Y,Y,N,N,N,N,Y,N,N,N,N,N,N,N,N,Y,Y,N,Y,Y,N,N,N,N
71ad656ed0d1,F22,QUARANTINE,Q15B,QUARANTINE_ADDL_CONFLICT_Q15B,459af0d7d91c,fc80a095c5ee,q_code,Y,Y,Y,Y,Y,Y,Y,Y,N,N,N,N,Y,N,N,N,N,N,N,N,N,Y,Y,Y,Y,Y,N,N,N,N
8ede937ef80f,F22,QUARANTINE,Q16,QUARANTINE_ADDL_CONFLICT_Q16,459af0d7d91c,9d9b4b667195,q_code,Y,Y,Y,Y,N,Y,Y,Y,N,N,N,N,Y,N,N,N,N,N,N,N,N,Y,Y,Y,Y,Y,N,N,N,N
92c7fe24b2f2,F15,REPAIR,,REPAIR_F15_BLQ,f67c49c740b6,5598114a142c,blq_handling_policy,Y,Y,Y,Y,Y,Y,Y,Y,Y,N,N,N,Y,Y,N,N,N,N,N,N,N,N,N,N,Y,Y,N,N,N,N
8a3b9a050a11,F15,QUARANTINE,Q15B,QUARANTINE_ADDL_CONFLICT_Q15B,459af0d7d91c,fc80a095c5ee,q_code,Y,Y,Y,Y,Y,Y,Y,Y,N,N,N,N,Y,N,N,N,N,N,N,N,N,N,N,Y,Y,Y,N,N,N,N
04829044620a,F25,REPAIR,,REPAIR_F25_BLQ_CMTROLE,b0a07c38e805,4bdf45aaf340,"analyte_role_declaration,blq_handling_policy,cmt_analyte_policy",Y,Y,Y,Y,Y,Y,Y,Y,Y,N,N,N,Y,Y,N,N,N,N,Y,N,N,Y,N,N,Y,Y,Y,N,N,N
d45738ae624c,F25,QUARANTINE,Q16,QUARANTINE_ADDL_CONFLICT_Q16,459af0d7d91c,9d9b4b667195,q_code,Y,Y,Y,Y,N,Y,Y,Y,N,N,N,N,Y,N,N,N,N,N,N,N,N,Y,N,N,Y,Y,N,N,N,N
4857b3c56bbf,F25,QUARANTINE,Q15B,QUARANTINE_ADDL_CONFLICT_Q15B,459af0d7d91c,fc80a095c5ee,q_code,Y,Y,Y,Y,Y,Y,Y,Y,N,N,N,N,Y,N,N,N,N,N,N,N,N,Y,N,Y,Y,Y,N,N,N,N
2bb47f5c39ea,F25,QUARANTINE,Q16,QUARANTINE_ADDL_CONFLICT_Q16,459af0d7d91c,9d9b4b667195,q_code,Y,Y,Y,Y,N,Y,Y,Y,N,N,N,N,Y,N,N,N,N,N,N,N,N,Y,N,Y,Y,Y,N,N,N,N
edd35aebecfa,F22,REPAIR,,REPAIR_F22_BLQ_DDIVP,f452000cd78c,1a93afeda678,"blq_handling_policy,cmt_analyte_policy,dual_cmt_policy",Y,Y,Y,Y,Y,Y,Y,Y,Y,N,N,N,Y,Y,N,N,N,N,Y,N,N,Y,Y,N,Y,Y,N,N,N,N
b69fde419958,F22,QUARANTINE,Q16,QUARANTINE_ADDL_CONFLICT_Q16,459af0d7d91c,9d9b4b667195,q_code,Y,Y,Y,Y,N,Y,Y,Y,N,N,N,N,Y,N,N,N,N,N,N,N,N,Y,Y,N,Y,Y,N,N,N,N
58d1eed1ed33,F22,QUARANTINE,Q15B,QUARANTINE_ADDL_CONFLICT_Q15B,459af0d7d91c,fc80a095c5ee,q_code,Y,Y,Y,Y,Y,Y,Y,Y,N,N,N,N,Y,N,N,N,N,N,N,N,N,Y,Y,Y,Y,Y,N,N,N,N
71921b02fb7e,F22,QUARANTINE,Q16,QUARANTINE_ADDL_CONFLICT_Q16,459af0d7d91c,9d9b4b667195,q_code,Y,Y,Y,Y,N,Y,Y,Y,N,N,N,N,Y,N,N,N,N,N,N,N,N,Y,Y,Y,Y,Y,N,N,N,N
3fc92dc06209,F15,QUARANTINE,Q15A,QUARANTINE_BIO_FINAL_FLAG_Q15A,459af0d7d91c,0ff39de5a52e,q_code,Y,Y,Y,Y,N,Y,Y,Y,N,N,N,N,Y,N,N,N,N,N,N,N,Y,N,N,N,Y,Y,N,N,N,N
4cfc48a0cd99,F15,QUARANTINE,Q15A,QUARANTINE_BIO_FINAL_FLAG_Q15A,459af0d7d91c,0ff39de5a52e,q_code,Y,Y,Y,Y,N,Y,Y,Y,N,N,N,N,Y,N,N,N,N,N,N,N,Y,N,N,Y,Y,Y,N,N,N,N
bbdc560b6596,F25,QUARANTINE,Q15A,QUARANTINE_BIO_FINAL_FLAG_Q15A,459af0d7d91c,0ff39de5a52e,q_code,Y,Y,Y,Y,N,Y,Y,Y,N,N,N,N,Y,N,N,N,N,N,N,N,Y,Y,N,N,Y,Y,N,N,N,N
f0a6206d5903,F25,QUARANTINE,Q15A,QUARANTINE_BIO_FINAL_FLAG_Q15A,459af0d7d91c,0ff39de5a52e,q_code,Y,Y,Y,Y,N,Y,Y,Y,N,N,N,N,Y,N,N,N,N,N,N,N,Y,Y,N,N,Y,Y,N,N,N,N
994f9b1d7f15,F25,QUARANTINE,Q15A,QUARANTINE_BIO_FINAL_FLAG_Q15A,459af0d7d91c,0ff39de5a52e,q_code,Y,Y,Y,Y,N,Y,Y,Y,N,N,N,N,Y,N,N,N,N,N,N,N,Y,Y,N,Y,Y,Y,N,N,N,N
16c161d136e7,F25,QUARANTINE,Q15A,QUARANTINE_BIO_FINAL_FLAG_Q15A,459af0d7d91c,0ff39de5a52e,q_code,Y,Y,Y,Y,N,Y,Y,Y,N,N,N,N,Y,N,N,N,N,N,N,N,Y,Y,N,Y,Y,Y,N,N,N,N
e37022be0da1,F22,QUARANTINE,Q15A,QUARANTINE_BIO_FINAL_FLAG_Q15A,459af0d7d91c,0ff39de5a52e,q_code,Y,Y,Y,Y,N,Y,Y,Y,N,N,N,N,Y,N,N,N,N,N,N,N,Y,Y,Y,N,Y,Y,N,N,N,N
b557e1fbf723,F22,QUARANTINE,Q15A,QUARANTINE_BIO_FINAL_FLAG_Q15A,459af0d7d91c,0ff39de5a52e,q_code,Y,Y,Y,Y,N,Y,Y,Y,N,N,N,N,Y,N,N,N,N,N,N,N,Y,Y,Y,N,Y,Y,N,N,N,N
f4fae48fbb3a,F22,QUARANTINE,Q15A,QUARANTINE_BIO_FINAL_FLAG_Q15A,459af0d7d91c,0ff39de5a52e,q_code,Y,Y,Y,Y,N,Y,Y,Y,N,N,N,N,Y,N,N,N,N,N,N,N,Y,Y,Y,Y,Y,Y,N,N,N,N
3b7780188dee,F22,QUARANTINE,Q15A,QUARANTINE_BIO_FINAL_FLAG_Q15A,459af0d7d91c,0ff39de5a52e,q_code,Y,Y,Y,Y,N,Y,Y,Y,N,N,N,N,Y,N,N,N,N,N,N,N,Y,Y,Y,Y,Y,Y,N,N,N,N
28ae152d0a87,F15,AUTO,,AUTO_F15_CELL_THERAPY,375dc3d886a9,44136fa355b3,,Y,Y,Y,Y,Y,Y,Y,Y,Y,N,N,N,Y,N,N,N,N,N,N,N,N,N,N,N,N,Y,N,N,N,N
438c485ad3cc,F15,QUARANTINE,Q15B,QUARANTINE_LEGACY_FLAG_UNDOC_Q15B,459af0d7d91c,fc80a095c5ee,q_code,Y,Y,Y,Y,Y,Y,Y,Y,N,N,N,N,Y,N,N,N,N,N,N,N,N,N,N,Y,N,Y,N,N,N,N
2bfb0b130085,F15,REPAIR,,REPAIR_F15_CMTROLE,067eec0a7a08,f60410e849b7,"analyte_role_declaration,cmt_analyte_policy",Y,Y,Y,Y,Y,Y,Y,Y,Y,N,N,N,Y,N,N,N,N,N,Y,N,N,Y,N,N,N,Y,Y,N,N,N
d187f01cf063,F15,QUARANTINE,Q16,QUARANTINE_ANALYTE_ROLE_MISSING_Q16,459af0d7d91c,9d9b4b667195,q_code,Y,Y,Y,Y,N,Y,Y,Y,N,N,N,N,Y,N,N,N,N,N,N,N,N,Y,N,N,N,Y,N,N,N,N
fe3b4bc8ed7c,F15,QUARANTINE,Q15B,QUARANTINE_LEGACY_FLAG_UNDOC_Q15B,459af0d7d91c,fc80a095c5ee,q_code,Y,Y,Y,Y,Y,Y,Y,Y,N,N,N,N,Y,N,N,N,N,N,N,N,N,Y,N,Y,N,Y,N,N,N,N
63d8e6ae2ed1,F15,QUARANTINE,Q16,QUARANTINE_ANALYTE_ROLE_MISSING_Q16,459af0d7d91c,9d9b4b667195,q_code,Y,Y,Y,Y,N,Y,Y,Y,N,N,N,N,Y,N,N,N,N,N,N,N,N,Y,N,Y,N,Y,N,N,N,N
e443af72137b,F22,REPAIR,,REPAIR_F22_DDIVP,9778a409567c,3b6e37a453cb,"cmt_analyte_policy,dual_cmt_policy",Y,Y,Y,Y,Y,Y,Y,Y,Y,N,N,N,Y,N,N,N,N,N,Y,N,N,Y,Y,N,N,Y,N,N,N,N
b32771b13900,F22,QUARANTINE,Q16,QUARANTINE_ANALYTE_ROLE_MISSING_Q16,459af0d7d91c,9d9b4b667195,q_code,Y,Y,Y,Y,N,Y,Y,Y,N,N,N,N,Y,N,N,N,N,N,N,N,N,Y,Y,N,N,Y,N,N,N,N
ab19b9a2eaab,F22,QUARANTINE,Q15B,QUARANTINE_LEGACY_FLAG_UNDOC_Q15B,459af0d7d91c,fc80a095c5ee,q_code,Y,Y,Y,Y,Y,Y,Y,Y,N,N,N,N,Y,N,N,N,N,N,N,N,N,Y,Y,Y,N,Y,N,N,N,N
19d987e01077,F22,QUARANTINE,Q16,QUARANTINE_ANALYTE_ROLE_MISSING_Q16,459af0d7d91c,9d9b4b667195,q_code,Y,Y,Y,Y,N,Y,Y,Y,N,N,N,N,Y,N,N,N,N,N,N,N,N,Y,Y,Y,N,Y,N,N,N,N
ed300f6c0f85,F15,REPAIR,,REPAIR_F15_BLQ,f67c49c740b6,5598114a142c,blq_handling_policy,Y,Y,Y,Y,Y,Y,Y,Y,Y,N,N,N,Y,Y,N,N,N,N,N,N,N,N,N,N,N,Y,N,N,N,N
3209b37f89f8,F15,QUARANTINE,Q15B,QUARANTINE_LEGACY_FLAG_UNDOC_Q15B,459af0d7d91c,fc80a095c5ee,q_code,Y,Y,Y,Y,Y,Y,Y,Y,N,N,N,N,Y,N,N,N,N,N,N,N,N,N,N,Y,N,Y,N,N,N,N
ba6caabaf2e6,F15,REPAIR,,REPAIR_F15_BLQ_CMTROLE,b0a07c38e805,edd44a84e2e5,"analyte_role_declaration,blq_handling_policy,cmt_analyte_policy",Y,Y,Y,Y,Y,Y,Y,Y,Y,N,N,N,Y,Y,N,N,N,N,Y,N,N,Y,N,N,N,Y,Y,N,N,N
523f309d9169,F15,QUARANTINE,Q16,QUARANTINE_ANALYTE_ROLE_MISSING_Q16,459af0d7d91c,9d9b4b667195,q_code,Y,Y,Y,Y,N,Y,Y,Y,N,N,N,N,Y,N,N,N,N,N,N,N,N,Y,N,N,N,Y,N,N,N,N
f9d383180134,F15,QUARANTINE,Q15B,QUARANTINE_LEGACY_FLAG_UNDOC_Q15B,459af0d7d91c,fc80a095c5ee,q_code,Y,Y,Y,Y,Y,Y,Y,Y,N,N,N,N,Y,N,N,N,N,N,N,N,N,Y,N,Y,N,Y,N,N,N,N
6553cf5f7584,F15,QUARANTINE,Q16,QUARANTINE_ANALYTE_ROLE_MISSING_Q16,459af0d7d91c,9d9b4b667195,q_code,Y,Y,Y,Y,N,Y,Y,Y,N,N,N,N,Y,N,N,N,N,N,N,N,N,Y,N,Y,N,Y,N,N,N,N
6fb532b0fa5b,F22,REPAIR,,REPAIR_F22_BLQ_DDIVP,f452000cd78c,1a93afeda678,"blq_handling_policy,cmt_analyte_policy,dual_cmt_policy",Y,Y,Y,Y,Y,Y,Y,Y,Y,N,N,N,Y,Y,N,N,N,N,Y,N,N,Y,Y,N,N,Y,N,N,N,N
b178032f88e2,F22,QUARANTINE,Q16,QUARANTINE_ANALYTE_ROLE_MISSING_Q16,459af0d7d91c,9d9b4b667195,q_code,Y,Y,Y,Y,N,Y,Y,Y,N,N,N,N,Y,N,N,N,N,N,N,N,N,Y,Y,N,N,Y,N,N,N,N
4e13a14deb0a,F22,QUARANTINE,Q15B,QUARANTINE_LEGACY_FLAG_UNDOC_Q15B,459af0d7d91c,fc80a095c5ee,q_code,Y,Y,Y,Y,Y,Y,Y,Y,N,N,N,N,Y,N,N,N,N,N,N,N,N,Y,Y,Y,N,Y,N,N,N,N
5583f36598a2,F22,QUARANTINE,Q16,QUARANTINE_ANALYTE_ROLE_MISSING_Q16,459af0d7d91c,9d9b4b667195,q_code,Y,Y,Y,Y,N,Y,Y,Y,N,N,N,N,Y,N,N,N,N,N,N,N,N,Y,Y,Y,N,Y,N,N,N,N
82ea663c9b2c,F15,QUARANTINE,Q15A,QUARANTINE_BIO_FINAL_FLAG_Q15A,459af0d7d91c,0ff39de5a52e,q_code,Y,Y,Y,Y,N,Y,Y,Y,N,N,N,N,Y,N,N,N,N,N,N,N,Y,N,N,N,N,Y,N,N,N,N
48e12d4eb1db,F15,QUARANTINE,Q15A,QUARANTINE_BIO_FINAL_FLAG_Q15A,459af0d7d91c,0ff39de5a52e,q_code,Y,Y,Y,Y,N,Y,Y,Y,N,N,N,N,Y,N,N,N,N,N,N,N,Y,N,N,Y,N,Y,N,N,N,N
e72ccefc827b,F15,QUARANTINE,Q15A,QUARANTINE_BIO_FINAL_FLAG_Q15A,459af0d7d91c,0ff39de5a52e,q_code,Y,Y,Y,Y,N,Y,Y,Y,N,N,N,N,Y,N,N,N,N,N,N,N,Y,Y,N,N,N,Y,N,N,N,N
d9f67a2cfdaa,F15,QUARANTINE,Q15A,QUARANTINE_BIO_FINAL_FLAG_Q15A,459af0d7d91c,0ff39de5a52e,q_code,Y,Y,Y,Y,N,Y,Y,Y,N,N,N,N,Y,N,N,N,N,N,N,N,Y,Y,N,N,N,Y,N,N,N,N
d07da8982652,F15,QUARANTINE,Q15A,QUARANTINE_BIO_FINAL_FLAG_Q15A,459af0d7d91c,0ff39de5a52e,q_code,Y,Y,Y,Y,N,Y,Y,Y,N,N,N,N,Y,N,N,N,N,N,N,N,Y,Y,N,Y,N,Y,N,N,N,N
017d41246ccf,F15,QUARANTINE,Q15A,QUARANTINE_BIO_FINAL_FLAG_Q15A,459af0d7d91c,0ff39de5a52e,q_code,Y,Y,Y,Y,N,Y,Y,Y,N,N,N,N,Y,N,N,N,N,N,N,N,Y,Y,N,Y,N,Y,N,N,N,N
3dedb356cccb,F22,QUARANTINE,Q15A,QUARANTINE_BIO_FINAL_FLAG_Q15A,459af0d7d91c,0ff39de5a52e,q_code,Y,Y,Y,Y,N,Y,Y,Y,N,N,N,N,Y,N,N,N,N,N,N,N,Y,Y,Y,N,N,Y,N,N,N,N
44cba72b5bf1,F22,QUARANTINE,Q15A,QUARANTINE_BIO_FINAL_FLAG_Q15A,459af0d7d91c,0ff39de5a52e,q_code,Y,Y,Y,Y,N,Y,Y,Y,N,N,N,N,Y,N,N,N,N,N,N,N,Y,Y,Y,N,N,Y,N,N,N,N
9b3c832e43f0,F22,QUARANTINE,Q15A,QUARANTINE_BIO_FINAL_FLAG_Q15A,459af0d7d91c,0ff39de5a52e,q_code,Y,Y,Y,Y,N,Y,Y,Y,N,N,N,N,Y,N,N,N,N,N,N,N,Y,Y,Y,Y,N,Y,N,N,N,N
ffa4f0f0d834,F22,QUARANTINE,Q15A,QUARANTINE_BIO_FINAL_FLAG_Q15A,459af0d7d91c,0ff39de5a52e,q_code,Y,Y,Y,Y,N,Y,Y,Y,N,N,N,N,Y,N,N,N,N,N,N,N,Y,Y,Y,Y,N,Y,N,N,N,N
94dd26d379d0,F15,AUTO,,AUTO_F15_CELL_THERAPY,375dc3d886a9,44136fa355b3,,Y,Y,Y,Y,Y,Y,Y,Y,Y,N,N,N,Y,N,N,N,N,N,N,N,N,N,N,N,Y,Y,N,N,N,N
43e8153da7b5,F15,QUARANTINE,Q15B,QUARANTINE_ADDL_CONFLICT_Q15B,459af0d7d91c,fc80a095c5ee,q_code,Y,Y,Y,Y,Y,Y,Y,Y,N,N,N,N,Y,N,N,N,N,N,N,N,N,N,N,Y,Y,Y,N,N,N,N
1aef5c861fde,F15,REPAIR,,REPAIR_F15_CMTROLE,067eec0a7a08,f60410e849b7,"analyte_role_declaration,cmt_analyte_policy",Y,Y,Y,Y,Y,Y,Y,Y,Y,N,N,N,Y,N,N,N,N,N,Y,N,N,Y,N,N,Y,Y,Y,N,N,N
505b4489125e,F15,QUARANTINE,Q16,QUARANTINE_ADDL_CONFLICT_Q16,459af0d7d91c,9d9b4b667195,q_code,Y,Y,Y,Y,N,Y,Y,Y,N,N,N,N,Y,N,N,N,N,N,N,N,N,Y,N,N,Y,Y,N,N,N,N
06b9cca2e29b,F15,QUARANTINE,Q15B,QUARANTINE_ADDL_CONFLICT_Q15B,459af0d7d91c,fc80a095c5ee,q_code,Y,Y,Y,Y,Y,Y,Y,Y,N,N,N,N,Y,N,N,N,N,N,N,N,N,Y,N,Y,Y,Y,N,N,N,N
bdb1b7ae5317,F15,QUARANTINE,Q16,QUARANTINE_ADDL_CONFLICT_Q16,459af0d7d91c,9d9b4b667195,q_code,Y,Y,Y,Y,N,Y,Y,Y,N,N,N,N,Y,N,N,N,N,N,N,N,N,Y,N,Y,Y,Y,N,N,N,N
39c74c5ce391,F22,REPAIR,,REPAIR_F22_DDIVP,9778a409567c,3b6e37a453cb,"cmt_analyte_policy,dual_cmt_policy",Y,Y,Y,Y,Y,Y,Y,Y,Y,N,N,N,Y,N,N,N,N,N,Y,N,N,Y,Y,N,Y,Y,N,N,N,N
5a91e5550fa6,F22,QUARANTINE,Q16,QUARANTINE_ADDL_CONFLICT_Q16,459af0d7d91c,9d9b4b667195,q_code,Y,Y,Y,Y,N,Y,Y,Y,N,N,N,N,Y,N,N,N,N,N,N,N,N,Y,Y,N,Y,Y,N,N,N,N
dbc9a886fb76,F22,QUARANTINE,Q15B,QUARANTINE_ADDL_CONFLICT_Q15B,459af0d7d91c,fc80a095c5ee,q_code,Y,Y,Y,Y,Y,Y,Y,Y,N,N,N,N,Y,N,N,N,N,N,N,N,N,Y,Y,Y,Y,Y,N,N,N,N
a22357fa5697,F22,QUARANTINE,Q16,QUARANTINE_ADDL_CONFLICT_Q16,459af0d7d91c,9d9b4b667195,q_code,Y,Y,Y,Y,N,Y,Y,Y,N,N,N,N,Y,N,N,N,N,N,N,N,N,Y,Y,Y,Y,Y,N,N,N,N
a50cad137e90,F15,REPAIR,,REPAIR_F15_BLQ,f67c49c740b6,5598114a142c,blq_handling_policy,Y,Y,Y,Y,Y,Y,Y,Y,Y,N,N,N,Y,Y,N,N,N,N,N,N,N,N,N,N,Y,Y,N,N,N,N
1f6a4c0c9613,F15,QUARANTINE,Q15B,QUARANTINE_ADDL_CONFLICT_Q15B,459af0d7d91c,fc80a095c5ee,q_code,Y,Y,Y,Y,Y,Y,Y,Y,N,N,N,N,Y,N,N,N,N,N,N,N,N,N,N,Y,Y,Y,N,N,N,N
9b7b84c8edb9,F15,REPAIR,,REPAIR_F15_BLQ_CMTROLE,b0a07c38e805,edd44a84e2e5,"analyte_role_declaration,blq_handling_policy,cmt_analyte_policy",Y,Y,Y,Y,Y,Y,Y,Y,Y,N,N,N,Y,Y,N,N,N,N,Y,N,N,Y,N,N,Y,Y,Y,N,N,N
664f15702b2a,F15,QUARANTINE,Q16,QUARANTINE_ADDL_CONFLICT_Q16,459af0d7d91c,9d9b4b667195,q_code,Y,Y,Y,Y,N,Y,Y,Y,N,N,N,N,Y,N,N,N,N,N,N,N,N,Y,N,N,Y,Y,N,N,N,N
f42eee2c8ff2,F15,QUARANTINE,Q15B,QUARANTINE_ADDL_CONFLICT_Q15B,459af0d7d91c,fc80a095c5ee,q_code,Y,Y,Y,Y,Y,Y,Y,Y,N,N,N,N,Y,N,N,N,N,N,N,N,N,Y,N,Y,Y,Y,N,N,N,N
4d83d4f09dc5,F15,QUARANTINE,Q16,QUARANTINE_ADDL_CONFLICT_Q16,459af0d7d91c,9d9b4b667195,q_code,Y,Y,Y,Y,N,Y,Y,Y,N,N,N,N,Y,N,N,N,N,N,N,N,N,Y,N,Y,Y,Y,N,N,N,N
9a5832413ed4,F22,REPAIR,,REPAIR_F22_BLQ_DDIVP,f452000cd78c,1a93afeda678,"blq_handling_policy,cmt_analyte_policy,dual_cmt_policy",Y,Y,Y,Y,Y,Y,Y,Y,Y,N,N,N,Y,Y,N,N,N,N,Y,N,N,Y,Y,N,Y,Y,N,N,N,N
01d5b15d2b93,F22,QUARANTINE,Q16,QUARANTINE_ADDL_CONFLICT_Q16,459af0d7d91c,9d9b4b667195,q_code,Y,Y,Y,Y,N,Y,Y,Y,N,N,N,N,Y,N,N,N,N,N,N,N,N,Y,Y,N,Y,Y,N,N,N,N
2e6249821bd0,F22,QUARANTINE,Q15B,QUARANTINE_ADDL_CONFLICT_Q15B,459af0d7d91c,fc80a095c5ee,q_code,Y,Y,Y,Y,Y,Y,Y,Y,N,N,N,N,Y,N,N,N,N,N,N,N,N,Y,Y,Y,Y,Y,N,N,N,N
f920e39ef5a8,F22,QUARANTINE,Q16,QUARANTINE_ADDL_CONFLICT_Q16,459af0d7d91c,9d9b4b667195,q_code,Y,Y,Y,Y,N,Y,Y,Y,N,N,N,N,Y,N,N,N,N,N,N,N,N,Y,Y,Y,Y,Y,N,N,N,N
91bbf217b060,F15,QUARANTINE,Q15A,QUARANTINE_BIO_FINAL_FLAG_Q15A,459af0d7d91c,0ff39de5a52e,q_code,Y,Y,Y,Y,N,Y,Y,Y,N,N,N,N,Y,N,N,N,N,N,N,N,Y,N,N,N,Y,Y,N,N,N,N
89b3e25c5463,F15,QUARANTINE,Q15A,QUARANTINE_BIO_FINAL_FLAG_Q15A,459af0d7d91c,0ff39de5a52e,q_code,Y,Y,Y,Y,N,Y,Y,Y,N,N,N,N,Y,N,N,N,N,N,N,N,Y,N,N,Y,Y,Y,N,N,N,N
4131cda93783,F15,QUARANTINE,Q15A,QUARANTINE_BIO_FINAL_FLAG_Q15A,459af0d7d91c,0ff39de5a52e,q_code,Y,Y,Y,Y,N,Y,Y,Y,N,N,N,N,Y,N,N,N,N,N,N,N,Y,Y,N,N,Y,Y,N,N,N,N
4a50d43324cd,F15,QUARANTINE,Q15A,QUARANTINE_BIO_FINAL_FLAG_Q15A,459af0d7d91c,0ff39de5a52e,q_code,Y,Y,Y,Y,N,Y,Y,Y,N,N,N,N,Y,N,N,N,N,N,N,N,Y,Y,N,N,Y,Y,N,N,N,N
b90824739f09,F15,QUARANTINE,Q15A,QUARANTINE_BIO_FINAL_FLAG_Q15A,459af0d7d91c,0ff39de5a52e,q_code,Y,Y,Y,Y,N,Y,Y,Y,N,N,N,N,Y,N,N,N,N,N,N,N,Y,Y,N,Y,Y,Y,N,N,N,N
a4bd39f2f967,F15,QUARANTINE,Q15A,QUARANTINE_BIO_FINAL_FLAG_Q15A,459af0d7d91c,0ff39de5a52e,q_code,Y,Y,Y,Y,N,Y,Y,Y,N,N,N,N,Y,N,N,N,N,N,N,N,Y,Y,N,Y,Y,Y,N,N,N,N
2d8f93f52846,F22,QUARANTINE,Q15A,QUARANTINE_BIO_FINAL_FLAG_Q15A,459af0d7d91c,0ff39de5a52e,q_code,Y,Y,Y,Y,N,Y,Y,Y,N,N,N,N,Y,N,N,N,N,N,N,N,Y,Y,Y,N,Y,Y,N,N,N,N
ba37fa830926,F22,QUARANTINE,Q15A,QUARANTINE_BIO_FINAL_FLAG_Q15A,459af0d7d91c,0ff39de5a52e,q_code,Y,Y,Y,Y,N,Y,Y,Y,N,N,N,N,Y,N,N,N,N,N,N,N,Y,Y,Y,N,Y,Y,N,N,N,N
6cdda61ea90d,F22,QUARANTINE,Q15A,QUARANTINE_BIO_FINAL_FLAG_Q15A,459af0d7d91c,0ff39de5a52e,q_code,Y,Y,Y,Y,N,Y,Y,Y,N,N,N,N,Y,N,N,N,N,N,N,N,Y,Y,Y,Y,Y,Y,N,N,N,N
81b536418963,F22,QUARANTINE,Q15A,QUARANTINE_BIO_FINAL_FLAG_Q15A,459af0d7d91c,0ff39de5a52e,q_code,Y,Y,Y,Y,N,Y,Y,Y,N,N,N,N,Y,N,N,N,N,N,N,N,Y,Y,Y,Y,Y,Y,N,N,N,N
431cc073c8c2,F27,AUTO,,AUTO_F27_MRNA,375dc3d886a9,44136fa355b3,,Y,Y,Y,Y,Y,Y,Y,Y,Y,N,N,N,Y,N,N,N,N,N,N,N,N,N,N,N,N,N,N,N,N,N
ae20e7807efb,F27,QUARANTINE,Q15B,QUARANTINE_LEGACY_FLAG_UNDOC_Q15B,459af0d7d91c,fc80a095c5ee,q_code,Y,Y,Y,Y,Y,Y,Y,Y,N,N,N,N,Y,N,N,N,N,N,N,N,N,N,N,Y,N,N,N,N,N,N
c45b15b298fd,F27,REPAIR,,REPAIR_F27_CMTM,625092f45d69,3d9b119a827c,cmt_analyte_policy,Y,Y,Y,Y,Y,Y,Y,Y,Y,N,N,N,Y,N,N,N,N,N,Y,N,N,Y,N,N,N,N,N,N,N,N
79df4d22f2a0,F27,QUARANTINE,Q15B,QUARANTINE_LEGACY_FLAG_UNDOC_Q15B,459af0d7d91c,fc80a095c5ee,q_code,Y,Y,Y,Y,Y,Y,Y,Y,N,N,N,N,Y,N,N,N,N,N,N,N,N,Y,N,Y,N,N,N,N,N,N
4a64ea4976d3,F27,REPAIR,,REPAIR_F27_DDIVP,9778a409567c,3b6e37a453cb,"cmt_analyte_policy,dual_cmt_policy",Y,Y,Y,Y,Y,Y,Y,Y,Y,N,N,N,Y,N,N,N,N,N,Y,N,N,Y,Y,N,N,N,N,N,N,N
87999e37e766,F27,QUARANTINE,Q15B,QUARANTINE_LEGACY_FLAG_UNDOC_Q15B,459af0d7d91c,fc80a095c5ee,q_code,Y,Y,Y,Y,Y,Y,Y,Y,N,N,N,N,Y,N,N,N,N,N,N,N,N,Y,Y,Y,N,N,N,N,N,N
49467927d4ff,F27,REPAIR,,REPAIR_F27_BLQ,f67c49c740b6,5598114a142c,blq_handling_policy,Y,Y,Y,Y,Y,Y,Y,Y,Y,N,N,N,Y,Y,N,N,N,N,N,N,N,N,N,N,N,N,N,N,N,N
de2d060c5b0c,F27,QUARANTINE,Q15B,QUARANTINE_LEGACY_FLAG_UNDOC_Q15B,459af0d7d91c,fc80a095c5ee,q_code,Y,Y,Y,Y,Y,Y,Y,Y,N,N,N,N,Y,N,N,N,N,N,N,N,N,N,N,Y,N,N,N,N,N,N
276931efa75f,F27,REPAIR,,REPAIR_F27_BLQ_CMTM,ad950bea7a00,b0d8a8150750,"blq_handling_policy,cmt_analyte_policy",Y,Y,Y,Y,Y,Y,Y,Y,Y,N,N,N,Y,Y,N,N,N,N,Y,N,N,Y,N,N,N,N,N,N,N,N
fdda78d3e881,F27,QUARANTINE,Q15B,QUARANTINE_LEGACY_FLAG_UNDOC_Q15B,459af0d7d91c,fc80a095c5ee,q_code,Y,Y,Y,Y,Y,Y,Y,Y,N,N,N,N,Y,N,N,N,N,N,N,N,N,Y,N,Y,N,N,N,N,N,N
5589b6f95e96,F27,REPAIR,,REPAIR_F27_BLQ_DDIVP,f452000cd78c,1a93afeda678,"blq_handling_policy,cmt_analyte_policy,dual_cmt_policy",Y,Y,Y,Y,Y,Y,Y,Y,Y,N,N,N,Y,Y,N,N,N,N,Y,N,N,Y,Y,N,N,N,N,N,N,N
94aace4295f8,F27,QUARANTINE,Q15B,QUARANTINE_LEGACY_FLAG_UNDOC_Q15B,459af0d7d91c,fc80a095c5ee,q_code,Y,Y,Y,Y,Y,Y,Y,Y,N,N,N,N,Y,N,N,N,N,N,N,N,N,Y,Y,Y,N,N,N,N,N,N
00df74967c45,F27,QUARANTINE,Q15A,QUARANTINE_BIO_FINAL_FLAG_Q15A,459af0d7d91c,0ff39de5a52e,q_code,Y,Y,Y,Y,N,Y,Y,Y,N,N,N,N,Y,N,N,N,N,N,N,N,Y,N,N,N,N,N,N,N,N,N
e623f3b10a5c,F27,QUARANTINE,Q15A,QUARANTINE_BIO_FINAL_FLAG_Q15A,459af0d7d91c,0ff39de5a52e,q_code,Y,Y,Y,Y,N,Y,Y,Y,N,N,N,N,Y,N,N,N,N,N,N,N,Y,N,N,Y,N,N,N,N,N,N
65b434cf92e7,F27,QUARANTINE,Q15A,QUARANTINE_BIO_FINAL_FLAG_Q15A,459af0d7d91c,0ff39de5a52e,q_code,Y,Y,Y,Y,N,Y,Y,Y,N,N,N,N,Y,N,N,N,N,N,N,N,Y,Y,N,N,N,N,N,N,N,N
544776ceae3d,F27,QUARANTINE,Q15A,QUARANTINE_BIO_FINAL_FLAG_Q15A,459af0d7d91c,0ff39de5a52e,q_code,Y,Y,Y,Y,N,Y,Y,Y,N,N,N,N,Y,N,N,N,N,N,N,N,Y,Y,N,Y,N,N,N,N,N,N
3e999ca261ca,F27,QUARANTINE,Q15A,QUARANTINE_BIO_FINAL_FLAG_Q15A,459af0d7d91c,0ff39de5a52e,q_code,Y,Y,Y,Y,N,Y,Y,Y,N,N,N,N,Y,N,N,N,N,N,N,N,Y,Y,Y,N,N,N,N,N,N,N
3a97ba3cd845,F27,QUARANTINE,Q15A,QUARANTINE_BIO_FINAL_FLAG_Q15A,459af0d7d91c,0ff39de5a52e,q_code,Y,Y,Y,Y,N,Y,Y,Y,N,N,N,N,Y,N,N,N,N,N,N,N,Y,Y,Y,Y,N,N,N,N,N,N
11c5ed8780fc,F27,AUTO,,AUTO_F27_MRNA,375dc3d886a9,44136fa355b3,,Y,Y,Y,Y,Y,Y,Y,Y,Y,N,N,N,Y,N,N,N,N,N,N,N,N,N,N,N,Y,N,N,N,N,N
3605bdd5f4a7,F27,QUARANTINE,Q15B,QUARANTINE_ADDL_CONFLICT_Q15B,459af0d7d91c,fc80a095c5ee,q_code,Y,Y,Y,Y,Y,Y,Y,Y,N,N,N,N,Y,N,N,N,N,N,N,N,N,N,N,Y,Y,N,N,N,N,N
e56a6d07aa76,F27,REPAIR,,REPAIR_F27_CMTM,625092f45d69,3d9b119a827c,cmt_analyte_policy,Y,Y,Y,Y,Y,Y,Y,Y,Y,N,N,N,Y,N,N,N,N,N,Y,N,N,Y,N,N,Y,N,N,N,N,N
2000882acb06,F27,QUARANTINE,Q15B,QUARANTINE_ADDL_CONFLICT_Q15B,459af0d7d91c,fc80a095c5ee,q_code,Y,Y,Y,Y,Y,Y,Y,Y,N,N,N,N,Y,N,N,N,N,N,N,N,N,Y,N,Y,Y,N,N,N,N,N
ddd162585b7f,F27,REPAIR,,REPAIR_F27_DDIVP,9778a409567c,3b6e37a453cb,"cmt_analyte_policy,dual_cmt_policy",Y,Y,Y,Y,Y,Y,Y,Y,Y,N,N,N,Y,N,N,N,N,N,Y,N,N,Y,Y,N,Y,N,N,N,N,N
ceb564c463ba,F27,QUARANTINE,Q15B,QUARANTINE_ADDL_CONFLICT_Q15B,459af0d7d91c,fc80a095c5ee,q_code,Y,Y,Y,Y,Y,Y,Y,Y,N,N,N,N,Y,N,N,N,N,N,N,N,N,Y,Y,Y,Y,N,N,N,N,N
18308d9e9408,F27,REPAIR,,REPAIR_F27_BLQ,f67c49c740b6,5598114a142c,blq_handling_policy,Y,Y,Y,Y,Y,Y,Y,Y,Y,N,N,N,Y,Y,N,N,N,N,N,N,N,N,N,N,Y,N,N,N,N,N
12e25acc12a9,F27,QUARANTINE,Q15B,QUARANTINE_ADDL_CONFLICT_Q15B,459af0d7d91c,fc80a095c5ee,q_code,Y,Y,Y,Y,Y,Y,Y,Y,N,N,N,N,Y,N,N,N,N,N,N,N,N,N,N,Y,Y,N,N,N,N,N
42969e6d8b7e,F27,REPAIR,,REPAIR_F27_BLQ_CMTM,ad950bea7a00,b0d8a8150750,"blq_handling_policy,cmt_analyte_policy",Y,Y,Y,Y,Y,Y,Y,Y,Y,N,N,N,Y,Y,N,N,N,N,Y,N,N,Y,N,N,Y,N,N,N,N,N
4c2618f6b54d,F27,QUARANTINE,Q15B,QUARANTINE_ADDL_CONFLICT_Q15B,459af0d7d91c,fc80a095c5ee,q_code,Y,Y,Y,Y,Y,Y,Y,Y,N,N,N,N,Y,N,N,N,N,N,N,N,N,Y,N,Y,Y,N,N,N,N,N
ce5315ddeeec,F27,REPAIR,,REPAIR_F27_BLQ_DDIVP,f452000cd78c,1a93afeda678,"blq_handling_policy,cmt_analyte_policy,dual_cmt_policy",Y,Y,Y,Y,Y,Y,Y,Y,Y,N,N,N,Y,Y,N,N,N,N,Y,N,N,Y,Y,N,Y,N,N,N,N,N
66ba553058bb,F27,QUARANTINE,Q15B,QUARANTINE_ADDL_CONFLICT_Q15B,459af0d7d91c,fc80a095c5ee,q_code,Y,Y,Y,Y,Y,Y,Y,Y,N,N,N,N,Y,N,N,N,N,N,N,N,N,Y,Y,Y,Y,N,N,N,N,N
5ccc461d637f,F27,QUARANTINE,Q15A,QUARANTINE_BIO_FINAL_FLAG_Q15A,459af0d7d91c,0ff39de5a52e,q_code,Y,Y,Y,Y,N,Y,Y,Y,N,N,N,N,Y,N,N,N,N,N,N,N,Y,N,N,N,Y,N,N,N,N,N
4fa2362b936c,F27,QUARANTINE,Q15A,QUARANTINE_BIO_FINAL_FLAG_Q15A,459af0d7d91c,0ff39de5a52e,q_code,Y,Y,Y,Y,N,Y,Y,Y,N,N,N,N,Y,N,N,N,N,N,N,N,Y,N,N,Y,Y,N,N,N,N,N
c4360ba7cdca,F27,QUARANTINE,Q15A,QUARANTINE_BIO_FINAL_FLAG_Q15A,459af0d7d91c,0ff39de5a52e,q_code,Y,Y,Y,Y,N,Y,Y,Y,N,N,N,N,Y,N,N,N,N,N,N,N,Y,Y,N,N,Y,N,N,N,N,N
629575d0bb9c,F27,QUARANTINE,Q15A,QUARANTINE_BIO_FINAL_FLAG_Q15A,459af0d7d91c,0ff39de5a52e,q_code,Y,Y,Y,Y,N,Y,Y,Y,N,N,N,N,Y,N,N,N,N,N,N,N,Y,Y,N,Y,Y,N,N,N,N,N
2603f1b5f307,F27,QUARANTINE,Q15A,QUARANTINE_BIO_FINAL_FLAG_Q15A,459af0d7d91c,0ff39de5a52e,q_code,Y,Y,Y,Y,N,Y,Y,Y,N,N,N,N,Y,N,N,N,N,N,N,N,Y,Y,Y,N,Y,N,N,N,N,N
a0f4420dc48c,F27,QUARANTINE,Q15A,QUARANTINE_BIO_FINAL_FLAG_Q15A,459af0d7d91c,0ff39de5a52e,q_code,Y,Y,Y,Y,N,Y,Y,Y,N,N,N,N,Y,N,N,N,N,N,N,N,Y,Y,Y,Y,Y,N,N,N,N,N
c4b194755b01,F15,AUTO,,AUTO_F15_SMALL_MOLECULE,375dc3d886a9,44136fa355b3,,Y,Y,Y,Y,Y,Y,Y,Y,Y,N,N,N,N,N,N,N,N,N,N,N,N,N,N,N,N,N,N,N,N,N
b3eadc863676,F15,QUARANTINE,Q15B,QUARANTINE_LEGACY_FLAG_UNDOC_Q15B,459af0d7d91c,fc80a095c5ee,q_code,Y,Y,Y,Y,Y,Y,Y,Y,N,N,N,N,N,N,N,N,N,N,N,N,N,N,N,Y,N,N,N,N,N,N
3ad21e5c424f,F15,REPAIR,,REPAIR_F15_CMTM,625092f45d69,3d9b119a827c,cmt_analyte_policy,Y,Y,Y,Y,Y,Y,Y,Y,Y,N,N,N,N,N,N,N,N,N,Y,N,N,Y,N,N,N,N,N,N,N,N
03a7a549802d,F15,QUARANTINE,Q15B,QUARANTINE_LEGACY_FLAG_UNDOC_Q15B,459af0d7d91c,fc80a095c5ee,q_code,Y,Y,Y,Y,Y,Y,Y,Y,N,N,N,N,N,N,N,N,N,N,N,N,N,Y,N,Y,N,N,N,N,N,N
49b025a5136b,F22,REPAIR,,REPAIR_F22_DDIVP,9778a409567c,3b6e37a453cb,"cmt_analyte_policy,dual_cmt_policy",Y,Y,Y,Y,Y,Y,Y,Y,Y,N,N,N,N,N,N,N,N,N,Y,N,N,Y,Y,N,N,N,N,N,N,N
e1e6c2ca7312,F22,QUARANTINE,Q15B,QUARANTINE_LEGACY_FLAG_UNDOC_Q15B,459af0d7d91c,fc80a095c5ee,q_code,Y,Y,Y,Y,Y,Y,Y,Y,N,N,N,N,N,N,N,N,N,N,N,N,N,Y,Y,Y,N,N,N,N,N,N
514a9658681f,F15,REPAIR,,REPAIR_F15_BLQ,f67c49c740b6,5598114a142c,blq_handling_policy,Y,Y,Y,Y,Y,Y,Y,Y,Y,N,N,N,N,Y,N,N,N,N,N,N,N,N,N,N,N,N,N,N,N,N
557aa5353081,F15,QUARANTINE,Q15B,QUARANTINE_LEGACY_FLAG_UNDOC_Q15B,459af0d7d91c,fc80a095c5ee,q_code,Y,Y,Y,Y,Y,Y,Y,Y,N,N,N,N,N,N,N,N,N,N,N,N,N,N,N,Y,N,N,N,N,N,N
c8a01733e2e2,F15,REPAIR,,REPAIR_F15_BLQ_CMTM,ad950bea7a00,b0d8a8150750,"blq_handling_policy,cmt_analyte_policy",Y,Y,Y,Y,Y,Y,Y,Y,Y,N,N,N,N,Y,N,N,N,N,Y,N,N,Y,N,N,N,N,N,N,N,N
8ee451f28c3a,F15,QUARANTINE,Q15B,QUARANTINE_LEGACY_FLAG_UNDOC_Q15B,459af0d7d91c,fc80a095c5ee,q_code,Y,Y,Y,Y,Y,Y,Y,Y,N,N,N,N,N,N,N,N,N,N,N,N,N,Y,N,Y,N,N,N,N,N,N
31211f96c79b,F22,REPAIR,,REPAIR_F22_BLQ_DDIVP,f452000cd78c,1a93afeda678,"blq_handling_policy,cmt_analyte_policy,dual_cmt_policy",Y,Y,Y,Y,Y,Y,Y,Y,Y,N,N,N,N,Y,N,N,N,N,Y,N,N,Y,Y,N,N,N,N,N,N,N
393f8e65c866,F22,QUARANTINE,Q15B,QUARANTINE_LEGACY_FLAG_UNDOC_Q15B,459af0d7d91c,fc80a095c5ee,q_code,Y,Y,Y,Y,Y,Y,Y,Y,N,N,N,N,N,N,N,N,N,N,N,N,N,Y,Y,Y,N,N,N,N,N,N
843bd1b6d936,F15,QUARANTINE,Q15A,QUARANTINE_BIO_FINAL_FLAG_Q15A,459af0d7d91c,0ff39de5a52e,q_code,Y,Y,Y,Y,N,Y,Y,Y,N,N,N,N,N,N,N,N,N,N,N,N,Y,N,N,N,N,N,N,N,N,N
178f8ee214f6,F15,QUARANTINE,Q15A,QUARANTINE_BIO_FINAL_FLAG_Q15A,459af0d7d91c,0ff39de5a52e,q_code,Y,Y,Y,Y,N,Y,Y,Y,N,N,N,N,N,N,N,N,N,N,N,N,Y,N,N,Y,N,N,N,N,N,N
2f5582906023,F15,QUARANTINE,Q15A,QUARANTINE_BIO_FINAL_FLAG_Q15A,459af0d7d91c,0ff39de5a52e,q_code,Y,Y,Y,Y,N,Y,Y,Y,N,N,N,N,N,N,N,N,N,N,N,N,Y,Y,N,N,N,N,N,N,N,N
332cad910f55,F15,QUARANTINE,Q15A,QUARANTINE_BIO_FINAL_FLAG_Q15A,459af0d7d91c,0ff39de5a52e,q_code,Y,Y,Y,Y,N,Y,Y,Y,N,N,N,N,N,N,N,N,N,N,N,N,Y,Y,N,Y,N,N,N,N,N,N
2d265888aeb7,F22,QUARANTINE,Q15A,QUARANTINE_BIO_FINAL_FLAG_Q15A,459af0d7d91c,0ff39de5a52e,q_code,Y,Y,Y,Y,N,Y,Y,Y,N,N,N,N,N,N,N,N,N,N,N,N,Y,Y,Y,N,N,N,N,N,N,N
25a6699a532e,F22,QUARANTINE,Q15A,QUARANTINE_BIO_FINAL_FLAG_Q15A,459af0d7d91c,0ff39de5a52e,q_code,Y,Y,Y,Y,N,Y,Y,Y,N,N,N,N,N,N,N,N,N,N,N,N,Y,Y,Y,Y,N,N,N,N,N,N
3367461b678a,F15,AUTO,,AUTO_F15_SMALL_MOLECULE,375dc3d886a9,44136fa355b3,,Y,Y,Y,Y,Y,Y,Y,Y,Y,N,N,N,N,N,N,N,N,N,N,N,N,N,N,N,Y,N,N,N,N,N
f46eb9fd15b5,F15,QUARANTINE,Q15B,QUARANTINE_ADDL_CONFLICT_Q15B,459af0d7d91c,fc80a095c5ee,q_code,Y,Y,Y,Y,Y,Y,Y,Y,N,N,N,N,N,N,N,N,N,N,N,N,N,N,N,Y,Y,N,N,N,N,N
dc6b89533708,F15,REPAIR,,REPAIR_F15_CMTM,625092f45d69,3d9b119a827c,cmt_analyte_policy,Y,Y,Y,Y,Y,Y,Y,Y,Y,N,N,N,N,N,N,N,N,N,Y,N,N,Y,N,N,Y,N,N,N,N,N
57edb237c241,F15,QUARANTINE,Q15B,QUARANTINE_ADDL_CONFLICT_Q15B,459af0d7d91c,fc80a095c5ee,q_code,Y,Y,Y,Y,Y,Y,Y,Y,N,N,N,N,N,N,N,N,N,N,N,N,N,Y,N,Y,Y,N,N,N,N,N
e9c3261a3eb0,F22,REPAIR,,REPAIR_F22_DDIVP,9778a409567c,3b6e37a453cb,"cmt_analyte_policy,dual_cmt_policy",Y,Y,Y,Y,Y,Y,Y,Y,Y,N,N,N,N,N,N,N,N,N,Y,N,N,Y,Y,N,Y,N,N,N,N,N
08bec7467018,F22,QUARANTINE,Q15B,QUARANTINE_ADDL_CONFLICT_Q15B,459af0d7d91c,fc80a095c5ee,q_code,Y,Y,Y,Y,Y,Y,Y,Y,N,N,N,N,N,N,N,N,N,N,N,N,N,Y,Y,Y,Y,N,N,N,N,N
61f06054a7d0,F15,REPAIR,,REPAIR_F15_BLQ,f67c49c740b6,5598114a142c,blq_handling_policy,Y,Y,Y,Y,Y,Y,Y,Y,Y,N,N,N,N,Y,N,N,N,N,N,N,N,N,N,N,Y,N,N,N,N,N
7d5ad743bc00,F15,QUARANTINE,Q15B,QUARANTINE_ADDL_CONFLICT_Q15B,459af0d7d91c,fc80a095c5ee,q_code,Y,Y,Y,Y,Y,Y,Y,Y,N,N,N,N,N,N,N,N,N,N,N,N,N,N,N,Y,Y,N,N,N,N,N
df559981c513,F15,REPAIR,,REPAIR_F15_BLQ_CMTM,ad950bea7a00,b0d8a8150750,"blq_handling_policy,cmt_analyte_policy",Y,Y,Y,Y,Y,Y,Y,Y,Y,N,N,N,N,Y,N,N,N,N,Y,N,N,Y,N,N,Y,N,N,N,N,N
851e04da6c08,F15,QUARANTINE,Q15B,QUARANTINE_ADDL_CONFLICT_Q15B,459af0d7d91c,fc80a095c5ee,q_code,Y,Y,Y,Y,Y,Y,Y,Y,N,N,N,N,N,N,N,N,N,N,N,N,N,Y,N,Y,Y,N,N,N,N,N
511f07c2e598,F22,REPAIR,,REPAIR_F22_BLQ_DDIVP,f452000cd78c,1a93afeda678,"blq_handling_policy,cmt_analyte_policy,dual_cmt_policy",Y,Y,Y,Y,Y,Y,Y,Y,Y,N,N,N,N,Y,N,N,N,N,Y,N,N,Y,Y,N,Y,N,N,N,N,N
0f04930b8958,F22,QUARANTINE,Q15B,QUARANTINE_ADDL_CONFLICT_Q15B,459af0d7d91c,fc80a095c5ee,q_code,Y,Y,Y,Y,Y,Y,Y,Y,N,N,N,N,N,N,N,N,N,N,N,N,N,Y,Y,Y,Y,N,N,N,N,N
d4135295b61f,F15,QUARANTINE,Q15A,QUARANTINE_BIO_FINAL_FLAG_Q15A,459af0d7d91c,0ff39de5a52e,q_code,Y,Y,Y,Y,N,Y,Y,Y,N,N,N,N,N,N,N,N,N,N,N,N,Y,N,N,N,Y,N,N,N,N,N
bacc4b9b2296,F15,QUARANTINE,Q15A,QUARANTINE_BIO_FINAL_FLAG_Q15A,459af0d7d91c,0ff39de5a52e,q_code,Y,Y,Y,Y,N,Y,Y,Y,N,N,N,N,N,N,N,N,N,N,N,N,Y,N,N,Y,Y,N,N,N,N,N
f54633e228f4,F15,QUARANTINE,Q15A,QUARANTINE_BIO_FINAL_FLAG_Q15A,459af0d7d91c,0ff39de5a52e,q_code,Y,Y,Y,Y,N,Y,Y,Y,N,N,N,N,N,N,N,N,N,N,N,N,Y,Y,N,N,Y,N,N,N,N,N
6f43c08813e1,F15,QUARANTINE,Q15A,QUARANTINE_BIO_FINAL_FLAG_Q15A,459af0d7d91c,0ff39de5a52e,q_code,Y,Y,Y,Y,N,Y,Y,Y,N,N,N,N,N,N,N,N,N,N,N,N,Y,Y,N,Y,Y,N,N,N,N,N
ff28beb75527,F22,QUARANTINE,Q15A,QUARANTINE_BIO_FINAL_FLAG_Q15A,459af0d7d91c,0ff39de5a52e,q_code,Y,Y,Y,Y,N,Y,Y,Y,N,N,N,N,N,N,N,N,N,N,N,N,Y,Y,Y,N,Y,N,N,N,N,N
3cc8daaf7316,F22,QUARANTINE,Q15A,QUARANTINE_BIO_FINAL_FLAG_Q15A,459af0d7d91c,0ff39de5a52e,q_code,Y,Y,Y,Y,N,Y,Y,Y,N,N,N,N,N,N,N,N,N,N,N,N,Y,Y,Y,Y,Y,N,N,N,N,N
81362d3640fa,F15,AUTO,,AUTO_F15_MAB,375dc3d886a9,44136fa355b3,,Y,Y,Y,Y,Y,Y,Y,Y,Y,N,N,N,N,N,N,N,N,N,N,N,N,N,N,N,N,N,N,N,N,N
ca088c37156b,F15,QUARANTINE,Q15B,QUARANTINE_LEGACY_FLAG_UNDOC_Q15B,459af0d7d91c,fc80a095c5ee,q_code,Y,Y,Y,Y,Y,Y,Y,Y,N,N,N,N,N,N,N,N,N,N,N,N,N,N,N,Y,N,N,N,N,N,N
f708a663fc28,F15,REPAIR,,REPAIR_F15_CMTM,625092f45d69,3d9b119a827c,cmt_analyte_policy,Y,Y,Y,Y,Y,Y,Y,Y,Y,N,N,N,N,N,N,N,N,N,Y,N,N,Y,N,N,N,N,N,N,N,N
da84d31f5145,F15,QUARANTINE,Q15B,QUARANTINE_LEGACY_FLAG_UNDOC_Q15B,459af0d7d91c,fc80a095c5ee,q_code,Y,Y,Y,Y,Y,Y,Y,Y,N,N,N,N,N,N,N,N,N,N,N,N,N,Y,N,Y,N,N,N,N,N,N
0545eb0e1e66,F22,REPAIR,,REPAIR_F22_DDIVP,9778a409567c,3b6e37a453cb,"cmt_analyte_policy,dual_cmt_policy",Y,Y,Y,Y,Y,Y,Y,Y,Y,N,N,N,N,N,N,N,N,N,Y,N,N,Y,Y,N,N,N,N,N,N,N
f74660b4b7d4,F22,QUARANTINE,Q15B,QUARANTINE_LEGACY_FLAG_UNDOC_Q15B,459af0d7d91c,fc80a095c5ee,q_code,Y,Y,Y,Y,Y,Y,Y,Y,N,N,N,N,N,N,N,N,N,N,N,N,N,Y,Y,Y,N,N,N,N,N,N
e5e7610118a2,F15,REPAIR,,REPAIR_F15_BLQ,f67c49c740b6,5598114a142c,blq_handling_policy,Y,Y,Y,Y,Y,Y,Y,Y,Y,N,N,N,N,Y,N,N,N,N,N,N,N,N,N,N,N,N,N,N,N,N
e39520e2d915,F15,QUARANTINE,Q15B,QUARANTINE_LEGACY_FLAG_UNDOC_Q15B,459af0d7d91c,fc80a095c5ee,q_code,Y,Y,Y,Y,Y,Y,Y,Y,N,N,N,N,N,N,N,N,N,N,N,N,N,N,N,Y,N,N,N,N,N,N
449c97974915,F15,REPAIR,,REPAIR_F15_BLQ_CMTM,ad950bea7a00,b0d8a8150750,"blq_handling_policy,cmt_analyte_policy",Y,Y,Y,Y,Y,Y,Y,Y,Y,N,N,N,N,Y,N,N,N,N,Y,N,N,Y,N,N,N,N,N,N,N,N
44f250eb99ae,F15,QUARANTINE,Q15B,QUARANTINE_LEGACY_FLAG_UNDOC_Q15B,459af0d7d91c,fc80a095c5ee,q_code,Y,Y,Y,Y,Y,Y,Y,Y,N,N,N,N,N,N,N,N,N,N,N,N,N,Y,N,Y,N,N,N,N,N,N
c5f9053079b1,F22,REPAIR,,REPAIR_F22_BLQ_DDIVP,f452000cd78c,1a93afeda678,"blq_handling_policy,cmt_analyte_policy,dual_cmt_policy",Y,Y,Y,Y,Y,Y,Y,Y,Y,N,N,N,N,Y,N,N,N,N,Y,N,N,Y,Y,N,N,N,N,N,N,N
4e4de2bd896a,F22,QUARANTINE,Q15B,QUARANTINE_LEGACY_FLAG_UNDOC_Q15B,459af0d7d91c,fc80a095c5ee,q_code,Y,Y,Y,Y,Y,Y,Y,Y,N,N,N,N,N,N,N,N,N,N,N,N,N,Y,Y,Y,N,N,N,N,N,N
bd6cab5d793b,F15,QUARANTINE,Q15A,QUARANTINE_BIO_FINAL_FLAG_Q15A,459af0d7d91c,0ff39de5a52e,q_code,Y,Y,Y,Y,N,Y,Y,Y,N,N,N,N,N,N,N,N,N,N,N,N,Y,N,N,N,N,N,N,N,N,N
315b9ab9b702,F15,QUARANTINE,Q15A,QUARANTINE_BIO_FINAL_FLAG_Q15A,459af0d7d91c,0ff39de5a52e,q_code,Y,Y,Y,Y,N,Y,Y,Y,N,N,N,N,N,N,N,N,N,N,N,N,Y,N,N,Y,N,N,N,N,N,N
66e5300cef79,F15,QUARANTINE,Q15A,QUARANTINE_BIO_FINAL_FLAG_Q15A,459af0d7d91c,0ff39de5a52e,q_code,Y,Y,Y,Y,N,Y,Y,Y,N,N,N,N,N,N,N,N,N,N,N,N,Y,Y,N,N,N,N,N,N,N,N
62312bfdf65e,F15,QUARANTINE,Q15A,QUARANTINE_BIO_FINAL_FLAG_Q15A,459af0d7d91c,0ff39de5a52e,q_code,Y,Y,Y,Y,N,Y,Y,Y,N,N,N,N,N,N,N,N,N,N,N,N,Y,Y,N,Y,N,N,N,N,N,N
4f16c65420ab,F22,QUARANTINE,Q15A,QUARANTINE_BIO_FINAL_FLAG_Q15A,459af0d7d91c,0ff39de5a52e,q_code,Y,Y,Y,Y,N,Y,Y,Y,N,N,N,N,N,N,N,N,N,N,N,N,Y,Y,Y,N,N,N,N,N,N,N
cbbe65a68db4,F22,QUARANTINE,Q15A,QUARANTINE_BIO_FINAL_FLAG_Q15A,459af0d7d91c,0ff39de5a52e,q_code,Y,Y,Y,Y,N,Y,Y,Y,N,N,N,N,N,N,N,N,N,N,N,N,Y,Y,Y,Y,N,N,N,N,N,N
2ae37af5fdad,F15,AUTO,,AUTO_F15_MAB,375dc3d886a9,44136fa355b3,,Y,Y,Y,Y,Y,Y,Y,Y,Y,N,N,N,N,N,N,N,N,N,N,N,N,N,N,N,Y,N,N,N,N,N
8911529c929f,F15,QUARANTINE,Q15B,QUARANTINE_ADDL_CONFLICT_Q15B,459af0d7d91c,fc80a095c5ee,q_code,Y,Y,Y,Y,Y,Y,Y,Y,N,N,N,N,N,N,N,N,N,N,N,N,N,N,N,Y,Y,N,N,N,N,N
9dac5442f017,F15,REPAIR,,REPAIR_F15_CMTM,625092f45d69,3d9b119a827c,cmt_analyte_policy,Y,Y,Y,Y,Y,Y,Y,Y,Y,N,N,N,N,N,N,N,N,N,Y,N,N,Y,N,N,Y,N,N,N,N,N
824b9b7eea4b,F15,QUARANTINE,Q15B,QUARANTINE_ADDL_CONFLICT_Q15B,459af0d7d91c,fc80a095c5ee,q_code,Y,Y,Y,Y,Y,Y,Y,Y,N,N,N,N,N,N,N,N,N,N,N,N,N,Y,N,Y,Y,N,N,N,N,N
d0146f89e16a,F22,REPAIR,,REPAIR_F22_DDIVP,9778a409567c,3b6e37a453cb,"cmt_analyte_policy,dual_cmt_policy",Y,Y,Y,Y,Y,Y,Y,Y,Y,N,N,N,N,N,N,N,N,N,Y,N,N,Y,Y,N,Y,N,N,N,N,N
d14683cd3252,F22,QUARANTINE,Q15B,QUARANTINE_ADDL_CONFLICT_Q15B,459af0d7d91c,fc80a095c5ee,q_code,Y,Y,Y,Y,Y,Y,Y,Y,N,N,N,N,N,N,N,N,N,N,N,N,N,Y,Y,Y,Y,N,N,N,N,N
b2ff79e6c21c,F15,REPAIR,,REPAIR_F15_BLQ,f67c49c740b6,5598114a142c,blq_handling_policy,Y,Y,Y,Y,Y,Y,Y,Y,Y,N,N,N,N,Y,N,N,N,N,N,N,N,N,N,N,Y,N,N,N,N,N
95127b70e995,F15,QUARANTINE,Q15B,QUARANTINE_ADDL_CONFLICT_Q15B,459af0d7d91c,fc80a095c5ee,q_code,Y,Y,Y,Y,Y,Y,Y,Y,N,N,N,N,N,N,N,N,N,N,N,N,N,N,N,Y,Y,N,N,N,N,N
bc672f230c81,F15,REPAIR,,REPAIR_F15_BLQ_CMTM,ad950bea7a00,b0d8a8150750,"blq_handling_policy,cmt_analyte_policy",Y,Y,Y,Y,Y,Y,Y,Y,Y,N,N,N,N,Y,N,N,N,N,Y,N,N,Y,N,N,Y,N,N,N,N,N
62ae66bfc4f5,F15,QUARANTINE,Q15B,QUARANTINE_ADDL_CONFLICT_Q15B,459af0d7d91c,fc80a095c5ee,q_code,Y,Y,Y,Y,Y,Y,Y,Y,N,N,N,N,N,N,N,N,N,N,N,N,N,Y,N,Y,Y,N,N,N,N,N
87c4458c7f1c,F22,REPAIR,,REPAIR_F22_BLQ_DDIVP,f452000cd78c,1a93afeda678,"blq_handling_policy,cmt_analyte_policy,dual_cmt_policy",Y,Y,Y,Y,Y,Y,Y,Y,Y,N,N,N,N,Y,N,N,N,N,Y,N,N,Y,Y,N,Y,N,N,N,N,N
87a7cd11aad4,F22,QUARANTINE,Q15B,QUARANTINE_ADDL_CONFLICT_Q15B,459af0d7d91c,fc80a095c5ee,q_code,Y,Y,Y,Y,Y,Y,Y,Y,N,N,N,N,N,N,N,N,N,N,N,N,N,Y,Y,Y,Y,N,N,N,N,N
e88849da1f95,F15,QUARANTINE,Q15A,QUARANTINE_BIO_FINAL_FLAG_Q15A,459af0d7d91c,0ff39de5a52e,q_code,Y,Y,Y,Y,N,Y,Y,Y,N,N,N,N,N,N,N,N,N,N,N,N,Y,N,N,N,Y,N,N,N,N,N
4985f0158a0a,F15,QUARANTINE,Q15A,QUARANTINE_BIO_FINAL_FLAG_Q15A,459af0d7d91c,0ff39de5a52e,q_code,Y,Y,Y,Y,N,Y,Y,Y,N,N,N,N,N,N,N,N,N,N,N,N,Y,N,N,Y,Y,N,N,N,N,N
cf6656917042,F15,QUARANTINE,Q15A,QUARANTINE_BIO_FINAL_FLAG_Q15A,459af0d7d91c,0ff39de5a52e,q_code,Y,Y,Y,Y,N,Y,Y,Y,N,N,N,N,N,N,N,N,N,N,N,N,Y,Y,N,N,Y,N,N,N,N,N
82f10b21c1b8,F15,QUARANTINE,Q15A,QUARANTINE_BIO_FINAL_FLAG_Q15A,459af0d7d91c,0ff39de5a52e,q_code,Y,Y,Y,Y,N,Y,Y,Y,N,N,N,N,N,N,N,N,N,N,N,N,Y,Y,N,Y,Y,N,N,N,N,N
d63a9e047335,F22,QUARANTINE,Q15A,QUARANTINE_BIO_FINAL_FLAG_Q15A,459af0d7d91c,0ff39de5a52e,q_code,Y,Y,Y,Y,N,Y,Y,Y,N,N,N,N,N,N,N,N,N,N,N,N,Y,Y,Y,N,Y,N,N,N,N,N
bfa722284f6c,F22,QUARANTINE,Q15A,QUARANTINE_BIO_FINAL_FLAG_Q15A,459af0d7d91c,0ff39de5a52e,q_code,Y,Y,Y,Y,N,Y,Y,Y,N,N,N,N,N,N,N,N,N,N,N,N,Y,Y,Y,Y,Y,N,N,N,N,N
847783580ee3,F15,AUTO,,AUTO_F15_ADC,375dc3d886a9,44136fa355b3,,Y,Y,Y,Y,Y,Y,Y,Y,Y,N,N,N,Y,N,N,N,N,N,N,N,N,N,N,N,N,Y,N,N,N,N
c02d7d7e0caa,F15,QUARANTINE,Q15B,QUARANTINE_LEGACY_FLAG_UNDOC_Q15B,459af0d7d91c,fc80a095c5ee,q_code,Y,Y,Y,Y,Y,Y,Y,Y,N,N,N,N,Y,N,N,N,N,N,N,N,N,N,N,Y,N,Y,N,N,N,N
89c7473866ca,F24,REPAIR,,REPAIR_F24_CMTROLE,067eec0a7a08,835c27d30e59,"analyte_role_declaration,cmt_analyte_policy",Y,Y,Y,Y,Y,Y,Y,Y,Y,N,N,N,Y,N,N,N,N,N,Y,N,N,Y,N,N,N,Y,Y,N,N,N
10ee4962d2be,F24,QUARANTINE,Q16,QUARANTINE_ANALYTE_ROLE_MISSING_Q16,459af0d7d91c,9d9b4b667195,q_code,Y,Y,Y,Y,N,Y,Y,Y,N,N,N,N,Y,N,N,N,N,N,N,N,N,Y,N,N,N,Y,N,N,N,N
ae69ea9d313e,F24,QUARANTINE,Q15B,QUARANTINE_LEGACY_FLAG_UNDOC_Q15B,459af0d7d91c,fc80a095c5ee,q_code,Y,Y,Y,Y,Y,Y,Y,Y,N,N,N,N,Y,N,N,N,N,N,N,N,N,Y,N,Y,N,Y,N,N,N,N
3d2545555e00,F24,QUARANTINE,Q16,QUARANTINE_ANALYTE_ROLE_MISSING_Q16,459af0d7d91c,9d9b4b667195,q_code,Y,Y,Y,Y,N,Y,Y,Y,N,N,N,N,Y,N,N,N,N,N,N,N,N,Y,N,Y,N,Y,N,N,N,N
96358d72913d,F22,REPAIR,,REPAIR_F22_DDIVP,9778a409567c,3b6e37a453cb,"cmt_analyte_policy,dual_cmt_policy",Y,Y,Y,Y,Y,Y,Y,Y,Y,N,N,N,Y,N,N,N,N,N,Y,N,N,Y,Y,N,N,Y,N,N,N,N
9660d70bdea8,F22,QUARANTINE,Q16,QUARANTINE_ANALYTE_ROLE_MISSING_Q16,459af0d7d91c,9d9b4b667195,q_code,Y,Y,Y,Y,N,Y,Y,Y,N,N,N,N,Y,N,N,N,N,N,N,N,N,Y,Y,N,N,Y,N,N,N,N
fe565e6192d5,F22,QUARANTINE,Q15B,QUARANTINE_LEGACY_FLAG_UNDOC_Q15B,459af0d7d91c,fc80a095c5ee,q_code,Y,Y,Y,Y,Y,Y,Y,Y,N,N,N,N,Y,N,N,N,N,N,N,N,N,Y,Y,Y,N,Y,N,N,N,N
1a70f176a079,F22,QUARANTINE,Q16,QUARANTINE_ANALYTE_ROLE_MISSING_Q16,459af0d7d91c,9d9b4b667195,q_code,Y,Y,Y,Y,N,Y,Y,Y,N,N,N,N,Y,N,N,N,N,N,N,N,N,Y,Y,Y,N,Y,N,N,N,N
5bedf464009a,F15,REPAIR,,REPAIR_F15_BLQ,f67c49c740b6,5598114a142c,blq_handling_policy,Y,Y,Y,Y,Y,Y,Y,Y,Y,N,N,N,Y,Y,N,N,N,N,N,N,N,N,N,N,N,Y,N,N,N,N
bb8b4fe47f0e,F15,QUARANTINE,Q15B,QUARANTINE_LEGACY_FLAG_UNDOC_Q15B,459af0d7d91c,fc80a095c5ee,q_code,Y,Y,Y,Y,Y,Y,Y,Y,N,N,N,N,Y,N,N,N,N,N,N,N,N,N,N,Y,N,Y,N,N,N,N
e96755cf9a1d,F24,REPAIR,,REPAIR_F24_BLQ_CMTROLE,b0a07c38e805,0fb8c6d4335c,"analyte_role_declaration,blq_handling_policy,cmt_analyte_policy",Y,Y,Y,Y,Y,Y,Y,Y,Y,N,N,N,Y,Y,N,N,N,N,Y,N,N,Y,N,N,N,Y,Y,N,N,N
0ea3668b20f0,F24,QUARANTINE,Q16,QUARANTINE_ANALYTE_ROLE_MISSING_Q16,459af0d7d91c,9d9b4b667195,q_code,Y,Y,Y,Y,N,Y,Y,Y,N,N,N,N,Y,N,N,N,N,N,N,N,N,Y,N,N,N,Y,N,N,N,N
8618f038338f,F24,QUARANTINE,Q15B,QUARANTINE_LEGACY_FLAG_UNDOC_Q15B,459af0d7d91c,fc80a095c5ee,q_code,Y,Y,Y,Y,Y,Y,Y,Y,N,N,N,N,Y,N,N,N,N,N,N,N,N,Y,N,Y,N,Y,N,N,N,N
7068be952eb2,F24,QUARANTINE,Q16,QUARANTINE_ANALYTE_ROLE_MISSING_Q16,459af0d7d91c,9d9b4b667195,q_code,Y,Y,Y,Y,N,Y,Y,Y,N,N,N,N,Y,N,N,N,N,N,N,N,N,Y,N,Y,N,Y,N,N,N,N
4ad180cd220d,F22,REPAIR,,REPAIR_F22_BLQ_DDIVP,f452000cd78c,1a93afeda678,"blq_handling_policy,cmt_analyte_policy,dual_cmt_policy",Y,Y,Y,Y,Y,Y,Y,Y,Y,N,N,N,Y,Y,N,N,N,N,Y,N,N,Y,Y,N,N,Y,N,N,N,N
4be0476fa813,F22,QUARANTINE,Q16,QUARANTINE_ANALYTE_ROLE_MISSING_Q16,459af0d7d91c,9d9b4b667195,q_code,Y,Y,Y,Y,N,Y,Y,Y,N,N,N,N,Y,N,N,N,N,N,N,N,N,Y,Y,N,N,Y,N,N,N,N
4668ee224c6d,F22,QUARANTINE,Q15B,QUARANTINE_LEGACY_FLAG_UNDOC_Q15B,459af0d7d91c,fc80a095c5ee,q_code,Y,Y,Y,Y,Y,Y,Y,Y,N,N,N,N,Y,N,N,N,N,N,N,N,N,Y,Y,Y,N,Y,N,N,N,N
18d714ac95cf,F22,QUARANTINE,Q16,QUARANTINE_ANALYTE_ROLE_MISSING_Q16,459af0d7d91c,9d9b4b667195,q_code,Y,Y,Y,Y,N,Y,Y,Y,N,N,N,N,Y,N,N,N,N,N,N,N,N,Y,Y,Y,N,Y,N,N,N,N
056c7cec3fda,F15,QUARANTINE,Q15A,QUARANTINE_BIO_FINAL_FLAG_Q15A,459af0d7d91c,0ff39de5a52e,q_code,Y,Y,Y,Y,N,Y,Y,Y,N,N,N,N,Y,N,N,N,N,N,N,N,Y,N,N,N,N,Y,N,N,N,N
d6a88cc0ccd9,F15,QUARANTINE,Q15A,QUARANTINE_BIO_FINAL_FLAG_Q15A,459af0d7d91c,0ff39de5a52e,q_code,Y,Y,Y,Y,N,Y,Y,Y,N,N,N,N,Y,N,N,N,N,N,N,N,Y,N,N,Y,N,Y,N,N,N,N
5b112c051b7c,F24,QUARANTINE,Q15A,QUARANTINE_BIO_FINAL_FLAG_Q15A,459af0d7d91c,0ff39de5a52e,q_code,Y,Y,Y,Y,N,Y,Y,Y,N,N,N,N,Y,N,N,N,N,N,N,N,Y,Y,N,N,N,Y,N,N,N,N
9770a5f42e41,F24,QUARANTINE,Q15A,QUARANTINE_BIO_FINAL_FLAG_Q15A,459af0d7d91c,0ff39de5a52e,q_code,Y,Y,Y,Y,N,Y,Y,Y,N,N,N,N,Y,N,N,N,N,N,N,N,Y,Y,N,N,N,Y,N,N,N,N
1577e454889c,F24,QUARANTINE,Q15A,QUARANTINE_BIO_FINAL_FLAG_Q15A,459af0d7d91c,0ff39de5a52e,q_code,Y,Y,Y,Y,N,Y,Y,Y,N,N,N,N,Y,N,N,N,N,N,N,N,Y,Y,N,Y,N,Y,N,N,N,N
2b4e2904a7a6,F24,QUARANTINE,Q15A,QUARANTINE_BIO_FINAL_FLAG_Q15A,459af0d7d91c,0ff39de5a52e,q_code,Y,Y,Y,Y,N,Y,Y,Y,N,N,N,N,Y,N,N,N,N,N,N,N,Y,Y,N,Y,N,Y,N,N,N,N
bb2fe70b98c8,F22,QUARANTINE,Q15A,QUARANTINE_BIO_FINAL_FLAG_Q15A,459af0d7d91c,0ff39de5a52e,q_code,Y,Y,Y,Y,N,Y,Y,Y,N,N,N,N,Y,N,N,N,N,N,N,N,Y,Y,Y,N,N,Y,N,N,N,N
08b17a77d08c,F22,QUARANTINE,Q15A,QUARANTINE_BIO_FINAL_FLAG_Q15A,459af0d7d91c,0ff39de5a52e,q_code,Y,Y,Y,Y,N,Y,Y,Y,N,N,N,N,Y,N,N,N,N,N,N,N,Y,Y,Y,N,N,Y,N,N,N,N
5acbc893bb5c,F22,QUARANTINE,Q15A,QUARANTINE_BIO_FINAL_FLAG_Q15A,459af0d7d91c,0ff39de5a52e,q_code,Y,Y,Y,Y,N,Y,Y,Y,N,N,N,N,Y,N,N,N,N,N,N,N,Y,Y,Y,Y,N,Y,N,N,N,N
16c6c5b43f81,F22,QUARANTINE,Q15A,QUARANTINE_BIO_FINAL_FLAG_Q15A,459af0d7d91c,0ff39de5a52e,q_code,Y,Y,Y,Y,N,Y,Y,Y,N,N,N,N,Y,N,N,N,N,N,N,N,Y,Y,Y,Y,N,Y,N,N,N,N
58eb05180b54,F15,AUTO,,AUTO_F15_ADC,375dc3d886a9,44136fa355b3,,Y,Y,Y,Y,Y,Y,Y,Y,Y,N,N,N,Y,N,N,N,N,N,N,N,N,N,N,N,Y,Y,N,N,N,N
0f858119570d,F15,QUARANTINE,Q15B,QUARANTINE_ADDL_CONFLICT_Q15B,459af0d7d91c,fc80a095c5ee,q_code,Y,Y,Y,Y,Y,Y,Y,Y,N,N,N,N,Y,N,N,N,N,N,N,N,N,N,N,Y,Y,Y,N,N,N,N
4e5b7a6c731d,F24,REPAIR,,REPAIR_F24_CMTROLE,067eec0a7a08,835c27d30e59,"analyte_role_declaration,cmt_analyte_policy",Y,Y,Y,Y,Y,Y,Y,Y,Y,N,N,N,Y,N,N,N,N,N,Y,N,N,Y,N,N,Y,Y,Y,N,N,N
06d58036a8e4,F24,QUARANTINE,Q16,QUARANTINE_ADDL_CONFLICT_Q16,459af0d7d91c,9d9b4b667195,q_code,Y,Y,Y,Y,N,Y,Y,Y,N,N,N,N,Y,N,N,N,N,N,N,N,N,Y,N,N,Y,Y,N,N,N,N
d10b5f2232ee,F24,QUARANTINE,Q15B,QUARANTINE_ADDL_CONFLICT_Q15B,459af0d7d91c,fc80a095c5ee,q_code,Y,Y,Y,Y,Y,Y,Y,Y,N,N,N,N,Y,N,N,N,N,N,N,N,N,Y,N,Y,Y,Y,N,N,N,N
c8bf21745def,F24,QUARANTINE,Q16,QUARANTINE_ADDL_CONFLICT_Q16,459af0d7d91c,9d9b4b667195,q_code,Y,Y,Y,Y,N,Y,Y,Y,N,N,N,N,Y,N,N,N,N,N,N,N,N,Y,N,Y,Y,Y,N,N,N,N
2ba4b8c20802,F22,REPAIR,,REPAIR_F22_DDIVP,9778a409567c,3b6e37a453cb,"cmt_analyte_policy,dual_cmt_policy",Y,Y,Y,Y,Y,Y,Y,Y,Y,N,N,N,Y,N,N,N,N,N,Y,N,N,Y,Y,N,Y,Y,N,N,N,N
9975bf15b068,F22,QUARANTINE,Q16,QUARANTINE_ADDL_CONFLICT_Q16,459af0d7d91c,9d9b4b667195,q_code,Y,Y,Y,Y,N,Y,Y,Y,N,N,N,N,Y,N,N,N,N,N,N,N,N,Y,Y,N,Y,Y,N,N,N,N
b6c01cc9169f,F22,QUARANTINE,Q15B,QUARANTINE_ADDL_CONFLICT_Q15B,459af0d7d91c,fc80a095c5ee,q_code,Y,Y,Y,Y,Y,Y,Y,Y,N,N,N,N,Y,N,N,N,N,N,N,N,N,Y,Y,Y,Y,Y,N,N,N,N
d9c720e5f132,F22,QUARANTINE,Q16,QUARANTINE_ADDL_CONFLICT_Q16,459af0d7d91c,9d9b4b667195,q_code,Y,Y,Y,Y,N,Y,Y,Y,N,N,N,N,Y,N,N,N,N,N,N,N,N,Y,Y,Y,Y,Y,N,N,N,N
ac5fd537f5f6,F15,REPAIR,,REPAIR_F15_BLQ,f67c49c740b6,5598114a142c,blq_handling_policy,Y,Y,Y,Y,Y,Y,Y,Y,Y,N,N,N,Y,Y,N,N,N,N,N,N,N,N,N,N,Y,Y,N,N,N,N
6b502cdb90a7,F15,QUARANTINE,Q15B,QUARANTINE_ADDL_CONFLICT_Q15B,459af0d7d91c,fc80a095c5ee,q_code,Y,Y,Y,Y,Y,Y,Y,Y,N,N,N,N,Y,N,N,N,N,N,N,N,N,N,N,Y,Y,Y,N,N,N,N
480fc37f67e2,F24,REPAIR,,REPAIR_F24_BLQ_CMTROLE,b0a07c38e805,0fb8c6d4335c,"analyte_role_declaration,blq_handling_policy,cmt_analyte_policy",Y,Y,Y,Y,Y,Y,Y,Y,Y,N,N,N,Y,Y,N,N,N,N,Y,N,N,Y,N,N,Y,Y,Y,N,N,N
f85bc846d3f5,F24,QUARANTINE,Q16,QUARANTINE_ADDL_CONFLICT_Q16,459af0d7d91c,9d9b4b667195,q_code,Y,Y,Y,Y,N,Y,Y,Y,N,N,N,N,Y,N,N,N,N,N,N,N,N,Y,N,N,Y,Y,N,N,N,N
280693e33559,F24,QUARANTINE,Q15B,QUARANTINE_ADDL_CONFLICT_Q15B,459af0d7d91c,fc80a095c5ee,q_code,Y,Y,Y,Y,Y,Y,Y,Y,N,N,N,N,Y,N,N,N,N,N,N,N,N,Y,N,Y,Y,Y,N,N,N,N
60a6f9c682ce,F24,QUARANTINE,Q16,QUARANTINE_ADDL_CONFLICT_Q16,459af0d7d91c,9d9b4b667195,q_code,Y,Y,Y,Y,N,Y,Y,Y,N,N,N,N,Y,N,N,N,N,N,N,N,N,Y,N,Y,Y,Y,N,N,N,N
72016f4fa58e,F22,REPAIR,,REPAIR_F22_BLQ_DDIVP,f452000cd78c,1a93afeda678,"blq_handling_policy,cmt_analyte_policy,dual_cmt_policy",Y,Y,Y,Y,Y,Y,Y,Y,Y,N,N,N,Y,Y,N,N,N,N,Y,N,N,Y,Y,N,Y,Y,N,N,N,N
ccf7e332ba3a,F22,QUARANTINE,Q16,QUARANTINE_ADDL_CONFLICT_Q16,459af0d7d91c,9d9b4b667195,q_code,Y,Y,Y,Y,N,Y,Y,Y,N,N,N,N,Y,N,N,N,N,N,N,N,N,Y,Y,N,Y,Y,N,N,N,N
9db4b322af6f,F22,QUARANTINE,Q15B,QUARANTINE_ADDL_CONFLICT_Q15B,459af0d7d91c,fc80a095c5ee,q_code,Y,Y,Y,Y,Y,Y,Y,Y,N,N,N,N,Y,N,N,N,N,N,N,N,N,Y,Y,Y,Y,Y,N,N,N,N
05c8cdac0e08,F22,QUARANTINE,Q16,QUARANTINE_ADDL_CONFLICT_Q16,459af0d7d91c,9d9b4b667195,q_code,Y,Y,Y,Y,N,Y,Y,Y,N,N,N,N,Y,N,N,N,N,N,N,N,N,Y,Y,Y,Y,Y,N,N,N,N
2a3351d7a9b3,F15,QUARANTINE,Q15A,QUARANTINE_BIO_FINAL_FLAG_Q15A,459af0d7d91c,0ff39de5a52e,q_code,Y,Y,Y,Y,N,Y,Y,Y,N,N,N,N,Y,N,N,N,N,N,N,N,Y,N,N,N,Y,Y,N,N,N,N
485e68807b3c,F15,QUARANTINE,Q15A,QUARANTINE_BIO_FINAL_FLAG_Q15A,459af0d7d91c,0ff39de5a52e,q_code,Y,Y,Y,Y,N,Y,Y,Y,N,N,N,N,Y,N,N,N,N,N,N,N,Y,N,N,Y,Y,Y,N,N,N,N
82215b9dcf77,F24,QUARANTINE,Q15A,QUARANTINE_BIO_FINAL_FLAG_Q15A,459af0d7d91c,0ff39de5a52e,q_code,Y,Y,Y,Y,N,Y,Y,Y,N,N,N,N,Y,N,N,N,N,N,N,N,Y,Y,N,N,Y,Y,N,N,N,N
8ed558145d0b,F24,QUARANTINE,Q15A,QUARANTINE_BIO_FINAL_FLAG_Q15A,459af0d7d91c,0ff39de5a52e,q_code,Y,Y,Y,Y,N,Y,Y,Y,N,N,N,N,Y,N,N,N,N,N,N,N,Y,Y,N,N,Y,Y,N,N,N,N
473adb0c8432,F24,QUARANTINE,Q15A,QUARANTINE_BIO_FINAL_FLAG_Q15A,459af0d7d91c,0ff39de5a52e,q_code,Y,Y,Y,Y,N,Y,Y,Y,N,N,N,N,Y,N,N,N,N,N,N,N,Y,Y,N,Y,Y,Y,N,N,N,N
5377f14c039a,F24,QUARANTINE,Q15A,QUARANTINE_BIO_FINAL_FLAG_Q15A,459af0d7d91c,0ff39de5a52e,q_code,Y,Y,Y,Y,N,Y,Y,Y,N,N,N,N,Y,N,N,N,N,N,N,N,Y,Y,N,Y,Y,Y,N,N,N,N
00ae5526f9f6,F22,QUARANTINE,Q15A,QUARANTINE_BIO_FINAL_FLAG_Q15A,459af0d7d91c,0ff39de5a52e,q_code,Y,Y,Y,Y,N,Y,Y,Y,N,N,N,N,Y,N,N,N,N,N,N,N,Y,Y,Y,N,Y,Y,N,N,N,N
2ca8eab38514,F22,QUARANTINE,Q15A,QUARANTINE_BIO_FINAL_FLAG_Q15A,459af0d7d91c,0ff39de5a52e,q_code,Y,Y,Y,Y,N,Y,Y,Y,N,N,N,N,Y,N,N,N,N,N,N,N,Y,Y,Y,N,Y,Y,N,N,N,N
3792aef5f50a,F22,QUARANTINE,Q15A,QUARANTINE_BIO_FINAL_FLAG_Q15A,459af0d7d91c,0ff39de5a52e,q_code,Y,Y,Y,Y,N,Y,Y,Y,N,N,N,N,Y,N,N,N,N,N,N,N,Y,Y,Y,Y,Y,Y,N,N,N,N
bac70b7a3e51,F22,QUARANTINE,Q15A,QUARANTINE_BIO_FINAL_FLAG_Q15A,459af0d7d91c,0ff39de5a52e,q_code,Y,Y,Y,Y,N,Y,Y,Y,N,N,N,N,Y,N,N,N,N,N,N,N,Y,Y,Y,Y,Y,Y,N,N,N,N
82aebe4ff24c,F15,AUTO,,AUTO_F15_BISPECIFIC,375dc3d886a9,44136fa355b3,,Y,Y,Y,Y,Y,Y,Y,Y,Y,N,N,N,Y,N,N,N,N,N,N,N,N,N,N,N,N,Y,N,N,N,N
4647f18d9dea,F15,QUARANTINE,Q15B,QUARANTINE_LEGACY_FLAG_UNDOC_Q15B,459af0d7d91c,fc80a095c5ee,q_code,Y,Y,Y,Y,Y,Y,Y,Y,N,N,N,N,Y,N,N,N,N,N,N,N,N,N,N,Y,N,Y,N,N,N,N
2eea300e4ee6,F25,REPAIR,,REPAIR_F25_CMTROLE,067eec0a7a08,ea8fdc70131d,"analyte_role_declaration,cmt_analyte_policy",Y,Y,Y,Y,Y,Y,Y,Y,Y,N,N,N,Y,N,N,N,N,N,Y,N,N,Y,N,N,N,Y,Y,N,N,N
d16d432e4471,F25,QUARANTINE,Q16,QUARANTINE_ANALYTE_ROLE_MISSING_Q16,459af0d7d91c,9d9b4b667195,q_code,Y,Y,Y,Y,N,Y,Y,Y,N,N,N,N,Y,N,N,N,N,N,N,N,N,Y,N,N,N,Y,N,N,N,N
3720138a10e7,F25,QUARANTINE,Q15B,QUARANTINE_LEGACY_FLAG_UNDOC_Q15B,459af0d7d91c,fc80a095c5ee,q_code,Y,Y,Y,Y,Y,Y,Y,Y,N,N,N,N,Y,N,N,N,N,N,N,N,N,Y,N,Y,N,Y,N,N,N,N
44a2993c6672,F25,QUARANTINE,Q16,QUARANTINE_ANALYTE_ROLE_MISSING_Q16,459af0d7d91c,9d9b4b667195,q_code,Y,Y,Y,Y,N,Y,Y,Y,N,N,N,N,Y,N,N,N,N,N,N,N,N,Y,N,Y,N,Y,N,N,N,N
6fcb407d90bd,F22,REPAIR,,REPAIR_F22_DDIVP,9778a409567c,3b6e37a453cb,"cmt_analyte_policy,dual_cmt_policy",Y,Y,Y,Y,Y,Y,Y,Y,Y,N,N,N,Y,N,N,N,N,N,Y,N,N,Y,Y,N,N,Y,N,N,N,N
52d79edeff1b,F22,QUARANTINE,Q16,QUARANTINE_ANALYTE_ROLE_MISSING_Q16,459af0d7d91c,9d9b4b667195,q_code,Y,Y,Y,Y,N,Y,Y,Y,N,N,N,N,Y,N,N,N,N,N,N,N,N,Y,Y,N,N,Y,N,N,N,N
216e706802c1,F22,QUARANTINE,Q15B,QUARANTINE_LEGACY_FLAG_UNDOC_Q15B,459af0d7d91c,fc80a095c5ee,q_code,Y,Y,Y,Y,Y,Y,Y,Y,N,N,N,N,Y,N,N,N,N,N,N,N,N,Y,Y,Y,N,Y,N,N,N,N
df88dc1ab255,F22,QUARANTINE,Q16,QUARANTINE_ANALYTE_ROLE_MISSING_Q16,459af0d7d91c,9d9b4b667195,q_code,Y,Y,Y,Y,N,Y,Y,Y,N,N,N,N,Y,N,N,N,N,N,N,N,N,Y,Y,Y,N,Y,N,N,N,N
50a240e54f66,F15,REPAIR,,REPAIR_F15_BLQ,f67c49c740b6,5598114a142c,blq_handling_policy,Y,Y,Y,Y,Y,Y,Y,Y,Y,N,N,N,Y,Y,N,N,N,N,N,N,N,N,N,N,N,Y,N,N,N,N
91b92d8b2454,F15,QUARANTINE,Q15B,QUARANTINE_LEGACY_FLAG_UNDOC_Q15B,459af0d7d91c,fc80a095c5ee,q_code,Y,Y,Y,Y,Y,Y,Y,Y,N,N,N,N,Y,N,N,N,N,N,N,N,N,N,N,Y,N,Y,N,N,N,N
43d3b94c8440,F25,REPAIR,,REPAIR_F25_BLQ_CMTROLE,b0a07c38e805,4bdf45aaf340,"analyte_role_declaration,blq_handling_policy,cmt_analyte_policy",Y,Y,Y,Y,Y,Y,Y,Y,Y,N,N,N,Y,Y,N,N,N,N,Y,N,N,Y,N,N,N,Y,Y,N,N,N
fc2c7d4c38e2,F25,QUARANTINE,Q16,QUARANTINE_ANALYTE_ROLE_MISSING_Q16,459af0d7d91c,9d9b4b667195,q_code,Y,Y,Y,Y,N,Y,Y,Y,N,N,N,N,Y,N,N,N,N,N,N,N,N,Y,N,N,N,Y,N,N,N,N
fe72646da4fc,F25,QUARANTINE,Q15B,QUARANTINE_LEGACY_FLAG_UNDOC_Q15B,459af0d7d91c,fc80a095c5ee,q_code,Y,Y,Y,Y,Y,Y,Y,Y,N,N,N,N,Y,N,N,N,N,N,N,N,N,Y,N,Y,N,Y,N,N,N,N
db33ad62ba24,F25,QUARANTINE,Q16,QUARANTINE_ANALYTE_ROLE_MISSING_Q16,459af0d7d91c,9d9b4b667195,q_code,Y,Y,Y,Y,N,Y,Y,Y,N,N,N,N,Y,N,N,N,N,N,N,N,N,Y,N,Y,N,Y,N,N,N,N
574ac37089a8,F22,REPAIR,,REPAIR_F22_BLQ_DDIVP,f452000cd78c,1a93afeda678,"blq_handling_policy,cmt_analyte_policy,dual_cmt_policy",Y,Y,Y,Y,Y,Y,Y,Y,Y,N,N,N,Y,Y,N,N,N,N,Y,N,N,Y,Y,N,N,Y,N,N,N,N
d897b8c3f42f,F22,QUARANTINE,Q16,QUARANTINE_ANALYTE_ROLE_MISSING_Q16,459af0d7d91c,9d9b4b667195,q_code,Y,Y,Y,Y,N,Y,Y,Y,N,N,N,N,Y,N,N,N,N,N,N,N,N,Y,Y,N,N,Y,N,N,N,N
44932c14161f,F22,QUARANTINE,Q15B,QUARANTINE_LEGACY_FLAG_UNDOC_Q15B,459af0d7d91c,fc80a095c5ee,q_code,Y,Y,Y,Y,Y,Y,Y,Y,N,N,N,N,Y,N,N,N,N,N,N,N,N,Y,Y,Y,N,Y,N,N,N,N
91be8e2c5a16,F22,QUARANTINE,Q16,QUARANTINE_ANALYTE_ROLE_MISSING_Q16,459af0d7d91c,9d9b4b667195,q_code,Y,Y,Y,Y,N,Y,Y,Y,N,N,N,N,Y,N,N,N,N,N,N,N,N,Y,Y,Y,N,Y,N,N,N,N
2d30413ad191,F15,QUARANTINE,Q15A,QUARANTINE_BIO_FINAL_FLAG_Q15A,459af0d7d91c,0ff39de5a52e,q_code,Y,Y,Y,Y,N,Y,Y,Y,N,N,N,N,Y,N,N,N,N,N,N,N,Y,N,N,N,N,Y,N,N,N,N
fa329a3ea9c6,F15,QUARANTINE,Q15A,QUARANTINE_BIO_FINAL_FLAG_Q15A,459af0d7d91c,0ff39de5a52e,q_code,Y,Y,Y,Y,N,Y,Y,Y,N,N,N,N,Y,N,N,N,N,N,N,N,Y,N,N,Y,N,Y,N,N,N,N
605655eea556,F25,QUARANTINE,Q15A,QUARANTINE_BIO_FINAL_FLAG_Q15A,459af0d7d91c,0ff39de5a52e,q_code,Y,Y,Y,Y,N,Y,Y,Y,N,N,N,N,Y,N,N,N,N,N,N,N,Y,Y,N,N,N,Y,N,N,N,N
6b4cf4139560,F25,QUARANTINE,Q15A,QUARANTINE_BIO_FINAL_FLAG_Q15A,459af0d7d91c,0ff39de5a52e,q_code,Y,Y,Y,Y,N,Y,Y,Y,N,N,N,N,Y,N,N,N,N,N,N,N,Y,Y,N,N,N,Y,N,N,N,N
90364bb4a16f,F25,QUARANTINE,Q15A,QUARANTINE_BIO_FINAL_FLAG_Q15A,459af0d7d91c,0ff39de5a52e,q_code,Y,Y,Y,Y,N,Y,Y,Y,N,N,N,N,Y,N,N,N,N,N,N,N,Y,Y,N,Y,N,Y,N,N,N,N
e96cb646e859,F25,QUARANTINE,Q15A,QUARANTINE_BIO_FINAL_FLAG_Q15A,459af0d7d91c,0ff39de5a52e,q_code,Y,Y,Y,Y,N,Y,Y,Y,N,N,N,N,Y,N,N,N,N,N,N,N,Y,Y,N,Y,N,Y,N,N,N,N
242f0412a479,F22,QUARANTINE,Q15A,QUARANTINE_BIO_FINAL_FLAG_Q15A,459af0d7d91c,0ff39de5a52e,q_code,Y,Y,Y,Y,N,Y,Y,Y,N,N,N,N,Y,N,N,N,N,N,N,N,Y,Y,Y,N,N,Y,N,N,N,N
d0642becc02b,F22,QUARANTINE,Q15A,QUARANTINE_BIO_FINAL_FLAG_Q15A,459af0d7d91c,0ff39de5a52e,q_code,Y,Y,Y,Y,N,Y,Y,Y,N,N,N,N,Y,N,N,N,N,N,N,N,Y,Y,Y,N,N,Y,N,N,N,N
26b77ff7ba8f,F22,QUARANTINE,Q15A,QUARANTINE_BIO_FINAL_FLAG_Q15A,459af0d7d91c,0ff39de5a52e,q_code,Y,Y,Y,Y,N,Y,Y,Y,N,N,N,N,Y,N,N,N,N,N,N,N,Y,Y,Y,Y,N,Y,N,N,N,N
ae8fff71492d,F22,QUARANTINE,Q15A,QUARANTINE_BIO_FINAL_FLAG_Q15A,459af0d7d91c,0ff39de5a52e,q_code,Y,Y,Y,Y,N,Y,Y,Y,N,N,N,N,Y,N,N,N,N,N,N,N,Y,Y,Y,Y,N,Y,N,N,N,N
12182a62df7b,F15,AUTO,,AUTO_F15_BISPECIFIC,375dc3d886a9,44136fa355b3,,Y,Y,Y,Y,Y,Y,Y,Y,Y,N,N,N,Y,N,N,N,N,N,N,N,N,N,N,N,Y,Y,N,N,N,N
44950418f362,F15,QUARANTINE,Q15B,QUARANTINE_ADDL_CONFLICT_Q15B,459af0d7d91c,fc80a095c5ee,q_code,Y,Y,Y,Y,Y,Y,Y,Y,N,N,N,N,Y,N,N,N,N,N,N,N,N,N,N,Y,Y,Y,N,N,N,N
e88cf9d65ef0,F25,REPAIR,,REPAIR_F25_CMTROLE,067eec0a7a08,ea8fdc70131d,"analyte_role_declaration,cmt_analyte_policy",Y,Y,Y,Y,Y,Y,Y,Y,Y,N,N,N,Y,N,N,N,N,N,Y,N,N,Y,N,N,Y,Y,Y,N,N,N
c7c317b5f0c4,F25,QUARANTINE,Q16,QUARANTINE_ADDL_CONFLICT_Q16,459af0d7d91c,9d9b4b667195,q_code,Y,Y,Y,Y,N,Y,Y,Y,N,N,N,N,Y,N,N,N,N,N,N,N,N,Y,N,N,Y,Y,N,N,N,N
de3e11643625,F25,QUARANTINE,Q15B,QUARANTINE_ADDL_CONFLICT_Q15B,459af0d7d91c,fc80a095c5ee,q_code,Y,Y,Y,Y,Y,Y,Y,Y,N,N,N,N,Y,N,N,N,N,N,N,N,N,Y,N,Y,Y,Y,N,N,N,N
aef248443667,F25,QUARANTINE,Q16,QUARANTINE_ADDL_CONFLICT_Q16,459af0d7d91c,9d9b4b667195,q_code,Y,Y,Y,Y,N,Y,Y,Y,N,N,N,N,Y,N,N,N,N,N,N,N,N,Y,N,Y,Y,Y,N,N,N,N
b6ef4fcb8a92,F22,REPAIR,,REPAIR_F22_DDIVP,9778a409567c,3b6e37a453cb,"cmt_analyte_policy,dual_cmt_policy",Y,Y,Y,Y,Y,Y,Y,Y,Y,N,N,N,Y,N,N,N,N,N,Y,N,N,Y,Y,N,Y,Y,N,N,N,N
180d02368053,F22,QUARANTINE,Q16,QUARANTINE_ADDL_CONFLICT_Q16,459af0d7d91c,9d9b4b667195,q_code,Y,Y,Y,Y,N,Y,Y,Y,N,N,N,N,Y,N,N,N,N,N,N,N,N,Y,Y,N,Y,Y,N,N,N,N
d123c6342013,F22,QUARANTINE,Q15B,QUARANTINE_ADDL_CONFLICT_Q15B,459af0d7d91c,fc80a095c5ee,q_code,Y,Y,Y,Y,Y,Y,Y,Y,N,N,N,N,Y,N,N,N,N,N,N,N,N,Y,Y,Y,Y,Y,N,N,N,N
c84667d6b526,F22,QUARANTINE,Q16,QUARANTINE_ADDL_CONFLICT_Q16,459af0d7d91c,9d9b4b667195,q_code,Y,Y,Y,Y,N,Y,Y,Y,N,N,N,N,Y,N,N,N,N,N,N,N,N,Y,Y,Y,Y,Y,N,N,N,N
b745adb46a9d,F15,REPAIR,,REPAIR_F15_BLQ,f67c49c740b6,5598114a142c,blq_handling_policy,Y,Y,Y,Y,Y,Y,Y,Y,Y,N,N,N,Y,Y,N,N,N,N,N,N,N,N,N,N,Y,Y,N,N,N,N
73d5344f1f88,F15,QUARANTINE,Q15B,QUARANTINE_ADDL_CONFLICT_Q15B,459af0d7d91c,fc80a095c5ee,q_code,Y,Y,Y,Y,Y,Y,Y,Y,N,N,N,N,Y,N,N,N,N,N,N,N,N,N,N,Y,Y,Y,N,N,N,N
84e6d4b6c1fb,F25,REPAIR,,REPAIR_F25_BLQ_CMTROLE,b0a07c38e805,4bdf45aaf340,"analyte_role_declaration,blq_handling_policy,cmt_analyte_policy",Y,Y,Y,Y,Y,Y,Y,Y,Y,N,N,N,Y,Y,N,N,N,N,Y,N,N,Y,N,N,Y,Y,Y,N,N,N
5d24c718b2db,F25,QUARANTINE,Q16,QUARANTINE_ADDL_CONFLICT_Q16,459af0d7d91c,9d9b4b667195,q_code,Y,Y,Y,Y,N,Y,Y,Y,N,N,N,N,Y,N,N,N,N,N,N,N,N,Y,N,N,Y,Y,N,N,N,N
b102262eefd7,F25,QUARANTINE,Q15B,QUARANTINE_ADDL_CONFLICT_Q15B,459af0d7d91c,fc80a095c5ee,q_code,Y,Y,Y,Y,Y,Y,Y,Y,N,N,N,N,Y,N,N,N,N,N,N,N,N,Y,N,Y,Y,Y,N,N,N,N
36f2affec7ee,F25,QUARANTINE,Q16,QUARANTINE_ADDL_CONFLICT_Q16,459af0d7d91c,9d9b4b667195,q_code,Y,Y,Y,Y,N,Y,Y,Y,N,N,N,N,Y,N,N,N,N,N,N,N,N,Y,N,Y,Y,Y,N,N,N,N
17b7ee0b0599,F22,REPAIR,,REPAIR_F22_BLQ_DDIVP,f452000cd78c,1a93afeda678,"blq_handling_policy,cmt_analyte_policy,dual_cmt_policy",Y,Y,Y,Y,Y,Y,Y,Y,Y,N,N,N,Y,Y,N,N,N,N,Y,N,N,Y,Y,N,Y,Y,N,N,N,N
2250eaf9ea01,F22,QUARANTINE,Q16,QUARANTINE_ADDL_CONFLICT_Q16,459af0d7d91c,9d9b4b667195,q_code,Y,Y,Y,Y,N,Y,Y,Y,N,N,N,N,Y,N,N,N,N,N,N,N,N,Y,Y,N,Y,Y,N,N,N,N
f714eb4b8364,F22,QUARANTINE,Q15B,QUARANTINE_ADDL_CONFLICT_Q15B,459af0d7d91c,fc80a095c5ee,q_code,Y,Y,Y,Y,Y,Y,Y,Y,N,N,N,N,Y,N,N,N,N,N,N,N,N,Y,Y,Y,Y,Y,N,N,N,N
1e5728993fef,F22,QUARANTINE,Q16,QUARANTINE_ADDL_CONFLICT_Q16,459af0d7d91c,9d9b4b667195,q_code,Y,Y,Y,Y,N,Y,Y,Y,N,N,N,N,Y,N,N,N,N,N,N,N,N,Y,Y,Y,Y,Y,N,N,N,N
7d640080a3c5,F15,QUARANTINE,Q15A,QUARANTINE_BIO_FINAL_FLAG_Q15A,459af0d7d91c,0ff39de5a52e,q_code,Y,Y,Y,Y,N,Y,Y,Y,N,N,N,N,Y,N,N,N,N,N,N,N,Y,N,N,N,Y,Y,N,N,N,N
5538f319d357,F15,QUARANTINE,Q15A,QUARANTINE_BIO_FINAL_FLAG_Q15A,459af0d7d91c,0ff39de5a52e,q_code,Y,Y,Y,Y,N,Y,Y,Y,N,N,N,N,Y,N,N,N,N,N,N,N,Y,N,N,Y,Y,Y,N,N,N,N
19ac4134b3b7,F25,QUARANTINE,Q15A,QUARANTINE_BIO_FINAL_FLAG_Q15A,459af0d7d91c,0ff39de5a52e,q_code,Y,Y,Y,Y,N,Y,Y,Y,N,N,N,N,Y,N,N,N,N,N,N,N,Y,Y,N,N,Y,Y,N,N,N,N
274a81caa6b8,F25,QUARANTINE,Q15A,QUARANTINE_BIO_FINAL_FLAG_Q15A,459af0d7d91c,0ff39de5a52e,q_code,Y,Y,Y,Y,N,Y,Y,Y,N,N,N,N,Y,N,N,N,N,N,N,N,Y,Y,N,N,Y,Y,N,N,N,N
1597da1594aa,F25,QUARANTINE,Q15A,QUARANTINE_BIO_FINAL_FLAG_Q15A,459af0d7d91c,0ff39de5a52e,q_code,Y,Y,Y,Y,N,Y,Y,Y,N,N,N,N,Y,N,N,N,N,N,N,N,Y,Y,N,Y,Y,Y,N,N,N,N
f6a433dae29f,F25,QUARANTINE,Q15A,QUARANTINE_BIO_FINAL_FLAG_Q15A,459af0d7d91c,0ff39de5a52e,q_code,Y,Y,Y,Y,N,Y,Y,Y,N,N,N,N,Y,N,N,N,N,N,N,N,Y,Y,N,Y,Y,Y,N,N,N,N
2994fb356728,F22,QUARANTINE,Q15A,QUARANTINE_BIO_FINAL_FLAG_Q15A,459af0d7d91c,0ff39de5a52e,q_code,Y,Y,Y,Y,N,Y,Y,Y,N,N,N,N,Y,N,N,N,N,N,N,N,Y,Y,Y,N,Y,Y,N,N,N,N
9060766d2566,F22,QUARANTINE,Q15A,QUARANTINE_BIO_FINAL_FLAG_Q15A,459af0d7d91c,0ff39de5a52e,q_code,Y,Y,Y,Y,N,Y,Y,Y,N,N,N,N,Y,N,N,N,N,N,N,N,Y,Y,Y,N,Y,Y,N,N,N,N
be5648f28ba6,F22,QUARANTINE,Q15A,QUARANTINE_BIO_FINAL_FLAG_Q15A,459af0d7d91c,0ff39de5a52e,q_code,Y,Y,Y,Y,N,Y,Y,Y,N,N,N,N,Y,N,N,N,N,N,N,N,Y,Y,Y,Y,Y,Y,N,N,N,N
7d05b4eb221a,F22,QUARANTINE,Q15A,QUARANTINE_BIO_FINAL_FLAG_Q15A,459af0d7d91c,0ff39de5a52e,q_code,Y,Y,Y,Y,N,Y,Y,Y,N,N,N,N,Y,N,N,N,N,N,N,N,Y,Y,Y,Y,Y,Y,N,N,N,N
40e31690556b,F15,AUTO,,AUTO_F15_CELL_THERAPY,375dc3d886a9,44136fa355b3,,Y,Y,Y,Y,Y,Y,Y,Y,Y,N,N,N,Y,N,N,N,N,N,N,N,N,N,N,N,N,Y,N,N,N,N
99e624876e71,F15,QUARANTINE,Q15B,QUARANTINE_LEGACY_FLAG_UNDOC_Q15B,459af0d7d91c,fc80a095c5ee,q_code,Y,Y,Y,Y,Y,Y,Y,Y,N,N,N,N,Y,N,N,N,N,N,N,N,N,N,N,Y,N,Y,N,N,N,N
eff54c7f549a,F15,REPAIR,,REPAIR_F15_CMTROLE,067eec0a7a08,f60410e849b7,"analyte_role_declaration,cmt_analyte_policy",Y,Y,Y,Y,Y,Y,Y,Y,Y,N,N,N,Y,N,N,N,N,N,Y,N,N,Y,N,N,N,Y,Y,N,N,N
7eb8831b1f55,F15,QUARANTINE,Q16,QUARANTINE_ANALYTE_ROLE_MISSING_Q16,459af0d7d91c,9d9b4b667195,q_code,Y,Y,Y,Y,N,Y,Y,Y,N,N,N,N,Y,N,N,N,N,N,N,N,N,Y,N,N,N,Y,N,N,N,N
a2ba1986c859,F15,QUARANTINE,Q15B,QUARANTINE_LEGACY_FLAG_UNDOC_Q15B,459af0d7d91c,fc80a095c5ee,q_code,Y,Y,Y,Y,Y,Y,Y,Y,N,N,N,N,Y,N,N,N,N,N,N,N,N,Y,N,Y,N,Y,N,N,N,N
156167c49a7a,F15,QUARANTINE,Q16,QUARANTINE_ANALYTE_ROLE_MISSING_Q16,459af0d7d91c,9d9b4b667195,q_code,Y,Y,Y,Y,N,Y,Y,Y,N,N,N,N,Y,N,N,N,N,N,N,N,N,Y,N,Y,N,Y,N,N,N,N
b8c361b57bcc,F22,REPAIR,,REPAIR_F22_DDIVP,9778a409567c,3b6e37a453cb,"cmt_analyte_policy,dual_cmt_policy",Y,Y,Y,Y,Y,Y,Y,Y,Y,N,N,N,Y,N,N,N,N,N,Y,N,N,Y,Y,N,N,Y,N,N,N,N
1a7d0eaff995,F22,QUARANTINE,Q16,QUARANTINE_ANALYTE_ROLE_MISSING_Q16,459af0d7d91c,9d9b4b667195,q_code,Y,Y,Y,Y,N,Y,Y,Y,N,N,N,N,Y,N,N,N,N,N,N,N,N,Y,Y,N,N,Y,N,N,N,N
efa1e724e7e2,F22,QUARANTINE,Q15B,QUARANTINE_LEGACY_FLAG_UNDOC_Q15B,459af0d7d91c,fc80a095c5ee,q_code,Y,Y,Y,Y,Y,Y,Y,Y,N,N,N,N,Y,N,N,N,N,N,N,N,N,Y,Y,Y,N,Y,N,N,N,N
514f9dc07477,F22,QUARANTINE,Q16,QUARANTINE_ANALYTE_ROLE_MISSING_Q16,459af0d7d91c,9d9b4b667195,q_code,Y,Y,Y,Y,N,Y,Y,Y,N,N,N,N,Y,N,N,N,N,N,N,N,N,Y,Y,Y,N,Y,N,N,N,N
76ea80623969,F15,REPAIR,,REPAIR_F15_BLQ,f67c49c740b6,5598114a142c,blq_handling_policy,Y,Y,Y,Y,Y,Y,Y,Y,Y,N,N,N,Y,Y,N,N,N,N,N,N,N,N,N,N,N,Y,N,N,N,N
f26625d10b9b,F15,QUARANTINE,Q15B,QUARANTINE_LEGACY_FLAG_UNDOC_Q15B,459af0d7d91c,fc80a095c5ee,q_code,Y,Y,Y,Y,Y,Y,Y,Y,N,N,N,N,Y,N,N,N,N,N,N,N,N,N,N,Y,N,Y,N,N,N,N
6873eb4b512a,F15,REPAIR,,REPAIR_F15_BLQ_CMTROLE,b0a07c38e805,edd44a84e2e5,"analyte_role_declaration,blq_handling_policy,cmt_analyte_policy",Y,Y,Y,Y,Y,Y,Y,Y,Y,N,N,N,Y,Y,N,N,N,N,Y,N,N,Y,N,N,N,Y,Y,N,N,N
71ebe358223a,F15,QUARANTINE,Q16,QUARANTINE_ANALYTE_ROLE_MISSING_Q16,459af0d7d91c,9d9b4b667195,q_code,Y,Y,Y,Y,N,Y,Y,Y,N,N,N,N,Y,N,N,N,N,N,N,N,N,Y,N,N,N,Y,N,N,N,N
9b971490246e,F15,QUARANTINE,Q15B,QUARANTINE_LEGACY_FLAG_UNDOC_Q15B,459af0d7d91c,fc80a095c5ee,q_code,Y,Y,Y,Y,Y,Y,Y,Y,N,N,N,N,Y,N,N,N,N,N,N,N,N,Y,N,Y,N,Y,N,N,N,N
a03d6b101a39,F15,QUARANTINE,Q16,QUARANTINE_ANALYTE_ROLE_MISSING_Q16,459af0d7d91c,9d9b4b667195,q_code,Y,Y,Y,Y,N,Y,Y,Y,N,N,N,N,Y,N,N,N,N,N,N,N,N,Y,N,Y,N,Y,N,N,N,N
2a681c03b700,F22,REPAIR,,REPAIR_F22_BLQ_DDIVP,f452000cd78c,1a93afeda678,"blq_handling_policy,cmt_analyte_policy,dual_cmt_policy",Y,Y,Y,Y,Y,Y,Y,Y,Y,N,N,N,Y,Y,N,N,N,N,Y,N,N,Y,Y,N,N,Y,N,N,N,N
c3b5caae98d7,F22,QUARANTINE,Q16,QUARANTINE_ANALYTE_ROLE_MISSING_Q16,459af0d7d91c,9d9b4b667195,q_code,Y,Y,Y,Y,N,Y,Y,Y,N,N,N,N,Y,N,N,N,N,N,N,N,N,Y,Y,N,N,Y,N,N,N,N
733e0f9c7080,F22,QUARANTINE,Q15B,QUARANTINE_LEGACY_FLAG_UNDOC_Q15B,459af0d7d91c,fc80a095c5ee,q_code,Y,Y,Y,Y,Y,Y,Y,Y,N,N,N,N,Y,N,N,N,N,N,N,N,N,Y,Y,Y,N,Y,N,N,N,N
ea63cc7db770,F22,QUARANTINE,Q16,QUARANTINE_ANALYTE_ROLE_MISSING_Q16,459af0d7d91c,9d9b4b667195,q_code,Y,Y,Y,Y,N,Y,Y,Y,N,N,N,N,Y,N,N,N,N,N,N,N,N,Y,Y,Y,N,Y,N,N,N,N
9b455ceb693b,F15,QUARANTINE,Q15A,QUARANTINE_BIO_FINAL_FLAG_Q15A,459af0d7d91c,0ff39de5a52e,q_code,Y,Y,Y,Y,N,Y,Y,Y,N,N,N,N,Y,N,N,N,N,N,N,N,Y,N,N,N,N,Y,N,N,N,N
d4ed0075511b,F15,QUARANTINE,Q15A,QUARANTINE_BIO_FINAL_FLAG_Q15A,459af0d7d91c,0ff39de5a52e,q_code,Y,Y,Y,Y,N,Y,Y,Y,N,N,N,N,Y,N,N,N,N,N,N,N,Y,N,N,Y,N,Y,N,N,N,N
0d5f213c0f61,F15,QUARANTINE,Q15A,QUARANTINE_BIO_FINAL_FLAG_Q15A,459af0d7d91c,0ff39de5a52e,q_code,Y,Y,Y,Y,N,Y,Y,Y,N,N,N,N,Y,N,N,N,N,N,N,N,Y,Y,N,N,N,Y,N,N,N,N
9617314dfb5d,F15,QUARANTINE,Q15A,QUARANTINE_BIO_FINAL_FLAG_Q15A,459af0d7d91c,0ff39de5a52e,q_code,Y,Y,Y,Y,N,Y,Y,Y,N,N,N,N,Y,N,N,N,N,N,N,N,Y,Y,N,N,N,Y,N,N,N,N
c64c3270aa6c,F15,QUARANTINE,Q15A,QUARANTINE_BIO_FINAL_FLAG_Q15A,459af0d7d91c,0ff39de5a52e,q_code,Y,Y,Y,Y,N,Y,Y,Y,N,N,N,N,Y,N,N,N,N,N,N,N,Y,Y,N,Y,N,Y,N,N,N,N
c21fec13398d,F15,QUARANTINE,Q15A,QUARANTINE_BIO_FINAL_FLAG_Q15A,459af0d7d91c,0ff39de5a52e,q_code,Y,Y,Y,Y,N,Y,Y,Y,N,N,N,N,Y,N,N,N,N,N,N,N,Y,Y,N,Y,N,Y,N,N,N,N
f89538dbb571,F22,QUARANTINE,Q15A,QUARANTINE_BIO_FINAL_FLAG_Q15A,459af0d7d91c,0ff39de5a52e,q_code,Y,Y,Y,Y,N,Y,Y,Y,N,N,N,N,Y,N,N,N,N,N,N,N,Y,Y,Y,N,N,Y,N,N,N,N
a0c9b96c3137,F22,QUARANTINE,Q15A,QUARANTINE_BIO_FINAL_FLAG_Q15A,459af0d7d91c,0ff39de5a52e,q_code,Y,Y,Y,Y,N,Y,Y,Y,N,N,N,N,Y,N,N,N,N,N,N,N,Y,Y,Y,N,N,Y,N,N,N,N
30db36a2e0f7,F22,QUARANTINE,Q15A,QUARANTINE_BIO_FINAL_FLAG_Q15A,459af0d7d91c,0ff39de5a52e,q_code,Y,Y,Y,Y,N,Y,Y,Y,N,N,N,N,Y,N,N,N,N,N,N,N,Y,Y,Y,Y,N,Y,N,N,N,N
f92b1d9982b9,F22,QUARANTINE,Q15A,QUARANTINE_BIO_FINAL_FLAG_Q15A,459af0d7d91c,0ff39de5a52e,q_code,Y,Y,Y,Y,N,Y,Y,Y,N,N,N,N,Y,N,N,N,N,N,N,N,Y,Y,Y,Y,N,Y,N,N,N,N
a4440637421c,F15,AUTO,,AUTO_F15_CELL_THERAPY,375dc3d886a9,44136fa355b3,,Y,Y,Y,Y,Y,Y,Y,Y,Y,N,N,N,Y,N,N,N,N,N,N,N,N,N,N,N,Y,Y,N,N,N,N
6ae9a94a0b40,F15,QUARANTINE,Q15B,QUARANTINE_ADDL_CONFLICT_Q15B,459af0d7d91c,fc80a095c5ee,q_code,Y,Y,Y,Y,Y,Y,Y,Y,N,N,N,N,Y,N,N,N,N,N,N,N,N,N,N,Y,Y,Y,N,N,N,N
17cc7951a023,F15,REPAIR,,REPAIR_F15_CMTROLE,067eec0a7a08,f60410e849b7,"analyte_role_declaration,cmt_analyte_policy",Y,Y,Y,Y,Y,Y,Y,Y,Y,N,N,N,Y,N,N,N,N,N,Y,N,N,Y,N,N,Y,Y,Y,N,N,N
a8b1e8f1008b,F15,QUARANTINE,Q16,QUARANTINE_ADDL_CONFLICT_Q16,459af0d7d91c,9d9b4b667195,q_code,Y,Y,Y,Y,N,Y,Y,Y,N,N,N,N,Y,N,N,N,N,N,N,N,N,Y,N,N,Y,Y,N,N,N,N
41e02e3cd57f,F15,QUARANTINE,Q15B,QUARANTINE_ADDL_CONFLICT_Q15B,459af0d7d91c,fc80a095c5ee,q_code,Y,Y,Y,Y,Y,Y,Y,Y,N,N,N,N,Y,N,N,N,N,N,N,N,N,Y,N,Y,Y,Y,N,N,N,N
847485cbd5e9,F15,QUARANTINE,Q16,QUARANTINE_ADDL_CONFLICT_Q16,459af0d7d91c,9d9b4b667195,q_code,Y,Y,Y,Y,N,Y,Y,Y,N,N,N,N,Y,N,N,N,N,N,N,N,N,Y,N,Y,Y,Y,N,N,N,N
10bd858c3bc4,F22,REPAIR,,REPAIR_F22_DDIVP,9778a409567c,3b6e37a453cb,"cmt_analyte_policy,dual_cmt_policy",Y,Y,Y,Y,Y,Y,Y,Y,Y,N,N,N,Y,N,N,N,N,N,Y,N,N,Y,Y,N,Y,Y,N,N,N,N
da5ec95141b4,F22,QUARANTINE,Q16,QUARANTINE_ADDL_CONFLICT_Q16,459af0d7d91c,9d9b4b667195,q_code,Y,Y,Y,Y,N,Y,Y,Y,N,N,N,N,Y,N,N,N,N,N,N,N,N,Y,Y,N,Y,Y,N,N,N,N
bd6ac0d4c864,F22,QUARANTINE,Q15B,QUARANTINE_ADDL_CONFLICT_Q15B,459af0d7d91c,fc80a095c5ee,q_code,Y,Y,Y,Y,Y,Y,Y,Y,N,N,N,N,Y,N,N,N,N,N,N,N,N,Y,Y,Y,Y,Y,N,N,N,N
f20cea617cae,F22,QUARANTINE,Q16,QUARANTINE_ADDL_CONFLICT_Q16,459af0d7d91c,9d9b4b667195,q_code,Y,Y,Y,Y,N,Y,Y,Y,N,N,N,N,Y,N,N,N,N,N,N,N,N,Y,Y,Y,Y,Y,N,N,N,N
0b7007ccedff,F15,REPAIR,,REPAIR_F15_BLQ,f67c49c740b6,5598114a142c,blq_handling_policy,Y,Y,Y,Y,Y,Y,Y,Y,Y,N,N,N,Y,Y,N,N,N,N,N,N,N,N,N,N,Y,Y,N,N,N,N
2d3afe3ea552,F15,QUARANTINE,Q15B,QUARANTINE_ADDL_CONFLICT_Q15B,459af0d7d91c,fc80a095c5ee,q_code,Y,Y,Y,Y,Y,Y,Y,Y,N,N,N,N,Y,N,N,N,N,N,N,N,N,N,N,Y,Y,Y,N,N,N,N
a04c52da07bd,F15,REPAIR,,REPAIR_F15_BLQ_CMTROLE,b0a07c38e805,edd44a84e2e5,"analyte_role_declaration,blq_handling_policy,cmt_analyte_policy",Y,Y,Y,Y,Y,Y,Y,Y,Y,N,N,N,Y,Y,N,N,N,N,Y,N,N,Y,N,N,Y,Y,Y,N,N,N
f91148d59828,F15,QUARANTINE,Q16,QUARANTINE_ADDL_CONFLICT_Q16,459af0d7d91c,9d9b4b667195,q_code,Y,Y,Y,Y,N,Y,Y,Y,N,N,N,N,Y,N,N,N,N,N,N,N,N,Y,N,N,Y,Y,N,N,N,N
6b2bfe157808,F15,QUARANTINE,Q15B,QUARANTINE_ADDL_CONFLICT_Q15B,459af0d7d91c,fc80a095c5ee,q_code,Y,Y,Y,Y,Y,Y,Y,Y,N,N,N,N,Y,N,N,N,N,N,N,N,N,Y,N,Y,Y,Y,N,N,N,N
6ccf2fb0b356,F15,QUARANTINE,Q16,QUARANTINE_ADDL_CONFLICT_Q16,459af0d7d91c,9d9b4b667195,q_code,Y,Y,Y,Y,N,Y,Y,Y,N,N,N,N,Y,N,N,N,N,N,N,N,N,Y,N,Y,Y,Y,N,N,N,N
033bad5e68b7,F22,REPAIR,,REPAIR_F22_BLQ_DDIVP,f452000cd78c,1a93afeda678,"blq_handling_policy,cmt_analyte_policy,dual_cmt_policy",Y,Y,Y,Y,Y,Y,Y,Y,Y,N,N,N,Y,Y,N,N,N,N,Y,N,N,Y,Y,N,Y,Y,N,N,N,N
87a72370d145,F22,QUARANTINE,Q16,QUARANTINE_ADDL_CONFLICT_Q16,459af0d7d91c,9d9b4b667195,q_code,Y,Y,Y,Y,N,Y,Y,Y,N,N,N,N,Y,N,N,N,N,N,N,N,N,Y,Y,N,Y,Y,N,N,N,N
20359b929d7f,F22,QUARANTINE,Q15B,QUARANTINE_ADDL_CONFLICT_Q15B,459af0d7d91c,fc80a095c5ee,q_code,Y,Y,Y,Y,Y,Y,Y,Y,N,N,N,N,Y,N,N,N,N,N,N,N,N,Y,Y,Y,Y,Y,N,N,N,N
f33f8979021f,F22,QUARANTINE,Q16,QUARANTINE_ADDL_CONFLICT_Q16,459af0d7d91c,9d9b4b667195,q_code,Y,Y,Y,Y,N,Y,Y,Y,N,N,N,N,Y,N,N,N,N,N,N,N,N,Y,Y,Y,Y,Y,N,N,N,N
f4f5e998ed6b,F15,QUARANTINE,Q15A,QUARANTINE_BIO_FINAL_FLAG_Q15A,459af0d7d91c,0ff39de5a52e,q_code,Y,Y,Y,Y,N,Y,Y,Y,N,N,N,N,Y,N,N,N,N,N,N,N,Y,N,N,N,Y,Y,N,N,N,N
3e24530bc50b,F15,QUARANTINE,Q15A,QUARANTINE_BIO_FINAL_FLAG_Q15A,459af0d7d91c,0ff39de5a52e,q_code,Y,Y,Y,Y,N,Y,Y,Y,N,N,N,N,Y,N,N,N,N,N,N,N,Y,N,N,Y,Y,Y,N,N,N,N
a8a73ffaf15b,F15,QUARANTINE,Q15A,QUARANTINE_BIO_FINAL_FLAG_Q15A,459af0d7d91c,0ff39de5a52e,q_code,Y,Y,Y,Y,N,Y,Y,Y,N,N,N,N,Y,N,N,N,N,N,N,N,Y,Y,N,N,Y,Y,N,N,N,N
9fc660055849,F15,QUARANTINE,Q15A,QUARANTINE_BIO_FINAL_FLAG_Q15A,459af0d7d91c,0ff39de5a52e,q_code,Y,Y,Y,Y,N,Y,Y,Y,N,N,N,N,Y,N,N,N,N,N,N,N,Y,Y,N,N,Y,Y,N,N,N,N
2dab88dda320,F15,QUARANTINE,Q15A,QUARANTINE_BIO_FINAL_FLAG_Q15A,459af0d7d91c,0ff39de5a52e,q_code,Y,Y,Y,Y,N,Y,Y,Y,N,N,N,N,Y,N,N,N,N,N,N,N,Y,Y,N,Y,Y,Y,N,N,N,N
08f05c878f34,F15,QUARANTINE,Q15A,QUARANTINE_BIO_FINAL_FLAG_Q15A,459af0d7d91c,0ff39de5a52e,q_code,Y,Y,Y,Y,N,Y,Y,Y,N,N,N,N,Y,N,N,N,N,N,N,N,Y,Y,N,Y,Y,Y,N,N,N,N
5ee50067d096,F22,QUARANTINE,Q15A,QUARANTINE_BIO_FINAL_FLAG_Q15A,459af0d7d91c,0ff39de5a52e,q_code,Y,Y,Y,Y,N,Y,Y,Y,N,N,N,N,Y,N,N,N,N,N,N,N,Y,Y,Y,N,Y,Y,N,N,N,N
ab190a9d39db,F22,QUARANTINE,Q15A,QUARANTINE_BIO_FINAL_FLAG_Q15A,459af0d7d91c,0ff39de5a52e,q_code,Y,Y,Y,Y,N,Y,Y,Y,N,N,N,N,Y,N,N,N,N,N,N,N,Y,Y,Y,N,Y,Y,N,N,N,N
a12b96151d88,F22,QUARANTINE,Q15A,QUARANTINE_BIO_FINAL_FLAG_Q15A,459af0d7d91c,0ff39de5a52e,q_code,Y,Y,Y,Y,N,Y,Y,Y,N,N,N,N,Y,N,N,N,N,N,N,N,Y,Y,Y,Y,Y,Y,N,N,N,N
638cc863f37c,F22,QUARANTINE,Q15A,QUARANTINE_BIO_FINAL_FLAG_Q15A,459af0d7d91c,0ff39de5a52e,q_code,Y,Y,Y,Y,N,Y,Y,Y,N,N,N,N,Y,N,N,N,N,N,N,N,Y,Y,Y,Y,Y,Y,N,N,N,N
1970b4c6c02d,F27,AUTO,,AUTO_F27_MRNA,375dc3d886a9,44136fa355b3,,Y,Y,Y,Y,Y,Y,Y,Y,Y,N,N,N,Y,N,N,N,N,N,N,N,N,N,N,N,N,N,N,N,N,N
84504982d8e9,F27,QUARANTINE,Q15B,QUARANTINE_LEGACY_FLAG_UNDOC_Q15B,459af0d7d91c,fc80a095c5ee,q_code,Y,Y,Y,Y,Y,Y,Y,Y,N,N,N,N,Y,N,N,N,N,N,N,N,N,N,N,Y,N,N,N,N,N,N
488545ce20eb,F27,REPAIR,,REPAIR_F27_CMTM,625092f45d69,3d9b119a827c,cmt_analyte_policy,Y,Y,Y,Y,Y,Y,Y,Y,Y,N,N,N,Y,N,N,N,N,N,Y,N,N,Y,N,N,N,N,N,N,N,N
01ef3e4bd61f,F27,QUARANTINE,Q15B,QUARANTINE_LEGACY_FLAG_UNDOC_Q15B,459af0d7d91c,fc80a095c5ee,q_code,Y,Y,Y,Y,Y,Y,Y,Y,N,N,N,N,Y,N,N,N,N,N,N,N,N,Y,N,Y,N,N,N,N,N,N
faa744c1a14d,F27,REPAIR,,REPAIR_F27_DDIVP,9778a409567c,3b6e37a453cb,"cmt_analyte_policy,dual_cmt_policy",Y,Y,Y,Y,Y,Y,Y,Y,Y,N,N,N,Y,N,N,N,N,N,Y,N,N,Y,Y,N,N,N,N,N,N,N
176af4c0b412,F27,QUARANTINE,Q15B,QUARANTINE_LEGACY_FLAG_UNDOC_Q15B,459af0d7d91c,fc80a095c5ee,q_code,Y,Y,Y,Y,Y,Y,Y,Y,N,N,N,N,Y,N,N,N,N,N,N,N,N,Y,Y,Y,N,N,N,N,N,N
50e2662da879,F27,REPAIR,,REPAIR_F27_BLQ,f67c49c740b6,5598114a142c,blq_handling_policy,Y,Y,Y,Y,Y,Y,Y,Y,Y,N,N,N,Y,Y,N,N,N,N,N,N,N,N,N,N,N,N,N,N,N,N
edc9aa6521cd,F27,QUARANTINE,Q15B,QUARANTINE_LEGACY_FLAG_UNDOC_Q15B,459af0d7d91c,fc80a095c5ee,q_code,Y,Y,Y,Y,Y,Y,Y,Y,N,N,N,N,Y,N,N,N,N,N,N,N,N,N,N,Y,N,N,N,N,N,N
8f5766bb4dc5,F27,REPAIR,,REPAIR_F27_BLQ_CMTM,ad950bea7a00,b0d8a8150750,"blq_handling_policy,cmt_analyte_policy",Y,Y,Y,Y,Y,Y,Y,Y,Y,N,N,N,Y,Y,N,N,N,N,Y,N,N,Y,N,N,N,N,N,N,N,N
7f693b1569bd,F27,QUARANTINE,Q15B,QUARANTINE_LEGACY_FLAG_UNDOC_Q15B,459af0d7d91c,fc80a095c5ee,q_code,Y,Y,Y,Y,Y,Y,Y,Y,N,N,N,N,Y,N,N,N,N,N,N,N,N,Y,N,Y,N,N,N,N,N,N
e60d1bf87d91,F27,REPAIR,,REPAIR_F27_BLQ_DDIVP,f452000cd78c,1a93afeda678,"blq_handling_policy,cmt_analyte_policy,dual_cmt_policy",Y,Y,Y,Y,Y,Y,Y,Y,Y,N,N,N,Y,Y,N,N,N,N,Y,N,N,Y,Y,N,N,N,N,N,N,N
d8a82d648e7e,F27,QUARANTINE,Q15B,QUARANTINE_LEGACY_FLAG_UNDOC_Q15B,459af0d7d91c,fc80a095c5ee,q_code,Y,Y,Y,Y,Y,Y,Y,Y,N,N,N,N,Y,N,N,N,N,N,N,N,N,Y,Y,Y,N,N,N,N,N,N
0019c22dfbe8,F27,QUARANTINE,Q15A,QUARANTINE_BIO_FINAL_FLAG_Q15A,459af0d7d91c,0ff39de5a52e,q_code,Y,Y,Y,Y,N,Y,Y,Y,N,N,N,N,Y,N,N,N,N,N,N,N,Y,N,N,N,N,N,N,N,N,N
2f3a07e5814c,F27,QUARANTINE,Q15A,QUARANTINE_BIO_FINAL_FLAG_Q15A,459af0d7d91c,0ff39de5a52e,q_code,Y,Y,Y,Y,N,Y,Y,Y,N,N,N,N,Y,N,N,N,N,N,N,N,Y,N,N,Y,N,N,N,N,N,N
a0c94f0eef87,F27,QUARANTINE,Q15A,QUARANTINE_BIO_FINAL_FLAG_Q15A,459af0d7d91c,0ff39de5a52e,q_code,Y,Y,Y,Y,N,Y,Y,Y,N,N,N,N,Y,N,N,N,N,N,N,N,Y,Y,N,N,N,N,N,N,N,N
893b794cbda4,F27,QUARANTINE,Q15A,QUARANTINE_BIO_FINAL_FLAG_Q15A,459af0d7d91c,0ff39de5a52e,q_code,Y,Y,Y,Y,N,Y,Y,Y,N,N,N,N,Y,N,N,N,N,N,N,N,Y,Y,N,Y,N,N,N,N,N,N
5830f111f896,F27,QUARANTINE,Q15A,QUARANTINE_BIO_FINAL_FLAG_Q15A,459af0d7d91c,0ff39de5a52e,q_code,Y,Y,Y,Y,N,Y,Y,Y,N,N,N,N,Y,N,N,N,N,N,N,N,Y,Y,Y,N,N,N,N,N,N,N
d23d32ffdf75,F27,QUARANTINE,Q15A,QUARANTINE_BIO_FINAL_FLAG_Q15A,459af0d7d91c,0ff39de5a52e,q_code,Y,Y,Y,Y,N,Y,Y,Y,N,N,N,N,Y,N,N,N,N,N,N,N,Y,Y,Y,Y,N,N,N,N,N,N
9ef80a57992d,F27,AUTO,,AUTO_F27_MRNA,375dc3d886a9,44136fa355b3,,Y,Y,Y,Y,Y,Y,Y,Y,Y,N,N,N,Y,N,N,N,N,N,N,N,N,N,N,N,Y,N,N,N,N,N
83aaf1bc5add,F27,QUARANTINE,Q15B,QUARANTINE_ADDL_CONFLICT_Q15B,459af0d7d91c,fc80a095c5ee,q_code,Y,Y,Y,Y,Y,Y,Y,Y,N,N,N,N,Y,N,N,N,N,N,N,N,N,N,N,Y,Y,N,N,N,N,N
53c027b0fea9,F27,REPAIR,,REPAIR_F27_CMTM,625092f45d69,3d9b119a827c,cmt_analyte_policy,Y,Y,Y,Y,Y,Y,Y,Y,Y,N,N,N,Y,N,N,N,N,N,Y,N,N,Y,N,N,Y,N,N,N,N,N
ee651fa9c1ea,F27,QUARANTINE,Q15B,QUARANTINE_ADDL_CONFLICT_Q15B,459af0d7d91c,fc80a095c5ee,q_code,Y,Y,Y,Y,Y,Y,Y,Y,N,N,N,N,Y,N,N,N,N,N,N,N,N,Y,N,Y,Y,N,N,N,N,N
f82f3d7a942e,F27,REPAIR,,REPAIR_F27_DDIVP,9778a409567c,3b6e37a453cb,"cmt_analyte_policy,dual_cmt_policy",Y,Y,Y,Y,Y,Y,Y,Y,Y,N,N,N,Y,N,N,N,N,N,Y,N,N,Y,Y,N,Y,N,N,N,N,N
cd4ce6759acd,F27,QUARANTINE,Q15B,QUARANTINE_ADDL_CONFLICT_Q15B,459af0d7d91c,fc80a095c5ee,q_code,Y,Y,Y,Y,Y,Y,Y,Y,N,N,N,N,Y,N,N,N,N,N,N,N,N,Y,Y,Y,Y,N,N,N,N,N
8738beb1baa5,F27,REPAIR,,REPAIR_F27_BLQ,f67c49c740b6,5598114a142c,blq_handling_policy,Y,Y,Y,Y,Y,Y,Y,Y,Y,N,N,N,Y,Y,N,N,N,N,N,N,N,N,N,N,Y,N,N,N,N,N
7d510639a583,F27,QUARANTINE,Q15B,QUARANTINE_ADDL_CONFLICT_Q15B,459af0d7d91c,fc80a095c5ee,q_code,Y,Y,Y,Y,Y,Y,Y,Y,N,N,N,N,Y,N,N,N,N,N,N,N,N,N,N,Y,Y,N,N,N,N,N
11735c05c3d9,F27,REPAIR,,REPAIR_F27_BLQ_CMTM,ad950bea7a00,b0d8a8150750,"blq_handling_policy,cmt_analyte_policy",Y,Y,Y,Y,Y,Y,Y,Y,Y,N,N,N,Y,Y,N,N,N,N,Y,N,N,Y,N,N,Y,N,N,N,N,N
d7ade7250bd1,F27,QUARANTINE,Q15B,QUARANTINE_ADDL_CONFLICT_Q15B,459af0d7d91c,fc80a095c5ee,q_code,Y,Y,Y,Y,Y,Y,Y,Y,N,N,N,N,Y,N,N,N,N,N,N,N,N,Y,N,Y,Y,N,N,N,N,N
807ef074b5e2,F27,REPAIR,,REPAIR_F27_BLQ_DDIVP,f452000cd78c,1a93afeda678,"blq_handling_policy,cmt_analyte_policy,dual_cmt_policy",Y,Y,Y,Y,Y,Y,Y,Y,Y,N,N,N,Y,Y,N,N,N,N,Y,N,N,Y,Y,N,Y,N,N,N,N,N
64f8351d5476,F27,QUARANTINE,Q15B,QUARANTINE_ADDL_CONFLICT_Q15B,459af0d7d91c,fc80a095c5ee,q_code,Y,Y,Y,Y,Y,Y,Y,Y,N,N,N,N,Y,N,N,N,N,N,N,N,N,Y,Y,Y,Y,N,N,N,N,N
9e9258e43015,F27,QUARANTINE,Q15A,QUARANTINE_BIO_FINAL_FLAG_Q15A,459af0d7d91c,0ff39de5a52e,q_code,Y,Y,Y,Y,N,Y,Y,Y,N,N,N,N,Y,N,N,N,N,N,N,N,Y,N,N,N,Y,N,N,N,N,N
3567a747f731,F27,QUARANTINE,Q15A,QUARANTINE_BIO_FINAL_FLAG_Q15A,459af0d7d91c,0ff39de5a52e,q_code,Y,Y,Y,Y,N,Y,Y,Y,N,N,N,N,Y,N,N,N,N,N,N,N,Y,N,N,Y,Y,N,N,N,N,N
60a54de0ccae,F27,QUARANTINE,Q15A,QUARANTINE_BIO_FINAL_FLAG_Q15A,459af0d7d91c,0ff39de5a52e,q_code,Y,Y,Y,Y,N,Y,Y,Y,N,N,N,N,Y,N,N,N,N,N,N,N,Y,Y,N,N,Y,N,N,N,N,N
74863fd170d2,F27,QUARANTINE,Q15A,QUARANTINE_BIO_FINAL_FLAG_Q15A,459af0d7d91c,0ff39de5a52e,q_code,Y,Y,Y,Y,N,Y,Y,Y,N,N,N,N,Y,N,N,N,N,N,N,N,Y,Y,N,Y,Y,N,N,N,N,N
d3bd99c9d002,F27,QUARANTINE,Q15A,QUARANTINE_BIO_FINAL_FLAG_Q15A,459af0d7d91c,0ff39de5a52e,q_code,Y,Y,Y,Y,N,Y,Y,Y,N,N,N,N,Y,N,N,N,N,N,N,N,Y,Y,Y,N,Y,N,N,N,N,N
6d2cfcab6d80,F27,QUARANTINE,Q15A,QUARANTINE_BIO_FINAL_FLAG_Q15A,459af0d7d91c,0ff39de5a52e,q_code,Y,Y,Y,Y,N,Y,Y,Y,N,N,N,N,Y,N,N,N,N,N,N,N,Y,Y,Y,Y,Y,N,N,N,N,N
3f49933ef571,F15,AUTO,,AUTO_F15_SMALL_MOLECULE,375dc3d886a9,44136fa355b3,,Y,Y,Y,Y,Y,Y,Y,Y,Y,N,N,N,N,N,N,N,N,N,N,N,N,N,N,N,N,N,N,N,N,N
7ba5df2090c9,F15,QUARANTINE,Q15B,QUARANTINE_LEGACY_FLAG_UNDOC_Q15B,459af0d7d91c,fc80a095c5ee,q_code,Y,Y,Y,Y,Y,Y,Y,Y,N,N,N,N,N,N,N,N,N,N,N,N,N,N,N,Y,N,N,N,N,N,N
da7f7efe7e90,F15,REPAIR,,REPAIR_F15_CMTM,625092f45d69,3d9b119a827c,cmt_analyte_policy,Y,Y,Y,Y,Y,Y,Y,Y,Y,N,N,N,N,N,N,N,N,N,Y,N,N,Y,N,N,N,N,N,N,N,N
4f850c756fe6,F15,QUARANTINE,Q15B,QUARANTINE_LEGACY_FLAG_UNDOC_Q15B,459af0d7d91c,fc80a095c5ee,q_code,Y,Y,Y,Y,Y,Y,Y,Y,N,N,N,N,N,N,N,N,N,N,N,N,N,Y,N,Y,N,N,N,N,N,N
bb0a4e3e0d88,F22,REPAIR,,REPAIR_F22_DDIVP,9778a409567c,3b6e37a453cb,"cmt_analyte_policy,dual_cmt_policy",Y,Y,Y,Y,Y,Y,Y,Y,Y,N,N,N,N,N,N,N,N,N,Y,N,N,Y,Y,N,N,N,N,N,N,N
4c64435b1e55,F22,QUARANTINE,Q15B,QUARANTINE_LEGACY_FLAG_UNDOC_Q15B,459af0d7d91c,fc80a095c5ee,q_code,Y,Y,Y,Y,Y,Y,Y,Y,N,N,N,N,N,N,N,N,N,N,N,N,N,Y,Y,Y,N,N,N,N,N,N
1186540445e2,F15,REPAIR,,REPAIR_F15_BLQ,f67c49c740b6,5598114a142c,blq_handling_policy,Y,Y,Y,Y,Y,Y,Y,Y,Y,N,N,N,N,Y,N,N,N,N,N,N,N,N,N,N,N,N,N,N,N,N
b703f547831f,F15,QUARANTINE,Q15B,QUARANTINE_LEGACY_FLAG_UNDOC_Q15B,459af0d7d91c,fc80a095c5ee,q_code,Y,Y,Y,Y,Y,Y,Y,Y,N,N,N,N,N,N,N,N,N,N,N,N,N,N,N,Y,N,N,N,N,N,N
2811adc8bb3b,F15,REPAIR,,REPAIR_F15_BLQ_CMTM,ad950bea7a00,b0d8a8150750,"blq_handling_policy,cmt_analyte_policy",Y,Y,Y,Y,Y,Y,Y,Y,Y,N,N,N,N,Y,N,N,N,N,Y,N,N,Y,N,N,N,N,N,N,N,N
88fe4fd133b4,F15,QUARANTINE,Q15B,QUARANTINE_LEGACY_FLAG_UNDOC_Q15B,459af0d7d91c,fc80a095c5ee,q_code,Y,Y,Y,Y,Y,Y,Y,Y,N,N,N,N,N,N,N,N,N,N,N,N,N,Y,N,Y,N,N,N,N,N,N
166c7be0c72f,F22,REPAIR,,REPAIR_F22_BLQ_DDIVP,f452000cd78c,1a93afeda678,"blq_handling_policy,cmt_analyte_policy,dual_cmt_policy",Y,Y,Y,Y,Y,Y,Y,Y,Y,N,N,N,N,Y,N,N,N,N,Y,N,N,Y,Y,N,N,N,N,N,N,N
46cc08c990f4,F22,QUARANTINE,Q15B,QUARANTINE_LEGACY_FLAG_UNDOC_Q15B,459af0d7d91c,fc80a095c5ee,q_code,Y,Y,Y,Y,Y,Y,Y,Y,N,N,N,N,N,N,N,N,N,N,N,N,N,Y,Y,Y,N,N,N,N,N,N
7d78e5bc0373,F15,QUARANTINE,Q15A,QUARANTINE_BIO_FINAL_FLAG_Q15A,459af0d7d91c,0ff39de5a52e,q_code,Y,Y,Y,Y,N,Y,Y,Y,N,N,N,N,N,N,N,N,N,N,N,N,Y,N,N,N,N,N,N,N,N,N
6308b88b7592,F15,QUARANTINE,Q15A,QUARANTINE_BIO_FINAL_FLAG_Q15A,459af0d7d91c,0ff39de5a52e,q_code,Y,Y,Y,Y,N,Y,Y,Y,N,N,N,N,N,N,N,N,N,N,N,N,Y,N,N,Y,N,N,N,N,N,N
3f315bd10313,F15,QUARANTINE,Q15A,QUARANTINE_BIO_FINAL_FLAG_Q15A,459af0d7d91c,0ff39de5a52e,q_code,Y,Y,Y,Y,N,Y,Y,Y,N,N,N,N,N,N,N,N,N,N,N,N,Y,Y,N,N,N,N,N,N,N,N
2a3e52499b64,F15,QUARANTINE,Q15A,QUARANTINE_BIO_FINAL_FLAG_Q15A,459af0d7d91c,0ff39de5a52e,q_code,Y,Y,Y,Y,N,Y,Y,Y,N,N,N,N,N,N,N,N,N,N,N,N,Y,Y,N,Y,N,N,N,N,N,N
da426c52b22b,F22,QUARANTINE,Q15A,QUARANTINE_BIO_FINAL_FLAG_Q15A,459af0d7d91c,0ff39de5a52e,q_code,Y,Y,Y,Y,N,Y,Y,Y,N,N,N,N,N,N,N,N,N,N,N,N,Y,Y,Y,N,N,N,N,N,N,N
b38484eb8d29,F22,QUARANTINE,Q15A,QUARANTINE_BIO_FINAL_FLAG_Q15A,459af0d7d91c,0ff39de5a52e,q_code,Y,Y,Y,Y,N,Y,Y,Y,N,N,N,N,N,N,N,N,N,N,N,N,Y,Y,Y,Y,N,N,N,N,N,N
05f9a31cd6bf,F15,AUTO,,AUTO_F15_SMALL_MOLECULE,375dc3d886a9,44136fa355b3,,Y,Y,Y,Y,Y,Y,Y,Y,Y,N,N,N,N,N,N,N,N,N,N,N,N,N,N,N,Y,N,N,N,N,N
d1de113e2133,F15,QUARANTINE,Q15B,QUARANTINE_ADDL_CONFLICT_Q15B,459af0d7d91c,fc80a095c5ee,q_code,Y,Y,Y,Y,Y,Y,Y,Y,N,N,N,N,N,N,N,N,N,N,N,N,N,N,N,Y,Y,N,N,N,N,N
cd9866426363,F15,REPAIR,,REPAIR_F15_CMTM,625092f45d69,3d9b119a827c,cmt_analyte_policy,Y,Y,Y,Y,Y,Y,Y,Y,Y,N,N,N,N,N,N,N,N,N,Y,N,N,Y,N,N,Y,N,N,N,N,N
441777bda59c,F15,QUARANTINE,Q15B,QUARANTINE_ADDL_CONFLICT_Q15B,459af0d7d91c,fc80a095c5ee,q_code,Y,Y,Y,Y,Y,Y,Y,Y,N,N,N,N,N,N,N,N,N,N,N,N,N,Y,N,Y,Y,N,N,N,N,N
0e33081b8fe6,F22,REPAIR,,REPAIR_F22_DDIVP,9778a409567c,3b6e37a453cb,"cmt_analyte_policy,dual_cmt_policy",Y,Y,Y,Y,Y,Y,Y,Y,Y,N,N,N,N,N,N,N,N,N,Y,N,N,Y,Y,N,Y,N,N,N,N,N
ab3c49b0a2a9,F22,QUARANTINE,Q15B,QUARANTINE_ADDL_CONFLICT_Q15B,459af0d7d91c,fc80a095c5ee,q_code,Y,Y,Y,Y,Y,Y,Y,Y,N,N,N,N,N,N,N,N,N,N,N,N,N,Y,Y,Y,Y,N,N,N,N,N
57056b55e271,F15,REPAIR,,REPAIR_F15_BLQ,f67c49c740b6,5598114a142c,blq_handling_policy,Y,Y,Y,Y,Y,Y,Y,Y,Y,N,N,N,N,Y,N,N,N,N,N,N,N,N,N,N,Y,N,N,N,N,N
5316b327b15e,F15,QUARANTINE,Q15B,QUARANTINE_ADDL_CONFLICT_Q15B,459af0d7d91c,fc80a095c5ee,q_code,Y,Y,Y,Y,Y,Y,Y,Y,N,N,N,N,N,N,N,N,N,N,N,N,N,N,N,Y,Y,N,N,N,N,N
2cddfab0a2ab,F15,REPAIR,,REPAIR_F15_BLQ_CMTM,ad950bea7a00,b0d8a8150750,"blq_handling_policy,cmt_analyte_policy",Y,Y,Y,Y,Y,Y,Y,Y,Y,N,N,N,N,Y,N,N,N,N,Y,N,N,Y,N,N,Y,N,N,N,N,N
ddf1de915157,F15,QUARANTINE,Q15B,QUARANTINE_ADDL_CONFLICT_Q15B,459af0d7d91c,fc80a095c5ee,q_code,Y,Y,Y,Y,Y,Y,Y,Y,N,N,N,N,N,N,N,N,N,N,N,N,N,Y,N,Y,Y,N,N,N,N,N
04e37f2b966c,F22,REPAIR,,REPAIR_F22_BLQ_DDIVP,f452000cd78c,1a93afeda678,"blq_handling_policy,cmt_analyte_policy,dual_cmt_policy",Y,Y,Y,Y,Y,Y,Y,Y,Y,N,N,N,N,Y,N,N,N,N,Y,N,N,Y,Y,N,Y,N,N,N,N,N
aaeea1759f32,F22,QUARANTINE,Q15B,QUARANTINE_ADDL_CONFLICT_Q15B,459af0d7d91c,fc80a095c5ee,q_code,Y,Y,Y,Y,Y,Y,Y,Y,N,N,N,N,N,N,N,N,N,N,N,N,N,Y,Y,Y,Y,N,N,N,N,N
3594af84e605,F15,QUARANTINE,Q15A,QUARANTINE_BIO_FINAL_FLAG_Q15A,459af0d7d91c,0ff39de5a52e,q_code,Y,Y,Y,Y,N,Y,Y,Y,N,N,N,N,N,N,N,N,N,N,N,N,Y,N,N,N,Y,N,N,N,N,N
7acfd7b86338,F15,QUARANTINE,Q15A,QUARANTINE_BIO_FINAL_FLAG_Q15A,459af0d7d91c,0ff39de5a52e,q_code,Y,Y,Y,Y,N,Y,Y,Y,N,N,N,N,N,N,N,N,N,N,N,N,Y,N,N,Y,Y,N,N,N,N,N
dff4d2d93e0a,F15,QUARANTINE,Q15A,QUARANTINE_BIO_FINAL_FLAG_Q15A,459af0d7d91c,0ff39de5a52e,q_code,Y,Y,Y,Y,N,Y,Y,Y,N,N,N,N,N,N,N,N,N,N,N,N,Y,Y,N,N,Y,N,N,N,N,N
8428a7cc0e59,F15,QUARANTINE,Q15A,QUARANTINE_BIO_FINAL_FLAG_Q15A,459af0d7d91c,0ff39de5a52e,q_code,Y,Y,Y,Y,N,Y,Y,Y,N,N,N,N,N,N,N,N,N,N,N,N,Y,Y,N,Y,Y,N,N,N,N,N
dda395932910,F22,QUARANTINE,Q15A,QUARANTINE_BIO_FINAL_FLAG_Q15A,459af0d7d91c,0ff39de5a52e,q_code,Y,Y,Y,Y,N,Y,Y,Y,N,N,N,N,N,N,N,N,N,N,N,N,Y,Y,Y,N,Y,N,N,N,N,N
1a8288233fea,F22,QUARANTINE,Q15A,QUARANTINE_BIO_FINAL_FLAG_Q15A,459af0d7d91c,0ff39de5a52e,q_code,Y,Y,Y,Y,N,Y,Y,Y,N,N,N,N,N,N,N,N,N,N,N,N,Y,Y,Y,Y,Y,N,N,N,N,N
f7ea2bcbc4b6,F15,AUTO,,AUTO_F15_MAB,375dc3d886a9,44136fa355b3,,Y,Y,Y,Y,Y,Y,Y,Y,Y,N,N,N,N,N,N,N,N,N,N,N,N,N,N,N,N,N,N,N,N,N
97844269ccbd,F15,QUARANTINE,Q15B,QUARANTINE_LEGACY_FLAG_UNDOC_Q15B,459af0d7d91c,fc80a095c5ee,q_code,Y,Y,Y,Y,Y,Y,Y,Y,N,N,N,N,N,N,N,N,N,N,N,N,N,N,N,Y,N,N,N,N,N,N
51e00ddb8b53,F15,REPAIR,,REPAIR_F15_CMTM,625092f45d69,3d9b119a827c,cmt_analyte_policy,Y,Y,Y,Y,Y,Y,Y,Y,Y,N,N,N,N,N,N,N,N,N,Y,N,N,Y,N,N,N,N,N,N,N,N
9d8a14604573,F15,QUARANTINE,Q15B,QUARANTINE_LEGACY_FLAG_UNDOC_Q15B,459af0d7d91c,fc80a095c5ee,q_code,Y,Y,Y,Y,Y,Y,Y,Y,N,N,N,N,N,N,N,N,N,N,N,N,N,Y,N,Y,N,N,N,N,N,N
5a26c293d67f,F22,REPAIR,,REPAIR_F22_DDIVP,9778a409567c,3b6e37a453cb,"cmt_analyte_policy,dual_cmt_policy",Y,Y,Y,Y,Y,Y,Y,Y,Y,N,N,N,N,N,N,N,N,N,Y,N,N,Y,Y,N,N,N,N,N,N,N
30a5b4c46a21,F22,QUARANTINE,Q15B,QUARANTINE_LEGACY_FLAG_UNDOC_Q15B,459af0d7d91c,fc80a095c5ee,q_code,Y,Y,Y,Y,Y,Y,Y,Y,N,N,N,N,N,N,N,N,N,N,N,N,N,Y,Y,Y,N,N,N,N,N,N
21fb70b2174e,F15,REPAIR,,REPAIR_F15_BLQ,f67c49c740b6,5598114a142c,blq_handling_policy,Y,Y,Y,Y,Y,Y,Y,Y,Y,N,N,N,N,Y,N,N,N,N,N,N,N,N,N,N,N,N,N,N,N,N
4a4878d0aafb,F15,QUARANTINE,Q15B,QUARANTINE_LEGACY_FLAG_UNDOC_Q15B,459af0d7d91c,fc80a095c5ee,q_code,Y,Y,Y,Y,Y,Y,Y,Y,N,N,N,N,N,N,N,N,N,N,N,N,N,N,N,Y,N,N,N,N,N,N
dfeaf190bf6e,F15,REPAIR,,REPAIR_F15_BLQ_CMTM,ad950bea7a00,b0d8a8150750,"blq_handling_policy,cmt_analyte_policy",Y,Y,Y,Y,Y,Y,Y,Y,Y,N,N,N,N,Y,N,N,N,N,Y,N,N,Y,N,N,N,N,N,N,N,N
e48ac8b70444,F15,QUARANTINE,Q15B,QUARANTINE_LEGACY_FLAG_UNDOC_Q15B,459af0d7d91c,fc80a095c5ee,q_code,Y,Y,Y,Y,Y,Y,Y,Y,N,N,N,N,N,N,N,N,N,N,N,N,N,Y,N,Y,N,N,N,N,N,N
11228beaa3ca,F22,REPAIR,,REPAIR_F22_BLQ_DDIVP,f452000cd78c,1a93afeda678,"blq_handling_policy,cmt_analyte_policy,dual_cmt_policy",Y,Y,Y,Y,Y,Y,Y,Y,Y,N,N,N,N,Y,N,N,N,N,Y,N,N,Y,Y,N,N,N,N,N,N,N
44f5c7cab894,F22,QUARANTINE,Q15B,QUARANTINE_LEGACY_FLAG_UNDOC_Q15B,459af0d7d91c,fc80a095c5ee,q_code,Y,Y,Y,Y,Y,Y,Y,Y,N,N,N,N,N,N,N,N,N,N,N,N,N,Y,Y,Y,N,N,N,N,N,N
7c56882ff2f3,F15,QUARANTINE,Q15A,QUARANTINE_BIO_FINAL_FLAG_Q15A,459af0d7d91c,0ff39de5a52e,q_code,Y,Y,Y,Y,N,Y,Y,Y,N,N,N,N,N,N,N,N,N,N,N,N,Y,N,N,N,N,N,N,N,N,N
eead6ba6f8ea,F15,QUARANTINE,Q15A,QUARANTINE_BIO_FINAL_FLAG_Q15A,459af0d7d91c,0ff39de5a52e,q_code,Y,Y,Y,Y,N,Y,Y,Y,N,N,N,N,N,N,N,N,N,N,N,N,Y,N,N,Y,N,N,N,N,N,N
d60b940884b5,F15,QUARANTINE,Q15A,QUARANTINE_BIO_FINAL_FLAG_Q15A,459af0d7d91c,0ff39de5a52e,q_code,Y,Y,Y,Y,N,Y,Y,Y,N,N,N,N,N,N,N,N,N,N,N,N,Y,Y,N,N,N,N,N,N,N,N
feb792b8de14,F15,QUARANTINE,Q15A,QUARANTINE_BIO_FINAL_FLAG_Q15A,459af0d7d91c,0ff39de5a52e,q_code,Y,Y,Y,Y,N,Y,Y,Y,N,N,N,N,N,N,N,N,N,N,N,N,Y,Y,N,Y,N,N,N,N,N,N
8624ee8ce05a,F22,QUARANTINE,Q15A,QUARANTINE_BIO_FINAL_FLAG_Q15A,459af0d7d91c,0ff39de5a52e,q_code,Y,Y,Y,Y,N,Y,Y,Y,N,N,N,N,N,N,N,N,N,N,N,N,Y,Y,Y,N,N,N,N,N,N,N
f62e2c562081,F22,QUARANTINE,Q15A,QUARANTINE_BIO_FINAL_FLAG_Q15A,459af0d7d91c,0ff39de5a52e,q_code,Y,Y,Y,Y,N,Y,Y,Y,N,N,N,N,N,N,N,N,N,N,N,N,Y,Y,Y,Y,N,N,N,N,N,N
fa565a0983ea,F15,AUTO,,AUTO_F15_MAB,375dc3d886a9,44136fa355b3,,Y,Y,Y,Y,Y,Y,Y,Y,Y,N,N,N,N,N,N,N,N,N,N,N,N,N,N,N,Y,N,N,N,N,N
494c554ed74f,F15,QUARANTINE,Q15B,QUARANTINE_ADDL_CONFLICT_Q15B,459af0d7d91c,fc80a095c5ee,q_code,Y,Y,Y,Y,Y,Y,Y,Y,N,N,N,N,N,N,N,N,N,N,N,N,N,N,N,Y,Y,N,N,N,N,N
a949011eb7b1,F15,REPAIR,,REPAIR_F15_CMTM,625092f45d69,3d9b119a827c,cmt_analyte_policy,Y,Y,Y,Y,Y,Y,Y,Y,Y,N,N,N,N,N,N,N,N,N,Y,N,N,Y,N,N,Y,N,N,N,N,N
952435681a3f,F15,QUARANTINE,Q15B,QUARANTINE_ADDL_CONFLICT_Q15B,459af0d7d91c,fc80a095c5ee,q_code,Y,Y,Y,Y,Y,Y,Y,Y,N,N,N,N,N,N,N,N,N,N,N,N,N,Y,N,Y,Y,N,N,N,N,N
5d8970fe8782,F22,REPAIR,,REPAIR_F22_DDIVP,9778a409567c,3b6e37a453cb,"cmt_analyte_policy,dual_cmt_policy",Y,Y,Y,Y,Y,Y,Y,Y,Y,N,N,N,N,N,N,N,N,N,Y,N,N,Y,Y,N,Y,N,N,N,N,N
9a0e14d4cb77,F22,QUARANTINE,Q15B,QUARANTINE_ADDL_CONFLICT_Q15B,459af0d7d91c,fc80a095c5ee,q_code,Y,Y,Y,Y,Y,Y,Y,Y,N,N,N,N,N,N,N,N,N,N,N,N,N,Y,Y,Y,Y,N,N,N,N,N
9bcca387755f,F15,REPAIR,,REPAIR_F15_BLQ,f67c49c740b6,5598114a142c,blq_handling_policy,Y,Y,Y,Y,Y,Y,Y,Y,Y,N,N,N,N,Y,N,N,N,N,N,N,N,N,N,N,Y,N,N,N,N,N
7817e1bf5d0b,F15,QUARANTINE,Q15B,QUARANTINE_ADDL_CONFLICT_Q15B,459af0d7d91c,fc80a095c5ee,q_code,Y,Y,Y,Y,Y,Y,Y,Y,N,N,N,N,N,N,N,N,N,N,N,N,N,N,N,Y,Y,N,N,N,N,N
2f70173d6916,F15,REPAIR,,REPAIR_F15_BLQ_CMTM,ad950bea7a00,b0d8a8150750,"blq_handling_policy,cmt_analyte_policy",Y,Y,Y,Y,Y,Y,Y,Y,Y,N,N,N,N,Y,N,N,N,N,Y,N,N,Y,N,N,Y,N,N,N,N,N
0388cd5389d6,F15,QUARANTINE,Q15B,QUARANTINE_ADDL_CONFLICT_Q15B,459af0d7d91c,fc80a095c5ee,q_code,Y,Y,Y,Y,Y,Y,Y,Y,N,N,N,N,N,N,N,N,N,N,N,N,N,Y,N,Y,Y,N,N,N,N,N
d72c3b08d434,F22,REPAIR,,REPAIR_F22_BLQ_DDIVP,f452000cd78c,1a93afeda678,"blq_handling_policy,cmt_analyte_policy,dual_cmt_policy",Y,Y,Y,Y,Y,Y,Y,Y,Y,N,N,N,N,Y,N,N,N,N,Y,N,N,Y,Y,N,Y,N,N,N,N,N
7a31855fef3f,F22,QUARANTINE,Q15B,QUARANTINE_ADDL_CONFLICT_Q15B,459af0d7d91c,fc80a095c5ee,q_code,Y,Y,Y,Y,Y,Y,Y,Y,N,N,N,N,N,N,N,N,N,N,N,N,N,Y,Y,Y,Y,N,N,N,N,N
7b45745415c1,F15,QUARANTINE,Q15A,QUARANTINE_BIO_FINAL_FLAG_Q15A,459af0d7d91c,0ff39de5a52e,q_code,Y,Y,Y,Y,N,Y,Y,Y,N,N,N,N,N,N,N,N,N,N,N,N,Y,N,N,N,Y,N,N,N,N,N
e57dedb98103,F15,QUARANTINE,Q15A,QUARANTINE_BIO_FINAL_FLAG_Q15A,459af0d7d91c,0ff39de5a52e,q_code,Y,Y,Y,Y,N,Y,Y,Y,N,N,N,N,N,N,N,N,N,N,N,N,Y,N,N,Y,Y,N,N,N,N,N
1499bb03ebd6,F15,QUARANTINE,Q15A,QUARANTINE_BIO_FINAL_FLAG_Q15A,459af0d7d91c,0ff39de5a52e,q_code,Y,Y,Y,Y,N,Y,Y,Y,N,N,N,N,N,N,N,N,N,N,N,N,Y,Y,N,N,Y,N,N,N,N,N
ab2b48959af5,F15,QUARANTINE,Q15A,QUARANTINE_BIO_FINAL_FLAG_Q15A,459af0d7d91c,0ff39de5a52e,q_code,Y,Y,Y,Y,N,Y,Y,Y,N,N,N,N,N,N,N,N,N,N,N,N,Y,Y,N,Y,Y,N,N,N,N,N
6b86dd5f0df6,F22,QUARANTINE,Q15A,QUARANTINE_BIO_FINAL_FLAG_Q15A,459af0d7d91c,0ff39de5a52e,q_code,Y,Y,Y,Y,N,Y,Y,Y,N,N,N,N,N,N,N,N,N,N,N,N,Y,Y,Y,N,Y,N,N,N,N,N
dc86e136831c,F22,QUARANTINE,Q15A,QUARANTINE_BIO_FINAL_FLAG_Q15A,459af0d7d91c,0ff39de5a52e,q_code,Y,Y,Y,Y,N,Y,Y,Y,N,N,N,N,N,N,N,N,N,N,N,N,Y,Y,Y,Y,Y,N,N,N,N,N
ff80fb1dcbca,F15,AUTO,,AUTO_F15_ADC,375dc3d886a9,44136fa355b3,,Y,Y,Y,Y,Y,Y,Y,Y,Y,N,N,N,Y,N,N,N,N,N,N,N,N,N,N,N,N,Y,N,N,N,N
08c61ae32f97,F15,QUARANTINE,Q15B,QUARANTINE_LEGACY_FLAG_UNDOC_Q15B,459af0d7d91c,fc80a095c5ee,q_code,Y,Y,Y,Y,Y,Y,Y,Y,N,N,N,N,Y,N,N,N,N,N,N,N,N,N,N,Y,N,Y,N,N,N,N
248b3dfedb53,F24,REPAIR,,REPAIR_F24_CMTROLE,067eec0a7a08,835c27d30e59,"analyte_role_declaration,cmt_analyte_policy",Y,Y,Y,Y,Y,Y,Y,Y,Y,N,N,N,Y,N,N,N,N,N,Y,N,N,Y,N,N,N,Y,Y,N,N,N
e00c5629c9f7,F24,QUARANTINE,Q16,QUARANTINE_ANALYTE_ROLE_MISSING_Q16,459af0d7d91c,9d9b4b667195,q_code,Y,Y,Y,Y,N,Y,Y,Y,N,N,N,N,Y,N,N,N,N,N,N,N,N,Y,N,N,N,Y,N,N,N,N
57acb79b497a,F24,QUARANTINE,Q15B,QUARANTINE_LEGACY_FLAG_UNDOC_Q15B,459af0d7d91c,fc80a095c5ee,q_code,Y,Y,Y,Y,Y,Y,Y,Y,N,N,N,N,Y,N,N,N,N,N,N,N,N,Y,N,Y,N,Y,N,N,N,N
e1a5ab85d20d,F24,QUARANTINE,Q16,QUARANTINE_ANALYTE_ROLE_MISSING_Q16,459af0d7d91c,9d9b4b667195,q_code,Y,Y,Y,Y,N,Y,Y,Y,N,N,N,N,Y,N,N,N,N,N,N,N,N,Y,N,Y,N,Y,N,N,N,N
853d10be007a,F22,REPAIR,,REPAIR_F22_DDIVP,9778a409567c,3b6e37a453cb,"cmt_analyte_policy,dual_cmt_policy",Y,Y,Y,Y,Y,Y,Y,Y,Y,N,N,N,Y,N,N,N,N,N,Y,N,N,Y,Y,N,N,Y,N,N,N,N
7c441988d1b7,F22,QUARANTINE,Q16,QUARANTINE_ANALYTE_ROLE_MISSING_Q16,459af0d7d91c,9d9b4b667195,q_code,Y,Y,Y,Y,N,Y,Y,Y,N,N,N,N,Y,N,N,N,N,N,N,N,N,Y,Y,N,N,Y,N,N,N,N
0b124a333f35,F22,QUARANTINE,Q15B,QUARANTINE_LEGACY_FLAG_UNDOC_Q15B,459af0d7d91c,fc80a095c5ee,q_code,Y,Y,Y,Y,Y,Y,Y,Y,N,N,N,N,Y,N,N,N,N,N,N,N,N,Y,Y,Y,N,Y,N,N,N,N
5f8d538ed0e8,F22,QUARANTINE,Q16,QUARANTINE_ANALYTE_ROLE_MISSING_Q16,459af0d7d91c,9d9b4b667195,q_code,Y,Y,Y,Y,N,Y,Y,Y,N,N,N,N,Y,N,N,N,N,N,N,N,N,Y,Y,Y,N,Y,N,N,N,N
25ba13303543,F15,REPAIR,,REPAIR_F15_BLQ,f67c49c740b6,5598114a142c,blq_handling_policy,Y,Y,Y,Y,Y,Y,Y,Y,Y,N,N,N,Y,Y,N,N,N,N,N,N,N,N,N,N,N,Y,N,N,N,N
9fa4f2eb0b27,F15,QUARANTINE,Q15B,QUARANTINE_LEGACY_FLAG_UNDOC_Q15B,459af0d7d91c,fc80a095c5ee,q_code,Y,Y,Y,Y,Y,Y,Y,Y,N,N,N,N,Y,N,N,N,N,N,N,N,N,N,N,Y,N,Y,N,N,N,N
9c57688a12c1,F24,REPAIR,,REPAIR_F24_BLQ_CMTROLE,b0a07c38e805,0fb8c6d4335c,"analyte_role_declaration,blq_handling_policy,cmt_analyte_policy",Y,Y,Y,Y,Y,Y,Y,Y,Y,N,N,N,Y,Y,N,N,N,N,Y,N,N,Y,N,N,N,Y,Y,N,N,N
e1dfc22f4c64,F24,QUARANTINE,Q16,QUARANTINE_ANALYTE_ROLE_MISSING_Q16,459af0d7d91c,9d9b4b667195,q_code,Y,Y,Y,Y,N,Y,Y,Y,N,N,N,N,Y,N,N,N,N,N,N,N,N,Y,N,N,N,Y,N,N,N,N
f587a411a73b,F24,QUARANTINE,Q15B,QUARANTINE_LEGACY_FLAG_UNDOC_Q15B,459af0d7d91c,fc80a095c5ee,q_code,Y,Y,Y,Y,Y,Y,Y,Y,N,N,N,N,Y,N,N,N,N,N,N,N,N,Y,N,Y,N,Y,N,N,N,N
dcadbf090129,F24,QUARANTINE,Q16,QUARANTINE_ANALYTE_ROLE_MISSING_Q16,459af0d7d91c,9d9b4b667195,q_code,Y,Y,Y,Y,N,Y,Y,Y,N,N,N,N,Y,N,N,N,N,N,N,N,N,Y,N,Y,N,Y,N,N,N,N
3025547e369e,F22,REPAIR,,REPAIR_F22_BLQ_DDIVP,f452000cd78c,1a93afeda678,"blq_handling_policy,cmt_analyte_policy,dual_cmt_policy",Y,Y,Y,Y,Y,Y,Y,Y,Y,N,N,N,Y,Y,N,N,N,N,Y,N,N,Y,Y,N,N,Y,N,N,N,N
24eabf2a27ae,F22,QUARANTINE,Q16,QUARANTINE_ANALYTE_ROLE_MISSING_Q16,459af0d7d91c,9d9b4b667195,q_code,Y,Y,Y,Y,N,Y,Y,Y,N,N,N,N,Y,N,N,N,N,N,N,N,N,Y,Y,N,N,Y,N,N,N,N
a192e41d4fd9,F22,QUARANTINE,Q15B,QUARANTINE_LEGACY_FLAG_UNDOC_Q15B,459af0d7d91c,fc80a095c5ee,q_code,Y,Y,Y,Y,Y,Y,Y,Y,N,N,N,N,Y,N,N,N,N,N,N,N,N,Y,Y,Y,N,Y,N,N,N,N
31112d8086e7,F22,QUARANTINE,Q16,QUARANTINE_ANALYTE_ROLE_MISSING_Q16,459af0d7d91c,9d9b4b667195,q_code,Y,Y,Y,Y,N,Y,Y,Y,N,N,N,N,Y,N,N,N,N,N,N,N,N,Y,Y,Y,N,Y,N,N,N,N
426a599ba4f1,F15,QUARANTINE,Q15A,QUARANTINE_BIO_FINAL_FLAG_Q15A,459af0d7d91c,0ff39de5a52e,q_code,Y,Y,Y,Y,N,Y,Y,Y,N,N,N,N,Y,N,N,N,N,N,N,N,Y,N,N,N,N,Y,N,N,N,N
f6347b1ada88,F15,QUARANTINE,Q15A,QUARANTINE_BIO_FINAL_FLAG_Q15A,459af0d7d91c,0ff39de5a52e,q_code,Y,Y,Y,Y,N,Y,Y,Y,N,N,N,N,Y,N,N,N,N,N,N,N,Y,N,N,Y,N,Y,N,N,N,N
eb15a5cee019,F24,QUARANTINE,Q15A,QUARANTINE_BIO_FINAL_FLAG_Q15A,459af0d7d91c,0ff39de5a52e,q_code,Y,Y,Y,Y,N,Y,Y,Y,N,N,N,N,Y,N,N,N,N,N,N,N,Y,Y,N,N,N,Y,N,N,N,N
8b304ba15a91,F24,QUARANTINE,Q15A,QUARANTINE_BIO_FINAL_FLAG_Q15A,459af0d7d91c,0ff39de5a52e,q_code,Y,Y,Y,Y,N,Y,Y,Y,N,N,N,N,Y,N,N,N,N,N,N,N,Y,Y,N,N,N,Y,N,N,N,N
421ecbd52bad,F24,QUARANTINE,Q15A,QUARANTINE_BIO_FINAL_FLAG_Q15A,459af0d7d91c,0ff39de5a52e,q_code,Y,Y,Y,Y,N,Y,Y,Y,N,N,N,N,Y,N,N,N,N,N,N,N,Y,Y,N,Y,N,Y,N,N,N,N
149fe8e6f9ea,F24,QUARANTINE,Q15A,QUARANTINE_BIO_FINAL_FLAG_Q15A,459af0d7d91c,0ff39de5a52e,q_code,Y,Y,Y,Y,N,Y,Y,Y,N,N,N,N,Y,N,N,N,N,N,N,N,Y,Y,N,Y,N,Y,N,N,N,N
c3c01d27d8f9,F22,QUARANTINE,Q15A,QUARANTINE_BIO_FINAL_FLAG_Q15A,459af0d7d91c,0ff39de5a52e,q_code,Y,Y,Y,Y,N,Y,Y,Y,N,N,N,N,Y,N,N,N,N,N,N,N,Y,Y,Y,N,N,Y,N,N,N,N
be75f1707e11,F22,QUARANTINE,Q15A,QUARANTINE_BIO_FINAL_FLAG_Q15A,459af0d7d91c,0ff39de5a52e,q_code,Y,Y,Y,Y,N,Y,Y,Y,N,N,N,N,Y,N,N,N,N,N,N,N,Y,Y,Y,N,N,Y,N,N,N,N
b2133e1e988f,F22,QUARANTINE,Q15A,QUARANTINE_BIO_FINAL_FLAG_Q15A,459af0d7d91c,0ff39de5a52e,q_code,Y,Y,Y,Y,N,Y,Y,Y,N,N,N,N,Y,N,N,N,N,N,N,N,Y,Y,Y,Y,N,Y,N,N,N,N
2dd782eeb48e,F22,QUARANTINE,Q15A,QUARANTINE_BIO_FINAL_FLAG_Q15A,459af0d7d91c,0ff39de5a52e,q_code,Y,Y,Y,Y,N,Y,Y,Y,N,N,N,N,Y,N,N,N,N,N,N,N,Y,Y,Y,Y,N,Y,N,N,N,N
65065bfb9c10,F15,AUTO,,AUTO_F15_ADC,375dc3d886a9,44136fa355b3,,Y,Y,Y,Y,Y,Y,Y,Y,Y,N,N,N,Y,N,N,N,N,N,N,N,N,N,N,N,Y,Y,N,N,N,N
42458bdabaf3,F15,QUARANTINE,Q15B,QUARANTINE_ADDL_CONFLICT_Q15B,459af0d7d91c,fc80a095c5ee,q_code,Y,Y,Y,Y,Y,Y,Y,Y,N,N,N,N,Y,N,N,N,N,N,N,N,N,N,N,Y,Y,Y,N,N,N,N
7d4441184f79,F24,REPAIR,,REPAIR_F24_CMTROLE,067eec0a7a08,835c27d30e59,"analyte_role_declaration,cmt_analyte_policy",Y,Y,Y,Y,Y,Y,Y,Y,Y,N,N,N,Y,N,N,N,N,N,Y,N,N,Y,N,N,Y,Y,Y,N,N,N
061614185efc,F24,QUARANTINE,Q16,QUARANTINE_ADDL_CONFLICT_Q16,459af0d7d91c,9d9b4b667195,q_code,Y,Y,Y,Y,N,Y,Y,Y,N,N,N,N,Y,N,N,N,N,N,N,N,N,Y,N,N,Y,Y,N,N,N,N
b788274047eb,F24,QUARANTINE,Q15B,QUARANTINE_ADDL_CONFLICT_Q15B,459af0d7d91c,fc80a095c5ee,q_code,Y,Y,Y,Y,Y,Y,Y,Y,N,N,N,N,Y,N,N,N,N,N,N,N,N,Y,N,Y,Y,Y,N,N,N,N
5f421f91ff51,F24,QUARANTINE,Q16,QUARANTINE_ADDL_CONFLICT_Q16,459af0d7d91c,9d9b4b667195,q_code,Y,Y,Y,Y,N,Y,Y,Y,N,N,N,N,Y,N,N,N,N,N,N,N,N,Y,N,Y,Y,Y,N,N,N,N
47d9076916fb,F22,REPAIR,,REPAIR_F22_DDIVP,9778a409567c,3b6e37a453cb,"cmt_analyte_policy,dual_cmt_policy",Y,Y,Y,Y,Y,Y,Y,Y,Y,N,N,N,Y,N,N,N,N,N,Y,N,N,Y,Y,N,Y,Y,N,N,N,N
8449cf75ab6e,F22,QUARANTINE,Q16,QUARANTINE_ADDL_CONFLICT_Q16,459af0d7d91c,9d9b4b667195,q_code,Y,Y,Y,Y,N,Y,Y,Y,N,N,N,N,Y,N,N,N,N,N,N,N,N,Y,Y,N,Y,Y,N,N,N,N
e5d0cd3a70bb,F22,QUARANTINE,Q15B,QUARANTINE_ADDL_CONFLICT_Q15B,459af0d7d91c,fc80a095c5ee,q_code,Y,Y,Y,Y,Y,Y,Y,Y,N,N,N,N,Y,N,N,N,N,N,N,N,N,Y,Y,Y,Y,Y,N,N,N,N
f3f173993199,F22,QUARANTINE,Q16,QUARANTINE_ADDL_CONFLICT_Q16,459af0d7d91c,9d9b4b667195,q_code,Y,Y,Y,Y,N,Y,Y,Y,N,N,N,N,Y,N,N,N,N,N,N,N,N,Y,Y,Y,Y,Y,N,N,N,N
ff71b0f8b705,F15,REPAIR,,REPAIR_F15_BLQ,f67c49c740b6,5598114a142c,blq_handling_policy,Y,Y,Y,Y,Y,Y,Y,Y,Y,N,N,N,Y,Y,N,N,N,N,N,N,N,N,N,N,Y,Y,N,N,N,N
0547cb0834e4,F15,QUARANTINE,Q15B,QUARANTINE_ADDL_CONFLICT_Q15B,459af0d7d91c,fc80a095c5ee,q_code,Y,Y,Y,Y,Y,Y,Y,Y,N,N,N,N,Y,N,N,N,N,N,N,N,N,N,N,Y,Y,Y,N,N,N,N
43d550cca16e,F24,REPAIR,,REPAIR_F24_BLQ_CMTROLE,b0a07c38e805,0fb8c6d4335c,"analyte_role_declaration,blq_handling_policy,cmt_analyte_policy",Y,Y,Y,Y,Y,Y,Y,Y,Y,N,N,N,Y,Y,N,N,N,N,Y,N,N,Y,N,N,Y,Y,Y,N,N,N
c025cc36a751,F24,QUARANTINE,Q16,QUARANTINE_ADDL_CONFLICT_Q16,459af0d7d91c,9d9b4b667195,q_code,Y,Y,Y,Y,N,Y,Y,Y,N,N,N,N,Y,N,N,N,N,N,N,N,N,Y,N,N,Y,Y,N,N,N,N
efc238f37205,F24,QUARANTINE,Q15B,QUARANTINE_ADDL_CONFLICT_Q15B,459af0d7d91c,fc80a095c5ee,q_code,Y,Y,Y,Y,Y,Y,Y,Y,N,N,N,N,Y,N,N,N,N,N,N,N,N,Y,N,Y,Y,Y,N,N,N,N
23a545c3334d,F24,QUARANTINE,Q16,QUARANTINE_ADDL_CONFLICT_Q16,459af0d7d91c,9d9b4b667195,q_code,Y,Y,Y,Y,N,Y,Y,Y,N,N,N,N,Y,N,N,N,N,N,N,N,N,Y,N,Y,Y,Y,N,N,N,N
c70f73679838,F22,REPAIR,,REPAIR_F22_BLQ_DDIVP,f452000cd78c,1a93afeda678,"blq_handling_policy,cmt_analyte_policy,dual_cmt_policy",Y,Y,Y,Y,Y,Y,Y,Y,Y,N,N,N,Y,Y,N,N,N,N,Y,N,N,Y,Y,N,Y,Y,N,N,N,N
cd94841706e6,F22,QUARANTINE,Q16,QUARANTINE_ADDL_CONFLICT_Q16,459af0d7d91c,9d9b4b667195,q_code,Y,Y,Y,Y,N,Y,Y,Y,N,N,N,N,Y,N,N,N,N,N,N,N,N,Y,Y,N,Y,Y,N,N,N,N
c4ad3614606b,F22,QUARANTINE,Q15B,QUARANTINE_ADDL_CONFLICT_Q15B,459af0d7d91c,fc80a095c5ee,q_code,Y,Y,Y,Y,Y,Y,Y,Y,N,N,N,N,Y,N,N,N,N,N,N,N,N,Y,Y,Y,Y,Y,N,N,N,N
ca631256cd41,F22,QUARANTINE,Q16,QUARANTINE_ADDL_CONFLICT_Q16,459af0d7d91c,9d9b4b667195,q_code,Y,Y,Y,Y,N,Y,Y,Y,N,N,N,N,Y,N,N,N,N,N,N,N,N,Y,Y,Y,Y,Y,N,N,N,N
be86f1ea221a,F15,QUARANTINE,Q15A,QUARANTINE_BIO_FINAL_FLAG_Q15A,459af0d7d91c,0ff39de5a52e,q_code,Y,Y,Y,Y,N,Y,Y,Y,N,N,N,N,Y,N,N,N,N,N,N,N,Y,N,N,N,Y,Y,N,N,N,N
3f6bfefe8c66,F15,QUARANTINE,Q15A,QUARANTINE_BIO_FINAL_FLAG_Q15A,459af0d7d91c,0ff39de5a52e,q_code,Y,Y,Y,Y,N,Y,Y,Y,N,N,N,N,Y,N,N,N,N,N,N,N,Y,N,N,Y,Y,Y,N,N,N,N
8e85209649cf,F24,QUARANTINE,Q15A,QUARANTINE_BIO_FINAL_FLAG_Q15A,459af0d7d91c,0ff39de5a52e,q_code,Y,Y,Y,Y,N,Y,Y,Y,N,N,N,N,Y,N,N,N,N,N,N,N,Y,Y,N,N,Y,Y,N,N,N,N
d1fe13a66719,F24,QUARANTINE,Q15A,QUARANTINE_BIO_FINAL_FLAG_Q15A,459af0d7d91c,0ff39de5a52e,q_code,Y,Y,Y,Y,N,Y,Y,Y,N,N,N,N,Y,N,N,N,N,N,N,N,Y,Y,N,N,Y,Y,N,N,N,N
0c2fe08d12dc,F24,QUARANTINE,Q15A,QUARANTINE_BIO_FINAL_FLAG_Q15A,459af0d7d91c,0ff39de5a52e,q_code,Y,Y,Y,Y,N,Y,Y,Y,N,N,N,N,Y,N,N,N,N,N,N,N,Y,Y,N,Y,Y,Y,N,N,N,N
a7af6eee7968,F24,QUARANTINE,Q15A,QUARANTINE_BIO_FINAL_FLAG_Q15A,459af0d7d91c,0ff39de5a52e,q_code,Y,Y,Y,Y,N,Y,Y,Y,N,N,N,N,Y,N,N,N,N,N,N,N,Y,Y,N,Y,Y,Y,N,N,N,N
910db73a9b70,F22,QUARANTINE,Q15A,QUARANTINE_BIO_FINAL_FLAG_Q15A,459af0d7d91c,0ff39de5a52e,q_code,Y,Y,Y,Y,N,Y,Y,Y,N,N,N,N,Y,N,N,N,N,N,N,N,Y,Y,Y,N,Y,Y,N,N,N,N
175a6c30fde9,F22,QUARANTINE,Q15A,QUARANTINE_BIO_FINAL_FLAG_Q15A,459af0d7d91c,0ff39de5a52e,q_code,Y,Y,Y,Y,N,Y,Y,Y,N,N,N,N,Y,N,N,N,N,N,N,N,Y,Y,Y,N,Y,Y,N,N,N,N
e7b8d8426323,F22,QUARANTINE,Q15A,QUARANTINE_BIO_FINAL_FLAG_Q15A,459af0d7d91c,0ff39de5a52e,q_code,Y,Y,Y,Y,N,Y,Y,Y,N,N,N,N,Y,N,N,N,N,N,N,N,Y,Y,Y,Y,Y,Y,N,N,N,N
ab331d376f22,F22,QUARANTINE,Q15A,QUARANTINE_BIO_FINAL_FLAG_Q15A,459af0d7d91c,0ff39de5a52e,q_code,Y,Y,Y,Y,N,Y,Y,Y,N,N,N,N,Y,N,N,N,N,N,N,N,Y,Y,Y,Y,Y,Y,N,N,N,N
86da0808293a,F15,AUTO,,AUTO_F15_BISPECIFIC,375dc3d886a9,44136fa355b3,,Y,Y,Y,Y,Y,Y,Y,Y,Y,N,N,N,Y,N,N,N,N,N,N,N,N,N,N,N,N,Y,N,N,N,N
03ff515b8e39,F15,QUARANTINE,Q15B,QUARANTINE_LEGACY_FLAG_UNDOC_Q15B,459af0d7d91c,fc80a095c5ee,q_code,Y,Y,Y,Y,Y,Y,Y,Y,N,N,N,N,Y,N,N,N,N,N,N,N,N,N,N,Y,N,Y,N,N,N,N
40301c8786f2,F25,REPAIR,,REPAIR_F25_CMTROLE,067eec0a7a08,ea8fdc70131d,"analyte_role_declaration,cmt_analyte_policy",Y,Y,Y,Y,Y,Y,Y,Y,Y,N,N,N,Y,N,N,N,N,N,Y,N,N,Y,N,N,N,Y,Y,N,N,N
e3a087ec8c89,F25,QUARANTINE,Q16,QUARANTINE_ANALYTE_ROLE_MISSING_Q16,459af0d7d91c,9d9b4b667195,q_code,Y,Y,Y,Y,N,Y,Y,Y,N,N,N,N,Y,N,N,N,N,N,N,N,N,Y,N,N,N,Y,N,N,N,N
2a98d466bb43,F25,QUARANTINE,Q15B,QUARANTINE_LEGACY_FLAG_UNDOC_Q15B,459af0d7d91c,fc80a095c5ee,q_code,Y,Y,Y,Y,Y,Y,Y,Y,N,N,N,N,Y,N,N,N,N,N,N,N,N,Y,N,Y,N,Y,N,N,N,N
edeb1cab6e80,F25,QUARANTINE,Q16,QUARANTINE_ANALYTE_ROLE_MISSING_Q16,459af0d7d91c,9d9b4b667195,q_code,Y,Y,Y,Y,N,Y,Y,Y,N,N,N,N,Y,N,N,N,N,N,N,N,N,Y,N,Y,N,Y,N,N,N,N
9b92155b651b,F22,REPAIR,,REPAIR_F22_DDIVP,9778a409567c,3b6e37a453cb,"cmt_analyte_policy,dual_cmt_policy",Y,Y,Y,Y,Y,Y,Y,Y,Y,N,N,N,Y,N,N,N,N,N,Y,N,N,Y,Y,N,N,Y,N,N,N,N
a2b25b6f3157,F22,QUARANTINE,Q16,QUARANTINE_ANALYTE_ROLE_MISSING_Q16,459af0d7d91c,9d9b4b667195,q_code,Y,Y,Y,Y,N,Y,Y,Y,N,N,N,N,Y,N,N,N,N,N,N,N,N,Y,Y,N,N,Y,N,N,N,N
51d68f1b4ec5,F22,QUARANTINE,Q15B,QUARANTINE_LEGACY_FLAG_UNDOC_Q15B,459af0d7d91c,fc80a095c5ee,q_code,Y,Y,Y,Y,Y,Y,Y,Y,N,N,N,N,Y,N,N,N,N,N,N,N,N,Y,Y,Y,N,Y,N,N,N,N
26a7a7645228,F22,QUARANTINE,Q16,QUARANTINE_ANALYTE_ROLE_MISSING_Q16,459af0d7d91c,9d9b4b667195,q_code,Y,Y,Y,Y,N,Y,Y,Y,N,N,N,N,Y,N,N,N,N,N,N,N,N,Y,Y,Y,N,Y,N,N,N,N
4703aff40fcd,F15,REPAIR,,REPAIR_F15_BLQ,f67c49c740b6,5598114a142c,blq_handling_policy,Y,Y,Y,Y,Y,Y,Y,Y,Y,N,N,N,Y,Y,N,N,N,N,N,N,N,N,N,N,N,Y,N,N,N,N
b9cd337db04a,F15,QUARANTINE,Q15B,QUARANTINE_LEGACY_FLAG_UNDOC_Q15B,459af0d7d91c,fc80a095c5ee,q_code,Y,Y,Y,Y,Y,Y,Y,Y,N,N,N,N,Y,N,N,N,N,N,N,N,N,N,N,Y,N,Y,N,N,N,N
16726f303a03,F25,REPAIR,,REPAIR_F25_BLQ_CMTROLE,b0a07c38e805,4bdf45aaf340,"analyte_role_declaration,blq_handling_policy,cmt_analyte_policy",Y,Y,Y,Y,Y,Y,Y,Y,Y,N,N,N,Y,Y,N,N,N,N,Y,N,N,Y,N,N,N,Y,Y,N,N,N
2880760637e0,F25,QUARANTINE,Q16,QUARANTINE_ANALYTE_ROLE_MISSING_Q16,459af0d7d91c,9d9b4b667195,q_code,Y,Y,Y,Y,N,Y,Y,Y,N,N,N,N,Y,N,N,N,N,N,N,N,N,Y,N,N,N,Y,N,N,N,N
afca0a0d3b91,F25,QUARANTINE,Q15B,QUARANTINE_LEGACY_FLAG_UNDOC_Q15B,459af0d7d91c,fc80a095c5ee,q_code,Y,Y,Y,Y,Y,Y,Y,Y,N,N,N,N,Y,N,N,N,N,N,N,N,N,Y,N,Y,N,Y,N,N,N,N
dcd49756f9f6,F25,QUARANTINE,Q16,QUARANTINE_ANALYTE_ROLE_MISSING_Q16,459af0d7d91c,9d9b4b667195,q_code,Y,Y,Y,Y,N,Y,Y,Y,N,N,N,N,Y,N,N,N,N,N,N,N,N,Y,N,Y,N,Y,N,N,N,N
e0f465f4259a,F22,REPAIR,,REPAIR_F22_BLQ_DDIVP,f452000cd78c,1a93afeda678,"blq_handling_policy,cmt_analyte_policy,dual_cmt_policy",Y,Y,Y,Y,Y,Y,Y,Y,Y,N,N,N,Y,Y,N,N,N,N,Y,N,N,Y,Y,N,N,Y,N,N,N,N
3d158dec2b25,F22,QUARANTINE,Q16,QUARANTINE_ANALYTE_ROLE_MISSING_Q16,459af0d7d91c,9d9b4b667195,q_code,Y,Y,Y,Y,N,Y,Y,Y,N,N,N,N,Y,N,N,N,N,N,N,N,N,Y,Y,N,N,Y,N,N,N,N
970edd6f2ef5,F22,QUARANTINE,Q15B,QUARANTINE_LEGACY_FLAG_UNDOC_Q15B,459af0d7d91c,fc80a095c5ee,q_code,Y,Y,Y,Y,Y,Y,Y,Y,N,N,N,N,Y,N,N,N,N,N,N,N,N,Y,Y,Y,N,Y,N,N,N,N
894d9f9edeb7,F22,QUARANTINE,Q16,QUARANTINE_ANALYTE_ROLE_MISSING_Q16,459af0d7d91c,9d9b4b667195,q_code,Y,Y,Y,Y,N,Y,Y,Y,N,N,N,N,Y,N,N,N,N,N,N,N,N,Y,Y,Y,N,Y,N,N,N,N
903483640894,F15,QUARANTINE,Q15A,QUARANTINE_BIO_FINAL_FLAG_Q15A,459af0d7d91c,0ff39de5a52e,q_code,Y,Y,Y,Y,N,Y,Y,Y,N,N,N,N,Y,N,N,N,N,N,N,N,Y,N,N,N,N,Y,N,N,N,N
8b2218b242f8,F15,QUARANTINE,Q15A,QUARANTINE_BIO_FINAL_FLAG_Q15A,459af0d7d91c,0ff39de5a52e,q_code,Y,Y,Y,Y,N,Y,Y,Y,N,N,N,N,Y,N,N,N,N,N,N,N,Y,N,N,Y,N,Y,N,N,N,N
85d1d20f203f,F25,QUARANTINE,Q15A,QUARANTINE_BIO_FINAL_FLAG_Q15A,459af0d7d91c,0ff39de5a52e,q_code,Y,Y,Y,Y,N,Y,Y,Y,N,N,N,N,Y,N,N,N,N,N,N,N,Y,Y,N,N,N,Y,N,N,N,N
9c926774c17a,F25,QUARANTINE,Q15A,QUARANTINE_BIO_FINAL_FLAG_Q15A,459af0d7d91c,0ff39de5a52e,q_code,Y,Y,Y,Y,N,Y,Y,Y,N,N,N,N,Y,N,N,N,N,N,N,N,Y,Y,N,N,N,Y,N,N,N,N
871728360adb,F25,QUARANTINE,Q15A,QUARANTINE_BIO_FINAL_FLAG_Q15A,459af0d7d91c,0ff39de5a52e,q_code,Y,Y,Y,Y,N,Y,Y,Y,N,N,N,N,Y,N,N,N,N,N,N,N,Y,Y,N,Y,N,Y,N,N,N,N
6fc81db2e069,F25,QUARANTINE,Q15A,QUARANTINE_BIO_FINAL_FLAG_Q15A,459af0d7d91c,0ff39de5a52e,q_code,Y,Y,Y,Y,N,Y,Y,Y,N,N,N,N,Y,N,N,N,N,N,N,N,Y,Y,N,Y,N,Y,N,N,N,N
b7df04ef93d6,F22,QUARANTINE,Q15A,QUARANTINE_BIO_FINAL_FLAG_Q15A,459af0d7d91c,0ff39de5a52e,q_code,Y,Y,Y,Y,N,Y,Y,Y,N,N,N,N,Y,N,N,N,N,N,N,N,Y,Y,Y,N,N,Y,N,N,N,N
13e226c6e1f7,F22,QUARANTINE,Q15A,QUARANTINE_BIO_FINAL_FLAG_Q15A,459af0d7d91c,0ff39de5a52e,q_code,Y,Y,Y,Y,N,Y,Y,Y,N,N,N,N,Y,N,N,N,N,N,N,N,Y,Y,Y,N,N,Y,N,N,N,N
682105614c5c,F22,QUARANTINE,Q15A,QUARANTINE_BIO_FINAL_FLAG_Q15A,459af0d7d91c,0ff39de5a52e,q_code,Y,Y,Y,Y,N,Y,Y,Y,N,N,N,N,Y,N,N,N,N,N,N,N,Y,Y,Y,Y,N,Y,N,N,N,N
a5eccd7c4509,F22,QUARANTINE,Q15A,QUARANTINE_BIO_FINAL_FLAG_Q15A,459af0d7d91c,0ff39de5a52e,q_code,Y,Y,Y,Y,N,Y,Y,Y,N,N,N,N,Y,N,N,N,N,N,N,N,Y,Y,Y,Y,N,Y,N,N,N,N
82910506f080,F15,AUTO,,AUTO_F15_BISPECIFIC,375dc3d886a9,44136fa355b3,,Y,Y,Y,Y,Y,Y,Y,Y,Y,N,N,N,Y,N,N,N,N,N,N,N,N,N,N,N,Y,Y,N,N,N,N
5a9aa4722818,F15,QUARANTINE,Q15B,QUARANTINE_ADDL_CONFLICT_Q15B,459af0d7d91c,fc80a095c5ee,q_code,Y,Y,Y,Y,Y,Y,Y,Y,N,N,N,N,Y,N,N,N,N,N,N,N,N,N,N,Y,Y,Y,N,N,N,N
71f3c45aa468,F25,REPAIR,,REPAIR_F25_CMTROLE,067eec0a7a08,ea8fdc70131d,"analyte_role_declaration,cmt_analyte_policy",Y,Y,Y,Y,Y,Y,Y,Y,Y,N,N,N,Y,N,N,N,N,N,Y,N,N,Y,N,N,Y,Y,Y,N,N,N
c180bf2f2873,F25,QUARANTINE,Q16,QUARANTINE_ADDL_CONFLICT_Q16,459af0d7d91c,9d9b4b667195,q_code,Y,Y,Y,Y,N,Y,Y,Y,N,N,N,N,Y,N,N,N,N,N,N,N,N,Y,N,N,Y,Y,N,N,N,N
fa0d3575c63a,F25,QUARANTINE,Q15B,QUARANTINE_ADDL_CONFLICT_Q15B,459af0d7d91c,fc80a095c5ee,q_code,Y,Y,Y,Y,Y,Y,Y,Y,N,N,N,N,Y,N,N,N,N,N,N,N,N,Y,N,Y,Y,Y,N,N,N,N
94d0523b21f2,F25,QUARANTINE,Q16,QUARANTINE_ADDL_CONFLICT_Q16,459af0d7d91c,9d9b4b667195,q_code,Y,Y,Y,Y,N,Y,Y,Y,N,N,N,N,Y,N,N,N,N,N,N,N,N,Y,N,Y,Y,Y,N,N,N,N
f69964560f3a,F22,REPAIR,,REPAIR_F22_DDIVP,9778a409567c,3b6e37a453cb,"cmt_analyte_policy,dual_cmt_policy",Y,Y,Y,Y,Y,Y,Y,Y,Y,N,N,N,Y,N,N,N,N,N,Y,N,N,Y,Y,N,Y,Y,N,N,N,N
491883bf53d4,F22,QUARANTINE,Q16,QUARANTINE_ADDL_CONFLICT_Q16,459af0d7d91c,9d9b4b667195,q_code,Y,Y,Y,Y,N,Y,Y,Y,N,N,N,N,Y,N,N,N,N,N,N,N,N,Y,Y,N,Y,Y,N,N,N,N
1bbba1ea3acd,F22,QUARANTINE,Q15B,QUARANTINE_ADDL_CONFLICT_Q15B,459af0d7d91c,fc80a095c5ee,q_code,Y,Y,Y,Y,Y,Y,Y,Y,N,N,N,N,Y,N,N,N,N,N,N,N,N,Y,Y,Y,Y,Y,N,N,N,N
b56fb9de6178,F22,QUARANTINE,Q16,QUARANTINE_ADDL_CONFLICT_Q16,459af0d7d91c,9d9b4b667195,q_code,Y,Y,Y,Y,N,Y,Y,Y,N,N,N,N,Y,N,N,N,N,N,N,N,N,Y,Y,Y,Y,Y,N,N,N,N
71e9a76be37f,F15,REPAIR,,REPAIR_F15_BLQ,f67c49c740b6,5598114a142c,blq_handling_policy,Y,Y,Y,Y,Y,Y,Y,Y,Y,N,N,N,Y,Y,N,N,N,N,N,N,N,N,N,N,Y,Y,N,N,N,N
202c02710b39,F15,QUARANTINE,Q15B,QUARANTINE_ADDL_CONFLICT_Q15B,459af0d7d91c,fc80a095c5ee,q_code,Y,Y,Y,Y,Y,Y,Y,Y,N,N,N,N,Y,N,N,N,N,N,N,N,N,N,N,Y,Y,Y,N,N,N,N
5d6c31c5ee1e,F25,REPAIR,,REPAIR_F25_BLQ_CMTROLE,b0a07c38e805,4bdf45aaf340,"analyte_role_declaration,blq_handling_policy,cmt_analyte_policy",Y,Y,Y,Y,Y,Y,Y,Y,Y,N,N,N,Y,Y,N,N,N,N,Y,N,N,Y,N,N,Y,Y,Y,N,N,N
64e857789b55,F25,QUARANTINE,Q16,QUARANTINE_ADDL_CONFLICT_Q16,459af0d7d91c,9d9b4b667195,q_code,Y,Y,Y,Y,N,Y,Y,Y,N,N,N,N,Y,N,N,N,N,N,N,N,N,Y,N,N,Y,Y,N,N,N,N
4fa9bf3092a3,F25,QUARANTINE,Q15B,QUARANTINE_ADDL_CONFLICT_Q15B,459af0d7d91c,fc80a095c5ee,q_code,Y,Y,Y,Y,Y,Y,Y,Y,N,N,N,N,Y,N,N,N,N,N,N,N,N,Y,N,Y,Y,Y,N,N,N,N
5b6c3ab3fb78,F25,QUARANTINE,Q16,QUARANTINE_ADDL_CONFLICT_Q16,459af0d7d91c,9d9b4b667195,q_code,Y,Y,Y,Y,N,Y,Y,Y,N,N,N,N,Y,N,N,N,N,N,N,N,N,Y,N,Y,Y,Y,N,N,N,N
4613235d7ea7,F22,REPAIR,,REPAIR_F22_BLQ_DDIVP,f452000cd78c,1a93afeda678,"blq_handling_policy,cmt_analyte_policy,dual_cmt_policy",Y,Y,Y,Y,Y,Y,Y,Y,Y,N,N,N,Y,Y,N,N,N,N,Y,N,N,Y,Y,N,Y,Y,N,N,N,N
93e065263ccc,F22,QUARANTINE,Q16,QUARANTINE_ADDL_CONFLICT_Q16,459af0d7d91c,9d9b4b667195,q_code,Y,Y,Y,Y,N,Y,Y,Y,N,N,N,N,Y,N,N,N,N,N,N,N,N,Y,Y,N,Y,Y,N,N,N,N
81c1eaa91021,F22,QUARANTINE,Q15B,QUARANTINE_ADDL_CONFLICT_Q15B,459af0d7d91c,fc80a095c5ee,q_code,Y,Y,Y,Y,Y,Y,Y,Y,N,N,N,N,Y,N,N,N,N,N,N,N,N,Y,Y,Y,Y,Y,N,N,N,N
c2f5bcf3fb9c,F22,QUARANTINE,Q16,QUARANTINE_ADDL_CONFLICT_Q16,459af0d7d91c,9d9b4b667195,q_code,Y,Y,Y,Y,N,Y,Y,Y,N,N,N,N,Y,N,N,N,N,N,N,N,N,Y,Y,Y,Y,Y,N,N,N,N
b07e2e5beba5,F15,QUARANTINE,Q15A,QUARANTINE_BIO_FINAL_FLAG_Q15A,459af0d7d91c,0ff39de5a52e,q_code,Y,Y,Y,Y,N,Y,Y,Y,N,N,N,N,Y,N,N,N,N,N,N,N,Y,N,N,N,Y,Y,N,N,N,N
195e6a5e3f50,F15,QUARANTINE,Q15A,QUARANTINE_BIO_FINAL_FLAG_Q15A,459af0d7d91c,0ff39de5a52e,q_code,Y,Y,Y,Y,N,Y,Y,Y,N,N,N,N,Y,N,N,N,N,N,N,N,Y,N,N,Y,Y,Y,N,N,N,N
75a68e13a1b9,F25,QUARANTINE,Q15A,QUARANTINE_BIO_FINAL_FLAG_Q15A,459af0d7d91c,0ff39de5a52e,q_code,Y,Y,Y,Y,N,Y,Y,Y,N,N,N,N,Y,N,N,N,N,N,N,N,Y,Y,N,N,Y,Y,N,N,N,N
a395c2f65969,F25,QUARANTINE,Q15A,QUARANTINE_BIO_FINAL_FLAG_Q15A,459af0d7d91c,0ff39de5a52e,q_code,Y,Y,Y,Y,N,Y,Y,Y,N,N,N,N,Y,N,N,N,N,N,N,N,Y,Y,N,N,Y,Y,N,N,N,N
45e3b092b8ab,F25,QUARANTINE,Q15A,QUARANTINE_BIO_FINAL_FLAG_Q15A,459af0d7d91c,0ff39de5a52e,q_code,Y,Y,Y,Y,N,Y,Y,Y,N,N,N,N,Y,N,N,N,N,N,N,N,Y,Y,N,Y,Y,Y,N,N,N,N
5d6d90732018,F25,QUARANTINE,Q15A,QUARANTINE_BIO_FINAL_FLAG_Q15A,459af0d7d91c,0ff39de5a52e,q_code,Y,Y,Y,Y,N,Y,Y,Y,N,N,N,N,Y,N,N,N,N,N,N,N,Y,Y,N,Y,Y,Y,N,N,N,N
e4dd99f3e6f0,F22,QUARANTINE,Q15A,QUARANTINE_BIO_FINAL_FLAG_Q15A,459af0d7d91c,0ff39de5a52e,q_code,Y,Y,Y,Y,N,Y,Y,Y,N,N,N,N,Y,N,N,N,N,N,N,N,Y,Y,Y,N,Y,Y,N,N,N,N
704715f2d286,F22,QUARANTINE,Q15A,QUARANTINE_BIO_FINAL_FLAG_Q15A,459af0d7d91c,0ff39de5a52e,q_code,Y,Y,Y,Y,N,Y,Y,Y,N,N,N,N,Y,N,N,N,N,N,N,N,Y,Y,Y,N,Y,Y,N,N,N,N
b68239269d29,F22,QUARANTINE,Q15A,QUARANTINE_BIO_FINAL_FLAG_Q15A,459af0d7d91c,0ff39de5a52e,q_code,Y,Y,Y,Y,N,Y,Y,Y,N,N,N,N,Y,N,N,N,N,N,N,N,Y,Y,Y,Y,Y,Y,N,N,N,N
52658fae9daa,F22,QUARANTINE,Q15A,QUARANTINE_BIO_FINAL_FLAG_Q15A,459af0d7d91c,0ff39de5a52e,q_code,Y,Y,Y,Y,N,Y,Y,Y,N,N,N,N,Y,N,N,N,N,N,N,N,Y,Y,Y,Y,Y,Y,N,N,N,N
4977316f97cc,F15,AUTO,,AUTO_F15_CELL_THERAPY,375dc3d886a9,44136fa355b3,,Y,Y,Y,Y,Y,Y,Y,Y,Y,N,N,N,Y,N,N,N,N,N,N,N,N,N,N,N,N,Y,N,N,N,N
6bd3c2bd7a33,F15,QUARANTINE,Q15B,QUARANTINE_LEGACY_FLAG_UNDOC_Q15B,459af0d7d91c,fc80a095c5ee,q_code,Y,Y,Y,Y,Y,Y,Y,Y,N,N,N,N,Y,N,N,N,N,N,N,N,N,N,N,Y,N,Y,N,N,N,N
1e7fb7f913f0,F15,REPAIR,,REPAIR_F15_CMTROLE,067eec0a7a08,f60410e849b7,"analyte_role_declaration,cmt_analyte_policy",Y,Y,Y,Y,Y,Y,Y,Y,Y,N,N,N,Y,N,N,N,N,N,Y,N,N,Y,N,N,N,Y,Y,N,N,N
22ef351efa8c,F15,QUARANTINE,Q16,QUARANTINE_ANALYTE_ROLE_MISSING_Q16,459af0d7d91c,9d9b4b667195,q_code,Y,Y,Y,Y,N,Y,Y,Y,N,N,N,N,Y,N,N,N,N,N,N,N,N,Y,N,N,N,Y,N,N,N,N
37f1561966f9,F15,QUARANTINE,Q15B,QUARANTINE_LEGACY_FLAG_UNDOC_Q15B,459af0d7d91c,fc80a095c5ee,q_code,Y,Y,Y,Y,Y,Y,Y,Y,N,N,N,N,Y,N,N,N,N,N,N,N,N,Y,N,Y,N,Y,N,N,N,N
b235202cc5ed,F15,QUARANTINE,Q16,QUARANTINE_ANALYTE_ROLE_MISSING_Q16,459af0d7d91c,9d9b4b667195,q_code,Y,Y,Y,Y,N,Y,Y,Y,N,N,N,N,Y,N,N,N,N,N,N,N,N,Y,N,Y,N,Y,N,N,N,N
85cae602776d,F22,REPAIR,,REPAIR_F22_DDIVP,9778a409567c,3b6e37a453cb,"cmt_analyte_policy,dual_cmt_policy",Y,Y,Y,Y,Y,Y,Y,Y,Y,N,N,N,Y,N,N,N,N,N,Y,N,N,Y,Y,N,N,Y,N,N,N,N
73fd968f2138,F22,QUARANTINE,Q16,QUARANTINE_ANALYTE_ROLE_MISSING_Q16,459af0d7d91c,9d9b4b667195,q_code,Y,Y,Y,Y,N,Y,Y,Y,N,N,N,N,Y,N,N,N,N,N,N,N,N,Y,Y,N,N,Y,N,N,N,N
4914986d1e59,F22,QUARANTINE,Q15B,QUARANTINE_LEGACY_FLAG_UNDOC_Q15B,459af0d7d91c,fc80a095c5ee,q_code,Y,Y,Y,Y,Y,Y,Y,Y,N,N,N,N,Y,N,N,N,N,N,N,N,N,Y,Y,Y,N,Y,N,N,N,N
c9b11ad3e6c2,F22,QUARANTINE,Q16,QUARANTINE_ANALYTE_ROLE_MISSING_Q16,459af0d7d91c,9d9b4b667195,q_code,Y,Y,Y,Y,N,Y,Y,Y,N,N,N,N,Y,N,N,N,N,N,N,N,N,Y,Y,Y,N,Y,N,N,N,N
8e602a272fc1,F15,REPAIR,,REPAIR_F15_BLQ,f67c49c740b6,5598114a142c,blq_handling_policy,Y,Y,Y,Y,Y,Y,Y,Y,Y,N,N,N,Y,Y,N,N,N,N,N,N,N,N,N,N,N,Y,N,N,N,N
157846c0f54f,F15,QUARANTINE,Q15B,QUARANTINE_LEGACY_FLAG_UNDOC_Q15B,459af0d7d91c,fc80a095c5ee,q_code,Y,Y,Y,Y,Y,Y,Y,Y,N,N,N,N,Y,N,N,N,N,N,N,N,N,N,N,Y,N,Y,N,N,N,N
feb382f1003c,F15,REPAIR,,REPAIR_F15_BLQ_CMTROLE,b0a07c38e805,edd44a84e2e5,"analyte_role_declaration,blq_handling_policy,cmt_analyte_policy",Y,Y,Y,Y,Y,Y,Y,Y,Y,N,N,N,Y,Y,N,N,N,N,Y,N,N,Y,N,N,N,Y,Y,N,N,N
366f7aba351d,F15,QUARANTINE,Q16,QUARANTINE_ANALYTE_ROLE_MISSING_Q16,459af0d7d91c,9d9b4b667195,q_code,Y,Y,Y,Y,N,Y,Y,Y,N,N,N,N,Y,N,N,N,N,N,N,N,N,Y,N,N,N,Y,N,N,N,N
9d899c361e53,F15,QUARANTINE,Q15B,QUARANTINE_LEGACY_FLAG_UNDOC_Q15B,459af0d7d91c,fc80a095c5ee,q_code,Y,Y,Y,Y,Y,Y,Y,Y,N,N,N,N,Y,N,N,N,N,N,N,N,N,Y,N,Y,N,Y,N,N,N,N
68952a7bca76,F15,QUARANTINE,Q16,QUARANTINE_ANALYTE_ROLE_MISSING_Q16,459af0d7d91c,9d9b4b667195,q_code,Y,Y,Y,Y,N,Y,Y,Y,N,N,N,N,Y,N,N,N,N,N,N,N,N,Y,N,Y,N,Y,N,N,N,N
5b519a4e1dab,F22,REPAIR,,REPAIR_F22_BLQ_DDIVP,f452000cd78c,1a93afeda678,"blq_handling_policy,cmt_analyte_policy,dual_cmt_policy",Y,Y,Y,Y,Y,Y,Y,Y,Y,N,N,N,Y,Y,N,N,N,N,Y,N,N,Y,Y,N,N,Y,N,N,N,N
6e1a384ff4de,F22,QUARANTINE,Q16,QUARANTINE_ANALYTE_ROLE_MISSING_Q16,459af0d7d91c,9d9b4b667195,q_code,Y,Y,Y,Y,N,Y,Y,Y,N,N,N,N,Y,N,N,N,N,N,N,N,N,Y,Y,N,N,Y,N,N,N,N
acc197220dee,F22,QUARANTINE,Q15B,QUARANTINE_LEGACY_FLAG_UNDOC_Q15B,459af0d7d91c,fc80a095c5ee,q_code,Y,Y,Y,Y,Y,Y,Y,Y,N,N,N,N,Y,N,N,N,N,N,N,N,N,Y,Y,Y,N,Y,N,N,N,N
f07115a81329,F22,QUARANTINE,Q16,QUARANTINE_ANALYTE_ROLE_MISSING_Q16,459af0d7d91c,9d9b4b667195,q_code,Y,Y,Y,Y,N,Y,Y,Y,N,N,N,N,Y,N,N,N,N,N,N,N,N,Y,Y,Y,N,Y,N,N,N,N
8552d08da1ac,F15,QUARANTINE,Q15A,QUARANTINE_BIO_FINAL_FLAG_Q15A,459af0d7d91c,0ff39de5a52e,q_code,Y,Y,Y,Y,N,Y,Y,Y,N,N,N,N,Y,N,N,N,N,N,N,N,Y,N,N,N,N,Y,N,N,N,N
6e7abe160b39,F15,QUARANTINE,Q15A,QUARANTINE_BIO_FINAL_FLAG_Q15A,459af0d7d91c,0ff39de5a52e,q_code,Y,Y,Y,Y,N,Y,Y,Y,N,N,N,N,Y,N,N,N,N,N,N,N,Y,N,N,Y,N,Y,N,N,N,N
b0c24342046b,F15,QUARANTINE,Q15A,QUARANTINE_BIO_FINAL_FLAG_Q15A,459af0d7d91c,0ff39de5a52e,q_code,Y,Y,Y,Y,N,Y,Y,Y,N,N,N,N,Y,N,N,N,N,N,N,N,Y,Y,N,N,N,Y,N,N,N,N
0b4d7def4052,F15,QUARANTINE,Q15A,QUARANTINE_BIO_FINAL_FLAG_Q15A,459af0d7d91c,0ff39de5a52e,q_code,Y,Y,Y,Y,N,Y,Y,Y,N,N,N,N,Y,N,N,N,N,N,N,N,Y,Y,N,N,N,Y,N,N,N,N
1a04be8cb057,F15,QUARANTINE,Q15A,QUARANTINE_BIO_FINAL_FLAG_Q15A,459af0d7d91c,0ff39de5a52e,q_code,Y,Y,Y,Y,N,Y,Y,Y,N,N,N,N,Y,N,N,N,N,N,N,N,Y,Y,N,Y,N,Y,N,N,N,N
aba61b40a135,F15,QUARANTINE,Q15A,QUARANTINE_BIO_FINAL_FLAG_Q15A,459af0d7d91c,0ff39de5a52e,q_code,Y,Y,Y,Y,N,Y,Y,Y,N,N,N,N,Y,N,N,N,N,N,N,N,Y,Y,N,Y,N,Y,N,N,N,N
f19f00ab8c94,F22,QUARANTINE,Q15A,QUARANTINE_BIO_FINAL_FLAG_Q15A,459af0d7d91c,0ff39de5a52e,q_code,Y,Y,Y,Y,N,Y,Y,Y,N,N,N,N,Y,N,N,N,N,N,N,N,Y,Y,Y,N,N,Y,N,N,N,N
4b645f028537,F22,QUARANTINE,Q15A,QUARANTINE_BIO_FINAL_FLAG_Q15A,459af0d7d91c,0ff39de5a52e,q_code,Y,Y,Y,Y,N,Y,Y,Y,N,N,N,N,Y,N,N,N,N,N,N,N,Y,Y,Y,N,N,Y,N,N,N,N
8c2f6902785a,F22,QUARANTINE,Q15A,QUARANTINE_BIO_FINAL_FLAG_Q15A,459af0d7d91c,0ff39de5a52e,q_code,Y,Y,Y,Y,N,Y,Y,Y,N,N,N,N,Y,N,N,N,N,N,N,N,Y,Y,Y,Y,N,Y,N,N,N,N
c547c4ca12b3,F22,QUARANTINE,Q15A,QUARANTINE_BIO_FINAL_FLAG_Q15A,459af0d7d91c,0ff39de5a52e,q_code,Y,Y,Y,Y,N,Y,Y,Y,N,N,N,N,Y,N,N,N,N,N,N,N,Y,Y,Y,Y,N,Y,N,N,N,N
21461cb82e1d,F15,AUTO,,AUTO_F15_CELL_THERAPY,375dc3d886a9,44136fa355b3,,Y,Y,Y,Y,Y,Y,Y,Y,Y,N,N,N,Y,N,N,N,N,N,N,N,N,N,N,N,Y,Y,N,N,N,N
1cd90ab60486,F15,QUARANTINE,Q15B,QUARANTINE_ADDL_CONFLICT_Q15B,459af0d7d91c,fc80a095c5ee,q_code,Y,Y,Y,Y,Y,Y,Y,Y,N,N,N,N,Y,N,N,N,N,N,N,N,N,N,N,Y,Y,Y,N,N,N,N
99104a4fff3b,F15,REPAIR,,REPAIR_F15_CMTROLE,067eec0a7a08,f60410e849b7,"analyte_role_declaration,cmt_analyte_policy",Y,Y,Y,Y,Y,Y,Y,Y,Y,N,N,N,Y,N,N,N,N,N,Y,N,N,Y,N,N,Y,Y,Y,N,N,N
7843a282e9d7,F15,QUARANTINE,Q16,QUARANTINE_ADDL_CONFLICT_Q16,459af0d7d91c,9d9b4b667195,q_code,Y,Y,Y,Y,N,Y,Y,Y,N,N,N,N,Y,N,N,N,N,N,N,N,N,Y,N,N,Y,Y,N,N,N,N
a428ca7d0ebb,F15,QUARANTINE,Q15B,QUARANTINE_ADDL_CONFLICT_Q15B,459af0d7d91c,fc80a095c5ee,q_code,Y,Y,Y,Y,Y,Y,Y,Y,N,N,N,N,Y,N,N,N,N,N,N,N,N,Y,N,Y,Y,Y,N,N,N,N
4d7d9c54a99c,F15,QUARANTINE,Q16,QUARANTINE_ADDL_CONFLICT_Q16,459af0d7d91c,9d9b4b667195,q_code,Y,Y,Y,Y,N,Y,Y,Y,N,N,N,N,Y,N,N,N,N,N,N,N,N,Y,N,Y,Y,Y,N,N,N,N
cec7db2e75b3,F22,REPAIR,,REPAIR_F22_DDIVP,9778a409567c,3b6e37a453cb,"cmt_analyte_policy,dual_cmt_policy",Y,Y,Y,Y,Y,Y,Y,Y,Y,N,N,N,Y,N,N,N,N,N,Y,N,N,Y,Y,N,Y,Y,N,N,N,N
592d16183104,F22,QUARANTINE,Q16,QUARANTINE_ADDL_CONFLICT_Q16,459af0d7d91c,9d9b4b667195,q_code,Y,Y,Y,Y,N,Y,Y,Y,N,N,N,N,Y,N,N,N,N,N,N,N,N,Y,Y,N,Y,Y,N,N,N,N
ac0bdc8c20b6,F22,QUARANTINE,Q15B,QUARANTINE_ADDL_CONFLICT_Q15B,459af0d7d91c,fc80a095c5ee,q_code,Y,Y,Y,Y,Y,Y,Y,Y,N,N,N,N,Y,N,N,N,N,N,N,N,N,Y,Y,Y,Y,Y,N,N,N,N
27842692dc19,F22,QUARANTINE,Q16,QUARANTINE_ADDL_CONFLICT_Q16,459af0d7d91c,9d9b4b667195,q_code,Y,Y,Y,Y,N,Y,Y,Y,N,N,N,N,Y,N,N,N,N,N,N,N,N,Y,Y,Y,Y,Y,N,N,N,N
643aca9da106,F15,REPAIR,,REPAIR_F15_BLQ,f67c49c740b6,5598114a142c,blq_handling_policy,Y,Y,Y,Y,Y,Y,Y,Y,Y,N,N,N,Y,Y,N,N,N,N,N,N,N,N,N,N,Y,Y,N,N,N,N
066aee6aa6f1,F15,QUARANTINE,Q15B,QUARANTINE_ADDL_CONFLICT_Q15B,459af0d7d91c,fc80a095c5ee,q_code,Y,Y,Y,Y,Y,Y,Y,Y,N,N,N,N,Y,N,N,N,N,N,N,N,N,N,N,Y,Y,Y,N,N,N,N
3d2a0fd9397d,F15,REPAIR,,REPAIR_F15_BLQ_CMTROLE,b0a07c38e805,edd44a84e2e5,"analyte_role_declaration,blq_handling_policy,cmt_analyte_policy",Y,Y,Y,Y,Y,Y,Y,Y,Y,N,N,N,Y,Y,N,N,N,N,Y,N,N,Y,N,N,Y,Y,Y,N,N,N
e8b67f5fe14e,F15,QUARANTINE,Q16,QUARANTINE_ADDL_CONFLICT_Q16,459af0d7d91c,9d9b4b667195,q_code,Y,Y,Y,Y,N,Y,Y,Y,N,N,N,N,Y,N,N,N,N,N,N,N,N,Y,N,N,Y,Y,N,N,N,N
e7fa2224d328,F15,QUARANTINE,Q15B,QUARANTINE_ADDL_CONFLICT_Q15B,459af0d7d91c,fc80a095c5ee,q_code,Y,Y,Y,Y,Y,Y,Y,Y,N,N,N,N,Y,N,N,N,N,N,N,N,N,Y,N,Y,Y,Y,N,N,N,N
a9cc60e1138a,F15,QUARANTINE,Q16,QUARANTINE_ADDL_CONFLICT_Q16,459af0d7d91c,9d9b4b667195,q_code,Y,Y,Y,Y,N,Y,Y,Y,N,N,N,N,Y,N,N,N,N,N,N,N,N,Y,N,Y,Y,Y,N,N,N,N
9c653f122456,F22,REPAIR,,REPAIR_F22_BLQ_DDIVP,f452000cd78c,1a93afeda678,"blq_handling_policy,cmt_analyte_policy,dual_cmt_policy",Y,Y,Y,Y,Y,Y,Y,Y,Y,N,N,N,Y,Y,N,N,N,N,Y,N,N,Y,Y,N,Y,Y,N,N,N,N
21106a9a2304,F22,QUARANTINE,Q16,QUARANTINE_ADDL_CONFLICT_Q16,459af0d7d91c,9d9b4b667195,q_code,Y,Y,Y,Y,N,Y,Y,Y,N,N,N,N,Y,N,N,N,N,N,N,N,N,Y,Y,N,Y,Y,N,N,N,N
45e2d3db6907,F22,QUARANTINE,Q15B,QUARANTINE_ADDL_CONFLICT_Q15B,459af0d7d91c,fc80a095c5ee,q_code,Y,Y,Y,Y,Y,Y,Y,Y,N,N,N,N,Y,N,N,N,N,N,N,N,N,Y,Y,Y,Y,Y,N,N,N,N
ef37a55027e1,F22,QUARANTINE,Q16,QUARANTINE_ADDL_CONFLICT_Q16,459af0d7d91c,9d9b4b667195,q_code,Y,Y,Y,Y,N,Y,Y,Y,N,N,N,N,Y,N,N,N,N,N,N,N,N,Y,Y,Y,Y,Y,N,N,N,N
ac406b991a54,F15,QUARANTINE,Q15A,QUARANTINE_BIO_FINAL_FLAG_Q15A,459af0d7d91c,0ff39de5a52e,q_code,Y,Y,Y,Y,N,Y,Y,Y,N,N,N,N,Y,N,N,N,N,N,N,N,Y,N,N,N,Y,Y,N,N,N,N
04dbcae76be0,F15,QUARANTINE,Q15A,QUARANTINE_BIO_FINAL_FLAG_Q15A,459af0d7d91c,0ff39de5a52e,q_code,Y,Y,Y,Y,N,Y,Y,Y,N,N,N,N,Y,N,N,N,N,N,N,N,Y,N,N,Y,Y,Y,N,N,N,N
0380b59b83a6,F15,QUARANTINE,Q15A,QUARANTINE_BIO_FINAL_FLAG_Q15A,459af0d7d91c,0ff39de5a52e,q_code,Y,Y,Y,Y,N,Y,Y,Y,N,N,N,N,Y,N,N,N,N,N,N,N,Y,Y,N,N,Y,Y,N,N,N,N
2510c4a95142,F15,QUARANTINE,Q15A,QUARANTINE_BIO_FINAL_FLAG_Q15A,459af0d7d91c,0ff39de5a52e,q_code,Y,Y,Y,Y,N,Y,Y,Y,N,N,N,N,Y,N,N,N,N,N,N,N,Y,Y,N,N,Y,Y,N,N,N,N
49748584042e,F15,QUARANTINE,Q15A,QUARANTINE_BIO_FINAL_FLAG_Q15A,459af0d7d91c,0ff39de5a52e,q_code,Y,Y,Y,Y,N,Y,Y,Y,N,N,N,N,Y,N,N,N,N,N,N,N,Y,Y,N,Y,Y,Y,N,N,N,N
c015d64ac667,F15,QUARANTINE,Q15A,QUARANTINE_BIO_FINAL_FLAG_Q15A,459af0d7d91c,0ff39de5a52e,q_code,Y,Y,Y,Y,N,Y,Y,Y,N,N,N,N,Y,N,N,N,N,N,N,N,Y,Y,N,Y,Y,Y,N,N,N,N
32121389c835,F22,QUARANTINE,Q15A,QUARANTINE_BIO_FINAL_FLAG_Q15A,459af0d7d91c,0ff39de5a52e,q_code,Y,Y,Y,Y,N,Y,Y,Y,N,N,N,N,Y,N,N,N,N,N,N,N,Y,Y,Y,N,Y,Y,N,N,N,N
2a33f1f1b398,F22,QUARANTINE,Q15A,QUARANTINE_BIO_FINAL_FLAG_Q15A,459af0d7d91c,0ff39de5a52e,q_code,Y,Y,Y,Y,N,Y,Y,Y,N,N,N,N,Y,N,N,N,N,N,N,N,Y,Y,Y,N,Y,Y,N,N,N,N
f1e071f8a4e8,F22,QUARANTINE,Q15A,QUARANTINE_BIO_FINAL_FLAG_Q15A,459af0d7d91c,0ff39de5a52e,q_code,Y,Y,Y,Y,N,Y,Y,Y,N,N,N,N,Y,N,N,N,N,N,N,N,Y,Y,Y,Y,Y,Y,N,N,N,N
9d45ebd77bda,F22,QUARANTINE,Q15A,QUARANTINE_BIO_FINAL_FLAG_Q15A,459af0d7d91c,0ff39de5a52e,q_code,Y,Y,Y,Y,N,Y,Y,Y,N,N,N,N,Y,N,N,N,N,N,N,N,Y,Y,Y,Y,Y,Y,N,N,N,N
5ceaa5d49b94,F27,AUTO,,AUTO_F27_MRNA,375dc3d886a9,44136fa355b3,,Y,Y,Y,Y,Y,Y,Y,Y,Y,N,N,N,Y,N,N,N,N,N,N,N,N,N,N,N,N,N,N,N,N,N
6fa3dea7291e,F27,QUARANTINE,Q15B,QUARANTINE_LEGACY_FLAG_UNDOC_Q15B,459af0d7d91c,fc80a095c5ee,q_code,Y,Y,Y,Y,Y,Y,Y,Y,N,N,N,N,Y,N,N,N,N,N,N,N,N,N,N,Y,N,N,N,N,N,N
02771c34f214,F27,REPAIR,,REPAIR_F27_CMTM,625092f45d69,3d9b119a827c,cmt_analyte_policy,Y,Y,Y,Y,Y,Y,Y,Y,Y,N,N,N,Y,N,N,N,N,N,Y,N,N,Y,N,N,N,N,N,N,N,N
180deb13d295,F27,QUARANTINE,Q15B,QUARANTINE_LEGACY_FLAG_UNDOC_Q15B,459af0d7d91c,fc80a095c5ee,q_code,Y,Y,Y,Y,Y,Y,Y,Y,N,N,N,N,Y,N,N,N,N,N,N,N,N,Y,N,Y,N,N,N,N,N,N
de9089548b2c,F27,REPAIR,,REPAIR_F27_DDIVP,9778a409567c,3b6e37a453cb,"cmt_analyte_policy,dual_cmt_policy",Y,Y,Y,Y,Y,Y,Y,Y,Y,N,N,N,Y,N,N,N,N,N,Y,N,N,Y,Y,N,N,N,N,N,N,N
bd71fe43b1ce,F27,QUARANTINE,Q15B,QUARANTINE_LEGACY_FLAG_UNDOC_Q15B,459af0d7d91c,fc80a095c5ee,q_code,Y,Y,Y,Y,Y,Y,Y,Y,N,N,N,N,Y,N,N,N,N,N,N,N,N,Y,Y,Y,N,N,N,N,N,N
49f43ca5a5f8,F27,REPAIR,,REPAIR_F27_BLQ,f67c49c740b6,5598114a142c,blq_handling_policy,Y,Y,Y,Y,Y,Y,Y,Y,Y,N,N,N,Y,Y,N,N,N,N,N,N,N,N,N,N,N,N,N,N,N,N
4c85c0819e4d,F27,QUARANTINE,Q15B,QUARANTINE_LEGACY_FLAG_UNDOC_Q15B,459af0d7d91c,fc80a095c5ee,q_code,Y,Y,Y,Y,Y,Y,Y,Y,N,N,N,N,Y,N,N,N,N,N,N,N,N,N,N,Y,N,N,N,N,N,N
4d6e123cbdd9,F27,REPAIR,,REPAIR_F27_BLQ_CMTM,ad950bea7a00,b0d8a8150750,"blq_handling_policy,cmt_analyte_policy",Y,Y,Y,Y,Y,Y,Y,Y,Y,N,N,N,Y,Y,N,N,N,N,Y,N,N,Y,N,N,N,N,N,N,N,N
14e84918eafb,F27,QUARANTINE,Q15B,QUARANTINE_LEGACY_FLAG_UNDOC_Q15B,459af0d7d91c,fc80a095c5ee,q_code,Y,Y,Y,Y,Y,Y,Y,Y,N,N,N,N,Y,N,N,N,N,N,N,N,N,Y,N,Y,N,N,N,N,N,N
754297718999,F27,REPAIR,,REPAIR_F27_BLQ_DDIVP,f452000cd78c,1a93afeda678,"blq_handling_policy,cmt_analyte_policy,dual_cmt_policy",Y,Y,Y,Y,Y,Y,Y,Y,Y,N,N,N,Y,Y,N,N,N,N,Y,N,N,Y,Y,N,N,N,N,N,N,N
29daa66ce7d8,F27,QUARANTINE,Q15B,QUARANTINE_LEGACY_FLAG_UNDOC_Q15B,459af0d7d91c,fc80a095c5ee,q_code,Y,Y,Y,Y,Y,Y,Y,Y,N,N,N,N,Y,N,N,N,N,N,N,N,N,Y,Y,Y,N,N,N,N,N,N
e8501d9ae509,F27,QUARANTINE,Q15A,QUARANTINE_BIO_FINAL_FLAG_Q15A,459af0d7d91c,0ff39de5a52e,q_code,Y,Y,Y,Y,N,Y,Y,Y,N,N,N,N,Y,N,N,N,N,N,N,N,Y,N,N,N,N,N,N,N,N,N
b718234b49fd,F27,QUARANTINE,Q15A,QUARANTINE_BIO_FINAL_FLAG_Q15A,459af0d7d91c,0ff39de5a52e,q_code,Y,Y,Y,Y,N,Y,Y,Y,N,N,N,N,Y,N,N,N,N,N,N,N,Y,N,N,Y,N,N,N,N,N,N
bf36a62a71bf,F27,QUARANTINE,Q15A,QUARANTINE_BIO_FINAL_FLAG_Q15A,459af0d7d91c,0ff39de5a52e,q_code,Y,Y,Y,Y,N,Y,Y,Y,N,N,N,N,Y,N,N,N,N,N,N,N,Y,Y,N,N,N,N,N,N,N,N
540e4a97eb8f,F27,QUARANTINE,Q15A,QUARANTINE_BIO_FINAL_FLAG_Q15A,459af0d7d91c,0ff39de5a52e,q_code,Y,Y,Y,Y,N,Y,Y,Y,N,N,N,N,Y,N,N,N,N,N,N,N,Y,Y,N,Y,N,N,N,N,N,N
91baa8ba375b,F27,QUARANTINE,Q15A,QUARANTINE_BIO_FINAL_FLAG_Q15A,459af0d7d91c,0ff39de5a52e,q_code,Y,Y,Y,Y,N,Y,Y,Y,N,N,N,N,Y,N,N,N,N,N,N,N,Y,Y,Y,N,N,N,N,N,N,N
cc962445470e,F27,QUARANTINE,Q15A,QUARANTINE_BIO_FINAL_FLAG_Q15A,459af0d7d91c,0ff39de5a52e,q_code,Y,Y,Y,Y,N,Y,Y,Y,N,N,N,N,Y,N,N,N,N,N,N,N,Y,Y,Y,Y,N,N,N,N,N,N
21c427fff071,F27,AUTO,,AUTO_F27_MRNA,375dc3d886a9,44136fa355b3,,Y,Y,Y,Y,Y,Y,Y,Y,Y,N,N,N,Y,N,N,N,N,N,N,N,N,N,N,N,Y,N,N,N,N,N
43bd13e8bb49,F27,QUARANTINE,Q15B,QUARANTINE_ADDL_CONFLICT_Q15B,459af0d7d91c,fc80a095c5ee,q_code,Y,Y,Y,Y,Y,Y,Y,Y,N,N,N,N,Y,N,N,N,N,N,N,N,N,N,N,Y,Y,N,N,N,N,N
28bfc8098a5a,F27,REPAIR,,REPAIR_F27_CMTM,625092f45d69,3d9b119a827c,cmt_analyte_policy,Y,Y,Y,Y,Y,Y,Y,Y,Y,N,N,N,Y,N,N,N,N,N,Y,N,N,Y,N,N,Y,N,N,N,N,N
854d148ece3f,F27,QUARANTINE,Q15B,QUARANTINE_ADDL_CONFLICT_Q15B,459af0d7d91c,fc80a095c5ee,q_code,Y,Y,Y,Y,Y,Y,Y,Y,N,N,N,N,Y,N,N,N,N,N,N,N,N,Y,N,Y,Y,N,N,N,N,N
c3f9b7cdf60d,F27,REPAIR,,REPAIR_F27_DDIVP,9778a409567c,3b6e37a453cb,"cmt_analyte_policy,dual_cmt_policy",Y,Y,Y,Y,Y,Y,Y,Y,Y,N,N,N,Y,N,N,N,N,N,Y,N,N,Y,Y,N,Y,N,N,N,N,N
765198fcbe75,F27,QUARANTINE,Q15B,QUARANTINE_ADDL_CONFLICT_Q15B,459af0d7d91c,fc80a095c5ee,q_code,Y,Y,Y,Y,Y,Y,Y,Y,N,N,N,N,Y,N,N,N,N,N,N,N,N,Y,Y,Y,Y,N,N,N,N,N
e9f8b1437bb0,F27,REPAIR,,REPAIR_F27_BLQ,f67c49c740b6,5598114a142c,blq_handling_policy,Y,Y,Y,Y,Y,Y,Y,Y,Y,N,N,N,Y,Y,N,N,N,N,N,N,N,N,N,N,Y,N,N,N,N,N
7d758f1c7b35,F27,QUARANTINE,Q15B,QUARANTINE_ADDL_CONFLICT_Q15B,459af0d7d91c,fc80a095c5ee,q_code,Y,Y,Y,Y,Y,Y,Y,Y,N,N,N,N,Y,N,N,N,N,N,N,N,N,N,N,Y,Y,N,N,N,N,N
7a0d2c5883aa,F27,REPAIR,,REPAIR_F27_BLQ_CMTM,ad950bea7a00,b0d8a8150750,"blq_handling_policy,cmt_analyte_policy",Y,Y,Y,Y,Y,Y,Y,Y,Y,N,N,N,Y,Y,N,N,N,N,Y,N,N,Y,N,N,Y,N,N,N,N,N
108f794c1705,F27,QUARANTINE,Q15B,QUARANTINE_ADDL_CONFLICT_Q15B,459af0d7d91c,fc80a095c5ee,q_code,Y,Y,Y,Y,Y,Y,Y,Y,N,N,N,N,Y,N,N,N,N,N,N,N,N,Y,N,Y,Y,N,N,N,N,N
cca2146a2353,F27,REPAIR,,REPAIR_F27_BLQ_DDIVP,f452000cd78c,1a93afeda678,"blq_handling_policy,cmt_analyte_policy,dual_cmt_policy",Y,Y,Y,Y,Y,Y,Y,Y,Y,N,N,N,Y,Y,N,N,N,N,Y,N,N,Y,Y,N,Y,N,N,N,N,N
fdfa9b992794,F27,QUARANTINE,Q15B,QUARANTINE_ADDL_CONFLICT_Q15B,459af0d7d91c,fc80a095c5ee,q_code,Y,Y,Y,Y,Y,Y,Y,Y,N,N,N,N,Y,N,N,N,N,N,N,N,N,Y,Y,Y,Y,N,N,N,N,N
1c0c2d399394,F27,QUARANTINE,Q15A,QUARANTINE_BIO_FINAL_FLAG_Q15A,459af0d7d91c,0ff39de5a52e,q_code,Y,Y,Y,Y,N,Y,Y,Y,N,N,N,N,Y,N,N,N,N,N,N,N,Y,N,N,N,Y,N,N,N,N,N
65bd9a5b1e69,F27,QUARANTINE,Q15A,QUARANTINE_BIO_FINAL_FLAG_Q15A,459af0d7d91c,0ff39de5a52e,q_code,Y,Y,Y,Y,N,Y,Y,Y,N,N,N,N,Y,N,N,N,N,N,N,N,Y,N,N,Y,Y,N,N,N,N,N
f0e3ae61cde0,F27,QUARANTINE,Q15A,QUARANTINE_BIO_FINAL_FLAG_Q15A,459af0d7d91c,0ff39de5a52e,q_code,Y,Y,Y,Y,N,Y,Y,Y,N,N,N,N,Y,N,N,N,N,N,N,N,Y,Y,N,N,Y,N,N,N,N,N
24c017dd0c61,F27,QUARANTINE,Q15A,QUARANTINE_BIO_FINAL_FLAG_Q15A,459af0d7d91c,0ff39de5a52e,q_code,Y,Y,Y,Y,N,Y,Y,Y,N,N,N,N,Y,N,N,N,N,N,N,N,Y,Y,N,Y,Y,N,N,N,N,N
0695ec60ea23,F27,QUARANTINE,Q15A,QUARANTINE_BIO_FINAL_FLAG_Q15A,459af0d7d91c,0ff39de5a52e,q_code,Y,Y,Y,Y,N,Y,Y,Y,N,N,N,N,Y,N,N,N,N,N,N,N,Y,Y,Y,N,Y,N,N,N,N,N
5f6d6754c9c5,F27,QUARANTINE,Q15A,QUARANTINE_BIO_FINAL_FLAG_Q15A,459af0d7d91c,0ff39de5a52e,q_code,Y,Y,Y,Y,N,Y,Y,Y,N,N,N,N,Y,N,N,N,N,N,N,N,Y,Y,Y,Y,Y,N,N,N,N,N
b82b3c495df2,F01,AUTO,,AUTO_F01_SMALL_MOLECULE,375dc3d886a9,44136fa355b3,,Y,Y,Y,Y,Y,Y,Y,Y,Y,N,N,N,N,N,N,N,N,N,N,N,N,N,N,N,N,N,N,N,N,N
8dcc8a6ba48c,F01,QUARANTINE,Q15B,QUARANTINE_LEGACY_FLAG_UNDOC_Q15B,459af0d7d91c,fc80a095c5ee,q_code,Y,Y,Y,Y,Y,Y,Y,Y,N,N,N,N,N,N,N,N,N,N,N,N,N,N,N,Y,N,N,N,N,N,N
62cba5bb252e,F01,REPAIR,,REPAIR_F01_CMTM,625092f45d69,3d9b119a827c,cmt_analyte_policy,Y,Y,Y,Y,Y,Y,Y,Y,Y,N,N,N,N,N,N,N,N,N,Y,N,N,Y,N,N,N,N,N,N,N,N
d5c2385e5ebc,F01,QUARANTINE,Q15B,QUARANTINE_LEGACY_FLAG_UNDOC_Q15B,459af0d7d91c,fc80a095c5ee,q_code,Y,Y,Y,Y,Y,Y,Y,Y,N,N,N,N,N,N,N,N,N,N,N,N,N,Y,N,Y,N,N,N,N,N,N
e79df709f6d7,F22,REPAIR,,REPAIR_F22_DDIVP,9778a409567c,3b6e37a453cb,"cmt_analyte_policy,dual_cmt_policy",Y,Y,Y,Y,Y,Y,Y,Y,Y,N,N,N,N,N,N,N,N,N,Y,N,N,Y,Y,N,N,N,N,N,N,N
558c1b1477a4,F22,QUARANTINE,Q15B,QUARANTINE_LEGACY_FLAG_UNDOC_Q15B,459af0d7d91c,fc80a095c5ee,q_code,Y,Y,Y,Y,Y,Y,Y,Y,N,N,N,N,N,N,N,N,N,N,N,N,N,Y,Y,Y,N,N,N,N,N,N
7287cf6e8dd2,F01,REPAIR,,REPAIR_F01_BLQ,f67c49c740b6,5598114a142c,blq_handling_policy,Y,Y,Y,Y,Y,Y,Y,Y,Y,N,N,N,N,Y,N,N,N,N,N,N,N,N,N,N,N,N,N,N,N,N
377076d94ba0,F01,QUARANTINE,Q15B,QUARANTINE_LEGACY_FLAG_UNDOC_Q15B,459af0d7d91c,fc80a095c5ee,q_code,Y,Y,Y,Y,Y,Y,Y,Y,N,N,N,N,N,N,N,N,N,N,N,N,N,N,N,Y,N,N,N,N,N,N
3146f17e9da8,F01,REPAIR,,REPAIR_F01_BLQ_CMTM,ad950bea7a00,b0d8a8150750,"blq_handling_policy,cmt_analyte_policy",Y,Y,Y,Y,Y,Y,Y,Y,Y,N,N,N,N,Y,N,N,N,N,Y,N,N,Y,N,N,N,N,N,N,N,N
96df48fdb74b,F01,QUARANTINE,Q15B,QUARANTINE_LEGACY_FLAG_UNDOC_Q15B,459af0d7d91c,fc80a095c5ee,q_code,Y,Y,Y,Y,Y,Y,Y,Y,N,N,N,N,N,N,N,N,N,N,N,N,N,Y,N,Y,N,N,N,N,N,N
8781ce1e69e8,F22,REPAIR,,REPAIR_F22_BLQ_DDIVP,f452000cd78c,1a93afeda678,"blq_handling_policy,cmt_analyte_policy,dual_cmt_policy",Y,Y,Y,Y,Y,Y,Y,Y,Y,N,N,N,N,Y,N,N,N,N,Y,N,N,Y,Y,N,N,N,N,N,N,N
12c6533d4dc7,F22,QUARANTINE,Q15B,QUARANTINE_LEGACY_FLAG_UNDOC_Q15B,459af0d7d91c,fc80a095c5ee,q_code,Y,Y,Y,Y,Y,Y,Y,Y,N,N,N,N,N,N,N,N,N,N,N,N,N,Y,Y,Y,N,N,N,N,N,N
417ef27f2baa,F01,QUARANTINE,Q15A,QUARANTINE_BIO_FINAL_FLAG_Q15A,459af0d7d91c,0ff39de5a52e,q_code,Y,Y,Y,Y,N,Y,Y,Y,N,N,N,N,N,N,N,N,N,N,N,N,Y,N,N,N,N,N,N,N,N,N
afec9ec5d3a9,F01,QUARANTINE,Q15A,QUARANTINE_BIO_FINAL_FLAG_Q15A,459af0d7d91c,0ff39de5a52e,q_code,Y,Y,Y,Y,N,Y,Y,Y,N,N,N,N,N,N,N,N,N,N,N,N,Y,N,N,Y,N,N,N,N,N,N
cdb527cfa29f,F01,QUARANTINE,Q15A,QUARANTINE_BIO_FINAL_FLAG_Q15A,459af0d7d91c,0ff39de5a52e,q_code,Y,Y,Y,Y,N,Y,Y,Y,N,N,N,N,N,N,N,N,N,N,N,N,Y,Y,N,N,N,N,N,N,N,N
a18acb6adfa5,F01,QUARANTINE,Q15A,QUARANTINE_BIO_FINAL_FLAG_Q15A,459af0d7d91c,0ff39de5a52e,q_code,Y,Y,Y,Y,N,Y,Y,Y,N,N,N,N,N,N,N,N,N,N,N,N,Y,Y,N,Y,N,N,N,N,N,N
a1fc5d7dd145,F22,QUARANTINE,Q15A,QUARANTINE_BIO_FINAL_FLAG_Q15A,459af0d7d91c,0ff39de5a52e,q_code,Y,Y,Y,Y,N,Y,Y,Y,N,N,N,N,N,N,N,N,N,N,N,N,Y,Y,Y,N,N,N,N,N,N,N
a7c622c193f6,F22,QUARANTINE,Q15A,QUARANTINE_BIO_FINAL_FLAG_Q15A,459af0d7d91c,0ff39de5a52e,q_code,Y,Y,Y,Y,N,Y,Y,Y,N,N,N,N,N,N,N,N,N,N,N,N,Y,Y,Y,Y,N,N,N,N,N,N
ec4a50776b94,F01,AUTO,,AUTO_F01_SMALL_MOLECULE,375dc3d886a9,44136fa355b3,,Y,Y,Y,Y,Y,Y,Y,Y,Y,N,N,N,N,N,N,N,N,N,N,N,N,N,N,N,Y,N,N,N,N,N
831ef9585180,F01,QUARANTINE,Q15B,QUARANTINE_ADDL_CONFLICT_Q15B,459af0d7d91c,fc80a095c5ee,q_code,Y,Y,Y,Y,Y,Y,Y,Y,N,N,N,N,N,N,N,N,N,N,N,N,N,N,N,Y,Y,N,N,N,N,N
5c365f902287,F01,REPAIR,,REPAIR_F01_CMTM,625092f45d69,3d9b119a827c,cmt_analyte_policy,Y,Y,Y,Y,Y,Y,Y,Y,Y,N,N,N,N,N,N,N,N,N,Y,N,N,Y,N,N,Y,N,N,N,N,N
a7b8f2a5749e,F01,QUARANTINE,Q15B,QUARANTINE_ADDL_CONFLICT_Q15B,459af0d7d91c,fc80a095c5ee,q_code,Y,Y,Y,Y,Y,Y,Y,Y,N,N,N,N,N,N,N,N,N,N,N,N,N,Y,N,Y,Y,N,N,N,N,N
a2a5c5a0efba,F22,REPAIR,,REPAIR_F22_DDIVP,9778a409567c,3b6e37a453cb,"cmt_analyte_policy,dual_cmt_policy",Y,Y,Y,Y,Y,Y,Y,Y,Y,N,N,N,N,N,N,N,N,N,Y,N,N,Y,Y,N,Y,N,N,N,N,N
f4c2c1be3f54,F22,QUARANTINE,Q15B,QUARANTINE_ADDL_CONFLICT_Q15B,459af0d7d91c,fc80a095c5ee,q_code,Y,Y,Y,Y,Y,Y,Y,Y,N,N,N,N,N,N,N,N,N,N,N,N,N,Y,Y,Y,Y,N,N,N,N,N
93a9f187db0b,F01,REPAIR,,REPAIR_F01_BLQ,f67c49c740b6,5598114a142c,blq_handling_policy,Y,Y,Y,Y,Y,Y,Y,Y,Y,N,N,N,N,Y,N,N,N,N,N,N,N,N,N,N,Y,N,N,N,N,N
890fdb90c50f,F01,QUARANTINE,Q15B,QUARANTINE_ADDL_CONFLICT_Q15B,459af0d7d91c,fc80a095c5ee,q_code,Y,Y,Y,Y,Y,Y,Y,Y,N,N,N,N,N,N,N,N,N,N,N,N,N,N,N,Y,Y,N,N,N,N,N
df53aad0aea0,F01,REPAIR,,REPAIR_F01_BLQ_CMTM,ad950bea7a00,b0d8a8150750,"blq_handling_policy,cmt_analyte_policy",Y,Y,Y,Y,Y,Y,Y,Y,Y,N,N,N,N,Y,N,N,N,N,Y,N,N,Y,N,N,Y,N,N,N,N,N
ee5d9ad891ad,F01,QUARANTINE,Q15B,QUARANTINE_ADDL_CONFLICT_Q15B,459af0d7d91c,fc80a095c5ee,q_code,Y,Y,Y,Y,Y,Y,Y,Y,N,N,N,N,N,N,N,N,N,N,N,N,N,Y,N,Y,Y,N,N,N,N,N
f9896dc2e9e7,F22,REPAIR,,REPAIR_F22_BLQ_DDIVP,f452000cd78c,1a93afeda678,"blq_handling_policy,cmt_analyte_policy,dual_cmt_policy",Y,Y,Y,Y,Y,Y,Y,Y,Y,N,N,N,N,Y,N,N,N,N,Y,N,N,Y,Y,N,Y,N,N,N,N,N
1bd363006904,F22,QUARANTINE,Q15B,QUARANTINE_ADDL_CONFLICT_Q15B,459af0d7d91c,fc80a095c5ee,q_code,Y,Y,Y,Y,Y,Y,Y,Y,N,N,N,N,N,N,N,N,N,N,N,N,N,Y,Y,Y,Y,N,N,N,N,N
e26e2199a95f,F01,QUARANTINE,Q15A,QUARANTINE_BIO_FINAL_FLAG_Q15A,459af0d7d91c,0ff39de5a52e,q_code,Y,Y,Y,Y,N,Y,Y,Y,N,N,N,N,N,N,N,N,N,N,N,N,Y,N,N,N,Y,N,N,N,N,N
b6c1e1cfb688,F01,QUARANTINE,Q15A,QUARANTINE_BIO_FINAL_FLAG_Q15A,459af0d7d91c,0ff39de5a52e,q_code,Y,Y,Y,Y,N,Y,Y,Y,N,N,N,N,N,N,N,N,N,N,N,N,Y,N,N,Y,Y,N,N,N,N,N
dfc4881eeb27,F01,QUARANTINE,Q15A,QUARANTINE_BIO_FINAL_FLAG_Q15A,459af0d7d91c,0ff39de5a52e,q_code,Y,Y,Y,Y,N,Y,Y,Y,N,N,N,N,N,N,N,N,N,N,N,N,Y,Y,N,N,Y,N,N,N,N,N
43822cac712a,F01,QUARANTINE,Q15A,QUARANTINE_BIO_FINAL_FLAG_Q15A,459af0d7d91c,0ff39de5a52e,q_code,Y,Y,Y,Y,N,Y,Y,Y,N,N,N,N,N,N,N,N,N,N,N,N,Y,Y,N,Y,Y,N,N,N,N,N
5fb91b3fa2d7,F22,QUARANTINE,Q15A,QUARANTINE_BIO_FINAL_FLAG_Q15A,459af0d7d91c,0ff39de5a52e,q_code,Y,Y,Y,Y,N,Y,Y,Y,N,N,N,N,N,N,N,N,N,N,N,N,Y,Y,Y,N,Y,N,N,N,N,N
65e6f33baa79,F22,QUARANTINE,Q15A,QUARANTINE_BIO_FINAL_FLAG_Q15A,459af0d7d91c,0ff39de5a52e,q_code,Y,Y,Y,Y,N,Y,Y,Y,N,N,N,N,N,N,N,N,N,N,N,N,Y,Y,Y,Y,Y,N,N,N,N,N
6a1260bcca05,F01,AUTO,,AUTO_F01_MAB,375dc3d886a9,44136fa355b3,,Y,Y,Y,Y,Y,Y,Y,Y,Y,N,N,N,N,N,N,N,N,N,N,N,N,N,N,N,N,N,N,N,N,N
0a8994c16910,F01,QUARANTINE,Q15B,QUARANTINE_LEGACY_FLAG_UNDOC_Q15B,459af0d7d91c,fc80a095c5ee,q_code,Y,Y,Y,Y,Y,Y,Y,Y,N,N,N,N,N,N,N,N,N,N,N,N,N,N,N,Y,N,N,N,N,N,N
7015e3dddf24,F01,REPAIR,,REPAIR_F01_CMTM,625092f45d69,3d9b119a827c,cmt_analyte_policy,Y,Y,Y,Y,Y,Y,Y,Y,Y,N,N,N,N,N,N,N,N,N,Y,N,N,Y,N,N,N,N,N,N,N,N
a268a83c345e,F01,QUARANTINE,Q15B,QUARANTINE_LEGACY_FLAG_UNDOC_Q15B,459af0d7d91c,fc80a095c5ee,q_code,Y,Y,Y,Y,Y,Y,Y,Y,N,N,N,N,N,N,N,N,N,N,N,N,N,Y,N,Y,N,N,N,N,N,N
127346d05e96,F22,REPAIR,,REPAIR_F22_DDIVP,9778a409567c,3b6e37a453cb,"cmt_analyte_policy,dual_cmt_policy",Y,Y,Y,Y,Y,Y,Y,Y,Y,N,N,N,N,N,N,N,N,N,Y,N,N,Y,Y,N,N,N,N,N,N,N
e7e1326fbf4a,F22,QUARANTINE,Q15B,QUARANTINE_LEGACY_FLAG_UNDOC_Q15B,459af0d7d91c,fc80a095c5ee,q_code,Y,Y,Y,Y,Y,Y,Y,Y,N,N,N,N,N,N,N,N,N,N,N,N,N,Y,Y,Y,N,N,N,N,N,N
964ede8f14fd,F01,REPAIR,,REPAIR_F01_BLQ,f67c49c740b6,5598114a142c,blq_handling_policy,Y,Y,Y,Y,Y,Y,Y,Y,Y,N,N,N,N,Y,N,N,N,N,N,N,N,N,N,N,N,N,N,N,N,N
a34b702f72b4,F01,QUARANTINE,Q15B,QUARANTINE_LEGACY_FLAG_UNDOC_Q15B,459af0d7d91c,fc80a095c5ee,q_code,Y,Y,Y,Y,Y,Y,Y,Y,N,N,N,N,N,N,N,N,N,N,N,N,N,N,N,Y,N,N,N,N,N,N
79d52d9c0178,F01,REPAIR,,REPAIR_F01_BLQ_CMTM,ad950bea7a00,b0d8a8150750,"blq_handling_policy,cmt_analyte_policy",Y,Y,Y,Y,Y,Y,Y,Y,Y,N,N,N,N,Y,N,N,N,N,Y,N,N,Y,N,N,N,N,N,N,N,N
51dffb7b15cf,F01,QUARANTINE,Q15B,QUARANTINE_LEGACY_FLAG_UNDOC_Q15B,459af0d7d91c,fc80a095c5ee,q_code,Y,Y,Y,Y,Y,Y,Y,Y,N,N,N,N,N,N,N,N,N,N,N,N,N,Y,N,Y,N,N,N,N,N,N
078232f68b4b,F22,REPAIR,,REPAIR_F22_BLQ_DDIVP,f452000cd78c,1a93afeda678,"blq_handling_policy,cmt_analyte_policy,dual_cmt_policy",Y,Y,Y,Y,Y,Y,Y,Y,Y,N,N,N,N,Y,N,N,N,N,Y,N,N,Y,Y,N,N,N,N,N,N,N
1409677d3022,F22,QUARANTINE,Q15B,QUARANTINE_LEGACY_FLAG_UNDOC_Q15B,459af0d7d91c,fc80a095c5ee,q_code,Y,Y,Y,Y,Y,Y,Y,Y,N,N,N,N,N,N,N,N,N,N,N,N,N,Y,Y,Y,N,N,N,N,N,N
e193e8a4ab62,F01,QUARANTINE,Q15A,QUARANTINE_BIO_FINAL_FLAG_Q15A,459af0d7d91c,0ff39de5a52e,q_code,Y,Y,Y,Y,N,Y,Y,Y,N,N,N,N,N,N,N,N,N,N,N,N,Y,N,N,N,N,N,N,N,N,N
e4611e73b1c4,F01,QUARANTINE,Q15A,QUARANTINE_BIO_FINAL_FLAG_Q15A,459af0d7d91c,0ff39de5a52e,q_code,Y,Y,Y,Y,N,Y,Y,Y,N,N,N,N,N,N,N,N,N,N,N,N,Y,N,N,Y,N,N,N,N,N,N
e1ba1a4ea8ce,F01,QUARANTINE,Q15A,QUARANTINE_BIO_FINAL_FLAG_Q15A,459af0d7d91c,0ff39de5a52e,q_code,Y,Y,Y,Y,N,Y,Y,Y,N,N,N,N,N,N,N,N,N,N,N,N,Y,Y,N,N,N,N,N,N,N,N
934a83afadae,F01,QUARANTINE,Q15A,QUARANTINE_BIO_FINAL_FLAG_Q15A,459af0d7d91c,0ff39de5a52e,q_code,Y,Y,Y,Y,N,Y,Y,Y,N,N,N,N,N,N,N,N,N,N,N,N,Y,Y,N,Y,N,N,N,N,N,N
8c7317318642,F22,QUARANTINE,Q15A,QUARANTINE_BIO_FINAL_FLAG_Q15A,459af0d7d91c,0ff39de5a52e,q_code,Y,Y,Y,Y,N,Y,Y,Y,N,N,N,N,N,N,N,N,N,N,N,N,Y,Y,Y,N,N,N,N,N,N,N
9811c376c79f,F22,QUARANTINE,Q15A,QUARANTINE_BIO_FINAL_FLAG_Q15A,459af0d7d91c,0ff39de5a52e,q_code,Y,Y,Y,Y,N,Y,Y,Y,N,N,N,N,N,N,N,N,N,N,N,N,Y,Y,Y,Y,N,N,N,N,N,N
0175485e8d8a,F01,AUTO,,AUTO_F01_MAB,375dc3d886a9,44136fa355b3,,Y,Y,Y,Y,Y,Y,Y,Y,Y,N,N,N,N,N,N,N,N,N,N,N,N,N,N,N,Y,N,N,N,N,N
ff90f3b1ed09,F01,QUARANTINE,Q15B,QUARANTINE_ADDL_CONFLICT_Q15B,459af0d7d91c,fc80a095c5ee,q_code,Y,Y,Y,Y,Y,Y,Y,Y,N,N,N,N,N,N,N,N,N,N,N,N,N,N,N,Y,Y,N,N,N,N,N
b2e6f2df4727,F01,REPAIR,,REPAIR_F01_CMTM,625092f45d69,3d9b119a827c,cmt_analyte_policy,Y,Y,Y,Y,Y,Y,Y,Y,Y,N,N,N,N,N,N,N,N,N,Y,N,N,Y,N,N,Y,N,N,N,N,N
845ed93c32ad,F01,QUARANTINE,Q15B,QUARANTINE_ADDL_CONFLICT_Q15B,459af0d7d91c,fc80a095c5ee,q_code,Y,Y,Y,Y,Y,Y,Y,Y,N,N,N,N,N,N,N,N,N,N,N,N,N,Y,N,Y,Y,N,N,N,N,N
bfe237512a01,F22,REPAIR,,REPAIR_F22_DDIVP,9778a409567c,3b6e37a453cb,"cmt_analyte_policy,dual_cmt_policy",Y,Y,Y,Y,Y,Y,Y,Y,Y,N,N,N,N,N,N,N,N,N,Y,N,N,Y,Y,N,Y,N,N,N,N,N
8cda0a233720,F22,QUARANTINE,Q15B,QUARANTINE_ADDL_CONFLICT_Q15B,459af0d7d91c,fc80a095c5ee,q_code,Y,Y,Y,Y,Y,Y,Y,Y,N,N,N,N,N,N,N,N,N,N,N,N,N,Y,Y,Y,Y,N,N,N,N,N
70c0941b7508,F01,REPAIR,,REPAIR_F01_BLQ,f67c49c740b6,5598114a142c,blq_handling_policy,Y,Y,Y,Y,Y,Y,Y,Y,Y,N,N,N,N,Y,N,N,N,N,N,N,N,N,N,N,Y,N,N,N,N,N
6b6f1a73583a,F01,QUARANTINE,Q15B,QUARANTINE_ADDL_CONFLICT_Q15B,459af0d7d91c,fc80a095c5ee,q_code,Y,Y,Y,Y,Y,Y,Y,Y,N,N,N,N,N,N,N,N,N,N,N,N,N,N,N,Y,Y,N,N,N,N,N
867aaf6b7074,F01,REPAIR,,REPAIR_F01_BLQ_CMTM,ad950bea7a00,b0d8a8150750,"blq_handling_policy,cmt_analyte_policy",Y,Y,Y,Y,Y,Y,Y,Y,Y,N,N,N,N,Y,N,N,N,N,Y,N,N,Y,N,N,Y,N,N,N,N,N
d1cdf41c7ece,F01,QUARANTINE,Q15B,QUARANTINE_ADDL_CONFLICT_Q15B,459af0d7d91c,fc80a095c5ee,q_code,Y,Y,Y,Y,Y,Y,Y,Y,N,N,N,N,N,N,N,N,N,N,N,N,N,Y,N,Y,Y,N,N,N,N,N
a3f601bf6e27,F22,REPAIR,,REPAIR_F22_BLQ_DDIVP,f452000cd78c,1a93afeda678,"blq_handling_policy,cmt_analyte_policy,dual_cmt_policy",Y,Y,Y,Y,Y,Y,Y,Y,Y,N,N,N,N,Y,N,N,N,N,Y,N,N,Y,Y,N,Y,N,N,N,N,N
694d610a792f,F22,QUARANTINE,Q15B,QUARANTINE_ADDL_CONFLICT_Q15B,459af0d7d91c,fc80a095c5ee,q_code,Y,Y,Y,Y,Y,Y,Y,Y,N,N,N,N,N,N,N,N,N,N,N,N,N,Y,Y,Y,Y,N,N,N,N,N
d1ffbb0f796c,F01,QUARANTINE,Q15A,QUARANTINE_BIO_FINAL_FLAG_Q15A,459af0d7d91c,0ff39de5a52e,q_code,Y,Y,Y,Y,N,Y,Y,Y,N,N,N,N,N,N,N,N,N,N,N,N,Y,N,N,N,Y,N,N,N,N,N
4085767654e2,F01,QUARANTINE,Q15A,QUARANTINE_BIO_FINAL_FLAG_Q15A,459af0d7d91c,0ff39de5a52e,q_code,Y,Y,Y,Y,N,Y,Y,Y,N,N,N,N,N,N,N,N,N,N,N,N,Y,N,N,Y,Y,N,N,N,N,N
533fa58b8e20,F01,QUARANTINE,Q15A,QUARANTINE_BIO_FINAL_FLAG_Q15A,459af0d7d91c,0ff39de5a52e,q_code,Y,Y,Y,Y,N,Y,Y,Y,N,N,N,N,N,N,N,N,N,N,N,N,Y,Y,N,N,Y,N,N,N,N,N
715dde12277d,F01,QUARANTINE,Q15A,QUARANTINE_BIO_FINAL_FLAG_Q15A,459af0d7d91c,0ff39de5a52e,q_code,Y,Y,Y,Y,N,Y,Y,Y,N,N,N,N,N,N,N,N,N,N,N,N,Y,Y,N,Y,Y,N,N,N,N,N
b8e5e7717987,F22,QUARANTINE,Q15A,QUARANTINE_BIO_FINAL_FLAG_Q15A,459af0d7d91c,0ff39de5a52e,q_code,Y,Y,Y,Y,N,Y,Y,Y,N,N,N,N,N,N,N,N,N,N,N,N,Y,Y,Y,N,Y,N,N,N,N,N
d3a83b8a8bb3,F22,QUARANTINE,Q15A,QUARANTINE_BIO_FINAL_FLAG_Q15A,459af0d7d91c,0ff39de5a52e,q_code,Y,Y,Y,Y,N,Y,Y,Y,N,N,N,N,N,N,N,N,N,N,N,N,Y,Y,Y,Y,Y,N,N,N,N,N
3dffe9f8980b,F01,AUTO,,AUTO_F01_ADC,375dc3d886a9,44136fa355b3,,Y,Y,Y,Y,Y,Y,Y,Y,Y,N,N,N,Y,N,N,N,N,N,N,N,N,N,N,N,N,Y,N,N,N,N
46ed6c81c9e4,F01,QUARANTINE,Q15B,QUARANTINE_LEGACY_FLAG_UNDOC_Q15B,459af0d7d91c,fc80a095c5ee,q_code,Y,Y,Y,Y,Y,Y,Y,Y,N,N,N,N,Y,N,N,N,N,N,N,N,N,N,N,Y,N,Y,N,N,N,N
eb691419f8e6,F24,REPAIR,,REPAIR_F24_CMTROLE,067eec0a7a08,835c27d30e59,"analyte_role_declaration,cmt_analyte_policy",Y,Y,Y,Y,Y,Y,Y,Y,Y,N,N,N,Y,N,N,N,N,N,Y,N,N,Y,N,N,N,Y,Y,N,N,N
a662996989ce,F24,QUARANTINE,Q16,QUARANTINE_ANALYTE_ROLE_MISSING_Q16,459af0d7d91c,9d9b4b667195,q_code,Y,Y,Y,Y,N,Y,Y,Y,N,N,N,N,Y,N,N,N,N,N,N,N,N,Y,N,N,N,Y,N,N,N,N
2bf4961bf38b,F24,QUARANTINE,Q15B,QUARANTINE_LEGACY_FLAG_UNDOC_Q15B,459af0d7d91c,fc80a095c5ee,q_code,Y,Y,Y,Y,Y,Y,Y,Y,N,N,N,N,Y,N,N,N,N,N,N,N,N,Y,N,Y,N,Y,N,N,N,N
75a3f0d868a1,F24,QUARANTINE,Q16,QUARANTINE_ANALYTE_ROLE_MISSING_Q16,459af0d7d91c,9d9b4b667195,q_code,Y,Y,Y,Y,N,Y,Y,Y,N,N,N,N,Y,N,N,N,N,N,N,N,N,Y,N,Y,N,Y,N,N,N,N
eb80a03b96c5,F22,REPAIR,,REPAIR_F22_DDIVP,9778a409567c,3b6e37a453cb,"cmt_analyte_policy,dual_cmt_policy",Y,Y,Y,Y,Y,Y,Y,Y,Y,N,N,N,Y,N,N,N,N,N,Y,N,N,Y,Y,N,N,Y,N,N,N,N
46d5587af054,F22,QUARANTINE,Q16,QUARANTINE_ANALYTE_ROLE_MISSING_Q16,459af0d7d91c,9d9b4b667195,q_code,Y,Y,Y,Y,N,Y,Y,Y,N,N,N,N,Y,N,N,N,N,N,N,N,N,Y,Y,N,N,Y,N,N,N,N
e72aeaebc59d,F22,QUARANTINE,Q15B,QUARANTINE_LEGACY_FLAG_UNDOC_Q15B,459af0d7d91c,fc80a095c5ee,q_code,Y,Y,Y,Y,Y,Y,Y,Y,N,N,N,N,Y,N,N,N,N,N,N,N,N,Y,Y,Y,N,Y,N,N,N,N
d5890b1e7dbb,F22,QUARANTINE,Q16,QUARANTINE_ANALYTE_ROLE_MISSING_Q16,459af0d7d91c,9d9b4b667195,q_code,Y,Y,Y,Y,N,Y,Y,Y,N,N,N,N,Y,N,N,N,N,N,N,N,N,Y,Y,Y,N,Y,N,N,N,N
3613e3f1726b,F01,REPAIR,,REPAIR_F01_BLQ,f67c49c740b6,5598114a142c,blq_handling_policy,Y,Y,Y,Y,Y,Y,Y,Y,Y,N,N,N,Y,Y,N,N,N,N,N,N,N,N,N,N,N,Y,N,N,N,N
5e0997a17abc,F01,QUARANTINE,Q15B,QUARANTINE_LEGACY_FLAG_UNDOC_Q15B,459af0d7d91c,fc80a095c5ee,q_code,Y,Y,Y,Y,Y,Y,Y,Y,N,N,N,N,Y,N,N,N,N,N,N,N,N,N,N,Y,N,Y,N,N,N,N
b22d6af3e971,F24,REPAIR,,REPAIR_F24_BLQ_CMTROLE,b0a07c38e805,0fb8c6d4335c,"analyte_role_declaration,blq_handling_policy,cmt_analyte_policy",Y,Y,Y,Y,Y,Y,Y,Y,Y,N,N,N,Y,Y,N,N,N,N,Y,N,N,Y,N,N,N,Y,Y,N,N,N
ca9abc86eef3,F24,QUARANTINE,Q16,QUARANTINE_ANALYTE_ROLE_MISSING_Q16,459af0d7d91c,9d9b4b667195,q_code,Y,Y,Y,Y,N,Y,Y,Y,N,N,N,N,Y,N,N,N,N,N,N,N,N,Y,N,N,N,Y,N,N,N,N
5c81d72ff3b4,F24,QUARANTINE,Q15B,QUARANTINE_LEGACY_FLAG_UNDOC_Q15B,459af0d7d91c,fc80a095c5ee,q_code,Y,Y,Y,Y,Y,Y,Y,Y,N,N,N,N,Y,N,N,N,N,N,N,N,N,Y,N,Y,N,Y,N,N,N,N
9623dce8da6e,F24,QUARANTINE,Q16,QUARANTINE_ANALYTE_ROLE_MISSING_Q16,459af0d7d91c,9d9b4b667195,q_code,Y,Y,Y,Y,N,Y,Y,Y,N,N,N,N,Y,N,N,N,N,N,N,N,N,Y,N,Y,N,Y,N,N,N,N
6f982013e20b,F22,REPAIR,,REPAIR_F22_BLQ_DDIVP,f452000cd78c,1a93afeda678,"blq_handling_policy,cmt_analyte_policy,dual_cmt_policy",Y,Y,Y,Y,Y,Y,Y,Y,Y,N,N,N,Y,Y,N,N,N,N,Y,N,N,Y,Y,N,N,Y,N,N,N,N
95f79ded0b31,F22,QUARANTINE,Q16,QUARANTINE_ANALYTE_ROLE_MISSING_Q16,459af0d7d91c,9d9b4b667195,q_code,Y,Y,Y,Y,N,Y,Y,Y,N,N,N,N,Y,N,N,N,N,N,N,N,N,Y,Y,N,N,Y,N,N,N,N
0eeffefa0b48,F22,QUARANTINE,Q15B,QUARANTINE_LEGACY_FLAG_UNDOC_Q15B,459af0d7d91c,fc80a095c5ee,q_code,Y,Y,Y,Y,Y,Y,Y,Y,N,N,N,N,Y,N,N,N,N,N,N,N,N,Y,Y,Y,N,Y,N,N,N,N
02778675c2bd,F22,QUARANTINE,Q16,QUARANTINE_ANALYTE_ROLE_MISSING_Q16,459af0d7d91c,9d9b4b667195,q_code,Y,Y,Y,Y,N,Y,Y,Y,N,N,N,N,Y,N,N,N,N,N,N,N,N,Y,Y,Y,N,Y,N,N,N,N
6b05a7318cc2,F01,QUARANTINE,Q15A,QUARANTINE_BIO_FINAL_FLAG_Q15A,459af0d7d91c,0ff39de5a52e,q_code,Y,Y,Y,Y,N,Y,Y,Y,N,N,N,N,Y,N,N,N,N,N,N,N,Y,N,N,N,N,Y,N,N,N,N
2d361113e965,F01,QUARANTINE,Q15A,QUARANTINE_BIO_FINAL_FLAG_Q15A,459af0d7d91c,0ff39de5a52e,q_code,Y,Y,Y,Y,N,Y,Y,Y,N,N,N,N,Y,N,N,N,N,N,N,N,Y,N,N,Y,N,Y,N,N,N,N
33bd8ee1cc3b,F24,QUARANTINE,Q15A,QUARANTINE_BIO_FINAL_FLAG_Q15A,459af0d7d91c,0ff39de5a52e,q_code,Y,Y,Y,Y,N,Y,Y,Y,N,N,N,N,Y,N,N,N,N,N,N,N,Y,Y,N,N,N,Y,N,N,N,N
21612b4331b2,F24,QUARANTINE,Q15A,QUARANTINE_BIO_FINAL_FLAG_Q15A,459af0d7d91c,0ff39de5a52e,q_code,Y,Y,Y,Y,N,Y,Y,Y,N,N,N,N,Y,N,N,N,N,N,N,N,Y,Y,N,N,N,Y,N,N,N,N
3a07aab4516f,F24,QUARANTINE,Q15A,QUARANTINE_BIO_FINAL_FLAG_Q15A,459af0d7d91c,0ff39de5a52e,q_code,Y,Y,Y,Y,N,Y,Y,Y,N,N,N,N,Y,N,N,N,N,N,N,N,Y,Y,N,Y,N,Y,N,N,N,N
5a508e986001,F24,QUARANTINE,Q15A,QUARANTINE_BIO_FINAL_FLAG_Q15A,459af0d7d91c,0ff39de5a52e,q_code,Y,Y,Y,Y,N,Y,Y,Y,N,N,N,N,Y,N,N,N,N,N,N,N,Y,Y,N,Y,N,Y,N,N,N,N
8e29d42c888b,F22,QUARANTINE,Q15A,QUARANTINE_BIO_FINAL_FLAG_Q15A,459af0d7d91c,0ff39de5a52e,q_code,Y,Y,Y,Y,N,Y,Y,Y,N,N,N,N,Y,N,N,N,N,N,N,N,Y,Y,Y,N,N,Y,N,N,N,N
1d848b038fe6,F22,QUARANTINE,Q15A,QUARANTINE_BIO_FINAL_FLAG_Q15A,459af0d7d91c,0ff39de5a52e,q_code,Y,Y,Y,Y,N,Y,Y,Y,N,N,N,N,Y,N,N,N,N,N,N,N,Y,Y,Y,N,N,Y,N,N,N,N
9484ff78211c,F22,QUARANTINE,Q15A,QUARANTINE_BIO_FINAL_FLAG_Q15A,459af0d7d91c,0ff39de5a52e,q_code,Y,Y,Y,Y,N,Y,Y,Y,N,N,N,N,Y,N,N,N,N,N,N,N,Y,Y,Y,Y,N,Y,N,N,N,N
233e799f487a,F22,QUARANTINE,Q15A,QUARANTINE_BIO_FINAL_FLAG_Q15A,459af0d7d91c,0ff39de5a52e,q_code,Y,Y,Y,Y,N,Y,Y,Y,N,N,N,N,Y,N,N,N,N,N,N,N,Y,Y,Y,Y,N,Y,N,N,N,N
aade198d7ae0,F01,AUTO,,AUTO_F01_ADC,375dc3d886a9,44136fa355b3,,Y,Y,Y,Y,Y,Y,Y,Y,Y,N,N,N,Y,N,N,N,N,N,N,N,N,N,N,N,Y,Y,N,N,N,N
3d51fb7dd492,F01,QUARANTINE,Q15B,QUARANTINE_ADDL_CONFLICT_Q15B,459af0d7d91c,fc80a095c5ee,q_code,Y,Y,Y,Y,Y,Y,Y,Y,N,N,N,N,Y,N,N,N,N,N,N,N,N,N,N,Y,Y,Y,N,N,N,N
d38756810747,F24,REPAIR,,REPAIR_F24_CMTROLE,067eec0a7a08,835c27d30e59,"analyte_role_declaration,cmt_analyte_policy",Y,Y,Y,Y,Y,Y,Y,Y,Y,N,N,N,Y,N,N,N,N,N,Y,N,N,Y,N,N,Y,Y,Y,N,N,N
639cf1d32154,F24,QUARANTINE,Q16,QUARANTINE_ADDL_CONFLICT_Q16,459af0d7d91c,9d9b4b667195,q_code,Y,Y,Y,Y,N,Y,Y,Y,N,N,N,N,Y,N,N,N,N,N,N,N,N,Y,N,N,Y,Y,N,N,N,N
0ff054db4483,F24,QUARANTINE,Q15B,QUARANTINE_ADDL_CONFLICT_Q15B,459af0d7d91c,fc80a095c5ee,q_code,Y,Y,Y,Y,Y,Y,Y,Y,N,N,N,N,Y,N,N,N,N,N,N,N,N,Y,N,Y,Y,Y,N,N,N,N
8d0a21552ec4,F24,QUARANTINE,Q16,QUARANTINE_ADDL_CONFLICT_Q16,459af0d7d91c,9d9b4b667195,q_code,Y,Y,Y,Y,N,Y,Y,Y,N,N,N,N,Y,N,N,N,N,N,N,N,N,Y,N,Y,Y,Y,N,N,N,N
a47e3479e248,F22,REPAIR,,REPAIR_F22_DDIVP,9778a409567c,3b6e37a453cb,"cmt_analyte_policy,dual_cmt_policy",Y,Y,Y,Y,Y,Y,Y,Y,Y,N,N,N,Y,N,N,N,N,N,Y,N,N,Y,Y,N,Y,Y,N,N,N,N
b0475411d711,F22,QUARANTINE,Q16,QUARANTINE_ADDL_CONFLICT_Q16,459af0d7d91c,9d9b4b667195,q_code,Y,Y,Y,Y,N,Y,Y,Y,N,N,N,N,Y,N,N,N,N,N,N,N,N,Y,Y,N,Y,Y,N,N,N,N
58a0e3587cd8,F22,QUARANTINE,Q15B,QUARANTINE_ADDL_CONFLICT_Q15B,459af0d7d91c,fc80a095c5ee,q_code,Y,Y,Y,Y,Y,Y,Y,Y,N,N,N,N,Y,N,N,N,N,N,N,N,N,Y,Y,Y,Y,Y,N,N,N,N
483db4971922,F22,QUARANTINE,Q16,QUARANTINE_ADDL_CONFLICT_Q16,459af0d7d91c,9d9b4b667195,q_code,Y,Y,Y,Y,N,Y,Y,Y,N,N,N,N,Y,N,N,N,N,N,N,N,N,Y,Y,Y,Y,Y,N,N,N,N
4e1627b019b0,F01,REPAIR,,REPAIR_F01_BLQ,f67c49c740b6,5598114a142c,blq_handling_policy,Y,Y,Y,Y,Y,Y,Y,Y,Y,N,N,N,Y,Y,N,N,N,N,N,N,N,N,N,N,Y,Y,N,N,N,N
02545e1b2d3b,F01,QUARANTINE,Q15B,QUARANTINE_ADDL_CONFLICT_Q15B,459af0d7d91c,fc80a095c5ee,q_code,Y,Y,Y,Y,Y,Y,Y,Y,N,N,N,N,Y,N,N,N,N,N,N,N,N,N,N,Y,Y,Y,N,N,N,N
cd4113157161,F24,REPAIR,,REPAIR_F24_BLQ_CMTROLE,b0a07c38e805,0fb8c6d4335c,"analyte_role_declaration,blq_handling_policy,cmt_analyte_policy",Y,Y,Y,Y,Y,Y,Y,Y,Y,N,N,N,Y,Y,N,N,N,N,Y,N,N,Y,N,N,Y,Y,Y,N,N,N
63a2a441a600,F24,QUARANTINE,Q16,QUARANTINE_ADDL_CONFLICT_Q16,459af0d7d91c,9d9b4b667195,q_code,Y,Y,Y,Y,N,Y,Y,Y,N,N,N,N,Y,N,N,N,N,N,N,N,N,Y,N,N,Y,Y,N,N,N,N
41f358929403,F24,QUARANTINE,Q15B,QUARANTINE_ADDL_CONFLICT_Q15B,459af0d7d91c,fc80a095c5ee,q_code,Y,Y,Y,Y,Y,Y,Y,Y,N,N,N,N,Y,N,N,N,N,N,N,N,N,Y,N,Y,Y,Y,N,N,N,N
9c200260ac15,F24,QUARANTINE,Q16,QUARANTINE_ADDL_CONFLICT_Q16,459af0d7d91c,9d9b4b667195,q_code,Y,Y,Y,Y,N,Y,Y,Y,N,N,N,N,Y,N,N,N,N,N,N,N,N,Y,N,Y,Y,Y,N,N,N,N
998ef074347c,F22,REPAIR,,REPAIR_F22_BLQ_DDIVP,f452000cd78c,1a93afeda678,"blq_handling_policy,cmt_analyte_policy,dual_cmt_policy",Y,Y,Y,Y,Y,Y,Y,Y,Y,N,N,N,Y,Y,N,N,N,N,Y,N,N,Y,Y,N,Y,Y,N,N,N,N
3515a3020e44,F22,QUARANTINE,Q16,QUARANTINE_ADDL_CONFLICT_Q16,459af0d7d91c,9d9b4b667195,q_code,Y,Y,Y,Y,N,Y,Y,Y,N,N,N,N,Y,N,N,N,N,N,N,N,N,Y,Y,N,Y,Y,N,N,N,N
b6c3a7498ea6,F22,QUARANTINE,Q15B,QUARANTINE_ADDL_CONFLICT_Q15B,459af0d7d91c,fc80a095c5ee,q_code,Y,Y,Y,Y,Y,Y,Y,Y,N,N,N,N,Y,N,N,N,N,N,N,N,N,Y,Y,Y,Y,Y,N,N,N,N
8ecf28b010df,F22,QUARANTINE,Q16,QUARANTINE_ADDL_CONFLICT_Q16,459af0d7d91c,9d9b4b667195,q_code,Y,Y,Y,Y,N,Y,Y,Y,N,N,N,N,Y,N,N,N,N,N,N,N,N,Y,Y,Y,Y,Y,N,N,N,N
021320725f99,F01,QUARANTINE,Q15A,QUARANTINE_BIO_FINAL_FLAG_Q15A,459af0d7d91c,0ff39de5a52e,q_code,Y,Y,Y,Y,N,Y,Y,Y,N,N,N,N,Y,N,N,N,N,N,N,N,Y,N,N,N,Y,Y,N,N,N,N
08749dd96a31,F01,QUARANTINE,Q15A,QUARANTINE_BIO_FINAL_FLAG_Q15A,459af0d7d91c,0ff39de5a52e,q_code,Y,Y,Y,Y,N,Y,Y,Y,N,N,N,N,Y,N,N,N,N,N,N,N,Y,N,N,Y,Y,Y,N,N,N,N
7a7b007c8450,F24,QUARANTINE,Q15A,QUARANTINE_BIO_FINAL_FLAG_Q15A,459af0d7d91c,0ff39de5a52e,q_code,Y,Y,Y,Y,N,Y,Y,Y,N,N,N,N,Y,N,N,N,N,N,N,N,Y,Y,N,N,Y,Y,N,N,N,N
803cb01c8172,F24,QUARANTINE,Q15A,QUARANTINE_BIO_FINAL_FLAG_Q15A,459af0d7d91c,0ff39de5a52e,q_code,Y,Y,Y,Y,N,Y,Y,Y,N,N,N,N,Y,N,N,N,N,N,N,N,Y,Y,N,N,Y,Y,N,N,N,N
b1c42a794787,F24,QUARANTINE,Q15A,QUARANTINE_BIO_FINAL_FLAG_Q15A,459af0d7d91c,0ff39de5a52e,q_code,Y,Y,Y,Y,N,Y,Y,Y,N,N,N,N,Y,N,N,N,N,N,N,N,Y,Y,N,Y,Y,Y,N,N,N,N
d9bd6b2745ee,F24,QUARANTINE,Q15A,QUARANTINE_BIO_FINAL_FLAG_Q15A,459af0d7d91c,0ff39de5a52e,q_code,Y,Y,Y,Y,N,Y,Y,Y,N,N,N,N,Y,N,N,N,N,N,N,N,Y,Y,N,Y,Y,Y,N,N,N,N
d4315fd54353,F22,QUARANTINE,Q15A,QUARANTINE_BIO_FINAL_FLAG_Q15A,459af0d7d91c,0ff39de5a52e,q_code,Y,Y,Y,Y,N,Y,Y,Y,N,N,N,N,Y,N,N,N,N,N,N,N,Y,Y,Y,N,Y,Y,N,N,N,N
feae644a840b,F22,QUARANTINE,Q15A,QUARANTINE_BIO_FINAL_FLAG_Q15A,459af0d7d91c,0ff39de5a52e,q_code,Y,Y,Y,Y,N,Y,Y,Y,N,N,N,N,Y,N,N,N,N,N,N,N,Y,Y,Y,N,Y,Y,N,N,N,N
ab8c3b6af074,F22,QUARANTINE,Q15A,QUARANTINE_BIO_FINAL_FLAG_Q15A,459af0d7d91c,0ff39de5a52e,q_code,Y,Y,Y,Y,N,Y,Y,Y,N,N,N,N,Y,N,N,N,N,N,N,N,Y,Y,Y,Y,Y,Y,N,N,N,N
5b2f51affb83,F22,QUARANTINE,Q15A,QUARANTINE_BIO_FINAL_FLAG_Q15A,459af0d7d91c,0ff39de5a52e,q_code,Y,Y,Y,Y,N,Y,Y,Y,N,N,N,N,Y,N,N,N,N,N,N,N,Y,Y,Y,Y,Y,Y,N,N,N,N
42bbf963ba23,F01,AUTO,,AUTO_F01_BISPECIFIC,375dc3d886a9,44136fa355b3,,Y,Y,Y,Y,Y,Y,Y,Y,Y,N,N,N,Y,N,N,N,N,N,N,N,N,N,N,N,N,Y,N,N,N,N
e7a4786c6eac,F01,QUARANTINE,Q15B,QUARANTINE_LEGACY_FLAG_UNDOC_Q15B,459af0d7d91c,fc80a095c5ee,q_code,Y,Y,Y,Y,Y,Y,Y,Y,N,N,N,N,Y,N,N,N,N,N,N,N,N,N,N,Y,N,Y,N,N,N,N
e9467854b54a,F25,REPAIR,,REPAIR_F25_CMTROLE,067eec0a7a08,ea8fdc70131d,"analyte_role_declaration,cmt_analyte_policy",Y,Y,Y,Y,Y,Y,Y,Y,Y,N,N,N,Y,N,N,N,N,N,Y,N,N,Y,N,N,N,Y,Y,N,N,N
3cdec2d48f2e,F25,QUARANTINE,Q16,QUARANTINE_ANALYTE_ROLE_MISSING_Q16,459af0d7d91c,9d9b4b667195,q_code,Y,Y,Y,Y,N,Y,Y,Y,N,N,N,N,Y,N,N,N,N,N,N,N,N,Y,N,N,N,Y,N,N,N,N
6823c5b64cda,F25,QUARANTINE,Q15B,QUARANTINE_LEGACY_FLAG_UNDOC_Q15B,459af0d7d91c,fc80a095c5ee,q_code,Y,Y,Y,Y,Y,Y,Y,Y,N,N,N,N,Y,N,N,N,N,N,N,N,N,Y,N,Y,N,Y,N,N,N,N
5769b352bd4c,F25,QUARANTINE,Q16,QUARANTINE_ANALYTE_ROLE_MISSING_Q16,459af0d7d91c,9d9b4b667195,q_code,Y,Y,Y,Y,N,Y,Y,Y,N,N,N,N,Y,N,N,N,N,N,N,N,N,Y,N,Y,N,Y,N,N,N,N
c7285c42f57b,F22,REPAIR,,REPAIR_F22_DDIVP,9778a409567c,3b6e37a453cb,"cmt_analyte_policy,dual_cmt_policy",Y,Y,Y,Y,Y,Y,Y,Y,Y,N,N,N,Y,N,N,N,N,N,Y,N,N,Y,Y,N,N,Y,N,N,N,N
7920f4256745,F22,QUARANTINE,Q16,QUARANTINE_ANALYTE_ROLE_MISSING_Q16,459af0d7d91c,9d9b4b667195,q_code,Y,Y,Y,Y,N,Y,Y,Y,N,N,N,N,Y,N,N,N,N,N,N,N,N,Y,Y,N,N,Y,N,N,N,N
da32751db8df,F22,QUARANTINE,Q15B,QUARANTINE_LEGACY_FLAG_UNDOC_Q15B,459af0d7d91c,fc80a095c5ee,q_code,Y,Y,Y,Y,Y,Y,Y,Y,N,N,N,N,Y,N,N,N,N,N,N,N,N,Y,Y,Y,N,Y,N,N,N,N
f2e5188226b7,F22,QUARANTINE,Q16,QUARANTINE_ANALYTE_ROLE_MISSING_Q16,459af0d7d91c,9d9b4b667195,q_code,Y,Y,Y,Y,N,Y,Y,Y,N,N,N,N,Y,N,N,N,N,N,N,N,N,Y,Y,Y,N,Y,N,N,N,N
72787147fe12,F01,REPAIR,,REPAIR_F01_BLQ,f67c49c740b6,5598114a142c,blq_handling_policy,Y,Y,Y,Y,Y,Y,Y,Y,Y,N,N,N,Y,Y,N,N,N,N,N,N,N,N,N,N,N,Y,N,N,N,N
23ff5f36fe4f,F01,QUARANTINE,Q15B,QUARANTINE_LEGACY_FLAG_UNDOC_Q15B,459af0d7d91c,fc80a095c5ee,q_code,Y,Y,Y,Y,Y,Y,Y,Y,N,N,N,N,Y,N,N,N,N,N,N,N,N,N,N,Y,N,Y,N,N,N,N
4920c42723be,F25,REPAIR,,REPAIR_F25_BLQ_CMTROLE,b0a07c38e805,4bdf45aaf340,"analyte_role_declaration,blq_handling_policy,cmt_analyte_policy",Y,Y,Y,Y,Y,Y,Y,Y,Y,N,N,N,Y,Y,N,N,N,N,Y,N,N,Y,N,N,N,Y,Y,N,N,N
dd7cc6e49fdd,F25,QUARANTINE,Q16,QUARANTINE_ANALYTE_ROLE_MISSING_Q16,459af0d7d91c,9d9b4b667195,q_code,Y,Y,Y,Y,N,Y,Y,Y,N,N,N,N,Y,N,N,N,N,N,N,N,N,Y,N,N,N,Y,N,N,N,N
f7a907632551,F25,QUARANTINE,Q15B,QUARANTINE_LEGACY_FLAG_UNDOC_Q15B,459af0d7d91c,fc80a095c5ee,q_code,Y,Y,Y,Y,Y,Y,Y,Y,N,N,N,N,Y,N,N,N,N,N,N,N,N,Y,N,Y,N,Y,N,N,N,N
ee31aec9a7f4,F25,QUARANTINE,Q16,QUARANTINE_ANALYTE_ROLE_MISSING_Q16,459af0d7d91c,9d9b4b667195,q_code,Y,Y,Y,Y,N,Y,Y,Y,N,N,N,N,Y,N,N,N,N,N,N,N,N,Y,N,Y,N,Y,N,N,N,N
8188838567d3,F22,REPAIR,,REPAIR_F22_BLQ_DDIVP,f452000cd78c,1a93afeda678,"blq_handling_policy,cmt_analyte_policy,dual_cmt_policy",Y,Y,Y,Y,Y,Y,Y,Y,Y,N,N,N,Y,Y,N,N,N,N,Y,N,N,Y,Y,N,N,Y,N,N,N,N
05a85c9e4650,F22,QUARANTINE,Q16,QUARANTINE_ANALYTE_ROLE_MISSING_Q16,459af0d7d91c,9d9b4b667195,q_code,Y,Y,Y,Y,N,Y,Y,Y,N,N,N,N,Y,N,N,N,N,N,N,N,N,Y,Y,N,N,Y,N,N,N,N
f7531a97a83c,F22,QUARANTINE,Q15B,QUARANTINE_LEGACY_FLAG_UNDOC_Q15B,459af0d7d91c,fc80a095c5ee,q_code,Y,Y,Y,Y,Y,Y,Y,Y,N,N,N,N,Y,N,N,N,N,N,N,N,N,Y,Y,Y,N,Y,N,N,N,N
1b7289ddd4cf,F22,QUARANTINE,Q16,QUARANTINE_ANALYTE_ROLE_MISSING_Q16,459af0d7d91c,9d9b4b667195,q_code,Y,Y,Y,Y,N,Y,Y,Y,N,N,N,N,Y,N,N,N,N,N,N,N,N,Y,Y,Y,N,Y,N,N,N,N
f326b59d6654,F01,QUARANTINE,Q15A,QUARANTINE_BIO_FINAL_FLAG_Q15A,459af0d7d91c,0ff39de5a52e,q_code,Y,Y,Y,Y,N,Y,Y,Y,N,N,N,N,Y,N,N,N,N,N,N,N,Y,N,N,N,N,Y,N,N,N,N
94c9f28ee9d0,F01,QUARANTINE,Q15A,QUARANTINE_BIO_FINAL_FLAG_Q15A,459af0d7d91c,0ff39de5a52e,q_code,Y,Y,Y,Y,N,Y,Y,Y,N,N,N,N,Y,N,N,N,N,N,N,N,Y,N,N,Y,N,Y,N,N,N,N
8416f90934e6,F25,QUARANTINE,Q15A,QUARANTINE_BIO_FINAL_FLAG_Q15A,459af0d7d91c,0ff39de5a52e,q_code,Y,Y,Y,Y,N,Y,Y,Y,N,N,N,N,Y,N,N,N,N,N,N,N,Y,Y,N,N,N,Y,N,N,N,N
3f51ade3be8c,F25,QUARANTINE,Q15A,QUARANTINE_BIO_FINAL_FLAG_Q15A,459af0d7d91c,0ff39de5a52e,q_code,Y,Y,Y,Y,N,Y,Y,Y,N,N,N,N,Y,N,N,N,N,N,N,N,Y,Y,N,N,N,Y,N,N,N,N
547c535431ac,F25,QUARANTINE,Q15A,QUARANTINE_BIO_FINAL_FLAG_Q15A,459af0d7d91c,0ff39de5a52e,q_code,Y,Y,Y,Y,N,Y,Y,Y,N,N,N,N,Y,N,N,N,N,N,N,N,Y,Y,N,Y,N,Y,N,N,N,N
b3f4066b217e,F25,QUARANTINE,Q15A,QUARANTINE_BIO_FINAL_FLAG_Q15A,459af0d7d91c,0ff39de5a52e,q_code,Y,Y,Y,Y,N,Y,Y,Y,N,N,N,N,Y,N,N,N,N,N,N,N,Y,Y,N,Y,N,Y,N,N,N,N
84359477a5fa,F22,QUARANTINE,Q15A,QUARANTINE_BIO_FINAL_FLAG_Q15A,459af0d7d91c,0ff39de5a52e,q_code,Y,Y,Y,Y,N,Y,Y,Y,N,N,N,N,Y,N,N,N,N,N,N,N,Y,Y,Y,N,N,Y,N,N,N,N
5985ce0edadb,F22,QUARANTINE,Q15A,QUARANTINE_BIO_FINAL_FLAG_Q15A,459af0d7d91c,0ff39de5a52e,q_code,Y,Y,Y,Y,N,Y,Y,Y,N,N,N,N,Y,N,N,N,N,N,N,N,Y,Y,Y,N,N,Y,N,N,N,N
381337448b91,F22,QUARANTINE,Q15A,QUARANTINE_BIO_FINAL_FLAG_Q15A,459af0d7d91c,0ff39de5a52e,q_code,Y,Y,Y,Y,N,Y,Y,Y,N,N,N,N,Y,N,N,N,N,N,N,N,Y,Y,Y,Y,N,Y,N,N,N,N
c91d616c61d6,F22,QUARANTINE,Q15A,QUARANTINE_BIO_FINAL_FLAG_Q15A,459af0d7d91c,0ff39de5a52e,q_code,Y,Y,Y,Y,N,Y,Y,Y,N,N,N,N,Y,N,N,N,N,N,N,N,Y,Y,Y,Y,N,Y,N,N,N,N
5ad33e967b0b,F01,AUTO,,AUTO_F01_BISPECIFIC,375dc3d886a9,44136fa355b3,,Y,Y,Y,Y,Y,Y,Y,Y,Y,N,N,N,Y,N,N,N,N,N,N,N,N,N,N,N,Y,Y,N,N,N,N
dad2005d0433,F01,QUARANTINE,Q15B,QUARANTINE_ADDL_CONFLICT_Q15B,459af0d7d91c,fc80a095c5ee,q_code,Y,Y,Y,Y,Y,Y,Y,Y,N,N,N,N,Y,N,N,N,N,N,N,N,N,N,N,Y,Y,Y,N,N,N,N
996a43ff5219,F25,REPAIR,,REPAIR_F25_CMTROLE,067eec0a7a08,ea8fdc70131d,"analyte_role_declaration,cmt_analyte_policy",Y,Y,Y,Y,Y,Y,Y,Y,Y,N,N,N,Y,N,N,N,N,N,Y,N,N,Y,N,N,Y,Y,Y,N,N,N
000085a91c48,F25,QUARANTINE,Q16,QUARANTINE_ADDL_CONFLICT_Q16,459af0d7d91c,9d9b4b667195,q_code,Y,Y,Y,Y,N,Y,Y,Y,N,N,N,N,Y,N,N,N,N,N,N,N,N,Y,N,N,Y,Y,N,N,N,N
33de93cc3988,F25,QUARANTINE,Q15B,QUARANTINE_ADDL_CONFLICT_Q15B,459af0d7d91c,fc80a095c5ee,q_code,Y,Y,Y,Y,Y,Y,Y,Y,N,N,N,N,Y,N,N,N,N,N,N,N,N,Y,N,Y,Y,Y,N,N,N,N
2828def64351,F25,QUARANTINE,Q16,QUARANTINE_ADDL_CONFLICT_Q16,459af0d7d91c,9d9b4b667195,q_code,Y,Y,Y,Y,N,Y,Y,Y,N,N,N,N,Y,N,N,N,N,N,N,N,N,Y,N,Y,Y,Y,N,N,N,N
398ed4943229,F22,REPAIR,,REPAIR_F22_DDIVP,9778a409567c,3b6e37a453cb,"cmt_analyte_policy,dual_cmt_policy",Y,Y,Y,Y,Y,Y,Y,Y,Y,N,N,N,Y,N,N,N,N,N,Y,N,N,Y,Y,N,Y,Y,N,N,N,N
12860e508bc8,F22,QUARANTINE,Q16,QUARANTINE_ADDL_CONFLICT_Q16,459af0d7d91c,9d9b4b667195,q_code,Y,Y,Y,Y,N,Y,Y,Y,N,N,N,N,Y,N,N,N,N,N,N,N,N,Y,Y,N,Y,Y,N,N,N,N
f6dc0adb7770,F22,QUARANTINE,Q15B,QUARANTINE_ADDL_CONFLICT_Q15B,459af0d7d91c,fc80a095c5ee,q_code,Y,Y,Y,Y,Y,Y,Y,Y,N,N,N,N,Y,N,N,N,N,N,N,N,N,Y,Y,Y,Y,Y,N,N,N,N
2721d0e78235,F22,QUARANTINE,Q16,QUARANTINE_ADDL_CONFLICT_Q16,459af0d7d91c,9d9b4b667195,q_code,Y,Y,Y,Y,N,Y,Y,Y,N,N,N,N,Y,N,N,N,N,N,N,N,N,Y,Y,Y,Y,Y,N,N,N,N
ea17316da378,F01,REPAIR,,REPAIR_F01_BLQ,f67c49c740b6,5598114a142c,blq_handling_policy,Y,Y,Y,Y,Y,Y,Y,Y,Y,N,N,N,Y,Y,N,N,N,N,N,N,N,N,N,N,Y,Y,N,N,N,N
0cbee3b5ec1b,F01,QUARANTINE,Q15B,QUARANTINE_ADDL_CONFLICT_Q15B,459af0d7d91c,fc80a095c5ee,q_code,Y,Y,Y,Y,Y,Y,Y,Y,N,N,N,N,Y,N,N,N,N,N,N,N,N,N,N,Y,Y,Y,N,N,N,N
90dffaff0fcd,F25,REPAIR,,REPAIR_F25_BLQ_CMTROLE,b0a07c38e805,4bdf45aaf340,"analyte_role_declaration,blq_handling_policy,cmt_analyte_policy",Y,Y,Y,Y,Y,Y,Y,Y,Y,N,N,N,Y,Y,N,N,N,N,Y,N,N,Y,N,N,Y,Y,Y,N,N,N
07f05ebfd78d,F25,QUARANTINE,Q16,QUARANTINE_ADDL_CONFLICT_Q16,459af0d7d91c,9d9b4b667195,q_code,Y,Y,Y,Y,N,Y,Y,Y,N,N,N,N,Y,N,N,N,N,N,N,N,N,Y,N,N,Y,Y,N,N,N,N
f9a7f5e93307,F25,QUARANTINE,Q15B,QUARANTINE_ADDL_CONFLICT_Q15B,459af0d7d91c,fc80a095c5ee,q_code,Y,Y,Y,Y,Y,Y,Y,Y,N,N,N,N,Y,N,N,N,N,N,N,N,N,Y,N,Y,Y,Y,N,N,N,N
d2109b8b75e8,F25,QUARANTINE,Q16,QUARANTINE_ADDL_CONFLICT_Q16,459af0d7d91c,9d9b4b667195,q_code,Y,Y,Y,Y,N,Y,Y,Y,N,N,N,N,Y,N,N,N,N,N,N,N,N,Y,N,Y,Y,Y,N,N,N,N
da0555e3ad2f,F22,REPAIR,,REPAIR_F22_BLQ_DDIVP,f452000cd78c,1a93afeda678,"blq_handling_policy,cmt_analyte_policy,dual_cmt_policy",Y,Y,Y,Y,Y,Y,Y,Y,Y,N,N,N,Y,Y,N,N,N,N,Y,N,N,Y,Y,N,Y,Y,N,N,N,N
1464bc7e0a42,F22,QUARANTINE,Q16,QUARANTINE_ADDL_CONFLICT_Q16,459af0d7d91c,9d9b4b667195,q_code,Y,Y,Y,Y,N,Y,Y,Y,N,N,N,N,Y,N,N,N,N,N,N,N,N,Y,Y,N,Y,Y,N,N,N,N
f98a6af99135,F22,QUARANTINE,Q15B,QUARANTINE_ADDL_CONFLICT_Q15B,459af0d7d91c,fc80a095c5ee,q_code,Y,Y,Y,Y,Y,Y,Y,Y,N,N,N,N,Y,N,N,N,N,N,N,N,N,Y,Y,Y,Y,Y,N,N,N,N
d99a066aff15,F22,QUARANTINE,Q16,QUARANTINE_ADDL_CONFLICT_Q16,459af0d7d91c,9d9b4b667195,q_code,Y,Y,Y,Y,N,Y,Y,Y,N,N,N,N,Y,N,N,N,N,N,N,N,N,Y,Y,Y,Y,Y,N,N,N,N
cf730250a7b5,F01,QUARANTINE,Q15A,QUARANTINE_BIO_FINAL_FLAG_Q15A,459af0d7d91c,0ff39de5a52e,q_code,Y,Y,Y,Y,N,Y,Y,Y,N,N,N,N,Y,N,N,N,N,N,N,N,Y,N,N,N,Y,Y,N,N,N,N
0580c3a3b7c5,F01,QUARANTINE,Q15A,QUARANTINE_BIO_FINAL_FLAG_Q15A,459af0d7d91c,0ff39de5a52e,q_code,Y,Y,Y,Y,N,Y,Y,Y,N,N,N,N,Y,N,N,N,N,N,N,N,Y,N,N,Y,Y,Y,N,N,N,N
60b3ae55439d,F25,QUARANTINE,Q15A,QUARANTINE_BIO_FINAL_FLAG_Q15A,459af0d7d91c,0ff39de5a52e,q_code,Y,Y,Y,Y,N,Y,Y,Y,N,N,N,N,Y,N,N,N,N,N,N,N,Y,Y,N,N,Y,Y,N,N,N,N
7df732d438b5,F25,QUARANTINE,Q15A,QUARANTINE_BIO_FINAL_FLAG_Q15A,459af0d7d91c,0ff39de5a52e,q_code,Y,Y,Y,Y,N,Y,Y,Y,N,N,N,N,Y,N,N,N,N,N,N,N,Y,Y,N,N,Y,Y,N,N,N,N
1c9ccc11d684,F25,QUARANTINE,Q15A,QUARANTINE_BIO_FINAL_FLAG_Q15A,459af0d7d91c,0ff39de5a52e,q_code,Y,Y,Y,Y,N,Y,Y,Y,N,N,N,N,Y,N,N,N,N,N,N,N,Y,Y,N,Y,Y,Y,N,N,N,N
872312ca804d,F25,QUARANTINE,Q15A,QUARANTINE_BIO_FINAL_FLAG_Q15A,459af0d7d91c,0ff39de5a52e,q_code,Y,Y,Y,Y,N,Y,Y,Y,N,N,N,N,Y,N,N,N,N,N,N,N,Y,Y,N,Y,Y,Y,N,N,N,N
794b15fc77fa,F22,QUARANTINE,Q15A,QUARANTINE_BIO_FINAL_FLAG_Q15A,459af0d7d91c,0ff39de5a52e,q_code,Y,Y,Y,Y,N,Y,Y,Y,N,N,N,N,Y,N,N,N,N,N,N,N,Y,Y,Y,N,Y,Y,N,N,N,N
18cf3bb687b4,F22,QUARANTINE,Q15A,QUARANTINE_BIO_FINAL_FLAG_Q15A,459af0d7d91c,0ff39de5a52e,q_code,Y,Y,Y,Y,N,Y,Y,Y,N,N,N,N,Y,N,N,N,N,N,N,N,Y,Y,Y,N,Y,Y,N,N,N,N
9bcece61cf88,F22,QUARANTINE,Q15A,QUARANTINE_BIO_FINAL_FLAG_Q15A,459af0d7d91c,0ff39de5a52e,q_code,Y,Y,Y,Y,N,Y,Y,Y,N,N,N,N,Y,N,N,N,N,N,N,N,Y,Y,Y,Y,Y,Y,N,N,N,N
cf295a904e76,F22,QUARANTINE,Q15A,QUARANTINE_BIO_FINAL_FLAG_Q15A,459af0d7d91c,0ff39de5a52e,q_code,Y,Y,Y,Y,N,Y,Y,Y,N,N,N,N,Y,N,N,N,N,N,N,N,Y,Y,Y,Y,Y,Y,N,N,N,N
d3e7e2af16ed,F01,AUTO,,AUTO_F01_CELL_THERAPY,375dc3d886a9,44136fa355b3,,Y,Y,Y,Y,Y,Y,Y,Y,Y,N,N,N,Y,N,N,N,N,N,N,N,N,N,N,N,N,Y,N,N,N,N
9dee7bdfd813,F01,QUARANTINE,Q15B,QUARANTINE_LEGACY_FLAG_UNDOC_Q15B,459af0d7d91c,fc80a095c5ee,q_code,Y,Y,Y,Y,Y,Y,Y,Y,N,N,N,N,Y,N,N,N,N,N,N,N,N,N,N,Y,N,Y,N,N,N,N
d15e4020bf78,F01,REPAIR,,REPAIR_F01_CMTROLE,067eec0a7a08,f60410e849b7,"analyte_role_declaration,cmt_analyte_policy",Y,Y,Y,Y,Y,Y,Y,Y,Y,N,N,N,Y,N,N,N,N,N,Y,N,N,Y,N,N,N,Y,Y,N,N,N
5bfaefa1c3f2,F01,QUARANTINE,Q16,QUARANTINE_ANALYTE_ROLE_MISSING_Q16,459af0d7d91c,9d9b4b667195,q_code,Y,Y,Y,Y,N,Y,Y,Y,N,N,N,N,Y,N,N,N,N,N,N,N,N,Y,N,N,N,Y,N,N,N,N
1ae92c23b1fe,F01,QUARANTINE,Q15B,QUARANTINE_LEGACY_FLAG_UNDOC_Q15B,459af0d7d91c,fc80a095c5ee,q_code,Y,Y,Y,Y,Y,Y,Y,Y,N,N,N,N,Y,N,N,N,N,N,N,N,N,Y,N,Y,N,Y,N,N,N,N
acc96e3a1d42,F01,QUARANTINE,Q16,QUARANTINE_ANALYTE_ROLE_MISSING_Q16,459af0d7d91c,9d9b4b667195,q_code,Y,Y,Y,Y,N,Y,Y,Y,N,N,N,N,Y,N,N,N,N,N,N,N,N,Y,N,Y,N,Y,N,N,N,N
417251d92963,F22,REPAIR,,REPAIR_F22_DDIVP,9778a409567c,3b6e37a453cb,"cmt_analyte_policy,dual_cmt_policy",Y,Y,Y,Y,Y,Y,Y,Y,Y,N,N,N,Y,N,N,N,N,N,Y,N,N,Y,Y,N,N,Y,N,N,N,N
c04534a34a84,F22,QUARANTINE,Q16,QUARANTINE_ANALYTE_ROLE_MISSING_Q16,459af0d7d91c,9d9b4b667195,q_code,Y,Y,Y,Y,N,Y,Y,Y,N,N,N,N,Y,N,N,N,N,N,N,N,N,Y,Y,N,N,Y,N,N,N,N
e05def8a196f,F22,QUARANTINE,Q15B,QUARANTINE_LEGACY_FLAG_UNDOC_Q15B,459af0d7d91c,fc80a095c5ee,q_code,Y,Y,Y,Y,Y,Y,Y,Y,N,N,N,N,Y,N,N,N,N,N,N,N,N,Y,Y,Y,N,Y,N,N,N,N
5c8faaad2ea4,F22,QUARANTINE,Q16,QUARANTINE_ANALYTE_ROLE_MISSING_Q16,459af0d7d91c,9d9b4b667195,q_code,Y,Y,Y,Y,N,Y,Y,Y,N,N,N,N,Y,N,N,N,N,N,N,N,N,Y,Y,Y,N,Y,N,N,N,N
80bd60057888,F01,REPAIR,,REPAIR_F01_BLQ,f67c49c740b6,5598114a142c,blq_handling_policy,Y,Y,Y,Y,Y,Y,Y,Y,Y,N,N,N,Y,Y,N,N,N,N,N,N,N,N,N,N,N,Y,N,N,N,N
2ed37509e027,F01,QUARANTINE,Q15B,QUARANTINE_LEGACY_FLAG_UNDOC_Q15B,459af0d7d91c,fc80a095c5ee,q_code,Y,Y,Y,Y,Y,Y,Y,Y,N,N,N,N,Y,N,N,N,N,N,N,N,N,N,N,Y,N,Y,N,N,N,N
166b0b76c8c7,F01,REPAIR,,REPAIR_F01_BLQ_CMTROLE,b0a07c38e805,edd44a84e2e5,"analyte_role_declaration,blq_handling_policy,cmt_analyte_policy",Y,Y,Y,Y,Y,Y,Y,Y,Y,N,N,N,Y,Y,N,N,N,N,Y,N,N,Y,N,N,N,Y,Y,N,N,N
603be453a4c7,F01,QUARANTINE,Q16,QUARANTINE_ANALYTE_ROLE_MISSING_Q16,459af0d7d91c,9d9b4b667195,q_code,Y,Y,Y,Y,N,Y,Y,Y,N,N,N,N,Y,N,N,N,N,N,N,N,N,Y,N,N,N,Y,N,N,N,N
84f80fa07354,F01,QUARANTINE,Q15B,QUARANTINE_LEGACY_FLAG_UNDOC_Q15B,459af0d7d91c,fc80a095c5ee,q_code,Y,Y,Y,Y,Y,Y,Y,Y,N,N,N,N,Y,N,N,N,N,N,N,N,N,Y,N,Y,N,Y,N,N,N,N
25456fb1c937,F01,QUARANTINE,Q16,QUARANTINE_ANALYTE_ROLE_MISSING_Q16,459af0d7d91c,9d9b4b667195,q_code,Y,Y,Y,Y,N,Y,Y,Y,N,N,N,N,Y,N,N,N,N,N,N,N,N,Y,N,Y,N,Y,N,N,N,N
a9cb2f57211a,F22,REPAIR,,REPAIR_F22_BLQ_DDIVP,f452000cd78c,1a93afeda678,"blq_handling_policy,cmt_analyte_policy,dual_cmt_policy",Y,Y,Y,Y,Y,Y,Y,Y,Y,N,N,N,Y,Y,N,N,N,N,Y,N,N,Y,Y,N,N,Y,N,N,N,N
a8c4ce177481,F22,QUARANTINE,Q16,QUARANTINE_ANALYTE_ROLE_MISSING_Q16,459af0d7d91c,9d9b4b667195,q_code,Y,Y,Y,Y,N,Y,Y,Y,N,N,N,N,Y,N,N,N,N,N,N,N,N,Y,Y,N,N,Y,N,N,N,N
2ed271357b56,F22,QUARANTINE,Q15B,QUARANTINE_LEGACY_FLAG_UNDOC_Q15B,459af0d7d91c,fc80a095c5ee,q_code,Y,Y,Y,Y,Y,Y,Y,Y,N,N,N,N,Y,N,N,N,N,N,N,N,N,Y,Y,Y,N,Y,N,N,N,N
a677927ce037,F22,QUARANTINE,Q16,QUARANTINE_ANALYTE_ROLE_MISSING_Q16,459af0d7d91c,9d9b4b667195,q_code,Y,Y,Y,Y,N,Y,Y,Y,N,N,N,N,Y,N,N,N,N,N,N,N,N,Y,Y,Y,N,Y,N,N,N,N
349b386ac320,F01,QUARANTINE,Q15A,QUARANTINE_BIO_FINAL_FLAG_Q15A,459af0d7d91c,0ff39de5a52e,q_code,Y,Y,Y,Y,N,Y,Y,Y,N,N,N,N,Y,N,N,N,N,N,N,N,Y,N,N,N,N,Y,N,N,N,N
cda109bef4ed,F01,QUARANTINE,Q15A,QUARANTINE_BIO_FINAL_FLAG_Q15A,459af0d7d91c,0ff39de5a52e,q_code,Y,Y,Y,Y,N,Y,Y,Y,N,N,N,N,Y,N,N,N,N,N,N,N,Y,N,N,Y,N,Y,N,N,N,N
9576b8cad39b,F01,QUARANTINE,Q15A,QUARANTINE_BIO_FINAL_FLAG_Q15A,459af0d7d91c,0ff39de5a52e,q_code,Y,Y,Y,Y,N,Y,Y,Y,N,N,N,N,Y,N,N,N,N,N,N,N,Y,Y,N,N,N,Y,N,N,N,N
000d2b38e8ca,F01,QUARANTINE,Q15A,QUARANTINE_BIO_FINAL_FLAG_Q15A,459af0d7d91c,0ff39de5a52e,q_code,Y,Y,Y,Y,N,Y,Y,Y,N,N,N,N,Y,N,N,N,N,N,N,N,Y,Y,N,N,N,Y,N,N,N,N
8763da5517e1,F01,QUARANTINE,Q15A,QUARANTINE_BIO_FINAL_FLAG_Q15A,459af0d7d91c,0ff39de5a52e,q_code,Y,Y,Y,Y,N,Y,Y,Y,N,N,N,N,Y,N,N,N,N,N,N,N,Y,Y,N,Y,N,Y,N,N,N,N
3b5dc891093f,F01,QUARANTINE,Q15A,QUARANTINE_BIO_FINAL_FLAG_Q15A,459af0d7d91c,0ff39de5a52e,q_code,Y,Y,Y,Y,N,Y,Y,Y,N,N,N,N,Y,N,N,N,N,N,N,N,Y,Y,N,Y,N,Y,N,N,N,N
08c92ca5671f,F22,QUARANTINE,Q15A,QUARANTINE_BIO_FINAL_FLAG_Q15A,459af0d7d91c,0ff39de5a52e,q_code,Y,Y,Y,Y,N,Y,Y,Y,N,N,N,N,Y,N,N,N,N,N,N,N,Y,Y,Y,N,N,Y,N,N,N,N
f12762806227,F22,QUARANTINE,Q15A,QUARANTINE_BIO_FINAL_FLAG_Q15A,459af0d7d91c,0ff39de5a52e,q_code,Y,Y,Y,Y,N,Y,Y,Y,N,N,N,N,Y,N,N,N,N,N,N,N,Y,Y,Y,N,N,Y,N,N,N,N
1a88f5041080,F22,QUARANTINE,Q15A,QUARANTINE_BIO_FINAL_FLAG_Q15A,459af0d7d91c,0ff39de5a52e,q_code,Y,Y,Y,Y,N,Y,Y,Y,N,N,N,N,Y,N,N,N,N,N,N,N,Y,Y,Y,Y,N,Y,N,N,N,N
5da66d21d844,F22,QUARANTINE,Q15A,QUARANTINE_BIO_FINAL_FLAG_Q15A,459af0d7d91c,0ff39de5a52e,q_code,Y,Y,Y,Y,N,Y,Y,Y,N,N,N,N,Y,N,N,N,N,N,N,N,Y,Y,Y,Y,N,Y,N,N,N,N
ae46f60dac86,F01,AUTO,,AUTO_F01_CELL_THERAPY,375dc3d886a9,44136fa355b3,,Y,Y,Y,Y,Y,Y,Y,Y,Y,N,N,N,Y,N,N,N,N,N,N,N,N,N,N,N,Y,Y,N,N,N,N
bff37103ba3c,F01,QUARANTINE,Q15B,QUARANTINE_ADDL_CONFLICT_Q15B,459af0d7d91c,fc80a095c5ee,q_code,Y,Y,Y,Y,Y,Y,Y,Y,N,N,N,N,Y,N,N,N,N,N,N,N,N,N,N,Y,Y,Y,N,N,N,N
4199d5a78ffe,F01,REPAIR,,REPAIR_F01_CMTROLE,067eec0a7a08,f60410e849b7,"analyte_role_declaration,cmt_analyte_policy",Y,Y,Y,Y,Y,Y,Y,Y,Y,N,N,N,Y,N,N,N,N,N,Y,N,N,Y,N,N,Y,Y,Y,N,N,N
9662e7151feb,F01,QUARANTINE,Q16,QUARANTINE_ADDL_CONFLICT_Q16,459af0d7d91c,9d9b4b667195,q_code,Y,Y,Y,Y,N,Y,Y,Y,N,N,N,N,Y,N,N,N,N,N,N,N,N,Y,N,N,Y,Y,N,N,N,N
a01353064caf,F01,QUARANTINE,Q15B,QUARANTINE_ADDL_CONFLICT_Q15B,459af0d7d91c,fc80a095c5ee,q_code,Y,Y,Y,Y,Y,Y,Y,Y,N,N,N,N,Y,N,N,N,N,N,N,N,N,Y,N,Y,Y,Y,N,N,N,N
a3a890acf22b,F01,QUARANTINE,Q16,QUARANTINE_ADDL_CONFLICT_Q16,459af0d7d91c,9d9b4b667195,q_code,Y,Y,Y,Y,N,Y,Y,Y,N,N,N,N,Y,N,N,N,N,N,N,N,N,Y,N,Y,Y,Y,N,N,N,N
fea3b0406f08,F22,REPAIR,,REPAIR_F22_DDIVP,9778a409567c,3b6e37a453cb,"cmt_analyte_policy,dual_cmt_policy",Y,Y,Y,Y,Y,Y,Y,Y,Y,N,N,N,Y,N,N,N,N,N,Y,N,N,Y,Y,N,Y,Y,N,N,N,N
3541b978bf57,F22,QUARANTINE,Q16,QUARANTINE_ADDL_CONFLICT_Q16,459af0d7d91c,9d9b4b667195,q_code,Y,Y,Y,Y,N,Y,Y,Y,N,N,N,N,Y,N,N,N,N,N,N,N,N,Y,Y,N,Y,Y,N,N,N,N
7f19e8bc24bc,F22,QUARANTINE,Q15B,QUARANTINE_ADDL_CONFLICT_Q15B,459af0d7d91c,fc80a095c5ee,q_code,Y,Y,Y,Y,Y,Y,Y,Y,N,N,N,N,Y,N,N,N,N,N,N,N,N,Y,Y,Y,Y,Y,N,N,N,N
94ce3437b000,F22,QUARANTINE,Q16,QUARANTINE_ADDL_CONFLICT_Q16,459af0d7d91c,9d9b4b667195,q_code,Y,Y,Y,Y,N,Y,Y,Y,N,N,N,N,Y,N,N,N,N,N,N,N,N,Y,Y,Y,Y,Y,N,N,N,N
180575da7107,F01,REPAIR,,REPAIR_F01_BLQ,f67c49c740b6,5598114a142c,blq_handling_policy,Y,Y,Y,Y,Y,Y,Y,Y,Y,N,N,N,Y,Y,N,N,N,N,N,N,N,N,N,N,Y,Y,N,N,N,N
56fb3bee045c,F01,QUARANTINE,Q15B,QUARANTINE_ADDL_CONFLICT_Q15B,459af0d7d91c,fc80a095c5ee,q_code,Y,Y,Y,Y,Y,Y,Y,Y,N,N,N,N,Y,N,N,N,N,N,N,N,N,N,N,Y,Y,Y,N,N,N,N
5e7678a9dccc,F01,REPAIR,,REPAIR_F01_BLQ_CMTROLE,b0a07c38e805,edd44a84e2e5,"analyte_role_declaration,blq_handling_policy,cmt_analyte_policy",Y,Y,Y,Y,Y,Y,Y,Y,Y,N,N,N,Y,Y,N,N,N,N,Y,N,N,Y,N,N,Y,Y,Y,N,N,N
7564b94feb45,F01,QUARANTINE,Q16,QUARANTINE_ADDL_CONFLICT_Q16,459af0d7d91c,9d9b4b667195,q_code,Y,Y,Y,Y,N,Y,Y,Y,N,N,N,N,Y,N,N,N,N,N,N,N,N,Y,N,N,Y,Y,N,N,N,N
9faea1669132,F01,QUARANTINE,Q15B,QUARANTINE_ADDL_CONFLICT_Q15B,459af0d7d91c,fc80a095c5ee,q_code,Y,Y,Y,Y,Y,Y,Y,Y,N,N,N,N,Y,N,N,N,N,N,N,N,N,Y,N,Y,Y,Y,N,N,N,N
09feebc11baa,F01,QUARANTINE,Q16,QUARANTINE_ADDL_CONFLICT_Q16,459af0d7d91c,9d9b4b667195,q_code,Y,Y,Y,Y,N,Y,Y,Y,N,N,N,N,Y,N,N,N,N,N,N,N,N,Y,N,Y,Y,Y,N,N,N,N
ecffd29debf0,F22,REPAIR,,REPAIR_F22_BLQ_DDIVP,f452000cd78c,1a93afeda678,"blq_handling_policy,cmt_analyte_policy,dual_cmt_policy",Y,Y,Y,Y,Y,Y,Y,Y,Y,N,N,N,Y,Y,N,N,N,N,Y,N,N,Y,Y,N,Y,Y,N,N,N,N
24ee404f6311,F22,QUARANTINE,Q16,QUARANTINE_ADDL_CONFLICT_Q16,459af0d7d91c,9d9b4b667195,q_code,Y,Y,Y,Y,N,Y,Y,Y,N,N,N,N,Y,N,N,N,N,N,N,N,N,Y,Y,N,Y,Y,N,N,N,N
a46c1ecb0057,F22,QUARANTINE,Q15B,QUARANTINE_ADDL_CONFLICT_Q15B,459af0d7d91c,fc80a095c5ee,q_code,Y,Y,Y,Y,Y,Y,Y,Y,N,N,N,N,Y,N,N,N,N,N,N,N,N,Y,Y,Y,Y,Y,N,N,N,N
cb5cee0b7d34,F22,QUARANTINE,Q16,QUARANTINE_ADDL_CONFLICT_Q16,459af0d7d91c,9d9b4b667195,q_code,Y,Y,Y,Y,N,Y,Y,Y,N,N,N,N,Y,N,N,N,N,N,N,N,N,Y,Y,Y,Y,Y,N,N,N,N
6a0fe53694a4,F01,QUARANTINE,Q15A,QUARANTINE_BIO_FINAL_FLAG_Q15A,459af0d7d91c,0ff39de5a52e,q_code,Y,Y,Y,Y,N,Y,Y,Y,N,N,N,N,Y,N,N,N,N,N,N,N,Y,N,N,N,Y,Y,N,N,N,N
ac86535e4967,F01,QUARANTINE,Q15A,QUARANTINE_BIO_FINAL_FLAG_Q15A,459af0d7d91c,0ff39de5a52e,q_code,Y,Y,Y,Y,N,Y,Y,Y,N,N,N,N,Y,N,N,N,N,N,N,N,Y,N,N,Y,Y,Y,N,N,N,N
1b2bb6a4a81d,F01,QUARANTINE,Q15A,QUARANTINE_BIO_FINAL_FLAG_Q15A,459af0d7d91c,0ff39de5a52e,q_code,Y,Y,Y,Y,N,Y,Y,Y,N,N,N,N,Y,N,N,N,N,N,N,N,Y,Y,N,N,Y,Y,N,N,N,N
8281ac37288b,F01,QUARANTINE,Q15A,QUARANTINE_BIO_FINAL_FLAG_Q15A,459af0d7d91c,0ff39de5a52e,q_code,Y,Y,Y,Y,N,Y,Y,Y,N,N,N,N,Y,N,N,N,N,N,N,N,Y,Y,N,N,Y,Y,N,N,N,N
aa23e22e1160,F01,QUARANTINE,Q15A,QUARANTINE_BIO_FINAL_FLAG_Q15A,459af0d7d91c,0ff39de5a52e,q_code,Y,Y,Y,Y,N,Y,Y,Y,N,N,N,N,Y,N,N,N,N,N,N,N,Y,Y,N,Y,Y,Y,N,N,N,N
fee80f676d21,F01,QUARANTINE,Q15A,QUARANTINE_BIO_FINAL_FLAG_Q15A,459af0d7d91c,0ff39de5a52e,q_code,Y,Y,Y,Y,N,Y,Y,Y,N,N,N,N,Y,N,N,N,N,N,N,N,Y,Y,N,Y,Y,Y,N,N,N,N
798d025e7adc,F22,QUARANTINE,Q15A,QUARANTINE_BIO_FINAL_FLAG_Q15A,459af0d7d91c,0ff39de5a52e,q_code,Y,Y,Y,Y,N,Y,Y,Y,N,N,N,N,Y,N,N,N,N,N,N,N,Y,Y,Y,N,Y,Y,N,N,N,N
6c4f141aacdd,F22,QUARANTINE,Q15A,QUARANTINE_BIO_FINAL_FLAG_Q15A,459af0d7d91c,0ff39de5a52e,q_code,Y,Y,Y,Y,N,Y,Y,Y,N,N,N,N,Y,N,N,N,N,N,N,N,Y,Y,Y,N,Y,Y,N,N,N,N
9922c0ea7b61,F22,QUARANTINE,Q15A,QUARANTINE_BIO_FINAL_FLAG_Q15A,459af0d7d91c,0ff39de5a52e,q_code,Y,Y,Y,Y,N,Y,Y,Y,N,N,N,N,Y,N,N,N,N,N,N,N,Y,Y,Y,Y,Y,Y,N,N,N,N
30dbc071cfcc,F22,QUARANTINE,Q15A,QUARANTINE_BIO_FINAL_FLAG_Q15A,459af0d7d91c,0ff39de5a52e,q_code,Y,Y,Y,Y,N,Y,Y,Y,N,N,N,N,Y,N,N,N,N,N,N,N,Y,Y,Y,Y,Y,Y,N,N,N,N
59a66eca8a16,F27,AUTO,,AUTO_F27_MRNA,375dc3d886a9,44136fa355b3,,Y,Y,Y,Y,Y,Y,Y,Y,Y,N,N,N,Y,N,N,N,N,N,N,N,N,N,N,N,N,N,N,N,N,N
a616da01d477,F27,QUARANTINE,Q15B,QUARANTINE_LEGACY_FLAG_UNDOC_Q15B,459af0d7d91c,fc80a095c5ee,q_code,Y,Y,Y,Y,Y,Y,Y,Y,N,N,N,N,Y,N,N,N,N,N,N,N,N,N,N,Y,N,N,N,N,N,N
512ced58dc68,F27,REPAIR,,REPAIR_F27_CMTM,625092f45d69,3d9b119a827c,cmt_analyte_policy,Y,Y,Y,Y,Y,Y,Y,Y,Y,N,N,N,Y,N,N,N,N,N,Y,N,N,Y,N,N,N,N,N,N,N,N
f72e99ac0574,F27,QUARANTINE,Q15B,QUARANTINE_LEGACY_FLAG_UNDOC_Q15B,459af0d7d91c,fc80a095c5ee,q_code,Y,Y,Y,Y,Y,Y,Y,Y,N,N,N,N,Y,N,N,N,N,N,N,N,N,Y,N,Y,N,N,N,N,N,N
918ce7ddc6bb,F27,REPAIR,,REPAIR_F27_DDIVP,9778a409567c,3b6e37a453cb,"cmt_analyte_policy,dual_cmt_policy",Y,Y,Y,Y,Y,Y,Y,Y,Y,N,N,N,Y,N,N,N,N,N,Y,N,N,Y,Y,N,N,N,N,N,N,N
2ac63be242b1,F27,QUARANTINE,Q15B,QUARANTINE_LEGACY_FLAG_UNDOC_Q15B,459af0d7d91c,fc80a095c5ee,q_code,Y,Y,Y,Y,Y,Y,Y,Y,N,N,N,N,Y,N,N,N,N,N,N,N,N,Y,Y,Y,N,N,N,N,N,N
8543d2d03225,F27,REPAIR,,REPAIR_F27_BLQ,f67c49c740b6,5598114a142c,blq_handling_policy,Y,Y,Y,Y,Y,Y,Y,Y,Y,N,N,N,Y,Y,N,N,N,N,N,N,N,N,N,N,N,N,N,N,N,N
92e212287ded,F27,QUARANTINE,Q15B,QUARANTINE_LEGACY_FLAG_UNDOC_Q15B,459af0d7d91c,fc80a095c5ee,q_code,Y,Y,Y,Y,Y,Y,Y,Y,N,N,N,N,Y,N,N,N,N,N,N,N,N,N,N,Y,N,N,N,N,N,N
405703fb9eff,F27,REPAIR,,REPAIR_F27_BLQ_CMTM,ad950bea7a00,b0d8a8150750,"blq_handling_policy,cmt_analyte_policy",Y,Y,Y,Y,Y,Y,Y,Y,Y,N,N,N,Y,Y,N,N,N,N,Y,N,N,Y,N,N,N,N,N,N,N,N
c4100c62d482,F27,QUARANTINE,Q15B,QUARANTINE_LEGACY_FLAG_UNDOC_Q15B,459af0d7d91c,fc80a095c5ee,q_code,Y,Y,Y,Y,Y,Y,Y,Y,N,N,N,N,Y,N,N,N,N,N,N,N,N,Y,N,Y,N,N,N,N,N,N
dc4001df72ce,F27,REPAIR,,REPAIR_F27_BLQ_DDIVP,f452000cd78c,1a93afeda678,"blq_handling_policy,cmt_analyte_policy,dual_cmt_policy",Y,Y,Y,Y,Y,Y,Y,Y,Y,N,N,N,Y,Y,N,N,N,N,Y,N,N,Y,Y,N,N,N,N,N,N,N
e46b801a19e2,F27,QUARANTINE,Q15B,QUARANTINE_LEGACY_FLAG_UNDOC_Q15B,459af0d7d91c,fc80a095c5ee,q_code,Y,Y,Y,Y,Y,Y,Y,Y,N,N,N,N,Y,N,N,N,N,N,N,N,N,Y,Y,Y,N,N,N,N,N,N
a36798081ef0,F27,QUARANTINE,Q15A,QUARANTINE_BIO_FINAL_FLAG_Q15A,459af0d7d91c,0ff39de5a52e,q_code,Y,Y,Y,Y,N,Y,Y,Y,N,N,N,N,Y,N,N,N,N,N,N,N,Y,N,N,N,N,N,N,N,N,N
7df4fbe063d9,F27,QUARANTINE,Q15A,QUARANTINE_BIO_FINAL_FLAG_Q15A,459af0d7d91c,0ff39de5a52e,q_code,Y,Y,Y,Y,N,Y,Y,Y,N,N,N,N,Y,N,N,N,N,N,N,N,Y,N,N,Y,N,N,N,N,N,N
230dfb456951,F27,QUARANTINE,Q15A,QUARANTINE_BIO_FINAL_FLAG_Q15A,459af0d7d91c,0ff39de5a52e,q_code,Y,Y,Y,Y,N,Y,Y,Y,N,N,N,N,Y,N,N,N,N,N,N,N,Y,Y,N,N,N,N,N,N,N,N
312d17caf4eb,F27,QUARANTINE,Q15A,QUARANTINE_BIO_FINAL_FLAG_Q15A,459af0d7d91c,0ff39de5a52e,q_code,Y,Y,Y,Y,N,Y,Y,Y,N,N,N,N,Y,N,N,N,N,N,N,N,Y,Y,N,Y,N,N,N,N,N,N
83c30017cdab,F27,QUARANTINE,Q15A,QUARANTINE_BIO_FINAL_FLAG_Q15A,459af0d7d91c,0ff39de5a52e,q_code,Y,Y,Y,Y,N,Y,Y,Y,N,N,N,N,Y,N,N,N,N,N,N,N,Y,Y,Y,N,N,N,N,N,N,N
947764aadd02,F27,QUARANTINE,Q15A,QUARANTINE_BIO_FINAL_FLAG_Q15A,459af0d7d91c,0ff39de5a52e,q_code,Y,Y,Y,Y,N,Y,Y,Y,N,N,N,N,Y,N,N,N,N,N,N,N,Y,Y,Y,Y,N,N,N,N,N,N
baaf36695803,F27,AUTO,,AUTO_F27_MRNA,375dc3d886a9,44136fa355b3,,Y,Y,Y,Y,Y,Y,Y,Y,Y,N,N,N,Y,N,N,N,N,N,N,N,N,N,N,N,Y,N,N,N,N,N
8173c0c603d0,F27,QUARANTINE,Q15B,QUARANTINE_ADDL_CONFLICT_Q15B,459af0d7d91c,fc80a095c5ee,q_code,Y,Y,Y,Y,Y,Y,Y,Y,N,N,N,N,Y,N,N,N,N,N,N,N,N,N,N,Y,Y,N,N,N,N,N
af3fe9f0288d,F27,REPAIR,,REPAIR_F27_CMTM,625092f45d69,3d9b119a827c,cmt_analyte_policy,Y,Y,Y,Y,Y,Y,Y,Y,Y,N,N,N,Y,N,N,N,N,N,Y,N,N,Y,N,N,Y,N,N,N,N,N
4089e64bc5fc,F27,QUARANTINE,Q15B,QUARANTINE_ADDL_CONFLICT_Q15B,459af0d7d91c,fc80a095c5ee,q_code,Y,Y,Y,Y,Y,Y,Y,Y,N,N,N,N,Y,N,N,N,N,N,N,N,N,Y,N,Y,Y,N,N,N,N,N
e581d11a97e5,F27,REPAIR,,REPAIR_F27_DDIVP,9778a409567c,3b6e37a453cb,"cmt_analyte_policy,dual_cmt_policy",Y,Y,Y,Y,Y,Y,Y,Y,Y,N,N,N,Y,N,N,N,N,N,Y,N,N,Y,Y,N,Y,N,N,N,N,N
8250f68d5f1d,F27,QUARANTINE,Q15B,QUARANTINE_ADDL_CONFLICT_Q15B,459af0d7d91c,fc80a095c5ee,q_code,Y,Y,Y,Y,Y,Y,Y,Y,N,N,N,N,Y,N,N,N,N,N,N,N,N,Y,Y,Y,Y,N,N,N,N,N
d867a857e76b,F27,REPAIR,,REPAIR_F27_BLQ,f67c49c740b6,5598114a142c,blq_handling_policy,Y,Y,Y,Y,Y,Y,Y,Y,Y,N,N,N,Y,Y,N,N,N,N,N,N,N,N,N,N,Y,N,N,N,N,N
7c26bf5378bb,F27,QUARANTINE,Q15B,QUARANTINE_ADDL_CONFLICT_Q15B,459af0d7d91c,fc80a095c5ee,q_code,Y,Y,Y,Y,Y,Y,Y,Y,N,N,N,N,Y,N,N,N,N,N,N,N,N,N,N,Y,Y,N,N,N,N,N
0a8cb296ea98,F27,REPAIR,,REPAIR_F27_BLQ_CMTM,ad950bea7a00,b0d8a8150750,"blq_handling_policy,cmt_analyte_policy",Y,Y,Y,Y,Y,Y,Y,Y,Y,N,N,N,Y,Y,N,N,N,N,Y,N,N,Y,N,N,Y,N,N,N,N,N
e8d58bcdc1ac,F27,QUARANTINE,Q15B,QUARANTINE_ADDL_CONFLICT_Q15B,459af0d7d91c,fc80a095c5ee,q_code,Y,Y,Y,Y,Y,Y,Y,Y,N,N,N,N,Y,N,N,N,N,N,N,N,N,Y,N,Y,Y,N,N,N,N,N
8f16bb940aa5,F27,REPAIR,,REPAIR_F27_BLQ_DDIVP,f452000cd78c,1a93afeda678,"blq_handling_policy,cmt_analyte_policy,dual_cmt_policy",Y,Y,Y,Y,Y,Y,Y,Y,Y,N,N,N,Y,Y,N,N,N,N,Y,N,N,Y,Y,N,Y,N,N,N,N,N
433e92b38b5d,F27,QUARANTINE,Q15B,QUARANTINE_ADDL_CONFLICT_Q15B,459af0d7d91c,fc80a095c5ee,q_code,Y,Y,Y,Y,Y,Y,Y,Y,N,N,N,N,Y,N,N,N,N,N,N,N,N,Y,Y,Y,Y,N,N,N,N,N
cab325c550d8,F27,QUARANTINE,Q15A,QUARANTINE_BIO_FINAL_FLAG_Q15A,459af0d7d91c,0ff39de5a52e,q_code,Y,Y,Y,Y,N,Y,Y,Y,N,N,N,N,Y,N,N,N,N,N,N,N,Y,N,N,N,Y,N,N,N,N,N
7681e5ec0b58,F27,QUARANTINE,Q15A,QUARANTINE_BIO_FINAL_FLAG_Q15A,459af0d7d91c,0ff39de5a52e,q_code,Y,Y,Y,Y,N,Y,Y,Y,N,N,N,N,Y,N,N,N,N,N,N,N,Y,N,N,Y,Y,N,N,N,N,N
b2e9d99d6aa7,F27,QUARANTINE,Q15A,QUARANTINE_BIO_FINAL_FLAG_Q15A,459af0d7d91c,0ff39de5a52e,q_code,Y,Y,Y,Y,N,Y,Y,Y,N,N,N,N,Y,N,N,N,N,N,N,N,Y,Y,N,N,Y,N,N,N,N,N
171a5cc444b8,F27,QUARANTINE,Q15A,QUARANTINE_BIO_FINAL_FLAG_Q15A,459af0d7d91c,0ff39de5a52e,q_code,Y,Y,Y,Y,N,Y,Y,Y,N,N,N,N,Y,N,N,N,N,N,N,N,Y,Y,N,Y,Y,N,N,N,N,N
8ee44df92679,F27,QUARANTINE,Q15A,QUARANTINE_BIO_FINAL_FLAG_Q15A,459af0d7d91c,0ff39de5a52e,q_code,Y,Y,Y,Y,N,Y,Y,Y,N,N,N,N,Y,N,N,N,N,N,N,N,Y,Y,Y,N,Y,N,N,N,N,N
5d6258a51631,F27,QUARANTINE,Q15A,QUARANTINE_BIO_FINAL_FLAG_Q15A,459af0d7d91c,0ff39de5a52e,q_code,Y,Y,Y,Y,N,Y,Y,Y,N,N,N,N,Y,N,N,N,N,N,N,N,Y,Y,Y,Y,Y,N,N,N,N,N
6dfa614c046e,F26,REPAIR,,REPAIR_F26_PROD,8291e7f57dad,30fd014765af,product_level_covariate_linkage_policy,Y,Y,Y,Y,Y,Y,Y,Y,Y,Y,N,N,Y,N,N,N,N,N,N,Y,N,N,N,N,N,Y,N,N,N,N
e374446ac4b8,F26,QUARANTINE,Q15B,QUARANTINE_LEGACY_FLAG_UNDOC_Q15B,459af0d7d91c,fc80a095c5ee,q_code,Y,Y,Y,Y,Y,Y,Y,Y,N,Y,N,N,Y,N,N,N,N,N,N,N,N,N,N,Y,N,Y,N,N,N,N
6cbe2f7b23eb,F26,REPAIR,,REPAIR_F26_CMTROLE_PROD,99ef783e9423,02ed3c5cb06b,"analyte_role_declaration,cmt_analyte_policy,product_level_covariate_linkage_policy",Y,Y,Y,Y,Y,Y,Y,Y,Y,Y,N,N,Y,N,N,N,N,N,Y,Y,N,Y,N,N,N,Y,Y,N,N,N
61d04f2d670d,F26,QUARANTINE,Q16,QUARANTINE_ANALYTE_ROLE_MISSING_Q16,459af0d7d91c,9d9b4b667195,q_code,Y,Y,Y,Y,N,Y,Y,Y,N,Y,N,N,Y,N,N,N,N,N,N,N,N,Y,N,N,N,Y,N,N,N,N
d1ab085b4c8b,F26,QUARANTINE,Q15B,QUARANTINE_LEGACY_FLAG_UNDOC_Q15B,459af0d7d91c,fc80a095c5ee,q_code,Y,Y,Y,Y,Y,Y,Y,Y,N,Y,N,N,Y,N,N,N,N,N,N,N,N,Y,N,Y,N,Y,N,N,N,N
0e4dc53e8779,F26,QUARANTINE,Q16,QUARANTINE_ANALYTE_ROLE_MISSING_Q16,459af0d7d91c,9d9b4b667195,q_code,Y,Y,Y,Y,N,Y,Y,Y,N,Y,N,N,Y,N,N,N,N,N,N,N,N,Y,N,Y,N,Y,N,N,N,N
fb479d719341,F26,REPAIR,,REPAIR_F26_DDIVP_PROD,8759fdd7f15f,9b1cc79ec578,"cmt_analyte_policy,dual_cmt_policy,product_level_covariate_linkage_policy",Y,Y,Y,Y,Y,Y,Y,Y,Y,Y,N,N,Y,N,N,N,N,N,Y,Y,N,Y,Y,N,N,Y,N,N,N,N
00cbb056dca6,F26,QUARANTINE,Q16,QUARANTINE_ANALYTE_ROLE_MISSING_Q16,459af0d7d91c,9d9b4b667195,q_code,Y,Y,Y,Y,N,Y,Y,Y,N,Y,N,N,Y,N,N,N,N,N,N,N,N,Y,Y,N,N,Y,N,N,N,N
10f0a04d5fc7,F26,QUARANTINE,Q15B,QUARANTINE_LEGACY_FLAG_UNDOC_Q15B,459af0d7d91c,fc80a095c5ee,q_code,Y,Y,Y,Y,Y,Y,Y,Y,N,Y,N,N,Y,N,N,N,N,N,N,N,N,Y,Y,Y,N,Y,N,N,N,N
80abb22ee7b4,F26,QUARANTINE,Q16,QUARANTINE_ANALYTE_ROLE_MISSING_Q16,459af0d7d91c,9d9b4b667195,q_code,Y,Y,Y,Y,N,Y,Y,Y,N,Y,N,N,Y,N,N,N,N,N,N,N,N,Y,Y,Y,N,Y,N,N,N,N
89e727554a31,F26,REPAIR,,REPAIR_F26_BLQ_PROD,c3394219d171,b0a5d30f5dff,"blq_handling_policy,product_level_covariate_linkage_policy",Y,Y,Y,Y,Y,Y,Y,Y,Y,Y,N,N,Y,Y,N,N,N,N,N,Y,N,N,N,N,N,Y,N,N,N,N
f79da554e18f,F26,QUARANTINE,Q15B,QUARANTINE_LEGACY_FLAG_UNDOC_Q15B,459af0d7d91c,fc80a095c5ee,q_code,Y,Y,Y,Y,Y,Y,Y,Y,N,Y,N,N,Y,N,N,N,N,N,N,N,N,N,N,Y,N,Y,N,N,N,N
d5ca329aa708,F26,REPAIR,,REPAIR_F26_BLQ_CMTROLE_PROD,8ab607dd9c0a,f1aa51a059ea,"analyte_role_declaration,blq_handling_policy,cmt_analyte_policy,product_level_covariate_linkage_policy",Y,Y,Y,Y,Y,Y,Y,Y,Y,Y,N,N,Y,Y,N,N,N,N,Y,Y,N,Y,N,N,N,Y,Y,N,N,N
f90c36c947f9,F26,QUARANTINE,Q16,QUARANTINE_ANALYTE_ROLE_MISSING_Q16,459af0d7d91c,9d9b4b667195,q_code,Y,Y,Y,Y,N,Y,Y,Y,N,Y,N,N,Y,N,N,N,N,N,N,N,N,Y,N,N,N,Y,N,N,N,N
0b692c311899,F26,QUARANTINE,Q15B,QUARANTINE_LEGACY_FLAG_UNDOC_Q15B,459af0d7d91c,fc80a095c5ee,q_code,Y,Y,Y,Y,Y,Y,Y,Y,N,Y,N,N,Y,N,N,N,N,N,N,N,N,Y,N,Y,N,Y,N,N,N,N
a087c121b70c,F26,QUARANTINE,Q16,QUARANTINE_ANALYTE_ROLE_MISSING_Q16,459af0d7d91c,9d9b4b667195,q_code,Y,Y,Y,Y,N,Y,Y,Y,N,Y,N,N,Y,N,N,N,N,N,N,N,N,Y,N,Y,N,Y,N,N,N,N
d442bc643229,F26,REPAIR,,REPAIR_F26_BLQ_DDIVP_PROD,d3e4e18d7567,8ca02bd67622,"blq_handling_policy,cmt_analyte_policy,dual_cmt_policy,product_level_covariate_linkage_policy",Y,Y,Y,Y,Y,Y,Y,Y,Y,Y,N,N,Y,Y,N,N,N,N,Y,Y,N,Y,Y,N,N,Y,N,N,N,N
4600c72b9ded,F26,QUARANTINE,Q16,QUARANTINE_ANALYTE_ROLE_MISSING_Q16,459af0d7d91c,9d9b4b667195,q_code,Y,Y,Y,Y,N,Y,Y,Y,N,Y,N,N,Y,N,N,N,N,N,N,N,N,Y,Y,N,N,Y,N,N,N,N
eb9a7ccd2b32,F26,QUARANTINE,Q15B,QUARANTINE_LEGACY_FLAG_UNDOC_Q15B,459af0d7d91c,fc80a095c5ee,q_code,Y,Y,Y,Y,Y,Y,Y,Y,N,Y,N,N,Y,N,N,N,N,N,N,N,N,Y,Y,Y,N,Y,N,N,N,N
afedca177be0,F26,QUARANTINE,Q16,QUARANTINE_ANALYTE_ROLE_MISSING_Q16,459af0d7d91c,9d9b4b667195,q_code,Y,Y,Y,Y,N,Y,Y,Y,N,Y,N,N,Y,N,N,N,N,N,N,N,N,Y,Y,Y,N,Y,N,N,N,N
6de0002c47bd,F26,QUARANTINE,Q15A,QUARANTINE_BIO_FINAL_FLAG_Q15A,459af0d7d91c,0ff39de5a52e,q_code,Y,Y,Y,Y,N,Y,Y,Y,N,Y,N,N,Y,N,N,N,N,N,N,N,Y,N,N,N,N,Y,N,N,N,N
f86d314a3cdd,F26,QUARANTINE,Q15A,QUARANTINE_BIO_FINAL_FLAG_Q15A,459af0d7d91c,0ff39de5a52e,q_code,Y,Y,Y,Y,N,Y,Y,Y,N,Y,N,N,Y,N,N,N,N,N,N,N,Y,N,N,Y,N,Y,N,N,N,N
ac9053530cd0,F26,QUARANTINE,Q15A,QUARANTINE_BIO_FINAL_FLAG_Q15A,459af0d7d91c,0ff39de5a52e,q_code,Y,Y,Y,Y,N,Y,Y,Y,N,Y,N,N,Y,N,N,N,N,N,N,N,Y,Y,N,N,N,Y,N,N,N,N
23b05f23c95d,F26,QUARANTINE,Q15A,QUARANTINE_BIO_FINAL_FLAG_Q15A,459af0d7d91c,0ff39de5a52e,q_code,Y,Y,Y,Y,N,Y,Y,Y,N,Y,N,N,Y,N,N,N,N,N,N,N,Y,Y,N,N,N,Y,N,N,N,N
e2e220bd9173,F26,QUARANTINE,Q15A,QUARANTINE_BIO_FINAL_FLAG_Q15A,459af0d7d91c,0ff39de5a52e,q_code,Y,Y,Y,Y,N,Y,Y,Y,N,Y,N,N,Y,N,N,N,N,N,N,N,Y,Y,N,Y,N,Y,N,N,N,N
b6bb958b2c3d,F26,QUARANTINE,Q15A,QUARANTINE_BIO_FINAL_FLAG_Q15A,459af0d7d91c,0ff39de5a52e,q_code,Y,Y,Y,Y,N,Y,Y,Y,N,Y,N,N,Y,N,N,N,N,N,N,N,Y,Y,N,Y,N,Y,N,N,N,N
1287fdba6102,F26,QUARANTINE,Q15A,QUARANTINE_BIO_FINAL_FLAG_Q15A,459af0d7d91c,0ff39de5a52e,q_code,Y,Y,Y,Y,N,Y,Y,Y,N,Y,N,N,Y,N,N,N,N,N,N,N,Y,Y,Y,N,N,Y,N,N,N,N
45de486eb241,F26,QUARANTINE,Q15A,QUARANTINE_BIO_FINAL_FLAG_Q15A,459af0d7d91c,0ff39de5a52e,q_code,Y,Y,Y,Y,N,Y,Y,Y,N,Y,N,N,Y,N,N,N,N,N,N,N,Y,Y,Y,N,N,Y,N,N,N,N
d856b2af59d2,F26,QUARANTINE,Q15A,QUARANTINE_BIO_FINAL_FLAG_Q15A,459af0d7d91c,0ff39de5a52e,q_code,Y,Y,Y,Y,N,Y,Y,Y,N,Y,N,N,Y,N,N,N,N,N,N,N,Y,Y,Y,Y,N,Y,N,N,N,N
09ab685f73a0,F26,QUARANTINE,Q15A,QUARANTINE_BIO_FINAL_FLAG_Q15A,459af0d7d91c,0ff39de5a52e,q_code,Y,Y,Y,Y,N,Y,Y,Y,N,Y,N,N,Y,N,N,N,N,N,N,N,Y,Y,Y,Y,N,Y,N,N,N,N
c2d0ddf9b20a,F26,REPAIR,,REPAIR_F26_CBLQ_PROD,15b180bb6012,36ff6caa1018,"cellular_LLOQ_derivation_policy,product_level_covariate_linkage_policy",Y,Y,Y,Y,Y,Y,Y,Y,Y,Y,N,N,Y,Y,N,N,N,N,N,Y,N,N,N,N,N,Y,N,Y,Y,N
fca80fafacea,F26,QUARANTINE,Q15B,QUARANTINE_LEGACY_FLAG_UNDOC_Q15B,459af0d7d91c,fc80a095c5ee,q_code,Y,Y,Y,Y,Y,Y,Y,Y,N,Y,N,N,Y,N,N,N,N,N,N,N,N,N,N,Y,N,Y,N,Y,N,N
81d9d0d1b299,F26,REPAIR,,REPAIR_F26_CBLQ_CMTROLE_PROD,42baa3516583,4667d2d03707,"analyte_role_declaration,cellular_LLOQ_derivation_policy,cmt_analyte_policy,product_level_covariate_linkage_policy",Y,Y,Y,Y,Y,Y,Y,Y,Y,Y,N,N,Y,Y,N,N,N,N,Y,Y,N,Y,N,N,N,Y,Y,Y,Y,N
f8742a0c6451,F26,QUARANTINE,Q16,QUARANTINE_ANALYTE_ROLE_MISSING_Q16,459af0d7d91c,9d9b4b667195,q_code,Y,Y,Y,Y,N,Y,Y,Y,N,Y,N,N,Y,N,N,N,N,N,N,N,N,Y,N,N,N,Y,N,Y,N,N
651b54f782f9,F26,QUARANTINE,Q15B,QUARANTINE_LEGACY_FLAG_UNDOC_Q15B,459af0d7d91c,fc80a095c5ee,q_code,Y,Y,Y,Y,Y,Y,Y,Y,N,Y,N,N,Y,N,N,N,N,N,N,N,N,Y,N,Y,N,Y,N,Y,N,N
b9a697f5a061,F26,QUARANTINE,Q16,QUARANTINE_ANALYTE_ROLE_MISSING_Q16,459af0d7d91c,9d9b4b667195,q_code,Y,Y,Y,Y,N,Y,Y,Y,N,Y,N,N,Y,N,N,N,N,N,N,N,N,Y,N,Y,N,Y,N,Y,N,N
22239238aece,F26,REPAIR,,REPAIR_F26_CBLQ_DDIVP_PROD,4f0d18c6f472,d80fd9da44a1,"cellular_LLOQ_derivation_policy,cmt_analyte_policy,dual_cmt_policy,product_level_covariate_linkage_policy",Y,Y,Y,Y,Y,Y,Y,Y,Y,Y,N,N,Y,Y,N,N,N,N,Y,Y,N,Y,Y,N,N,Y,N,Y,Y,N
362bf5a285dd,F26,QUARANTINE,Q16,QUARANTINE_ANALYTE_ROLE_MISSING_Q16,459af0d7d91c,9d9b4b667195,q_code,Y,Y,Y,Y,N,Y,Y,Y,N,Y,N,N,Y,N,N,N,N,N,N,N,N,Y,Y,N,N,Y,N,Y,N,N
9903e3869b33,F26,QUARANTINE,Q15B,QUARANTINE_LEGACY_FLAG_UNDOC_Q15B,459af0d7d91c,fc80a095c5ee,q_code,Y,Y,Y,Y,Y,Y,Y,Y,N,Y,N,N,Y,N,N,N,N,N,N,N,N,Y,Y,Y,N,Y,N,Y,N,N
94067d09b1c7,F26,QUARANTINE,Q16,QUARANTINE_ANALYTE_ROLE_MISSING_Q16,459af0d7d91c,9d9b4b667195,q_code,Y,Y,Y,Y,N,Y,Y,Y,N,Y,N,N,Y,N,N,N,N,N,N,N,N,Y,Y,Y,N,Y,N,Y,N,N
fca48223aa27,F26,REPAIR,,REPAIR_F26_PROD,8291e7f57dad,30fd014765af,product_level_covariate_linkage_policy,Y,Y,Y,Y,Y,Y,Y,Y,Y,Y,N,N,Y,N,N,N,N,N,N,Y,N,N,N,N,Y,Y,N,N,N,N
e9ebf78480c0,F26,QUARANTINE,Q15B,QUARANTINE_ADDL_CONFLICT_Q15B,459af0d7d91c,fc80a095c5ee,q_code,Y,Y,Y,Y,Y,Y,Y,Y,N,Y,N,N,Y,N,N,N,N,N,N,N,N,N,N,Y,Y,Y,N,N,N,N
2a0b789d13c2,F26,REPAIR,,REPAIR_F26_CMTROLE_PROD,99ef783e9423,02ed3c5cb06b,"analyte_role_declaration,cmt_analyte_policy,product_level_covariate_linkage_policy",Y,Y,Y,Y,Y,Y,Y,Y,Y,Y,N,N,Y,N,N,N,N,N,Y,Y,N,Y,N,N,Y,Y,Y,N,N,N
e04ea7d9d634,F26,QUARANTINE,Q16,QUARANTINE_ADDL_CONFLICT_Q16,459af0d7d91c,9d9b4b667195,q_code,Y,Y,Y,Y,N,Y,Y,Y,N,Y,N,N,Y,N,N,N,N,N,N,N,N,Y,N,N,Y,Y,N,N,N,N
fd553fe93e35,F26,QUARANTINE,Q15B,QUARANTINE_ADDL_CONFLICT_Q15B,459af0d7d91c,fc80a095c5ee,q_code,Y,Y,Y,Y,Y,Y,Y,Y,N,Y,N,N,Y,N,N,N,N,N,N,N,N,Y,N,Y,Y,Y,N,N,N,N
b3f69d377207,F26,QUARANTINE,Q16,QUARANTINE_ADDL_CONFLICT_Q16,459af0d7d91c,9d9b4b667195,q_code,Y,Y,Y,Y,N,Y,Y,Y,N,Y,N,N,Y,N,N,N,N,N,N,N,N,Y,N,Y,Y,Y,N,N,N,N
6e67ce428b03,F26,REPAIR,,REPAIR_F26_DDIVP_PROD,8759fdd7f15f,9b1cc79ec578,"cmt_analyte_policy,dual_cmt_policy,product_level_covariate_linkage_policy",Y,Y,Y,Y,Y,Y,Y,Y,Y,Y,N,N,Y,N,N,N,N,N,Y,Y,N,Y,Y,N,Y,Y,N,N,N,N
397d1ce56154,F26,QUARANTINE,Q16,QUARANTINE_ADDL_CONFLICT_Q16,459af0d7d91c,9d9b4b667195,q_code,Y,Y,Y,Y,N,Y,Y,Y,N,Y,N,N,Y,N,N,N,N,N,N,N,N,Y,Y,N,Y,Y,N,N,N,N
a9a815522083,F26,QUARANTINE,Q15B,QUARANTINE_ADDL_CONFLICT_Q15B,459af0d7d91c,fc80a095c5ee,q_code,Y,Y,Y,Y,Y,Y,Y,Y,N,Y,N,N,Y,N,N,N,N,N,N,N,N,Y,Y,Y,Y,Y,N,N,N,N
87685f4b7aaa,F26,QUARANTINE,Q16,QUARANTINE_ADDL_CONFLICT_Q16,459af0d7d91c,9d9b4b667195,q_code,Y,Y,Y,Y,N,Y,Y,Y,N,Y,N,N,Y,N,N,N,N,N,N,N,N,Y,Y,Y,Y,Y,N,N,N,N
497977497629,F26,REPAIR,,REPAIR_F26_BLQ_PROD,c3394219d171,b0a5d30f5dff,"blq_handling_policy,product_level_covariate_linkage_policy",Y,Y,Y,Y,Y,Y,Y,Y,Y,Y,N,N,Y,Y,N,N,N,N,N,Y,N,N,N,N,Y,Y,N,N,N,N
f26b329782ca,F26,QUARANTINE,Q15B,QUARANTINE_ADDL_CONFLICT_Q15B,459af0d7d91c,fc80a095c5ee,q_code,Y,Y,Y,Y,Y,Y,Y,Y,N,Y,N,N,Y,N,N,N,N,N,N,N,N,N,N,Y,Y,Y,N,N,N,N
cd7961bbac21,F26,REPAIR,,REPAIR_F26_BLQ_CMTROLE_PROD,8ab607dd9c0a,f1aa51a059ea,"analyte_role_declaration,blq_handling_policy,cmt_analyte_policy,product_level_covariate_linkage_policy",Y,Y,Y,Y,Y,Y,Y,Y,Y,Y,N,N,Y,Y,N,N,N,N,Y,Y,N,Y,N,N,Y,Y,Y,N,N,N
33a27d44445b,F26,QUARANTINE,Q16,QUARANTINE_ADDL_CONFLICT_Q16,459af0d7d91c,9d9b4b667195,q_code,Y,Y,Y,Y,N,Y,Y,Y,N,Y,N,N,Y,N,N,N,N,N,N,N,N,Y,N,N,Y,Y,N,N,N,N
18f30c42114e,F26,QUARANTINE,Q15B,QUARANTINE_ADDL_CONFLICT_Q15B,459af0d7d91c,fc80a095c5ee,q_code,Y,Y,Y,Y,Y,Y,Y,Y,N,Y,N,N,Y,N,N,N,N,N,N,N,N,Y,N,Y,Y,Y,N,N,N,N
64071adf948b,F26,QUARANTINE,Q16,QUARANTINE_ADDL_CONFLICT_Q16,459af0d7d91c,9d9b4b667195,q_code,Y,Y,Y,Y,N,Y,Y,Y,N,Y,N,N,Y,N,N,N,N,N,N,N,N,Y,N,Y,Y,Y,N,N,N,N
3fa55545622f,F26,REPAIR,,REPAIR_F26_BLQ_DDIVP_PROD,d3e4e18d7567,8ca02bd67622,"blq_handling_policy,cmt_analyte_policy,dual_cmt_policy,product_level_covariate_linkage_policy",Y,Y,Y,Y,Y,Y,Y,Y,Y,Y,N,N,Y,Y,N,N,N,N,Y,Y,N,Y,Y,N,Y,Y,N,N,N,N
a992b6122657,F26,QUARANTINE,Q16,QUARANTINE_ADDL_CONFLICT_Q16,459af0d7d91c,9d9b4b667195,q_code,Y,Y,Y,Y,N,Y,Y,Y,N,Y,N,N,Y,N,N,N,N,N,N,N,N,Y,Y,N,Y,Y,N,N,N,N
3bb62ed3097c,F26,QUARANTINE,Q15B,QUARANTINE_ADDL_CONFLICT_Q15B,459af0d7d91c,fc80a095c5ee,q_code,Y,Y,Y,Y,Y,Y,Y,Y,N,Y,N,N,Y,N,N,N,N,N,N,N,N,Y,Y,Y,Y,Y,N,N,N,N
3752b927e931,F26,QUARANTINE,Q16,QUARANTINE_ADDL_CONFLICT_Q16,459af0d7d91c,9d9b4b667195,q_code,Y,Y,Y,Y,N,Y,Y,Y,N,Y,N,N,Y,N,N,N,N,N,N,N,N,Y,Y,Y,Y,Y,N,N,N,N
9c860d7fcdd0,F26,QUARANTINE,Q15A,QUARANTINE_BIO_FINAL_FLAG_Q15A,459af0d7d91c,0ff39de5a52e,q_code,Y,Y,Y,Y,N,Y,Y,Y,N,Y,N,N,Y,N,N,N,N,N,N,N,Y,N,N,N,Y,Y,N,N,N,N
d317f847d92f,F26,QUARANTINE,Q15A,QUARANTINE_BIO_FINAL_FLAG_Q15A,459af0d7d91c,0ff39de5a52e,q_code,Y,Y,Y,Y,N,Y,Y,Y,N,Y,N,N,Y,N,N,N,N,N,N,N,Y,N,N,Y,Y,Y,N,N,N,N
a04d0aeecd7f,F26,QUARANTINE,Q15A,QUARANTINE_BIO_FINAL_FLAG_Q15A,459af0d7d91c,0ff39de5a52e,q_code,Y,Y,Y,Y,N,Y,Y,Y,N,Y,N,N,Y,N,N,N,N,N,N,N,Y,Y,N,N,Y,Y,N,N,N,N
3663e6021304,F26,QUARANTINE,Q15A,QUARANTINE_BIO_FINAL_FLAG_Q15A,459af0d7d91c,0ff39de5a52e,q_code,Y,Y,Y,Y,N,Y,Y,Y,N,Y,N,N,Y,N,N,N,N,N,N,N,Y,Y,N,N,Y,Y,N,N,N,N
8f94abb5f20c,F26,QUARANTINE,Q15A,QUARANTINE_BIO_FINAL_FLAG_Q15A,459af0d7d91c,0ff39de5a52e,q_code,Y,Y,Y,Y,N,Y,Y,Y,N,Y,N,N,Y,N,N,N,N,N,N,N,Y,Y,N,Y,Y,Y,N,N,N,N
bf52a2480d2a,F26,QUARANTINE,Q15A,QUARANTINE_BIO_FINAL_FLAG_Q15A,459af0d7d91c,0ff39de5a52e,q_code,Y,Y,Y,Y,N,Y,Y,Y,N,Y,N,N,Y,N,N,N,N,N,N,N,Y,Y,N,Y,Y,Y,N,N,N,N
d4dcdd5d3a64,F26,QUARANTINE,Q15A,QUARANTINE_BIO_FINAL_FLAG_Q15A,459af0d7d91c,0ff39de5a52e,q_code,Y,Y,Y,Y,N,Y,Y,Y,N,Y,N,N,Y,N,N,N,N,N,N,N,Y,Y,Y,N,Y,Y,N,N,N,N
e9dc1285129e,F26,QUARANTINE,Q15A,QUARANTINE_BIO_FINAL_FLAG_Q15A,459af0d7d91c,0ff39de5a52e,q_code,Y,Y,Y,Y,N,Y,Y,Y,N,Y,N,N,Y,N,N,N,N,N,N,N,Y,Y,Y,N,Y,Y,N,N,N,N
4dffaa242faa,F26,QUARANTINE,Q15A,QUARANTINE_BIO_FINAL_FLAG_Q15A,459af0d7d91c,0ff39de5a52e,q_code,Y,Y,Y,Y,N,Y,Y,Y,N,Y,N,N,Y,N,N,N,N,N,N,N,Y,Y,Y,Y,Y,Y,N,N,N,N
f6611d7ff0e2,F26,QUARANTINE,Q15A,QUARANTINE_BIO_FINAL_FLAG_Q15A,459af0d7d91c,0ff39de5a52e,q_code,Y,Y,Y,Y,N,Y,Y,Y,N,Y,N,N,Y,N,N,N,N,N,N,N,Y,Y,Y,Y,Y,Y,N,N,N,N
302dd0c62e8f,F26,REPAIR,,REPAIR_F26_CBLQ_PROD,15b180bb6012,36ff6caa1018,"cellular_LLOQ_derivation_policy,product_level_covariate_linkage_policy",Y,Y,Y,Y,Y,Y,Y,Y,Y,Y,N,N,Y,Y,N,N,N,N,N,Y,N,N,N,N,Y,Y,N,Y,Y,N
dbc4d97ea8a1,F26,QUARANTINE,Q15B,QUARANTINE_ADDL_CONFLICT_Q15B,459af0d7d91c,fc80a095c5ee,q_code,Y,Y,Y,Y,Y,Y,Y,Y,N,Y,N,N,Y,N,N,N,N,N,N,N,N,N,N,Y,Y,Y,N,Y,N,N
67c7b283d269,F26,REPAIR,,REPAIR_F26_CBLQ_CMTROLE_PROD,42baa3516583,4667d2d03707,"analyte_role_declaration,cellular_LLOQ_derivation_policy,cmt_analyte_policy,product_level_covariate_linkage_policy",Y,Y,Y,Y,Y,Y,Y,Y,Y,Y,N,N,Y,Y,N,N,N,N,Y,Y,N,Y,N,N,Y,Y,Y,Y,Y,N
4824d8c8d457,F26,QUARANTINE,Q16,QUARANTINE_ADDL_CONFLICT_Q16,459af0d7d91c,9d9b4b667195,q_code,Y,Y,Y,Y,N,Y,Y,Y,N,Y,N,N,Y,N,N,N,N,N,N,N,N,Y,N,N,Y,Y,N,Y,N,N
05a1c105e10d,F26,QUARANTINE,Q15B,QUARANTINE_ADDL_CONFLICT_Q15B,459af0d7d91c,fc80a095c5ee,q_code,Y,Y,Y,Y,Y,Y,Y,Y,N,Y,N,N,Y,N,N,N,N,N,N,N,N,Y,N,Y,Y,Y,N,Y,N,N
ab3b74b2e84c,F26,QUARANTINE,Q16,QUARANTINE_ADDL_CONFLICT_Q16,459af0d7d91c,9d9b4b667195,q_code,Y,Y,Y,Y,N,Y,Y,Y,N,Y,N,N,Y,N,N,N,N,N,N,N,N,Y,N,Y,Y,Y,N,Y,N,N
e0f2ba0dd38b,F26,REPAIR,,REPAIR_F26_CBLQ_DDIVP_PROD,4f0d18c6f472,d80fd9da44a1,"cellular_LLOQ_derivation_policy,cmt_analyte_policy,dual_cmt_policy,product_level_covariate_linkage_policy",Y,Y,Y,Y,Y,Y,Y,Y,Y,Y,N,N,Y,Y,N,N,N,N,Y,Y,N,Y,Y,N,Y,Y,N,Y,Y,N
11679be9a0b4,F26,QUARANTINE,Q16,QUARANTINE_ADDL_CONFLICT_Q16,459af0d7d91c,9d9b4b667195,q_code,Y,Y,Y,Y,N,Y,Y,Y,N,Y,N,N,Y,N,N,N,N,N,N,N,N,Y,Y,N,Y,Y,N,Y,N,N
ea7af08b047a,F26,QUARANTINE,Q15B,QUARANTINE_ADDL_CONFLICT_Q15B,459af0d7d91c,fc80a095c5ee,q_code,Y,Y,Y,Y,Y,Y,Y,Y,N,Y,N,N,Y,N,N,N,N,N,N,N,N,Y,Y,Y,Y,Y,N,Y,N,N
0d301c98b825,F26,QUARANTINE,Q16,QUARANTINE_ADDL_CONFLICT_Q16,459af0d7d91c,9d9b4b667195,q_code,Y,Y,Y,Y,N,Y,Y,Y,N,Y,N,N,Y,N,N,N,N,N,N,N,N,Y,Y,Y,Y,Y,N,Y,N,N
a425bcdbc01e,F01,AUTO,,AUTO_F01_MAB,375dc3d886a9,44136fa355b3,,Y,Y,Y,Y,Y,Y,Y,Y,Y,N,Y,N,N,N,N,N,N,N,N,N,N,N,N,N,N,N,N,N,N,N
53d7a0caa89c,F01,QUARANTINE,Q15B,QUARANTINE_LEGACY_FLAG_UNDOC_Q15B,459af0d7d91c,fc80a095c5ee,q_code,Y,Y,Y,Y,Y,Y,Y,Y,N,N,Y,N,N,N,N,N,N,N,N,N,N,N,N,Y,N,N,N,N,N,N
df1d384358ee,F01,REPAIR,,REPAIR_F01_CMTM,625092f45d69,3d9b119a827c,cmt_analyte_policy,Y,Y,Y,Y,Y,Y,Y,Y,Y,N,Y,N,N,N,N,N,N,N,Y,N,N,Y,N,N,N,N,N,N,N,N
c38e64c09c28,F01,QUARANTINE,Q15B,QUARANTINE_LEGACY_FLAG_UNDOC_Q15B,459af0d7d91c,fc80a095c5ee,q_code,Y,Y,Y,Y,Y,Y,Y,Y,N,N,Y,N,N,N,N,N,N,N,N,N,N,Y,N,Y,N,N,N,N,N,N
d0aeb31b45f9,F22,REPAIR,,REPAIR_F22_DDIVP,9778a409567c,3b6e37a453cb,"cmt_analyte_policy,dual_cmt_policy",Y,Y,Y,Y,Y,Y,Y,Y,Y,N,Y,N,N,N,N,N,N,N,Y,N,N,Y,Y,N,N,N,N,N,N,N
0aecb02dde8e,F22,QUARANTINE,Q15B,QUARANTINE_LEGACY_FLAG_UNDOC_Q15B,459af0d7d91c,fc80a095c5ee,q_code,Y,Y,Y,Y,Y,Y,Y,Y,N,N,Y,N,N,N,N,N,N,N,N,N,N,Y,Y,Y,N,N,N,N,N,N
8a68df8419e9,F01,REPAIR,,REPAIR_F01_BLQ,f67c49c740b6,5598114a142c,blq_handling_policy,Y,Y,Y,Y,Y,Y,Y,Y,Y,N,Y,N,N,Y,N,N,N,N,N,N,N,N,N,N,N,N,N,N,N,N
72fc04d71426,F01,QUARANTINE,Q15B,QUARANTINE_LEGACY_FLAG_UNDOC_Q15B,459af0d7d91c,fc80a095c5ee,q_code,Y,Y,Y,Y,Y,Y,Y,Y,N,N,Y,N,N,N,N,N,N,N,N,N,N,N,N,Y,N,N,N,N,N,N
3f440840b8f6,F01,REPAIR,,REPAIR_F01_BLQ_CMTM,ad950bea7a00,b0d8a8150750,"blq_handling_policy,cmt_analyte_policy",Y,Y,Y,Y,Y,Y,Y,Y,Y,N,Y,N,N,Y,N,N,N,N,Y,N,N,Y,N,N,N,N,N,N,N,N
834a389656dc,F01,QUARANTINE,Q15B,QUARANTINE_LEGACY_FLAG_UNDOC_Q15B,459af0d7d91c,fc80a095c5ee,q_code,Y,Y,Y,Y,Y,Y,Y,Y,N,N,Y,N,N,N,N,N,N,N,N,N,N,Y,N,Y,N,N,N,N,N,N
06219def0a3c,F22,REPAIR,,REPAIR_F22_BLQ_DDIVP,f452000cd78c,1a93afeda678,"blq_handling_policy,cmt_analyte_policy,dual_cmt_policy",Y,Y,Y,Y,Y,Y,Y,Y,Y,N,Y,N,N,Y,N,N,N,N,Y,N,N,Y,Y,N,N,N,N,N,N,N
5b6aba31aff7,F22,QUARANTINE,Q15B,QUARANTINE_LEGACY_FLAG_UNDOC_Q15B,459af0d7d91c,fc80a095c5ee,q_code,Y,Y,Y,Y,Y,Y,Y,Y,N,N,Y,N,N,N,N,N,N,N,N,N,N,Y,Y,Y,N,N,N,N,N,N
3396b695bee9,F01,QUARANTINE,Q15A,QUARANTINE_BIO_FINAL_FLAG_Q15A,459af0d7d91c,0ff39de5a52e,q_code,Y,Y,Y,Y,N,Y,Y,Y,N,N,Y,N,N,N,N,N,N,N,N,N,Y,N,N,N,N,N,N,N,N,N
ef0b6a3a27c0,F01,QUARANTINE,Q15A,QUARANTINE_BIO_FINAL_FLAG_Q15A,459af0d7d91c,0ff39de5a52e,q_code,Y,Y,Y,Y,N,Y,Y,Y,N,N,Y,N,N,N,N,N,N,N,N,N,Y,N,N,Y,N,N,N,N,N,N
5c361fea2194,F01,QUARANTINE,Q15A,QUARANTINE_BIO_FINAL_FLAG_Q15A,459af0d7d91c,0ff39de5a52e,q_code,Y,Y,Y,Y,N,Y,Y,Y,N,N,Y,N,N,N,N,N,N,N,N,N,Y,Y,N,N,N,N,N,N,N,N
f8d05243a86a,F01,QUARANTINE,Q15A,QUARANTINE_BIO_FINAL_FLAG_Q15A,459af0d7d91c,0ff39de5a52e,q_code,Y,Y,Y,Y,N,Y,Y,Y,N,N,Y,N,N,N,N,N,N,N,N,N,Y,Y,N,Y,N,N,N,N,N,N
8b8fe9643bfe,F22,QUARANTINE,Q15A,QUARANTINE_BIO_FINAL_FLAG_Q15A,459af0d7d91c,0ff39de5a52e,q_code,Y,Y,Y,Y,N,Y,Y,Y,N,N,Y,N,N,N,N,N,N,N,N,N,Y,Y,Y,N,N,N,N,N,N,N
2a1a124f4664,F22,QUARANTINE,Q15A,QUARANTINE_BIO_FINAL_FLAG_Q15A,459af0d7d91c,0ff39de5a52e,q_code,Y,Y,Y,Y,N,Y,Y,Y,N,N,Y,N,N,N,N,N,N,N,N,N,Y,Y,Y,Y,N,N,N,N,N,N
e72474d70d95,F01,REPAIR,,REPAIR_F01_ADA,41fcc1363a80,7633c2986317,positivity_adjudication_rule,Y,Y,Y,Y,Y,Y,Y,Y,Y,N,Y,N,N,N,N,N,N,N,N,N,N,N,N,N,N,N,N,N,N,Y
6718d31b3c5b,F01,QUARANTINE,Q15B,QUARANTINE_LEGACY_FLAG_UNDOC_Q15B,459af0d7d91c,fc80a095c5ee,q_code,Y,Y,Y,Y,Y,Y,Y,Y,N,N,Y,N,N,N,N,N,N,N,N,N,N,N,N,Y,N,N,N,N,N,N
0ecca13702e2,F01,REPAIR,,REPAIR_F01_ADA_CMTM,bc3e0088a4a8,3714214a844f,"cmt_analyte_policy,positivity_adjudication_rule",Y,Y,Y,Y,Y,Y,Y,Y,Y,N,Y,N,N,N,N,N,N,N,Y,N,N,Y,N,N,N,N,N,N,N,Y
09ae3ce72f15,F01,QUARANTINE,Q15B,QUARANTINE_LEGACY_FLAG_UNDOC_Q15B,459af0d7d91c,fc80a095c5ee,q_code,Y,Y,Y,Y,Y,Y,Y,Y,N,N,Y,N,N,N,N,N,N,N,N,N,N,Y,N,Y,N,N,N,N,N,N
f64794ed4fd7,F22,REPAIR,,REPAIR_F22_ADA_DDIVP,6b8ec154a9fb,5a2c61a4b4b8,"cmt_analyte_policy,dual_cmt_policy,positivity_adjudication_rule",Y,Y,Y,Y,Y,Y,Y,Y,Y,N,Y,N,N,N,N,N,N,N,Y,N,N,Y,Y,N,N,N,N,N,N,Y
b37eea48e0a6,F22,QUARANTINE,Q15B,QUARANTINE_LEGACY_FLAG_UNDOC_Q15B,459af0d7d91c,fc80a095c5ee,q_code,Y,Y,Y,Y,Y,Y,Y,Y,N,N,Y,N,N,N,N,N,N,N,N,N,N,Y,Y,Y,N,N,N,N,N,N
280f7d7b246f,F01,AUTO,,AUTO_F01_MAB,375dc3d886a9,44136fa355b3,,Y,Y,Y,Y,Y,Y,Y,Y,Y,N,Y,N,N,N,N,N,N,N,N,N,N,N,N,N,Y,N,N,N,N,N
f0718a57b1d6,F01,QUARANTINE,Q15B,QUARANTINE_ADDL_CONFLICT_Q15B,459af0d7d91c,fc80a095c5ee,q_code,Y,Y,Y,Y,Y,Y,Y,Y,N,N,Y,N,N,N,N,N,N,N,N,N,N,N,N,Y,Y,N,N,N,N,N
4d39e3ea7476,F01,REPAIR,,REPAIR_F01_CMTM,625092f45d69,3d9b119a827c,cmt_analyte_policy,Y,Y,Y,Y,Y,Y,Y,Y,Y,N,Y,N,N,N,N,N,N,N,Y,N,N,Y,N,N,Y,N,N,N,N,N
fcc8e81a2b7f,F01,QUARANTINE,Q15B,QUARANTINE_ADDL_CONFLICT_Q15B,459af0d7d91c,fc80a095c5ee,q_code,Y,Y,Y,Y,Y,Y,Y,Y,N,N,Y,N,N,N,N,N,N,N,N,N,N,Y,N,Y,Y,N,N,N,N,N
adde57075e07,F22,REPAIR,,REPAIR_F22_DDIVP,9778a409567c,3b6e37a453cb,"cmt_analyte_policy,dual_cmt_policy",Y,Y,Y,Y,Y,Y,Y,Y,Y,N,Y,N,N,N,N,N,N,N,Y,N,N,Y,Y,N,Y,N,N,N,N,N
300767513479,F22,QUARANTINE,Q15B,QUARANTINE_ADDL_CONFLICT_Q15B,459af0d7d91c,fc80a095c5ee,q_code,Y,Y,Y,Y,Y,Y,Y,Y,N,N,Y,N,N,N,N,N,N,N,N,N,N,Y,Y,Y,Y,N,N,N,N,N
6f10b4996fea,F01,REPAIR,,REPAIR_F01_BLQ,f67c49c740b6,5598114a142c,blq_handling_policy,Y,Y,Y,Y,Y,Y,Y,Y,Y,N,Y,N,N,Y,N,N,N,N,N,N,N,N,N,N,Y,N,N,N,N,N
5e79a1caa272,F01,QUARANTINE,Q15B,QUARANTINE_ADDL_CONFLICT_Q15B,459af0d7d91c,fc80a095c5ee,q_code,Y,Y,Y,Y,Y,Y,Y,Y,N,N,Y,N,N,N,N,N,N,N,N,N,N,N,N,Y,Y,N,N,N,N,N
7e57bb24dfce,F01,REPAIR,,REPAIR_F01_BLQ_CMTM,ad950bea7a00,b0d8a8150750,"blq_handling_policy,cmt_analyte_policy",Y,Y,Y,Y,Y,Y,Y,Y,Y,N,Y,N,N,Y,N,N,N,N,Y,N,N,Y,N,N,Y,N,N,N,N,N
56331962039f,F01,QUARANTINE,Q15B,QUARANTINE_ADDL_CONFLICT_Q15B,459af0d7d91c,fc80a095c5ee,q_code,Y,Y,Y,Y,Y,Y,Y,Y,N,N,Y,N,N,N,N,N,N,N,N,N,N,Y,N,Y,Y,N,N,N,N,N
4357405c8f18,F22,REPAIR,,REPAIR_F22_BLQ_DDIVP,f452000cd78c,1a93afeda678,"blq_handling_policy,cmt_analyte_policy,dual_cmt_policy",Y,Y,Y,Y,Y,Y,Y,Y,Y,N,Y,N,N,Y,N,N,N,N,Y,N,N,Y,Y,N,Y,N,N,N,N,N
8542cae7d49d,F22,QUARANTINE,Q15B,QUARANTINE_ADDL_CONFLICT_Q15B,459af0d7d91c,fc80a095c5ee,q_code,Y,Y,Y,Y,Y,Y,Y,Y,N,N,Y,N,N,N,N,N,N,N,N,N,N,Y,Y,Y,Y,N,N,N,N,N
837b4ce4bc84,F01,QUARANTINE,Q15A,QUARANTINE_BIO_FINAL_FLAG_Q15A,459af0d7d91c,0ff39de5a52e,q_code,Y,Y,Y,Y,N,Y,Y,Y,N,N,Y,N,N,N,N,N,N,N,N,N,Y,N,N,N,Y,N,N,N,N,N
6d09b10d28c8,F01,QUARANTINE,Q15A,QUARANTINE_BIO_FINAL_FLAG_Q15A,459af0d7d91c,0ff39de5a52e,q_code,Y,Y,Y,Y,N,Y,Y,Y,N,N,Y,N,N,N,N,N,N,N,N,N,Y,N,N,Y,Y,N,N,N,N,N
c30571d8b293,F01,QUARANTINE,Q15A,QUARANTINE_BIO_FINAL_FLAG_Q15A,459af0d7d91c,0ff39de5a52e,q_code,Y,Y,Y,Y,N,Y,Y,Y,N,N,Y,N,N,N,N,N,N,N,N,N,Y,Y,N,N,Y,N,N,N,N,N
2b91700106e4,F01,QUARANTINE,Q15A,QUARANTINE_BIO_FINAL_FLAG_Q15A,459af0d7d91c,0ff39de5a52e,q_code,Y,Y,Y,Y,N,Y,Y,Y,N,N,Y,N,N,N,N,N,N,N,N,N,Y,Y,N,Y,Y,N,N,N,N,N
6d8a3d344692,F22,QUARANTINE,Q15A,QUARANTINE_BIO_FINAL_FLAG_Q15A,459af0d7d91c,0ff39de5a52e,q_code,Y,Y,Y,Y,N,Y,Y,Y,N,N,Y,N,N,N,N,N,N,N,N,N,Y,Y,Y,N,Y,N,N,N,N,N
dc7705571d5a,F22,QUARANTINE,Q15A,QUARANTINE_BIO_FINAL_FLAG_Q15A,459af0d7d91c,0ff39de5a52e,q_code,Y,Y,Y,Y,N,Y,Y,Y,N,N,Y,N,N,N,N,N,N,N,N,N,Y,Y,Y,Y,Y,N,N,N,N,N
bb6fa86c3a56,F01,REPAIR,,REPAIR_F01_ADA,41fcc1363a80,7633c2986317,positivity_adjudication_rule,Y,Y,Y,Y,Y,Y,Y,Y,Y,N,Y,N,N,N,N,N,N,N,N,N,N,N,N,N,Y,N,N,N,N,Y
4f9147ef6f56,F01,QUARANTINE,Q15B,QUARANTINE_ADDL_CONFLICT_Q15B,459af0d7d91c,fc80a095c5ee,q_code,Y,Y,Y,Y,Y,Y,Y,Y,N,N,Y,N,N,N,N,N,N,N,N,N,N,N,N,Y,Y,N,N,N,N,N
86a681aefa16,F01,REPAIR,,REPAIR_F01_ADA_CMTM,bc3e0088a4a8,3714214a844f,"cmt_analyte_policy,positivity_adjudication_rule",Y,Y,Y,Y,Y,Y,Y,Y,Y,N,Y,N,N,N,N,N,N,N,Y,N,N,Y,N,N,Y,N,N,N,N,Y
f9ea7090c57f,F01,QUARANTINE,Q15B,QUARANTINE_ADDL_CONFLICT_Q15B,459af0d7d91c,fc80a095c5ee,q_code,Y,Y,Y,Y,Y,Y,Y,Y,N,N,Y,N,N,N,N,N,N,N,N,N,N,Y,N,Y,Y,N,N,N,N,N
93ef71fde74a,F22,REPAIR,,REPAIR_F22_ADA_DDIVP,6b8ec154a9fb,5a2c61a4b4b8,"cmt_analyte_policy,dual_cmt_policy,positivity_adjudication_rule",Y,Y,Y,Y,Y,Y,Y,Y,Y,N,Y,N,N,N,N,N,N,N,Y,N,N,Y,Y,N,Y,N,N,N,N,Y
3b44759d3772,F22,QUARANTINE,Q15B,QUARANTINE_ADDL_CONFLICT_Q15B,459af0d7d91c,fc80a095c5ee,q_code,Y,Y,Y,Y,Y,Y,Y,Y,N,N,Y,N,N,N,N,N,N,N,N,N,N,Y,Y,Y,Y,N,N,N,N,N
7899972561c6,F27,AUTO,,AUTO_F27_MRNA,375dc3d886a9,44136fa355b3,,Y,Y,Y,Y,Y,Y,Y,Y,Y,N,Y,N,Y,N,N,N,N,N,N,N,N,N,N,N,N,N,N,N,N,N
bdb4ac5b6a0b,F27,QUARANTINE,Q15B,QUARANTINE_LEGACY_FLAG_UNDOC_Q15B,459af0d7d91c,fc80a095c5ee,q_code,Y,Y,Y,Y,Y,Y,Y,Y,N,N,Y,N,Y,N,N,N,N,N,N,N,N,N,N,Y,N,N,N,N,N,N
90e6591d0210,F27,REPAIR,,REPAIR_F27_CMTM,625092f45d69,3d9b119a827c,cmt_analyte_policy,Y,Y,Y,Y,Y,Y,Y,Y,Y,N,Y,N,Y,N,N,N,N,N,Y,N,N,Y,N,N,N,N,N,N,N,N
597487ac49ed,F27,QUARANTINE,Q15B,QUARANTINE_LEGACY_FLAG_UNDOC_Q15B,459af0d7d91c,fc80a095c5ee,q_code,Y,Y,Y,Y,Y,Y,Y,Y,N,N,Y,N,Y,N,N,N,N,N,N,N,N,Y,N,Y,N,N,N,N,N,N
139762434359,F27,REPAIR,,REPAIR_F27_DDIVP,9778a409567c,3b6e37a453cb,"cmt_analyte_policy,dual_cmt_policy",Y,Y,Y,Y,Y,Y,Y,Y,Y,N,Y,N,Y,N,N,N,N,N,Y,N,N,Y,Y,N,N,N,N,N,N,N
ca294bcccfd6,F27,QUARANTINE,Q15B,QUARANTINE_LEGACY_FLAG_UNDOC_Q15B,459af0d7d91c,fc80a095c5ee,q_code,Y,Y,Y,Y,Y,Y,Y,Y,N,N,Y,N,Y,N,N,N,N,N,N,N,N,Y,Y,Y,N,N,N,N,N,N
d48883c10d0b,F27,REPAIR,,REPAIR_F27_BLQ,f67c49c740b6,5598114a142c,blq_handling_policy,Y,Y,Y,Y,Y,Y,Y,Y,Y,N,Y,N,Y,Y,N,N,N,N,N,N,N,N,N,N,N,N,N,N,N,N
acd66d4535a8,F27,QUARANTINE,Q15B,QUARANTINE_LEGACY_FLAG_UNDOC_Q15B,459af0d7d91c,fc80a095c5ee,q_code,Y,Y,Y,Y,Y,Y,Y,Y,N,N,Y,N,Y,N,N,N,N,N,N,N,N,N,N,Y,N,N,N,N,N,N
9493664a6997,F27,REPAIR,,REPAIR_F27_BLQ_CMTM,ad950bea7a00,b0d8a8150750,"blq_handling_policy,cmt_analyte_policy",Y,Y,Y,Y,Y,Y,Y,Y,Y,N,Y,N,Y,Y,N,N,N,N,Y,N,N,Y,N,N,N,N,N,N,N,N
f33ec983d2c8,F27,QUARANTINE,Q15B,QUARANTINE_LEGACY_FLAG_UNDOC_Q15B,459af0d7d91c,fc80a095c5ee,q_code,Y,Y,Y,Y,Y,Y,Y,Y,N,N,Y,N,Y,N,N,N,N,N,N,N,N,Y,N,Y,N,N,N,N,N,N
afd225945d8e,F27,REPAIR,,REPAIR_F27_BLQ_DDIVP,f452000cd78c,1a93afeda678,"blq_handling_policy,cmt_analyte_policy,dual_cmt_policy",Y,Y,Y,Y,Y,Y,Y,Y,Y,N,Y,N,Y,Y,N,N,N,N,Y,N,N,Y,Y,N,N,N,N,N,N,N
1a33149cc905,F27,QUARANTINE,Q15B,QUARANTINE_LEGACY_FLAG_UNDOC_Q15B,459af0d7d91c,fc80a095c5ee,q_code,Y,Y,Y,Y,Y,Y,Y,Y,N,N,Y,N,Y,N,N,N,N,N,N,N,N,Y,Y,Y,N,N,N,N,N,N
f9ccd855743e,F27,QUARANTINE,Q15A,QUARANTINE_BIO_FINAL_FLAG_Q15A,459af0d7d91c,0ff39de5a52e,q_code,Y,Y,Y,Y,N,Y,Y,Y,N,N,Y,N,Y,N,N,N,N,N,N,N,Y,N,N,N,N,N,N,N,N,N
d62b452a57a5,F27,QUARANTINE,Q15A,QUARANTINE_BIO_FINAL_FLAG_Q15A,459af0d7d91c,0ff39de5a52e,q_code,Y,Y,Y,Y,N,Y,Y,Y,N,N,Y,N,Y,N,N,N,N,N,N,N,Y,N,N,Y,N,N,N,N,N,N
770e171975be,F27,QUARANTINE,Q15A,QUARANTINE_BIO_FINAL_FLAG_Q15A,459af0d7d91c,0ff39de5a52e,q_code,Y,Y,Y,Y,N,Y,Y,Y,N,N,Y,N,Y,N,N,N,N,N,N,N,Y,Y,N,N,N,N,N,N,N,N
513b28c3f7ae,F27,QUARANTINE,Q15A,QUARANTINE_BIO_FINAL_FLAG_Q15A,459af0d7d91c,0ff39de5a52e,q_code,Y,Y,Y,Y,N,Y,Y,Y,N,N,Y,N,Y,N,N,N,N,N,N,N,Y,Y,N,Y,N,N,N,N,N,N
fb1a5c5ede6e,F27,QUARANTINE,Q15A,QUARANTINE_BIO_FINAL_FLAG_Q15A,459af0d7d91c,0ff39de5a52e,q_code,Y,Y,Y,Y,N,Y,Y,Y,N,N,Y,N,Y,N,N,N,N,N,N,N,Y,Y,Y,N,N,N,N,N,N,N
77c9db94e79c,F27,QUARANTINE,Q15A,QUARANTINE_BIO_FINAL_FLAG_Q15A,459af0d7d91c,0ff39de5a52e,q_code,Y,Y,Y,Y,N,Y,Y,Y,N,N,Y,N,Y,N,N,N,N,N,N,N,Y,Y,Y,Y,N,N,N,N,N,N
9f03b5216aeb,F27,REPAIR,,REPAIR_F27_ADA,41fcc1363a80,7633c2986317,positivity_adjudication_rule,Y,Y,Y,Y,Y,Y,Y,Y,Y,N,Y,N,Y,N,N,N,N,N,N,N,N,N,N,N,N,N,N,N,N,Y
d7107eb34ba2,F27,QUARANTINE,Q15B,QUARANTINE_LEGACY_FLAG_UNDOC_Q15B,459af0d7d91c,fc80a095c5ee,q_code,Y,Y,Y,Y,Y,Y,Y,Y,N,N,Y,N,Y,N,N,N,N,N,N,N,N,N,N,Y,N,N,N,N,N,N
16654d9155c2,F27,REPAIR,,REPAIR_F27_ADA_CMTM,bc3e0088a4a8,3714214a844f,"cmt_analyte_policy,positivity_adjudication_rule",Y,Y,Y,Y,Y,Y,Y,Y,Y,N,Y,N,Y,N,N,N,N,N,Y,N,N,Y,N,N,N,N,N,N,N,Y
176bbbb1759c,F27,QUARANTINE,Q15B,QUARANTINE_LEGACY_FLAG_UNDOC_Q15B,459af0d7d91c,fc80a095c5ee,q_code,Y,Y,Y,Y,Y,Y,Y,Y,N,N,Y,N,Y,N,N,N,N,N,N,N,N,Y,N,Y,N,N,N,N,N,N
cd2a7cae220f,F27,REPAIR,,REPAIR_F27_ADA_DDIVP,6b8ec154a9fb,5a2c61a4b4b8,"cmt_analyte_policy,dual_cmt_policy,positivity_adjudication_rule",Y,Y,Y,Y,Y,Y,Y,Y,Y,N,Y,N,Y,N,N,N,N,N,Y,N,N,Y,Y,N,N,N,N,N,N,Y
9f3931cbc7d5,F27,QUARANTINE,Q15B,QUARANTINE_LEGACY_FLAG_UNDOC_Q15B,459af0d7d91c,fc80a095c5ee,q_code,Y,Y,Y,Y,Y,Y,Y,Y,N,N,Y,N,Y,N,N,N,N,N,N,N,N,Y,Y,Y,N,N,N,N,N,N
5a1db2beb52d,F27,AUTO,,AUTO_F27_MRNA,375dc3d886a9,44136fa355b3,,Y,Y,Y,Y,Y,Y,Y,Y,Y,N,Y,N,Y,N,N,N,N,N,N,N,N,N,N,N,Y,N,N,N,N,N
01f74e638ca6,F27,QUARANTINE,Q15B,QUARANTINE_ADDL_CONFLICT_Q15B,459af0d7d91c,fc80a095c5ee,q_code,Y,Y,Y,Y,Y,Y,Y,Y,N,N,Y,N,Y,N,N,N,N,N,N,N,N,N,N,Y,Y,N,N,N,N,N
cfc11dbb1c36,F27,REPAIR,,REPAIR_F27_CMTM,625092f45d69,3d9b119a827c,cmt_analyte_policy,Y,Y,Y,Y,Y,Y,Y,Y,Y,N,Y,N,Y,N,N,N,N,N,Y,N,N,Y,N,N,Y,N,N,N,N,N
404d2889791c,F27,QUARANTINE,Q15B,QUARANTINE_ADDL_CONFLICT_Q15B,459af0d7d91c,fc80a095c5ee,q_code,Y,Y,Y,Y,Y,Y,Y,Y,N,N,Y,N,Y,N,N,N,N,N,N,N,N,Y,N,Y,Y,N,N,N,N,N
b3119276cb45,F27,REPAIR,,REPAIR_F27_DDIVP,9778a409567c,3b6e37a453cb,"cmt_analyte_policy,dual_cmt_policy",Y,Y,Y,Y,Y,Y,Y,Y,Y,N,Y,N,Y,N,N,N,N,N,Y,N,N,Y,Y,N,Y,N,N,N,N,N
b7622dd0314f,F27,QUARANTINE,Q15B,QUARANTINE_ADDL_CONFLICT_Q15B,459af0d7d91c,fc80a095c5ee,q_code,Y,Y,Y,Y,Y,Y,Y,Y,N,N,Y,N,Y,N,N,N,N,N,N,N,N,Y,Y,Y,Y,N,N,N,N,N
99b2dced4906,F27,REPAIR,,REPAIR_F27_BLQ,f67c49c740b6,5598114a142c,blq_handling_policy,Y,Y,Y,Y,Y,Y,Y,Y,Y,N,Y,N,Y,Y,N,N,N,N,N,N,N,N,N,N,Y,N,N,N,N,N
a9beaa56495e,F27,QUARANTINE,Q15B,QUARANTINE_ADDL_CONFLICT_Q15B,459af0d7d91c,fc80a095c5ee,q_code,Y,Y,Y,Y,Y,Y,Y,Y,N,N,Y,N,Y,N,N,N,N,N,N,N,N,N,N,Y,Y,N,N,N,N,N
456272c323a2,F27,REPAIR,,REPAIR_F27_BLQ_CMTM,ad950bea7a00,b0d8a8150750,"blq_handling_policy,cmt_analyte_policy",Y,Y,Y,Y,Y,Y,Y,Y,Y,N,Y,N,Y,Y,N,N,N,N,Y,N,N,Y,N,N,Y,N,N,N,N,N
44adc16b9b81,F27,QUARANTINE,Q15B,QUARANTINE_ADDL_CONFLICT_Q15B,459af0d7d91c,fc80a095c5ee,q_code,Y,Y,Y,Y,Y,Y,Y,Y,N,N,Y,N,Y,N,N,N,N,N,N,N,N,Y,N,Y,Y,N,N,N,N,N
b6af1cb8faf2,F27,REPAIR,,REPAIR_F27_BLQ_DDIVP,f452000cd78c,1a93afeda678,"blq_handling_policy,cmt_analyte_policy,dual_cmt_policy",Y,Y,Y,Y,Y,Y,Y,Y,Y,N,Y,N,Y,Y,N,N,N,N,Y,N,N,Y,Y,N,Y,N,N,N,N,N
d73903ecb207,F27,QUARANTINE,Q15B,QUARANTINE_ADDL_CONFLICT_Q15B,459af0d7d91c,fc80a095c5ee,q_code,Y,Y,Y,Y,Y,Y,Y,Y,N,N,Y,N,Y,N,N,N,N,N,N,N,N,Y,Y,Y,Y,N,N,N,N,N
5f2846d0c1f1,F27,QUARANTINE,Q15A,QUARANTINE_BIO_FINAL_FLAG_Q15A,459af0d7d91c,0ff39de5a52e,q_code,Y,Y,Y,Y,N,Y,Y,Y,N,N,Y,N,Y,N,N,N,N,N,N,N,Y,N,N,N,Y,N,N,N,N,N
fef67031c29d,F27,QUARANTINE,Q15A,QUARANTINE_BIO_FINAL_FLAG_Q15A,459af0d7d91c,0ff39de5a52e,q_code,Y,Y,Y,Y,N,Y,Y,Y,N,N,Y,N,Y,N,N,N,N,N,N,N,Y,N,N,Y,Y,N,N,N,N,N
850e3912a04c,F27,QUARANTINE,Q15A,QUARANTINE_BIO_FINAL_FLAG_Q15A,459af0d7d91c,0ff39de5a52e,q_code,Y,Y,Y,Y,N,Y,Y,Y,N,N,Y,N,Y,N,N,N,N,N,N,N,Y,Y,N,N,Y,N,N,N,N,N
cab5b778e651,F27,QUARANTINE,Q15A,QUARANTINE_BIO_FINAL_FLAG_Q15A,459af0d7d91c,0ff39de5a52e,q_code,Y,Y,Y,Y,N,Y,Y,Y,N,N,Y,N,Y,N,N,N,N,N,N,N,Y,Y,N,Y,Y,N,N,N,N,N
889fdec1bba9,F27,QUARANTINE,Q15A,QUARANTINE_BIO_FINAL_FLAG_Q15A,459af0d7d91c,0ff39de5a52e,q_code,Y,Y,Y,Y,N,Y,Y,Y,N,N,Y,N,Y,N,N,N,N,N,N,N,Y,Y,Y,N,Y,N,N,N,N,N
76417d289e7a,F27,QUARANTINE,Q15A,QUARANTINE_BIO_FINAL_FLAG_Q15A,459af0d7d91c,0ff39de5a52e,q_code,Y,Y,Y,Y,N,Y,Y,Y,N,N,Y,N,Y,N,N,N,N,N,N,N,Y,Y,Y,Y,Y,N,N,N,N,N
3dcbf20dde19,F27,REPAIR,,REPAIR_F27_ADA,41fcc1363a80,7633c2986317,positivity_adjudication_rule,Y,Y,Y,Y,Y,Y,Y,Y,Y,N,Y,N,Y,N,N,N,N,N,N,N,N,N,N,N,Y,N,N,N,N,Y
4ca5def13a9f,F27,QUARANTINE,Q15B,QUARANTINE_ADDL_CONFLICT_Q15B,459af0d7d91c,fc80a095c5ee,q_code,Y,Y,Y,Y,Y,Y,Y,Y,N,N,Y,N,Y,N,N,N,N,N,N,N,N,N,N,Y,Y,N,N,N,N,N
28059d063112,F27,REPAIR,,REPAIR_F27_ADA_CMTM,bc3e0088a4a8,3714214a844f,"cmt_analyte_policy,positivity_adjudication_rule",Y,Y,Y,Y,Y,Y,Y,Y,Y,N,Y,N,Y,N,N,N,N,N,Y,N,N,Y,N,N,Y,N,N,N,N,Y
462b7ed643b7,F27,QUARANTINE,Q15B,QUARANTINE_ADDL_CONFLICT_Q15B,459af0d7d91c,fc80a095c5ee,q_code,Y,Y,Y,Y,Y,Y,Y,Y,N,N,Y,N,Y,N,N,N,N,N,N,N,N,Y,N,Y,Y,N,N,N,N,N
52f0f21221c3,F27,REPAIR,,REPAIR_F27_ADA_DDIVP,6b8ec154a9fb,5a2c61a4b4b8,"cmt_analyte_policy,dual_cmt_policy,positivity_adjudication_rule",Y,Y,Y,Y,Y,Y,Y,Y,Y,N,Y,N,Y,N,N,N,N,N,Y,N,N,Y,Y,N,Y,N,N,N,N,Y
099600851ec2,F27,QUARANTINE,Q15B,QUARANTINE_ADDL_CONFLICT_Q15B,459af0d7d91c,fc80a095c5ee,q_code,Y,Y,Y,Y,Y,Y,Y,Y,N,N,Y,N,Y,N,N,N,N,N,N,N,N,Y,Y,Y,Y,N,N,N,N,N
3955bf05b3d4,F29,REPAIR,,REPAIR_F29_DYAD_TPP,97865932be64,45e1c27c5262,"delivery_anchor_policy,dyad_linkage_policy",Y,Y,Y,Y,Y,Y,Y,Y,Y,N,N,Y,N,N,N,N,N,Y,N,Y,N,N,N,N,N,N,N,N,N,N
de99fcbc0a57,F29,QUARANTINE,Q15B,QUARANTINE_LEGACY_FLAG_UNDOC_Q15B,459af0d7d91c,fc80a095c5ee,q_code,Y,Y,Y,Y,Y,Y,Y,Y,N,N,N,Y,N,N,N,N,N,N,N,N,N,N,N,Y,N,N,N,N,N,N
438319dc6b35,F29,REPAIR,,REPAIR_F29_DYAD_TPP_CMTM,15a5313d2524,32d2b039727e,"cmt_analyte_policy,delivery_anchor_policy,dyad_linkage_policy",Y,Y,Y,Y,Y,Y,Y,Y,Y,N,N,Y,N,N,N,N,N,Y,Y,Y,N,Y,N,N,N,N,N,N,N,N
acc146879e2f,F29,QUARANTINE,Q15B,QUARANTINE_LEGACY_FLAG_UNDOC_Q15B,459af0d7d91c,fc80a095c5ee,q_code,Y,Y,Y,Y,Y,Y,Y,Y,N,N,N,Y,N,N,N,N,N,N,N,N,N,Y,N,Y,N,N,N,N,N,N
e61b6fae79fb,F29,REPAIR,,REPAIR_F29_DYAD_TPP_DDIVP,5a6233bcb2e8,f568e654a9aa,"cmt_analyte_policy,delivery_anchor_policy,dual_cmt_policy,dyad_linkage_policy",Y,Y,Y,Y,Y,Y,Y,Y,Y,N,N,Y,N,N,N,N,N,Y,Y,Y,N,Y,Y,N,N,N,N,N,N,N
e945f137e892,F29,QUARANTINE,Q15B,QUARANTINE_LEGACY_FLAG_UNDOC_Q15B,459af0d7d91c,fc80a095c5ee,q_code,Y,Y,Y,Y,Y,Y,Y,Y,N,N,N,Y,N,N,N,N,N,N,N,N,N,Y,Y,Y,N,N,N,N,N,N
7a2be80fb7d5,F29,REPAIR,,REPAIR_F29_DYAD_TPP_BLQ,8c22237a37c4,3279ed33f176,"blq_handling_policy,delivery_anchor_policy,dyad_linkage_policy",Y,Y,Y,Y,Y,Y,Y,Y,Y,N,N,Y,N,Y,N,N,N,Y,N,Y,N,N,N,N,N,N,N,N,N,N
2e9a1ea29a6c,F29,QUARANTINE,Q15B,QUARANTINE_LEGACY_FLAG_UNDOC_Q15B,459af0d7d91c,fc80a095c5ee,q_code,Y,Y,Y,Y,Y,Y,Y,Y,N,N,N,Y,N,N,N,N,N,N,N,N,N,N,N,Y,N,N,N,N,N,N
406292864adf,F29,REPAIR,,REPAIR_F29_DYAD_TPP_BLQ_CMTM,e410254a7055,6beee30b3569,"blq_handling_policy,cmt_analyte_policy,delivery_anchor_policy,dyad_linkage_policy",Y,Y,Y,Y,Y,Y,Y,Y,Y,N,N,Y,N,Y,N,N,N,Y,Y,Y,N,Y,N,N,N,N,N,N,N,N
5df4314f0201,F29,QUARANTINE,Q15B,QUARANTINE_LEGACY_FLAG_UNDOC_Q15B,459af0d7d91c,fc80a095c5ee,q_code,Y,Y,Y,Y,Y,Y,Y,Y,N,N,N,Y,N,N,N,N,N,N,N,N,N,Y,N,Y,N,N,N,N,N,N
dc7eb8f00868,F29,REPAIR,,REPAIR_F29_DYAD_TPP_BLQ_DDIVP,a6c25aa444ee,9e71434ff1df,"blq_handling_policy,cmt_analyte_policy,delivery_anchor_policy,dual_cmt_policy,dyad_linkage_policy",Y,Y,Y,Y,Y,Y,Y,Y,Y,N,N,Y,N,Y,N,N,N,Y,Y,Y,N,Y,Y,N,N,N,N,N,N,N
448da51ee7c7,F29,QUARANTINE,Q15B,QUARANTINE_LEGACY_FLAG_UNDOC_Q15B,459af0d7d91c,fc80a095c5ee,q_code,Y,Y,Y,Y,Y,Y,Y,Y,N,N,N,Y,N,N,N,N,N,N,N,N,N,Y,Y,Y,N,N,N,N,N,N
36a66640d6b8,F29,QUARANTINE,Q15A,QUARANTINE_BIO_FINAL_FLAG_Q15A,459af0d7d91c,0ff39de5a52e,q_code,Y,Y,Y,Y,N,Y,Y,Y,N,N,N,Y,N,N,N,N,N,N,N,N,Y,N,N,N,N,N,N,N,N,N
2ef968b455bf,F29,QUARANTINE,Q15A,QUARANTINE_BIO_FINAL_FLAG_Q15A,459af0d7d91c,0ff39de5a52e,q_code,Y,Y,Y,Y,N,Y,Y,Y,N,N,N,Y,N,N,N,N,N,N,N,N,Y,N,N,Y,N,N,N,N,N,N
21ae1d4faf4d,F29,QUARANTINE,Q15A,QUARANTINE_BIO_FINAL_FLAG_Q15A,459af0d7d91c,0ff39de5a52e,q_code,Y,Y,Y,Y,N,Y,Y,Y,N,N,N,Y,N,N,N,N,N,N,N,N,Y,Y,N,N,N,N,N,N,N,N
0b5f467bc3a3,F29,QUARANTINE,Q15A,QUARANTINE_BIO_FINAL_FLAG_Q15A,459af0d7d91c,0ff39de5a52e,q_code,Y,Y,Y,Y,N,Y,Y,Y,N,N,N,Y,N,N,N,N,N,N,N,N,Y,Y,N,Y,N,N,N,N,N,N
94a36ad5b3ae,F29,QUARANTINE,Q15A,QUARANTINE_BIO_FINAL_FLAG_Q15A,459af0d7d91c,0ff39de5a52e,q_code,Y,Y,Y,Y,N,Y,Y,Y,N,N,N,Y,N,N,N,N,N,N,N,N,Y,Y,Y,N,N,N,N,N,N,N
ef0486d4a9ac,F29,QUARANTINE,Q15A,QUARANTINE_BIO_FINAL_FLAG_Q15A,459af0d7d91c,0ff39de5a52e,q_code,Y,Y,Y,Y,N,Y,Y,Y,N,N,N,Y,N,N,N,N,N,N,N,N,Y,Y,Y,Y,N,N,N,N,N,N
05cd1c0aba27,F29,REPAIR,,REPAIR_F29_DYAD_TPP,97865932be64,45e1c27c5262,"delivery_anchor_policy,dyad_linkage_policy",Y,Y,Y,Y,Y,Y,Y,Y,Y,N,N,Y,N,N,N,N,N,Y,N,Y,N,N,N,N,Y,N,N,N,N,N
8d973647519a,F29,QUARANTINE,Q15B,QUARANTINE_ADDL_CONFLICT_Q15B,459af0d7d91c,fc80a095c5ee,q_code,Y,Y,Y,Y,Y,Y,Y,Y,N,N,N,Y,N,N,N,N,N,N,N,N,N,N,N,Y,Y,N,N,N,N,N
4ce9fb66c8cc,F29,REPAIR,,REPAIR_F29_DYAD_TPP_CMTM,15a5313d2524,32d2b039727e,"cmt_analyte_policy,delivery_anchor_policy,dyad_linkage_policy",Y,Y,Y,Y,Y,Y,Y,Y,Y,N,N,Y,N,N,N,N,N,Y,Y,Y,N,Y,N,N,Y,N,N,N,N,N
aba895119570,F29,QUARANTINE,Q15B,QUARANTINE_ADDL_CONFLICT_Q15B,459af0d7d91c,fc80a095c5ee,q_code,Y,Y,Y,Y,Y,Y,Y,Y,N,N,N,Y,N,N,N,N,N,N,N,N,N,Y,N,Y,Y,N,N,N,N,N
4e3ecd162010,F29,REPAIR,,REPAIR_F29_DYAD_TPP_DDIVP,5a6233bcb2e8,f568e654a9aa,"cmt_analyte_policy,delivery_anchor_policy,dual_cmt_policy,dyad_linkage_policy",Y,Y,Y,Y,Y,Y,Y,Y,Y,N,N,Y,N,N,N,N,N,Y,Y,Y,N,Y,Y,N,Y,N,N,N,N,N
f89f3c0f1ea8,F29,QUARANTINE,Q15B,QUARANTINE_ADDL_CONFLICT_Q15B,459af0d7d91c,fc80a095c5ee,q_code,Y,Y,Y,Y,Y,Y,Y,Y,N,N,N,Y,N,N,N,N,N,N,N,N,N,Y,Y,Y,Y,N,N,N,N,N
b7fd97dda83e,F29,REPAIR,,REPAIR_F29_DYAD_TPP_BLQ,8c22237a37c4,3279ed33f176,"blq_handling_policy,delivery_anchor_policy,dyad_linkage_policy",Y,Y,Y,Y,Y,Y,Y,Y,Y,N,N,Y,N,Y,N,N,N,Y,N,Y,N,N,N,N,Y,N,N,N,N,N
76aa5d5828f3,F29,QUARANTINE,Q15B,QUARANTINE_ADDL_CONFLICT_Q15B,459af0d7d91c,fc80a095c5ee,q_code,Y,Y,Y,Y,Y,Y,Y,Y,N,N,N,Y,N,N,N,N,N,N,N,N,N,N,N,Y,Y,N,N,N,N,N
d8ea7ae0dd32,F29,REPAIR,,REPAIR_F29_DYAD_TPP_BLQ_CMTM,e410254a7055,6beee30b3569,"blq_handling_policy,cmt_analyte_policy,delivery_anchor_policy,dyad_linkage_policy",Y,Y,Y,Y,Y,Y,Y,Y,Y,N,N,Y,N,Y,N,N,N,Y,Y,Y,N,Y,N,N,Y,N,N,N,N,N
db7994446af3,F29,QUARANTINE,Q15B,QUARANTINE_ADDL_CONFLICT_Q15B,459af0d7d91c,fc80a095c5ee,q_code,Y,Y,Y,Y,Y,Y,Y,Y,N,N,N,Y,N,N,N,N,N,N,N,N,N,Y,N,Y,Y,N,N,N,N,N
3e9f4db5d139,F29,REPAIR,,REPAIR_F29_DYAD_TPP_BLQ_DDIVP,a6c25aa444ee,9e71434ff1df,"blq_handling_policy,cmt_analyte_policy,delivery_anchor_policy,dual_cmt_policy,dyad_linkage_policy",Y,Y,Y,Y,Y,Y,Y,Y,Y,N,N,Y,N,Y,N,N,N,Y,Y,Y,N,Y,Y,N,Y,N,N,N,N,N
c50e5d61970b,F29,QUARANTINE,Q15B,QUARANTINE_ADDL_CONFLICT_Q15B,459af0d7d91c,fc80a095c5ee,q_code,Y,Y,Y,Y,Y,Y,Y,Y,N,N,N,Y,N,N,N,N,N,N,N,N,N,Y,Y,Y,Y,N,N,N,N,N
21211f1e9401,F29,QUARANTINE,Q15A,QUARANTINE_BIO_FINAL_FLAG_Q15A,459af0d7d91c,0ff39de5a52e,q_code,Y,Y,Y,Y,N,Y,Y,Y,N,N,N,Y,N,N,N,N,N,N,N,N,Y,N,N,N,Y,N,N,N,N,N
ec497b9f6e5b,F29,QUARANTINE,Q15A,QUARANTINE_BIO_FINAL_FLAG_Q15A,459af0d7d91c,0ff39de5a52e,q_code,Y,Y,Y,Y,N,Y,Y,Y,N,N,N,Y,N,N,N,N,N,N,N,N,Y,N,N,Y,Y,N,N,N,N,N
145af3889f4d,F29,QUARANTINE,Q15A,QUARANTINE_BIO_FINAL_FLAG_Q15A,459af0d7d91c,0ff39de5a52e,q_code,Y,Y,Y,Y,N,Y,Y,Y,N,N,N,Y,N,N,N,N,N,N,N,N,Y,Y,N,N,Y,N,N,N,N,N
21d00ba00a26,F29,QUARANTINE,Q15A,QUARANTINE_BIO_FINAL_FLAG_Q15A,459af0d7d91c,0ff39de5a52e,q_code,Y,Y,Y,Y,N,Y,Y,Y,N,N,N,Y,N,N,N,N,N,N,N,N,Y,Y,N,Y,Y,N,N,N,N,N
4af3d1fecb6d,F29,QUARANTINE,Q15A,QUARANTINE_BIO_FINAL_FLAG_Q15A,459af0d7d91c,0ff39de5a52e,q_code,Y,Y,Y,Y,N,Y,Y,Y,N,N,N,Y,N,N,N,N,N,N,N,N,Y,Y,Y,N,Y,N,N,N,N,N
47199ae6b74b,F29,QUARANTINE,Q15A,QUARANTINE_BIO_FINAL_FLAG_Q15A,459af0d7d91c,0ff39de5a52e,q_code,Y,Y,Y,Y,N,Y,Y,Y,N,N,N,Y,N,N,N,N,N,N,N,N,Y,Y,Y,Y,Y,N,N,N,N,N
400a3c393dda,F29,REPAIR,,REPAIR_F29_DYAD_TPP,97865932be64,45e1c27c5262,"delivery_anchor_policy,dyad_linkage_policy",Y,Y,Y,Y,Y,Y,Y,Y,Y,N,N,Y,N,N,N,N,N,Y,N,Y,N,N,N,N,N,N,N,N,N,N
290eb71d9126,F29,QUARANTINE,Q15B,QUARANTINE_LEGACY_FLAG_UNDOC_Q15B,459af0d7d91c,fc80a095c5ee,q_code,Y,Y,Y,Y,Y,Y,Y,Y,N,N,N,Y,N,N,N,N,N,N,N,N,N,N,N,Y,N,N,N,N,N,N
cf228ef6acb1,F29,REPAIR,,REPAIR_F29_DYAD_TPP_CMTM,15a5313d2524,32d2b039727e,"cmt_analyte_policy,delivery_anchor_policy,dyad_linkage_policy",Y,Y,Y,Y,Y,Y,Y,Y,Y,N,N,Y,N,N,N,N,N,Y,Y,Y,N,Y,N,N,N,N,N,N,N,N
04e06a310a6c,F29,QUARANTINE,Q15B,QUARANTINE_LEGACY_FLAG_UNDOC_Q15B,459af0d7d91c,fc80a095c5ee,q_code,Y,Y,Y,Y,Y,Y,Y,Y,N,N,N,Y,N,N,N,N,N,N,N,N,N,Y,N,Y,N,N,N,N,N,N
0cbf42a738f0,F29,REPAIR,,REPAIR_F29_DYAD_TPP_DDIVP,5a6233bcb2e8,f568e654a9aa,"cmt_analyte_policy,delivery_anchor_policy,dual_cmt_policy,dyad_linkage_policy",Y,Y,Y,Y,Y,Y,Y,Y,Y,N,N,Y,N,N,N,N,N,Y,Y,Y,N,Y,Y,N,N,N,N,N,N,N
c83d329450b5,F29,QUARANTINE,Q15B,QUARANTINE_LEGACY_FLAG_UNDOC_Q15B,459af0d7d91c,fc80a095c5ee,q_code,Y,Y,Y,Y,Y,Y,Y,Y,N,N,N,Y,N,N,N,N,N,N,N,N,N,Y,Y,Y,N,N,N,N,N,N
be71e8b1c6dd,F29,REPAIR,,REPAIR_F29_DYAD_TPP_BLQ,8c22237a37c4,3279ed33f176,"blq_handling_policy,delivery_anchor_policy,dyad_linkage_policy",Y,Y,Y,Y,Y,Y,Y,Y,Y,N,N,Y,N,Y,N,N,N,Y,N,Y,N,N,N,N,N,N,N,N,N,N
bbcc81efad96,F29,QUARANTINE,Q15B,QUARANTINE_LEGACY_FLAG_UNDOC_Q15B,459af0d7d91c,fc80a095c5ee,q_code,Y,Y,Y,Y,Y,Y,Y,Y,N,N,N,Y,N,N,N,N,N,N,N,N,N,N,N,Y,N,N,N,N,N,N
1f38ed1a9e7f,F29,REPAIR,,REPAIR_F29_DYAD_TPP_BLQ_CMTM,e410254a7055,6beee30b3569,"blq_handling_policy,cmt_analyte_policy,delivery_anchor_policy,dyad_linkage_policy",Y,Y,Y,Y,Y,Y,Y,Y,Y,N,N,Y,N,Y,N,N,N,Y,Y,Y,N,Y,N,N,N,N,N,N,N,N
b372ab62b77b,F29,QUARANTINE,Q15B,QUARANTINE_LEGACY_FLAG_UNDOC_Q15B,459af0d7d91c,fc80a095c5ee,q_code,Y,Y,Y,Y,Y,Y,Y,Y,N,N,N,Y,N,N,N,N,N,N,N,N,N,Y,N,Y,N,N,N,N,N,N
2b68b39957ab,F29,REPAIR,,REPAIR_F29_DYAD_TPP_BLQ_DDIVP,a6c25aa444ee,9e71434ff1df,"blq_handling_policy,cmt_analyte_policy,delivery_anchor_policy,dual_cmt_policy,dyad_linkage_policy",Y,Y,Y,Y,Y,Y,Y,Y,Y,N,N,Y,N,Y,N,N,N,Y,Y,Y,N,Y,Y,N,N,N,N,N,N,N
53ca4637e8ac,F29,QUARANTINE,Q15B,QUARANTINE_LEGACY_FLAG_UNDOC_Q15B,459af0d7d91c,fc80a095c5ee,q_code,Y,Y,Y,Y,Y,Y,Y,Y,N,N,N,Y,N,N,N,N,N,N,N,N,N,Y,Y,Y,N,N,N,N,N,N
a33dc60e3eb7,F29,QUARANTINE,Q15A,QUARANTINE_BIO_FINAL_FLAG_Q15A,459af0d7d91c,0ff39de5a52e,q_code,Y,Y,Y,Y,N,Y,Y,Y,N,N,N,Y,N,N,N,N,N,N,N,N,Y,N,N,N,N,N,N,N,N,N
b04bed0ddba0,F29,QUARANTINE,Q15A,QUARANTINE_BIO_FINAL_FLAG_Q15A,459af0d7d91c,0ff39de5a52e,q_code,Y,Y,Y,Y,N,Y,Y,Y,N,N,N,Y,N,N,N,N,N,N,N,N,Y,N,N,Y,N,N,N,N,N,N
dc44b12b5e95,F29,QUARANTINE,Q15A,QUARANTINE_BIO_FINAL_FLAG_Q15A,459af0d7d91c,0ff39de5a52e,q_code,Y,Y,Y,Y,N,Y,Y,Y,N,N,N,Y,N,N,N,N,N,N,N,N,Y,Y,N,N,N,N,N,N,N,N
22bb0d93ea44,F29,QUARANTINE,Q15A,QUARANTINE_BIO_FINAL_FLAG_Q15A,459af0d7d91c,0ff39de5a52e,q_code,Y,Y,Y,Y,N,Y,Y,Y,N,N,N,Y,N,N,N,N,N,N,N,N,Y,Y,N,Y,N,N,N,N,N,N
238be7760809,F29,QUARANTINE,Q15A,QUARANTINE_BIO_FINAL_FLAG_Q15A,459af0d7d91c,0ff39de5a52e,q_code,Y,Y,Y,Y,N,Y,Y,Y,N,N,N,Y,N,N,N,N,N,N,N,N,Y,Y,Y,N,N,N,N,N,N,N
27cf77065f71,F29,QUARANTINE,Q15A,QUARANTINE_BIO_FINAL_FLAG_Q15A,459af0d7d91c,0ff39de5a52e,q_code,Y,Y,Y,Y,N,Y,Y,Y,N,N,N,Y,N,N,N,N,N,N,N,N,Y,Y,Y,Y,N,N,N,N,N,N
7ec7acbab4c0,F29,REPAIR,,REPAIR_F29_DYAD_TPP,97865932be64,45e1c27c5262,"delivery_anchor_policy,dyad_linkage_policy",Y,Y,Y,Y,Y,Y,Y,Y,Y,N,N,Y,N,N,N,N,N,Y,N,Y,N,N,N,N,Y,N,N,N,N,N
0b8aeda8ed70,F29,QUARANTINE,Q15B,QUARANTINE_ADDL_CONFLICT_Q15B,459af0d7d91c,fc80a095c5ee,q_code,Y,Y,Y,Y,Y,Y,Y,Y,N,N,N,Y,N,N,N,N,N,N,N,N,N,N,N,Y,Y,N,N,N,N,N
726eebc95801,F29,REPAIR,,REPAIR_F29_DYAD_TPP_CMTM,15a5313d2524,32d2b039727e,"cmt_analyte_policy,delivery_anchor_policy,dyad_linkage_policy",Y,Y,Y,Y,Y,Y,Y,Y,Y,N,N,Y,N,N,N,N,N,Y,Y,Y,N,Y,N,N,Y,N,N,N,N,N
092967ef316b,F29,QUARANTINE,Q15B,QUARANTINE_ADDL_CONFLICT_Q15B,459af0d7d91c,fc80a095c5ee,q_code,Y,Y,Y,Y,Y,Y,Y,Y,N,N,N,Y,N,N,N,N,N,N,N,N,N,Y,N,Y,Y,N,N,N,N,N
a7375e3f6fea,F29,REPAIR,,REPAIR_F29_DYAD_TPP_DDIVP,5a6233bcb2e8,f568e654a9aa,"cmt_analyte_policy,delivery_anchor_policy,dual_cmt_policy,dyad_linkage_policy",Y,Y,Y,Y,Y,Y,Y,Y,Y,N,N,Y,N,N,N,N,N,Y,Y,Y,N,Y,Y,N,Y,N,N,N,N,N
2fc5291d917f,F29,QUARANTINE,Q15B,QUARANTINE_ADDL_CONFLICT_Q15B,459af0d7d91c,fc80a095c5ee,q_code,Y,Y,Y,Y,Y,Y,Y,Y,N,N,N,Y,N,N,N,N,N,N,N,N,N,Y,Y,Y,Y,N,N,N,N,N
fc08ae29a8e1,F29,REPAIR,,REPAIR_F29_DYAD_TPP_BLQ,8c22237a37c4,3279ed33f176,"blq_handling_policy,delivery_anchor_policy,dyad_linkage_policy",Y,Y,Y,Y,Y,Y,Y,Y,Y,N,N,Y,N,Y,N,N,N,Y,N,Y,N,N,N,N,Y,N,N,N,N,N
1d8f81549771,F29,QUARANTINE,Q15B,QUARANTINE_ADDL_CONFLICT_Q15B,459af0d7d91c,fc80a095c5ee,q_code,Y,Y,Y,Y,Y,Y,Y,Y,N,N,N,Y,N,N,N,N,N,N,N,N,N,N,N,Y,Y,N,N,N,N,N
7d815053ef70,F29,REPAIR,,REPAIR_F29_DYAD_TPP_BLQ_CMTM,e410254a7055,6beee30b3569,"blq_handling_policy,cmt_analyte_policy,delivery_anchor_policy,dyad_linkage_policy",Y,Y,Y,Y,Y,Y,Y,Y,Y,N,N,Y,N,Y,N,N,N,Y,Y,Y,N,Y,N,N,Y,N,N,N,N,N
07e894c5961f,F29,QUARANTINE,Q15B,QUARANTINE_ADDL_CONFLICT_Q15B,459af0d7d91c,fc80a095c5ee,q_code,Y,Y,Y,Y,Y,Y,Y,Y,N,N,N,Y,N,N,N,N,N,N,N,N,N,Y,N,Y,Y,N,N,N,N,N
c06f7d0749ad,F29,REPAIR,,REPAIR_F29_DYAD_TPP_BLQ_DDIVP,a6c25aa444ee,9e71434ff1df,"blq_handling_policy,cmt_analyte_policy,delivery_anchor_policy,dual_cmt_policy,dyad_linkage_policy",Y,Y,Y,Y,Y,Y,Y,Y,Y,N,N,Y,N,Y,N,N,N,Y,Y,Y,N,Y,Y,N,Y,N,N,N,N,N
ec86db75cfd3,F29,QUARANTINE,Q15B,QUARANTINE_ADDL_CONFLICT_Q15B,459af0d7d91c,fc80a095c5ee,q_code,Y,Y,Y,Y,Y,Y,Y,Y,N,N,N,Y,N,N,N,N,N,N,N,N,N,Y,Y,Y,Y,N,N,N,N,N
714ebef0aae2,F29,QUARANTINE,Q15A,QUARANTINE_BIO_FINAL_FLAG_Q15A,459af0d7d91c,0ff39de5a52e,q_code,Y,Y,Y,Y,N,Y,Y,Y,N,N,N,Y,N,N,N,N,N,N,N,N,Y,N,N,N,Y,N,N,N,N,N
07b1e90eb2f1,F29,QUARANTINE,Q15A,QUARANTINE_BIO_FINAL_FLAG_Q15A,459af0d7d91c,0ff39de5a52e,q_code,Y,Y,Y,Y,N,Y,Y,Y,N,N,N,Y,N,N,N,N,N,N,N,N,Y,N,N,Y,Y,N,N,N,N,N
35816e7a7d02,F29,QUARANTINE,Q15A,QUARANTINE_BIO_FINAL_FLAG_Q15A,459af0d7d91c,0ff39de5a52e,q_code,Y,Y,Y,Y,N,Y,Y,Y,N,N,N,Y,N,N,N,N,N,N,N,N,Y,Y,N,N,Y,N,N,N,N,N
47b4356eb79a,F29,QUARANTINE,Q15A,QUARANTINE_BIO_FINAL_FLAG_Q15A,459af0d7d91c,0ff39de5a52e,q_code,Y,Y,Y,Y,N,Y,Y,Y,N,N,N,Y,N,N,N,N,N,N,N,N,Y,Y,N,Y,Y,N,N,N,N,N
4464c541dddb,F29,QUARANTINE,Q15A,QUARANTINE_BIO_FINAL_FLAG_Q15A,459af0d7d91c,0ff39de5a52e,q_code,Y,Y,Y,Y,N,Y,Y,Y,N,N,N,Y,N,N,N,N,N,N,N,N,Y,Y,Y,N,Y,N,N,N,N,N
9eb913f48c19,F29,QUARANTINE,Q15A,QUARANTINE_BIO_FINAL_FLAG_Q15A,459af0d7d91c,0ff39de5a52e,q_code,Y,Y,Y,Y,N,Y,Y,Y,N,N,N,Y,N,N,N,N,N,N,N,N,Y,Y,Y,Y,Y,N,N,N,N,N
38cb373cfe26,F29,AUTO,,AUTO_F29_SMALL_MOLECULE,375dc3d886a9,618a0d6b1220,milk_matrix_lloq_policy,Y,Y,Y,Y,Y,Y,Y,Y,Y,N,N,Y,N,N,N,N,N,N,N,N,N,N,N,N,N,N,N,N,N,N
84e263769187,F29,QUARANTINE,Q15B,QUARANTINE_LEGACY_FLAG_UNDOC_Q15B,459af0d7d91c,fc80a095c5ee,q_code,Y,Y,Y,Y,Y,Y,Y,Y,N,N,N,Y,N,N,N,N,N,N,N,N,N,N,N,Y,N,N,N,N,N,N
bc57110d0804,F29,REPAIR,,REPAIR_F29_MILK_CMTM,583831ecdc20,f2b7ee7dd571,"cmt_analyte_policy,milk_matrix_lloq_policy",Y,Y,Y,Y,Y,Y,Y,Y,Y,N,N,Y,N,N,N,N,N,N,Y,N,N,Y,N,N,N,N,N,N,N,N
72f03fc039cf,F29,QUARANTINE,Q15B,QUARANTINE_LEGACY_FLAG_UNDOC_Q15B,459af0d7d91c,fc80a095c5ee,q_code,Y,Y,Y,Y,Y,Y,Y,Y,N,N,N,Y,N,N,N,N,N,N,N,N,N,Y,N,Y,N,N,N,N,N,N
d08760fa8862,F29,REPAIR,,REPAIR_F29_MILK_DDIVP,be4ff92f7ae4,1a95278bf94f,"cmt_analyte_policy,dual_cmt_policy,milk_matrix_lloq_policy",Y,Y,Y,Y,Y,Y,Y,Y,Y,N,N,Y,N,N,N,N,N,N,Y,N,N,Y,Y,N,N,N,N,N,N,N
3c07fb997e61,F29,QUARANTINE,Q15B,QUARANTINE_LEGACY_FLAG_UNDOC_Q15B,459af0d7d91c,fc80a095c5ee,q_code,Y,Y,Y,Y,Y,Y,Y,Y,N,N,N,Y,N,N,N,N,N,N,N,N,N,Y,Y,Y,N,N,N,N,N,N
58bcedfc0302,F29,REPAIR,,REPAIR_F29_BLQ_MILK,7388bbe32c45,419516298d26,"blq_handling_policy,milk_matrix_lloq_policy",Y,Y,Y,Y,Y,Y,Y,Y,Y,N,N,Y,N,Y,N,N,N,N,N,N,N,N,N,N,N,N,N,N,N,N
79d58a13295a,F29,QUARANTINE,Q15B,QUARANTINE_LEGACY_FLAG_UNDOC_Q15B,459af0d7d91c,fc80a095c5ee,q_code,Y,Y,Y,Y,Y,Y,Y,Y,N,N,N,Y,N,N,N,N,N,N,N,N,N,N,N,Y,N,N,N,N,N,N
aa41cd9e9b1a,F29,REPAIR,,REPAIR_F29_BLQ_MILK_CMTM,d33ddf52e7c6,904a631ff246,"blq_handling_policy,cmt_analyte_policy,milk_matrix_lloq_policy",Y,Y,Y,Y,Y,Y,Y,Y,Y,N,N,Y,N,Y,N,N,N,N,Y,N,N,Y,N,N,N,N,N,N,N,N
73f5214f4d49,F29,QUARANTINE,Q15B,QUARANTINE_LEGACY_FLAG_UNDOC_Q15B,459af0d7d91c,fc80a095c5ee,q_code,Y,Y,Y,Y,Y,Y,Y,Y,N,N,N,Y,N,N,N,N,N,N,N,N,N,Y,N,Y,N,N,N,N,N,N
615db1a24cb9,F29,REPAIR,,REPAIR_F29_BLQ_MILK_DDIVP,89701750e622,d660099bcb07,"blq_handling_policy,cmt_analyte_policy,dual_cmt_policy,milk_matrix_lloq_policy",Y,Y,Y,Y,Y,Y,Y,Y,Y,N,N,Y,N,Y,N,N,N,N,Y,N,N,Y,Y,N,N,N,N,N,N,N
5fcd53899816,F29,QUARANTINE,Q15B,QUARANTINE_LEGACY_FLAG_UNDOC_Q15B,459af0d7d91c,fc80a095c5ee,q_code,Y,Y,Y,Y,Y,Y,Y,Y,N,N,N,Y,N,N,N,N,N,N,N,N,N,Y,Y,Y,N,N,N,N,N,N
64ef9ea5a30e,F29,QUARANTINE,Q15A,QUARANTINE_BIO_FINAL_FLAG_Q15A,459af0d7d91c,0ff39de5a52e,q_code,Y,Y,Y,Y,N,Y,Y,Y,N,N,N,Y,N,N,N,N,N,N,N,N,Y,N,N,N,N,N,N,N,N,N
3d4421057f3a,F29,QUARANTINE,Q15A,QUARANTINE_BIO_FINAL_FLAG_Q15A,459af0d7d91c,0ff39de5a52e,q_code,Y,Y,Y,Y,N,Y,Y,Y,N,N,N,Y,N,N,N,N,N,N,N,N,Y,N,N,Y,N,N,N,N,N,N
5399fd3f2aef,F29,QUARANTINE,Q15A,QUARANTINE_BIO_FINAL_FLAG_Q15A,459af0d7d91c,0ff39de5a52e,q_code,Y,Y,Y,Y,N,Y,Y,Y,N,N,N,Y,N,N,N,N,N,N,N,N,Y,Y,N,N,N,N,N,N,N,N
1c376b8d39f9,F29,QUARANTINE,Q15A,QUARANTINE_BIO_FINAL_FLAG_Q15A,459af0d7d91c,0ff39de5a52e,q_code,Y,Y,Y,Y,N,Y,Y,Y,N,N,N,Y,N,N,N,N,N,N,N,N,Y,Y,N,Y,N,N,N,N,N,N
738a855d319e,F29,QUARANTINE,Q15A,QUARANTINE_BIO_FINAL_FLAG_Q15A,459af0d7d91c,0ff39de5a52e,q_code,Y,Y,Y,Y,N,Y,Y,Y,N,N,N,Y,N,N,N,N,N,N,N,N,Y,Y,Y,N,N,N,N,N,N,N
13e701492fdb,F29,QUARANTINE,Q15A,QUARANTINE_BIO_FINAL_FLAG_Q15A,459af0d7d91c,0ff39de5a52e,q_code,Y,Y,Y,Y,N,Y,Y,Y,N,N,N,Y,N,N,N,N,N,N,N,N,Y,Y,Y,Y,N,N,N,N,N,N
b66db0ce4142,F29,AUTO,,AUTO_F29_SMALL_MOLECULE,375dc3d886a9,618a0d6b1220,milk_matrix_lloq_policy,Y,Y,Y,Y,Y,Y,Y,Y,Y,N,N,Y,N,N,N,N,N,N,N,N,N,N,N,N,Y,N,N,N,N,N
e237547669ca,F29,QUARANTINE,Q15B,QUARANTINE_ADDL_CONFLICT_Q15B,459af0d7d91c,fc80a095c5ee,q_code,Y,Y,Y,Y,Y,Y,Y,Y,N,N,N,Y,N,N,N,N,N,N,N,N,N,N,N,Y,Y,N,N,N,N,N
d49bab717d66,F29,REPAIR,,REPAIR_F29_MILK_CMTM,583831ecdc20,f2b7ee7dd571,"cmt_analyte_policy,milk_matrix_lloq_policy",Y,Y,Y,Y,Y,Y,Y,Y,Y,N,N,Y,N,N,N,N,N,N,Y,N,N,Y,N,N,Y,N,N,N,N,N
3166212c682a,F29,QUARANTINE,Q15B,QUARANTINE_ADDL_CONFLICT_Q15B,459af0d7d91c,fc80a095c5ee,q_code,Y,Y,Y,Y,Y,Y,Y,Y,N,N,N,Y,N,N,N,N,N,N,N,N,N,Y,N,Y,Y,N,N,N,N,N
f597bd8eaa65,F29,REPAIR,,REPAIR_F29_MILK_DDIVP,be4ff92f7ae4,1a95278bf94f,"cmt_analyte_policy,dual_cmt_policy,milk_matrix_lloq_policy",Y,Y,Y,Y,Y,Y,Y,Y,Y,N,N,Y,N,N,N,N,N,N,Y,N,N,Y,Y,N,Y,N,N,N,N,N
0225846b6411,F29,QUARANTINE,Q15B,QUARANTINE_ADDL_CONFLICT_Q15B,459af0d7d91c,fc80a095c5ee,q_code,Y,Y,Y,Y,Y,Y,Y,Y,N,N,N,Y,N,N,N,N,N,N,N,N,N,Y,Y,Y,Y,N,N,N,N,N
18c2c92b76e3,F29,REPAIR,,REPAIR_F29_BLQ_MILK,7388bbe32c45,419516298d26,"blq_handling_policy,milk_matrix_lloq_policy",Y,Y,Y,Y,Y,Y,Y,Y,Y,N,N,Y,N,Y,N,N,N,N,N,N,N,N,N,N,Y,N,N,N,N,N
a9c3dbf4ea26,F29,QUARANTINE,Q15B,QUARANTINE_ADDL_CONFLICT_Q15B,459af0d7d91c,fc80a095c5ee,q_code,Y,Y,Y,Y,Y,Y,Y,Y,N,N,N,Y,N,N,N,N,N,N,N,N,N,N,N,Y,Y,N,N,N,N,N
74928c30458c,F29,REPAIR,,REPAIR_F29_BLQ_MILK_CMTM,d33ddf52e7c6,904a631ff246,"blq_handling_policy,cmt_analyte_policy,milk_matrix_lloq_policy",Y,Y,Y,Y,Y,Y,Y,Y,Y,N,N,Y,N,Y,N,N,N,N,Y,N,N,Y,N,N,Y,N,N,N,N,N
0a99f677dcc4,F29,QUARANTINE,Q15B,QUARANTINE_ADDL_CONFLICT_Q15B,459af0d7d91c,fc80a095c5ee,q_code,Y,Y,Y,Y,Y,Y,Y,Y,N,N,N,Y,N,N,N,N,N,N,N,N,N,Y,N,Y,Y,N,N,N,N,N
c57b529ec1a4,F29,REPAIR,,REPAIR_F29_BLQ_MILK_DDIVP,89701750e622,d660099bcb07,"blq_handling_policy,cmt_analyte_policy,dual_cmt_policy,milk_matrix_lloq_policy",Y,Y,Y,Y,Y,Y,Y,Y,Y,N,N,Y,N,Y,N,N,N,N,Y,N,N,Y,Y,N,Y,N,N,N,N,N
2b19654c0260,F29,QUARANTINE,Q15B,QUARANTINE_ADDL_CONFLICT_Q15B,459af0d7d91c,fc80a095c5ee,q_code,Y,Y,Y,Y,Y,Y,Y,Y,N,N,N,Y,N,N,N,N,N,N,N,N,N,Y,Y,Y,Y,N,N,N,N,N
38807abc9bab,F29,QUARANTINE,Q15A,QUARANTINE_BIO_FINAL_FLAG_Q15A,459af0d7d91c,0ff39de5a52e,q_code,Y,Y,Y,Y,N,Y,Y,Y,N,N,N,Y,N,N,N,N,N,N,N,N,Y,N,N,N,Y,N,N,N,N,N
ab0fdffb66dd,F29,QUARANTINE,Q15A,QUARANTINE_BIO_FINAL_FLAG_Q15A,459af0d7d91c,0ff39de5a52e,q_code,Y,Y,Y,Y,N,Y,Y,Y,N,N,N,Y,N,N,N,N,N,N,N,N,Y,N,N,Y,Y,N,N,N,N,N
60701ed9ebf1,F29,QUARANTINE,Q15A,QUARANTINE_BIO_FINAL_FLAG_Q15A,459af0d7d91c,0ff39de5a52e,q_code,Y,Y,Y,Y,N,Y,Y,Y,N,N,N,Y,N,N,N,N,N,N,N,N,Y,Y,N,N,Y,N,N,N,N,N
0248e3f82ec2,F29,QUARANTINE,Q15A,QUARANTINE_BIO_FINAL_FLAG_Q15A,459af0d7d91c,0ff39de5a52e,q_code,Y,Y,Y,Y,N,Y,Y,Y,N,N,N,Y,N,N,N,N,N,N,N,N,Y,Y,N,Y,Y,N,N,N,N,N
8c43d921e285,F29,QUARANTINE,Q15A,QUARANTINE_BIO_FINAL_FLAG_Q15A,459af0d7d91c,0ff39de5a52e,q_code,Y,Y,Y,Y,N,Y,Y,Y,N,N,N,Y,N,N,N,N,N,N,N,N,Y,Y,Y,N,Y,N,N,N,N,N
21ab035aad40,F29,QUARANTINE,Q15A,QUARANTINE_BIO_FINAL_FLAG_Q15A,459af0d7d91c,0ff39de5a52e,q_code,Y,Y,Y,Y,N,Y,Y,Y,N,N,N,Y,N,N,N,N,N,N,N,N,Y,Y,Y,Y,Y,N,N,N,N,N
ac6adbb3d856,F29,AUTO,,AUTO_F29_MAB,375dc3d886a9,618a0d6b1220,milk_matrix_lloq_policy,Y,Y,Y,Y,Y,Y,Y,Y,Y,N,N,Y,N,N,N,N,N,N,N,N,N,N,N,N,N,N,N,N,N,N
17fa4bd7e2b0,F29,QUARANTINE,Q15B,QUARANTINE_LEGACY_FLAG_UNDOC_Q15B,459af0d7d91c,fc80a095c5ee,q_code,Y,Y,Y,Y,Y,Y,Y,Y,N,N,N,Y,N,N,N,N,N,N,N,N,N,N,N,Y,N,N,N,N,N,N
a755638a9c50,F29,REPAIR,,REPAIR_F29_MILK_CMTM,583831ecdc20,f2b7ee7dd571,"cmt_analyte_policy,milk_matrix_lloq_policy",Y,Y,Y,Y,Y,Y,Y,Y,Y,N,N,Y,N,N,N,N,N,N,Y,N,N,Y,N,N,N,N,N,N,N,N
2f5cd42f946f,F29,QUARANTINE,Q15B,QUARANTINE_LEGACY_FLAG_UNDOC_Q15B,459af0d7d91c,fc80a095c5ee,q_code,Y,Y,Y,Y,Y,Y,Y,Y,N,N,N,Y,N,N,N,N,N,N,N,N,N,Y,N,Y,N,N,N,N,N,N
890bc35a892c,F29,REPAIR,,REPAIR_F29_MILK_DDIVP,be4ff92f7ae4,1a95278bf94f,"cmt_analyte_policy,dual_cmt_policy,milk_matrix_lloq_policy",Y,Y,Y,Y,Y,Y,Y,Y,Y,N,N,Y,N,N,N,N,N,N,Y,N,N,Y,Y,N,N,N,N,N,N,N
dc0a9dce813a,F29,QUARANTINE,Q15B,QUARANTINE_LEGACY_FLAG_UNDOC_Q15B,459af0d7d91c,fc80a095c5ee,q_code,Y,Y,Y,Y,Y,Y,Y,Y,N,N,N,Y,N,N,N,N,N,N,N,N,N,Y,Y,Y,N,N,N,N,N,N
b6b305c362f1,F29,REPAIR,,REPAIR_F29_BLQ_MILK,7388bbe32c45,419516298d26,"blq_handling_policy,milk_matrix_lloq_policy",Y,Y,Y,Y,Y,Y,Y,Y,Y,N,N,Y,N,Y,N,N,N,N,N,N,N,N,N,N,N,N,N,N,N,N
9b0953705403,F29,QUARANTINE,Q15B,QUARANTINE_LEGACY_FLAG_UNDOC_Q15B,459af0d7d91c,fc80a095c5ee,q_code,Y,Y,Y,Y,Y,Y,Y,Y,N,N,N,Y,N,N,N,N,N,N,N,N,N,N,N,Y,N,N,N,N,N,N
72e7a4509005,F29,REPAIR,,REPAIR_F29_BLQ_MILK_CMTM,d33ddf52e7c6,904a631ff246,"blq_handling_policy,cmt_analyte_policy,milk_matrix_lloq_policy",Y,Y,Y,Y,Y,Y,Y,Y,Y,N,N,Y,N,Y,N,N,N,N,Y,N,N,Y,N,N,N,N,N,N,N,N
8be64caf9daa,F29,QUARANTINE,Q15B,QUARANTINE_LEGACY_FLAG_UNDOC_Q15B,459af0d7d91c,fc80a095c5ee,q_code,Y,Y,Y,Y,Y,Y,Y,Y,N,N,N,Y,N,N,N,N,N,N,N,N,N,Y,N,Y,N,N,N,N,N,N
b7c0bfeaa0ff,F29,REPAIR,,REPAIR_F29_BLQ_MILK_DDIVP,89701750e622,d660099bcb07,"blq_handling_policy,cmt_analyte_policy,dual_cmt_policy,milk_matrix_lloq_policy",Y,Y,Y,Y,Y,Y,Y,Y,Y,N,N,Y,N,Y,N,N,N,N,Y,N,N,Y,Y,N,N,N,N,N,N,N
502b64eb29f5,F29,QUARANTINE,Q15B,QUARANTINE_LEGACY_FLAG_UNDOC_Q15B,459af0d7d91c,fc80a095c5ee,q_code,Y,Y,Y,Y,Y,Y,Y,Y,N,N,N,Y,N,N,N,N,N,N,N,N,N,Y,Y,Y,N,N,N,N,N,N
86781c1ad4f6,F29,QUARANTINE,Q15A,QUARANTINE_BIO_FINAL_FLAG_Q15A,459af0d7d91c,0ff39de5a52e,q_code,Y,Y,Y,Y,N,Y,Y,Y,N,N,N,Y,N,N,N,N,N,N,N,N,Y,N,N,N,N,N,N,N,N,N
7ed997b39be8,F29,QUARANTINE,Q15A,QUARANTINE_BIO_FINAL_FLAG_Q15A,459af0d7d91c,0ff39de5a52e,q_code,Y,Y,Y,Y,N,Y,Y,Y,N,N,N,Y,N,N,N,N,N,N,N,N,Y,N,N,Y,N,N,N,N,N,N
7d4cefe306c7,F29,QUARANTINE,Q15A,QUARANTINE_BIO_FINAL_FLAG_Q15A,459af0d7d91c,0ff39de5a52e,q_code,Y,Y,Y,Y,N,Y,Y,Y,N,N,N,Y,N,N,N,N,N,N,N,N,Y,Y,N,N,N,N,N,N,N,N
ba41c7f26b44,F29,QUARANTINE,Q15A,QUARANTINE_BIO_FINAL_FLAG_Q15A,459af0d7d91c,0ff39de5a52e,q_code,Y,Y,Y,Y,N,Y,Y,Y,N,N,N,Y,N,N,N,N,N,N,N,N,Y,Y,N,Y,N,N,N,N,N,N
7b2049681923,F29,QUARANTINE,Q15A,QUARANTINE_BIO_FINAL_FLAG_Q15A,459af0d7d91c,0ff39de5a52e,q_code,Y,Y,Y,Y,N,Y,Y,Y,N,N,N,Y,N,N,N,N,N,N,N,N,Y,Y,Y,N,N,N,N,N,N,N
338bb7c4ca8e,F29,QUARANTINE,Q15A,QUARANTINE_BIO_FINAL_FLAG_Q15A,459af0d7d91c,0ff39de5a52e,q_code,Y,Y,Y,Y,N,Y,Y,Y,N,N,N,Y,N,N,N,N,N,N,N,N,Y,Y,Y,Y,N,N,N,N,N,N
03d73726c6e5,F29,AUTO,,AUTO_F29_MAB,375dc3d886a9,618a0d6b1220,milk_matrix_lloq_policy,Y,Y,Y,Y,Y,Y,Y,Y,Y,N,N,Y,N,N,N,N,N,N,N,N,N,N,N,N,Y,N,N,N,N,N
1d1a2b134bd1,F29,QUARANTINE,Q15B,QUARANTINE_ADDL_CONFLICT_Q15B,459af0d7d91c,fc80a095c5ee,q_code,Y,Y,Y,Y,Y,Y,Y,Y,N,N,N,Y,N,N,N,N,N,N,N,N,N,N,N,Y,Y,N,N,N,N,N
5f6a5906febe,F29,REPAIR,,REPAIR_F29_MILK_CMTM,583831ecdc20,f2b7ee7dd571,"cmt_analyte_policy,milk_matrix_lloq_policy",Y,Y,Y,Y,Y,Y,Y,Y,Y,N,N,Y,N,N,N,N,N,N,Y,N,N,Y,N,N,Y,N,N,N,N,N
2ace35e47302,F29,QUARANTINE,Q15B,QUARANTINE_ADDL_CONFLICT_Q15B,459af0d7d91c,fc80a095c5ee,q_code,Y,Y,Y,Y,Y,Y,Y,Y,N,N,N,Y,N,N,N,N,N,N,N,N,N,Y,N,Y,Y,N,N,N,N,N
6f648505ff6a,F29,REPAIR,,REPAIR_F29_MILK_DDIVP,be4ff92f7ae4,1a95278bf94f,"cmt_analyte_policy,dual_cmt_policy,milk_matrix_lloq_policy",Y,Y,Y,Y,Y,Y,Y,Y,Y,N,N,Y,N,N,N,N,N,N,Y,N,N,Y,Y,N,Y,N,N,N,N,N
e5bf2db8cabf,F29,QUARANTINE,Q15B,QUARANTINE_ADDL_CONFLICT_Q15B,459af0d7d91c,fc80a095c5ee,q_code,Y,Y,Y,Y,Y,Y,Y,Y,N,N,N,Y,N,N,N,N,N,N,N,N,N,Y,Y,Y,Y,N,N,N,N,N
5baa12a763fc,F29,REPAIR,,REPAIR_F29_BLQ_MILK,7388bbe32c45,419516298d26,"blq_handling_policy,milk_matrix_lloq_policy",Y,Y,Y,Y,Y,Y,Y,Y,Y,N,N,Y,N,Y,N,N,N,N,N,N,N,N,N,N,Y,N,N,N,N,N
a07cd0834d9c,F29,QUARANTINE,Q15B,QUARANTINE_ADDL_CONFLICT_Q15B,459af0d7d91c,fc80a095c5ee,q_code,Y,Y,Y,Y,Y,Y,Y,Y,N,N,N,Y,N,N,N,N,N,N,N,N,N,N,N,Y,Y,N,N,N,N,N
58b71b67ffd0,F29,REPAIR,,REPAIR_F29_BLQ_MILK_CMTM,d33ddf52e7c6,904a631ff246,"blq_handling_policy,cmt_analyte_policy,milk_matrix_lloq_policy",Y,Y,Y,Y,Y,Y,Y,Y,Y,N,N,Y,N,Y,N,N,N,N,Y,N,N,Y,N,N,Y,N,N,N,N,N
3e53985b2d45,F29,QUARANTINE,Q15B,QUARANTINE_ADDL_CONFLICT_Q15B,459af0d7d91c,fc80a095c5ee,q_code,Y,Y,Y,Y,Y,Y,Y,Y,N,N,N,Y,N,N,N,N,N,N,N,N,N,Y,N,Y,Y,N,N,N,N,N
bd36b72de0ef,F29,REPAIR,,REPAIR_F29_BLQ_MILK_DDIVP,89701750e622,d660099bcb07,"blq_handling_policy,cmt_analyte_policy,dual_cmt_policy,milk_matrix_lloq_policy",Y,Y,Y,Y,Y,Y,Y,Y,Y,N,N,Y,N,Y,N,N,N,N,Y,N,N,Y,Y,N,Y,N,N,N,N,N
529e1c5517fa,F29,QUARANTINE,Q15B,QUARANTINE_ADDL_CONFLICT_Q15B,459af0d7d91c,fc80a095c5ee,q_code,Y,Y,Y,Y,Y,Y,Y,Y,N,N,N,Y,N,N,N,N,N,N,N,N,N,Y,Y,Y,Y,N,N,N,N,N
f7ff5d98889e,F29,QUARANTINE,Q15A,QUARANTINE_BIO_FINAL_FLAG_Q15A,459af0d7d91c,0ff39de5a52e,q_code,Y,Y,Y,Y,N,Y,Y,Y,N,N,N,Y,N,N,N,N,N,N,N,N,Y,N,N,N,Y,N,N,N,N,N
927e0223f655,F29,QUARANTINE,Q15A,QUARANTINE_BIO_FINAL_FLAG_Q15A,459af0d7d91c,0ff39de5a52e,q_code,Y,Y,Y,Y,N,Y,Y,Y,N,N,N,Y,N,N,N,N,N,N,N,N,Y,N,N,Y,Y,N,N,N,N,N
ec647b1c7c4f,F29,QUARANTINE,Q15A,QUARANTINE_BIO_FINAL_FLAG_Q15A,459af0d7d91c,0ff39de5a52e,q_code,Y,Y,Y,Y,N,Y,Y,Y,N,N,N,Y,N,N,N,N,N,N,N,N,Y,Y,N,N,Y,N,N,N,N,N
899a2d6182b8,F29,QUARANTINE,Q15A,QUARANTINE_BIO_FINAL_FLAG_Q15A,459af0d7d91c,0ff39de5a52e,q_code,Y,Y,Y,Y,N,Y,Y,Y,N,N,N,Y,N,N,N,N,N,N,N,N,Y,Y,N,Y,Y,N,N,N,N,N
53911bb07347,F29,QUARANTINE,Q15A,QUARANTINE_BIO_FINAL_FLAG_Q15A,459af0d7d91c,0ff39de5a52e,q_code,Y,Y,Y,Y,N,Y,Y,Y,N,N,N,Y,N,N,N,N,N,N,N,N,Y,Y,Y,N,Y,N,N,N,N,N
04df2d0839fe,F29,QUARANTINE,Q15A,QUARANTINE_BIO_FINAL_FLAG_Q15A,459af0d7d91c,0ff39de5a52e,q_code,Y,Y,Y,Y,N,Y,Y,Y,N,N,N,Y,N,N,N,N,N,N,N,N,Y,Y,Y,Y,Y,N,N,N,N,N
999eb76ffdce,F19,AUTO,,AUTO_F19_SMALL_MOLECULE,375dc3d886a9,44136fa355b3,,Y,Y,Y,Y,Y,Y,Y,Y,Y,N,N,N,N,N,N,N,N,N,N,N,N,N,N,N,N,N,N,N,N,N
fc6092aa5f81,F19,QUARANTINE,Q15B,QUARANTINE_LEGACY_FLAG_UNDOC_Q15B,459af0d7d91c,fc80a095c5ee,q_code,Y,Y,Y,Y,Y,Y,Y,Y,N,N,N,N,N,N,N,N,N,N,N,N,N,N,N,Y,N,N,N,N,N,N
a1a5b3ec007b,F19,REPAIR,,REPAIR_F19_CMTM,625092f45d69,3d9b119a827c,cmt_analyte_policy,Y,Y,Y,Y,Y,Y,Y,Y,Y,N,N,N,N,N,N,N,N,N,Y,N,N,Y,N,N,N,N,N,N,N,N
552b99a69b9e,F19,QUARANTINE,Q15B,QUARANTINE_LEGACY_FLAG_UNDOC_Q15B,459af0d7d91c,fc80a095c5ee,q_code,Y,Y,Y,Y,Y,Y,Y,Y,N,N,N,N,N,N,N,N,N,N,N,N,N,Y,N,Y,N,N,N,N,N,N
1dd5f6a54563,F22,REPAIR,,REPAIR_F22_DDIVP,9778a409567c,3b6e37a453cb,"cmt_analyte_policy,dual_cmt_policy",Y,Y,Y,Y,Y,Y,Y,Y,Y,N,N,N,N,N,N,N,N,N,Y,N,N,Y,Y,N,N,N,N,N,N,N
37809bb8a1ab,F22,QUARANTINE,Q15B,QUARANTINE_LEGACY_FLAG_UNDOC_Q15B,459af0d7d91c,fc80a095c5ee,q_code,Y,Y,Y,Y,Y,Y,Y,Y,N,N,N,N,N,N,N,N,N,N,N,N,N,Y,Y,Y,N,N,N,N,N,N
4ce6c44e1c6d,F19,REPAIR,,REPAIR_F19_BLQ,f67c49c740b6,5598114a142c,blq_handling_policy,Y,Y,Y,Y,Y,Y,Y,Y,Y,N,N,N,N,Y,N,N,N,N,N,N,N,N,N,N,N,N,N,N,N,N
9219a2d46dfc,F19,QUARANTINE,Q15B,QUARANTINE_LEGACY_FLAG_UNDOC_Q15B,459af0d7d91c,fc80a095c5ee,q_code,Y,Y,Y,Y,Y,Y,Y,Y,N,N,N,N,N,N,N,N,N,N,N,N,N,N,N,Y,N,N,N,N,N,N
188875d9b55b,F19,REPAIR,,REPAIR_F19_BLQ_CMTM,ad950bea7a00,b0d8a8150750,"blq_handling_policy,cmt_analyte_policy",Y,Y,Y,Y,Y,Y,Y,Y,Y,N,N,N,N,Y,N,N,N,N,Y,N,N,Y,N,N,N,N,N,N,N,N
66e5028a9d88,F19,QUARANTINE,Q15B,QUARANTINE_LEGACY_FLAG_UNDOC_Q15B,459af0d7d91c,fc80a095c5ee,q_code,Y,Y,Y,Y,Y,Y,Y,Y,N,N,N,N,N,N,N,N,N,N,N,N,N,Y,N,Y,N,N,N,N,N,N
3430f823555d,F22,REPAIR,,REPAIR_F22_BLQ_DDIVP,f452000cd78c,1a93afeda678,"blq_handling_policy,cmt_analyte_policy,dual_cmt_policy",Y,Y,Y,Y,Y,Y,Y,Y,Y,N,N,N,N,Y,N,N,N,N,Y,N,N,Y,Y,N,N,N,N,N,N,N
36cfcbf7f643,F22,QUARANTINE,Q15B,QUARANTINE_LEGACY_FLAG_UNDOC_Q15B,459af0d7d91c,fc80a095c5ee,q_code,Y,Y,Y,Y,Y,Y,Y,Y,N,N,N,N,N,N,N,N,N,N,N,N,N,Y,Y,Y,N,N,N,N,N,N
23a220779e0d,F19,QUARANTINE,Q15A,QUARANTINE_BIO_FINAL_FLAG_Q15A,459af0d7d91c,0ff39de5a52e,q_code,Y,Y,Y,Y,N,Y,Y,Y,N,N,N,N,N,N,N,N,N,N,N,N,Y,N,N,N,N,N,N,N,N,N
aa5b0949d93f,F19,QUARANTINE,Q15A,QUARANTINE_BIO_FINAL_FLAG_Q15A,459af0d7d91c,0ff39de5a52e,q_code,Y,Y,Y,Y,N,Y,Y,Y,N,N,N,N,N,N,N,N,N,N,N,N,Y,N,N,Y,N,N,N,N,N,N
1097bd4c564e,F19,QUARANTINE,Q15A,QUARANTINE_BIO_FINAL_FLAG_Q15A,459af0d7d91c,0ff39de5a52e,q_code,Y,Y,Y,Y,N,Y,Y,Y,N,N,N,N,N,N,N,N,N,N,N,N,Y,Y,N,N,N,N,N,N,N,N
18dc8c74f439,F19,QUARANTINE,Q15A,QUARANTINE_BIO_FINAL_FLAG_Q15A,459af0d7d91c,0ff39de5a52e,q_code,Y,Y,Y,Y,N,Y,Y,Y,N,N,N,N,N,N,N,N,N,N,N,N,Y,Y,N,Y,N,N,N,N,N,N
57c560751d1d,F22,QUARANTINE,Q15A,QUARANTINE_BIO_FINAL_FLAG_Q15A,459af0d7d91c,0ff39de5a52e,q_code,Y,Y,Y,Y,N,Y,Y,Y,N,N,N,N,N,N,N,N,N,N,N,N,Y,Y,Y,N,N,N,N,N,N,N
3df7a81f4ef0,F22,QUARANTINE,Q15A,QUARANTINE_BIO_FINAL_FLAG_Q15A,459af0d7d91c,0ff39de5a52e,q_code,Y,Y,Y,Y,N,Y,Y,Y,N,N,N,N,N,N,N,N,N,N,N,N,Y,Y,Y,Y,N,N,N,N,N,N
4caf392eb1d2,F19,AUTO,,AUTO_F19_SMALL_MOLECULE,375dc3d886a9,44136fa355b3,,Y,Y,Y,Y,Y,Y,Y,Y,Y,N,N,N,N,N,N,N,N,N,N,N,N,N,N,N,Y,N,N,N,N,N
071d3896a584,F19,QUARANTINE,Q15B,QUARANTINE_ADDL_CONFLICT_Q15B,459af0d7d91c,fc80a095c5ee,q_code,Y,Y,Y,Y,Y,Y,Y,Y,N,N,N,N,N,N,N,N,N,N,N,N,N,N,N,Y,Y,N,N,N,N,N
65112546657f,F19,REPAIR,,REPAIR_F19_CMTM,625092f45d69,3d9b119a827c,cmt_analyte_policy,Y,Y,Y,Y,Y,Y,Y,Y,Y,N,N,N,N,N,N,N,N,N,Y,N,N,Y,N,N,Y,N,N,N,N,N
8fe7f010461e,F19,QUARANTINE,Q15B,QUARANTINE_ADDL_CONFLICT_Q15B,459af0d7d91c,fc80a095c5ee,q_code,Y,Y,Y,Y,Y,Y,Y,Y,N,N,N,N,N,N,N,N,N,N,N,N,N,Y,N,Y,Y,N,N,N,N,N
f9278e5ac29f,F22,REPAIR,,REPAIR_F22_DDIVP,9778a409567c,3b6e37a453cb,"cmt_analyte_policy,dual_cmt_policy",Y,Y,Y,Y,Y,Y,Y,Y,Y,N,N,N,N,N,N,N,N,N,Y,N,N,Y,Y,N,Y,N,N,N,N,N
a184e4f8e2b2,F22,QUARANTINE,Q15B,QUARANTINE_ADDL_CONFLICT_Q15B,459af0d7d91c,fc80a095c5ee,q_code,Y,Y,Y,Y,Y,Y,Y,Y,N,N,N,N,N,N,N,N,N,N,N,N,N,Y,Y,Y,Y,N,N,N,N,N
ec4dfdd7eede,F19,REPAIR,,REPAIR_F19_BLQ,f67c49c740b6,5598114a142c,blq_handling_policy,Y,Y,Y,Y,Y,Y,Y,Y,Y,N,N,N,N,Y,N,N,N,N,N,N,N,N,N,N,Y,N,N,N,N,N
240654c0e3c3,F19,QUARANTINE,Q15B,QUARANTINE_ADDL_CONFLICT_Q15B,459af0d7d91c,fc80a095c5ee,q_code,Y,Y,Y,Y,Y,Y,Y,Y,N,N,N,N,N,N,N,N,N,N,N,N,N,N,N,Y,Y,N,N,N,N,N
2a39d2e7b124,F19,REPAIR,,REPAIR_F19_BLQ_CMTM,ad950bea7a00,b0d8a8150750,"blq_handling_policy,cmt_analyte_policy",Y,Y,Y,Y,Y,Y,Y,Y,Y,N,N,N,N,Y,N,N,N,N,Y,N,N,Y,N,N,Y,N,N,N,N,N
5afd59d4d76c,F19,QUARANTINE,Q15B,QUARANTINE_ADDL_CONFLICT_Q15B,459af0d7d91c,fc80a095c5ee,q_code,Y,Y,Y,Y,Y,Y,Y,Y,N,N,N,N,N,N,N,N,N,N,N,N,N,Y,N,Y,Y,N,N,N,N,N
0d0c121eea2a,F22,REPAIR,,REPAIR_F22_BLQ_DDIVP,f452000cd78c,1a93afeda678,"blq_handling_policy,cmt_analyte_policy,dual_cmt_policy",Y,Y,Y,Y,Y,Y,Y,Y,Y,N,N,N,N,Y,N,N,N,N,Y,N,N,Y,Y,N,Y,N,N,N,N,N
3595b7d55b6b,F22,QUARANTINE,Q15B,QUARANTINE_ADDL_CONFLICT_Q15B,459af0d7d91c,fc80a095c5ee,q_code,Y,Y,Y,Y,Y,Y,Y,Y,N,N,N,N,N,N,N,N,N,N,N,N,N,Y,Y,Y,Y,N,N,N,N,N
80c4635a0162,F19,QUARANTINE,Q15A,QUARANTINE_BIO_FINAL_FLAG_Q15A,459af0d7d91c,0ff39de5a52e,q_code,Y,Y,Y,Y,N,Y,Y,Y,N,N,N,N,N,N,N,N,N,N,N,N,Y,N,N,N,Y,N,N,N,N,N
cb2138967aa8,F19,QUARANTINE,Q15A,QUARANTINE_BIO_FINAL_FLAG_Q15A,459af0d7d91c,0ff39de5a52e,q_code,Y,Y,Y,Y,N,Y,Y,Y,N,N,N,N,N,N,N,N,N,N,N,N,Y,N,N,Y,Y,N,N,N,N,N
f28d007e65ae,F19,QUARANTINE,Q15A,QUARANTINE_BIO_FINAL_FLAG_Q15A,459af0d7d91c,0ff39de5a52e,q_code,Y,Y,Y,Y,N,Y,Y,Y,N,N,N,N,N,N,N,N,N,N,N,N,Y,Y,N,N,Y,N,N,N,N,N
508f746ac36b,F19,QUARANTINE,Q15A,QUARANTINE_BIO_FINAL_FLAG_Q15A,459af0d7d91c,0ff39de5a52e,q_code,Y,Y,Y,Y,N,Y,Y,Y,N,N,N,N,N,N,N,N,N,N,N,N,Y,Y,N,Y,Y,N,N,N,N,N
0ad7ea1d83b7,F22,QUARANTINE,Q15A,QUARANTINE_BIO_FINAL_FLAG_Q15A,459af0d7d91c,0ff39de5a52e,q_code,Y,Y,Y,Y,N,Y,Y,Y,N,N,N,N,N,N,N,N,N,N,N,N,Y,Y,Y,N,Y,N,N,N,N,N
f9b9fa6590ab,F22,QUARANTINE,Q15A,QUARANTINE_BIO_FINAL_FLAG_Q15A,459af0d7d91c,0ff39de5a52e,q_code,Y,Y,Y,Y,N,Y,Y,Y,N,N,N,N,N,N,N,N,N,N,N,N,Y,Y,Y,Y,Y,N,N,N,N,N
1ba80b1eab2d,F19,AUTO,,AUTO_F19_MAB,375dc3d886a9,44136fa355b3,,Y,Y,Y,Y,Y,Y,Y,Y,Y,N,N,N,N,N,N,N,N,N,N,N,N,N,N,N,N,N,N,N,N,N
a2913dc57695,F19,QUARANTINE,Q15B,QUARANTINE_LEGACY_FLAG_UNDOC_Q15B,459af0d7d91c,fc80a095c5ee,q_code,Y,Y,Y,Y,Y,Y,Y,Y,N,N,N,N,N,N,N,N,N,N,N,N,N,N,N,Y,N,N,N,N,N,N
c69d4694fc75,F19,REPAIR,,REPAIR_F19_CMTM,625092f45d69,3d9b119a827c,cmt_analyte_policy,Y,Y,Y,Y,Y,Y,Y,Y,Y,N,N,N,N,N,N,N,N,N,Y,N,N,Y,N,N,N,N,N,N,N,N
fc2ba0499328,F19,QUARANTINE,Q15B,QUARANTINE_LEGACY_FLAG_UNDOC_Q15B,459af0d7d91c,fc80a095c5ee,q_code,Y,Y,Y,Y,Y,Y,Y,Y,N,N,N,N,N,N,N,N,N,N,N,N,N,Y,N,Y,N,N,N,N,N,N
214719acc24b,F22,REPAIR,,REPAIR_F22_DDIVP,9778a409567c,3b6e37a453cb,"cmt_analyte_policy,dual_cmt_policy",Y,Y,Y,Y,Y,Y,Y,Y,Y,N,N,N,N,N,N,N,N,N,Y,N,N,Y,Y,N,N,N,N,N,N,N
bee7489836a8,F22,QUARANTINE,Q15B,QUARANTINE_LEGACY_FLAG_UNDOC_Q15B,459af0d7d91c,fc80a095c5ee,q_code,Y,Y,Y,Y,Y,Y,Y,Y,N,N,N,N,N,N,N,N,N,N,N,N,N,Y,Y,Y,N,N,N,N,N,N
1d339064a70f,F19,REPAIR,,REPAIR_F19_BLQ,f67c49c740b6,5598114a142c,blq_handling_policy,Y,Y,Y,Y,Y,Y,Y,Y,Y,N,N,N,N,Y,N,N,N,N,N,N,N,N,N,N,N,N,N,N,N,N
758f43afb455,F19,QUARANTINE,Q15B,QUARANTINE_LEGACY_FLAG_UNDOC_Q15B,459af0d7d91c,fc80a095c5ee,q_code,Y,Y,Y,Y,Y,Y,Y,Y,N,N,N,N,N,N,N,N,N,N,N,N,N,N,N,Y,N,N,N,N,N,N
f898158dc87b,F19,REPAIR,,REPAIR_F19_BLQ_CMTM,ad950bea7a00,b0d8a8150750,"blq_handling_policy,cmt_analyte_policy",Y,Y,Y,Y,Y,Y,Y,Y,Y,N,N,N,N,Y,N,N,N,N,Y,N,N,Y,N,N,N,N,N,N,N,N
a96b735ed87c,F19,QUARANTINE,Q15B,QUARANTINE_LEGACY_FLAG_UNDOC_Q15B,459af0d7d91c,fc80a095c5ee,q_code,Y,Y,Y,Y,Y,Y,Y,Y,N,N,N,N,N,N,N,N,N,N,N,N,N,Y,N,Y,N,N,N,N,N,N
70e5c9c2bcdd,F22,REPAIR,,REPAIR_F22_BLQ_DDIVP,f452000cd78c,1a93afeda678,"blq_handling_policy,cmt_analyte_policy,dual_cmt_policy",Y,Y,Y,Y,Y,Y,Y,Y,Y,N,N,N,N,Y,N,N,N,N,Y,N,N,Y,Y,N,N,N,N,N,N,N
68b85e574001,F22,QUARANTINE,Q15B,QUARANTINE_LEGACY_FLAG_UNDOC_Q15B,459af0d7d91c,fc80a095c5ee,q_code,Y,Y,Y,Y,Y,Y,Y,Y,N,N,N,N,N,N,N,N,N,N,N,N,N,Y,Y,Y,N,N,N,N,N,N
2d53e23dd872,F19,QUARANTINE,Q15A,QUARANTINE_BIO_FINAL_FLAG_Q15A,459af0d7d91c,0ff39de5a52e,q_code,Y,Y,Y,Y,N,Y,Y,Y,N,N,N,N,N,N,N,N,N,N,N,N,Y,N,N,N,N,N,N,N,N,N
fe8842f7d153,F19,QUARANTINE,Q15A,QUARANTINE_BIO_FINAL_FLAG_Q15A,459af0d7d91c,0ff39de5a52e,q_code,Y,Y,Y,Y,N,Y,Y,Y,N,N,N,N,N,N,N,N,N,N,N,N,Y,N,N,Y,N,N,N,N,N,N
e7a75338acdf,F19,QUARANTINE,Q15A,QUARANTINE_BIO_FINAL_FLAG_Q15A,459af0d7d91c,0ff39de5a52e,q_code,Y,Y,Y,Y,N,Y,Y,Y,N,N,N,N,N,N,N,N,N,N,N,N,Y,Y,N,N,N,N,N,N,N,N
a3200a4cdf37,F19,QUARANTINE,Q15A,QUARANTINE_BIO_FINAL_FLAG_Q15A,459af0d7d91c,0ff39de5a52e,q_code,Y,Y,Y,Y,N,Y,Y,Y,N,N,N,N,N,N,N,N,N,N,N,N,Y,Y,N,Y,N,N,N,N,N,N
d1769baff5fd,F22,QUARANTINE,Q15A,QUARANTINE_BIO_FINAL_FLAG_Q15A,459af0d7d91c,0ff39de5a52e,q_code,Y,Y,Y,Y,N,Y,Y,Y,N,N,N,N,N,N,N,N,N,N,N,N,Y,Y,Y,N,N,N,N,N,N,N
a94efa110b31,F22,QUARANTINE,Q15A,QUARANTINE_BIO_FINAL_FLAG_Q15A,459af0d7d91c,0ff39de5a52e,q_code,Y,Y,Y,Y,N,Y,Y,Y,N,N,N,N,N,N,N,N,N,N,N,N,Y,Y,Y,Y,N,N,N,N,N,N
01a7df402ebb,F19,AUTO,,AUTO_F19_MAB,375dc3d886a9,44136fa355b3,,Y,Y,Y,Y,Y,Y,Y,Y,Y,N,N,N,N,N,N,N,N,N,N,N,N,N,N,N,Y,N,N,N,N,N
b6fdae3631da,F19,QUARANTINE,Q15B,QUARANTINE_ADDL_CONFLICT_Q15B,459af0d7d91c,fc80a095c5ee,q_code,Y,Y,Y,Y,Y,Y,Y,Y,N,N,N,N,N,N,N,N,N,N,N,N,N,N,N,Y,Y,N,N,N,N,N
ce364f07dc22,F19,REPAIR,,REPAIR_F19_CMTM,625092f45d69,3d9b119a827c,cmt_analyte_policy,Y,Y,Y,Y,Y,Y,Y,Y,Y,N,N,N,N,N,N,N,N,N,Y,N,N,Y,N,N,Y,N,N,N,N,N
5ebb19f51516,F19,QUARANTINE,Q15B,QUARANTINE_ADDL_CONFLICT_Q15B,459af0d7d91c,fc80a095c5ee,q_code,Y,Y,Y,Y,Y,Y,Y,Y,N,N,N,N,N,N,N,N,N,N,N,N,N,Y,N,Y,Y,N,N,N,N,N
faf12c1df155,F22,REPAIR,,REPAIR_F22_DDIVP,9778a409567c,3b6e37a453cb,"cmt_analyte_policy,dual_cmt_policy",Y,Y,Y,Y,Y,Y,Y,Y,Y,N,N,N,N,N,N,N,N,N,Y,N,N,Y,Y,N,Y,N,N,N,N,N
11016c0fe5dc,F22,QUARANTINE,Q15B,QUARANTINE_ADDL_CONFLICT_Q15B,459af0d7d91c,fc80a095c5ee,q_code,Y,Y,Y,Y,Y,Y,Y,Y,N,N,N,N,N,N,N,N,N,N,N,N,N,Y,Y,Y,Y,N,N,N,N,N
48792ecea9e4,F19,REPAIR,,REPAIR_F19_BLQ,f67c49c740b6,5598114a142c,blq_handling_policy,Y,Y,Y,Y,Y,Y,Y,Y,Y,N,N,N,N,Y,N,N,N,N,N,N,N,N,N,N,Y,N,N,N,N,N
5a975f28497c,F19,QUARANTINE,Q15B,QUARANTINE_ADDL_CONFLICT_Q15B,459af0d7d91c,fc80a095c5ee,q_code,Y,Y,Y,Y,Y,Y,Y,Y,N,N,N,N,N,N,N,N,N,N,N,N,N,N,N,Y,Y,N,N,N,N,N
bde711781c5e,F19,REPAIR,,REPAIR_F19_BLQ_CMTM,ad950bea7a00,b0d8a8150750,"blq_handling_policy,cmt_analyte_policy",Y,Y,Y,Y,Y,Y,Y,Y,Y,N,N,N,N,Y,N,N,N,N,Y,N,N,Y,N,N,Y,N,N,N,N,N
508f16492315,F19,QUARANTINE,Q15B,QUARANTINE_ADDL_CONFLICT_Q15B,459af0d7d91c,fc80a095c5ee,q_code,Y,Y,Y,Y,Y,Y,Y,Y,N,N,N,N,N,N,N,N,N,N,N,N,N,Y,N,Y,Y,N,N,N,N,N
13738d8a683a,F22,REPAIR,,REPAIR_F22_BLQ_DDIVP,f452000cd78c,1a93afeda678,"blq_handling_policy,cmt_analyte_policy,dual_cmt_policy",Y,Y,Y,Y,Y,Y,Y,Y,Y,N,N,N,N,Y,N,N,N,N,Y,N,N,Y,Y,N,Y,N,N,N,N,N
0e193c6cfe96,F22,QUARANTINE,Q15B,QUARANTINE_ADDL_CONFLICT_Q15B,459af0d7d91c,fc80a095c5ee,q_code,Y,Y,Y,Y,Y,Y,Y,Y,N,N,N,N,N,N,N,N,N,N,N,N,N,Y,Y,Y,Y,N,N,N,N,N
1385f92cc6d9,F19,QUARANTINE,Q15A,QUARANTINE_BIO_FINAL_FLAG_Q15A,459af0d7d91c,0ff39de5a52e,q_code,Y,Y,Y,Y,N,Y,Y,Y,N,N,N,N,N,N,N,N,N,N,N,N,Y,N,N,N,Y,N,N,N,N,N
2139b26f1ee2,F19,QUARANTINE,Q15A,QUARANTINE_BIO_FINAL_FLAG_Q15A,459af0d7d91c,0ff39de5a52e,q_code,Y,Y,Y,Y,N,Y,Y,Y,N,N,N,N,N,N,N,N,N,N,N,N,Y,N,N,Y,Y,N,N,N,N,N
b801e434bf41,F19,QUARANTINE,Q15A,QUARANTINE_BIO_FINAL_FLAG_Q15A,459af0d7d91c,0ff39de5a52e,q_code,Y,Y,Y,Y,N,Y,Y,Y,N,N,N,N,N,N,N,N,N,N,N,N,Y,Y,N,N,Y,N,N,N,N,N
949220fc897c,F19,QUARANTINE,Q15A,QUARANTINE_BIO_FINAL_FLAG_Q15A,459af0d7d91c,0ff39de5a52e,q_code,Y,Y,Y,Y,N,Y,Y,Y,N,N,N,N,N,N,N,N,N,N,N,N,Y,Y,N,Y,Y,N,N,N,N,N
5f0b951502f5,F22,QUARANTINE,Q15A,QUARANTINE_BIO_FINAL_FLAG_Q15A,459af0d7d91c,0ff39de5a52e,q_code,Y,Y,Y,Y,N,Y,Y,Y,N,N,N,N,N,N,N,N,N,N,N,N,Y,Y,Y,N,Y,N,N,N,N,N
c959e546bfe8,F22,QUARANTINE,Q15A,QUARANTINE_BIO_FINAL_FLAG_Q15A,459af0d7d91c,0ff39de5a52e,q_code,Y,Y,Y,Y,N,Y,Y,Y,N,N,N,N,N,N,N,N,N,N,N,N,Y,Y,Y,Y,Y,N,N,N,N,N
e2e291081f32,F19,AUTO,,AUTO_F19_ADC,375dc3d886a9,44136fa355b3,,Y,Y,Y,Y,Y,Y,Y,Y,Y,N,N,N,Y,N,N,N,N,N,N,N,N,N,N,N,N,Y,N,N,N,N
25eb4dbe032e,F19,QUARANTINE,Q15B,QUARANTINE_LEGACY_FLAG_UNDOC_Q15B,459af0d7d91c,fc80a095c5ee,q_code,Y,Y,Y,Y,Y,Y,Y,Y,N,N,N,N,Y,N,N,N,N,N,N,N,N,N,N,Y,N,Y,N,N,N,N
1737c6680689,F24,REPAIR,,REPAIR_F24_CMTROLE,067eec0a7a08,835c27d30e59,"analyte_role_declaration,cmt_analyte_policy",Y,Y,Y,Y,Y,Y,Y,Y,Y,N,N,N,Y,N,N,N,N,N,Y,N,N,Y,N,N,N,Y,Y,N,N,N
7abbc6f0a6d9,F24,QUARANTINE,Q16,QUARANTINE_ANALYTE_ROLE_MISSING_Q16,459af0d7d91c,9d9b4b667195,q_code,Y,Y,Y,Y,N,Y,Y,Y,N,N,N,N,Y,N,N,N,N,N,N,N,N,Y,N,N,N,Y,N,N,N,N
026845ef011b,F24,QUARANTINE,Q15B,QUARANTINE_LEGACY_FLAG_UNDOC_Q15B,459af0d7d91c,fc80a095c5ee,q_code,Y,Y,Y,Y,Y,Y,Y,Y,N,N,N,N,Y,N,N,N,N,N,N,N,N,Y,N,Y,N,Y,N,N,N,N
b871a44d8407,F24,QUARANTINE,Q16,QUARANTINE_ANALYTE_ROLE_MISSING_Q16,459af0d7d91c,9d9b4b667195,q_code,Y,Y,Y,Y,N,Y,Y,Y,N,N,N,N,Y,N,N,N,N,N,N,N,N,Y,N,Y,N,Y,N,N,N,N
9c6e62dee537,F22,REPAIR,,REPAIR_F22_DDIVP,9778a409567c,3b6e37a453cb,"cmt_analyte_policy,dual_cmt_policy",Y,Y,Y,Y,Y,Y,Y,Y,Y,N,N,N,Y,N,N,N,N,N,Y,N,N,Y,Y,N,N,Y,N,N,N,N
64f8e393fd45,F22,QUARANTINE,Q16,QUARANTINE_ANALYTE_ROLE_MISSING_Q16,459af0d7d91c,9d9b4b667195,q_code,Y,Y,Y,Y,N,Y,Y,Y,N,N,N,N,Y,N,N,N,N,N,N,N,N,Y,Y,N,N,Y,N,N,N,N
fe06264d8a99,F22,QUARANTINE,Q15B,QUARANTINE_LEGACY_FLAG_UNDOC_Q15B,459af0d7d91c,fc80a095c5ee,q_code,Y,Y,Y,Y,Y,Y,Y,Y,N,N,N,N,Y,N,N,N,N,N,N,N,N,Y,Y,Y,N,Y,N,N,N,N
47d179579d6a,F22,QUARANTINE,Q16,QUARANTINE_ANALYTE_ROLE_MISSING_Q16,459af0d7d91c,9d9b4b667195,q_code,Y,Y,Y,Y,N,Y,Y,Y,N,N,N,N,Y,N,N,N,N,N,N,N,N,Y,Y,Y,N,Y,N,N,N,N
a7da1f5046e8,F19,REPAIR,,REPAIR_F19_BLQ,f67c49c740b6,5598114a142c,blq_handling_policy,Y,Y,Y,Y,Y,Y,Y,Y,Y,N,N,N,Y,Y,N,N,N,N,N,N,N,N,N,N,N,Y,N,N,N,N
d1595388f96d,F19,QUARANTINE,Q15B,QUARANTINE_LEGACY_FLAG_UNDOC_Q15B,459af0d7d91c,fc80a095c5ee,q_code,Y,Y,Y,Y,Y,Y,Y,Y,N,N,N,N,Y,N,N,N,N,N,N,N,N,N,N,Y,N,Y,N,N,N,N
0beb96db8c4c,F24,REPAIR,,REPAIR_F24_BLQ_CMTROLE,b0a07c38e805,0fb8c6d4335c,"analyte_role_declaration,blq_handling_policy,cmt_analyte_policy",Y,Y,Y,Y,Y,Y,Y,Y,Y,N,N,N,Y,Y,N,N,N,N,Y,N,N,Y,N,N,N,Y,Y,N,N,N
0497ee3968bb,F24,QUARANTINE,Q16,QUARANTINE_ANALYTE_ROLE_MISSING_Q16,459af0d7d91c,9d9b4b667195,q_code,Y,Y,Y,Y,N,Y,Y,Y,N,N,N,N,Y,N,N,N,N,N,N,N,N,Y,N,N,N,Y,N,N,N,N
6ba4b56630f2,F24,QUARANTINE,Q15B,QUARANTINE_LEGACY_FLAG_UNDOC_Q15B,459af0d7d91c,fc80a095c5ee,q_code,Y,Y,Y,Y,Y,Y,Y,Y,N,N,N,N,Y,N,N,N,N,N,N,N,N,Y,N,Y,N,Y,N,N,N,N
2f0377b35e57,F24,QUARANTINE,Q16,QUARANTINE_ANALYTE_ROLE_MISSING_Q16,459af0d7d91c,9d9b4b667195,q_code,Y,Y,Y,Y,N,Y,Y,Y,N,N,N,N,Y,N,N,N,N,N,N,N,N,Y,N,Y,N,Y,N,N,N,N
73093bf4d8bf,F22,REPAIR,,REPAIR_F22_BLQ_DDIVP,f452000cd78c,1a93afeda678,"blq_handling_policy,cmt_analyte_policy,dual_cmt_policy",Y,Y,Y,Y,Y,Y,Y,Y,Y,N,N,N,Y,Y,N,N,N,N,Y,N,N,Y,Y,N,N,Y,N,N,N,N
4ca3a9e13941,F22,QUARANTINE,Q16,QUARANTINE_ANALYTE_ROLE_MISSING_Q16,459af0d7d91c,9d9b4b667195,q_code,Y,Y,Y,Y,N,Y,Y,Y,N,N,N,N,Y,N,N,N,N,N,N,N,N,Y,Y,N,N,Y,N,N,N,N
574a944ed6d9,F22,QUARANTINE,Q15B,QUARANTINE_LEGACY_FLAG_UNDOC_Q15B,459af0d7d91c,fc80a095c5ee,q_code,Y,Y,Y,Y,Y,Y,Y,Y,N,N,N,N,Y,N,N,N,N,N,N,N,N,Y,Y,Y,N,Y,N,N,N,N
765e8882cca3,F22,QUARANTINE,Q16,QUARANTINE_ANALYTE_ROLE_MISSING_Q16,459af0d7d91c,9d9b4b667195,q_code,Y,Y,Y,Y,N,Y,Y,Y,N,N,N,N,Y,N,N,N,N,N,N,N,N,Y,Y,Y,N,Y,N,N,N,N
18366cd2e3cb,F19,QUARANTINE,Q15A,QUARANTINE_BIO_FINAL_FLAG_Q15A,459af0d7d91c,0ff39de5a52e,q_code,Y,Y,Y,Y,N,Y,Y,Y,N,N,N,N,Y,N,N,N,N,N,N,N,Y,N,N,N,N,Y,N,N,N,N
aa43ccb047a8,F19,QUARANTINE,Q15A,QUARANTINE_BIO_FINAL_FLAG_Q15A,459af0d7d91c,0ff39de5a52e,q_code,Y,Y,Y,Y,N,Y,Y,Y,N,N,N,N,Y,N,N,N,N,N,N,N,Y,N,N,Y,N,Y,N,N,N,N
9c9c488e2cc7,F24,QUARANTINE,Q15A,QUARANTINE_BIO_FINAL_FLAG_Q15A,459af0d7d91c,0ff39de5a52e,q_code,Y,Y,Y,Y,N,Y,Y,Y,N,N,N,N,Y,N,N,N,N,N,N,N,Y,Y,N,N,N,Y,N,N,N,N
c8b7be5f026e,F24,QUARANTINE,Q15A,QUARANTINE_BIO_FINAL_FLAG_Q15A,459af0d7d91c,0ff39de5a52e,q_code,Y,Y,Y,Y,N,Y,Y,Y,N,N,N,N,Y,N,N,N,N,N,N,N,Y,Y,N,N,N,Y,N,N,N,N
d5993151f52b,F24,QUARANTINE,Q15A,QUARANTINE_BIO_FINAL_FLAG_Q15A,459af0d7d91c,0ff39de5a52e,q_code,Y,Y,Y,Y,N,Y,Y,Y,N,N,N,N,Y,N,N,N,N,N,N,N,Y,Y,N,Y,N,Y,N,N,N,N
d551ea03988c,F24,QUARANTINE,Q15A,QUARANTINE_BIO_FINAL_FLAG_Q15A,459af0d7d91c,0ff39de5a52e,q_code,Y,Y,Y,Y,N,Y,Y,Y,N,N,N,N,Y,N,N,N,N,N,N,N,Y,Y,N,Y,N,Y,N,N,N,N
f890b0ff3ed9,F22,QUARANTINE,Q15A,QUARANTINE_BIO_FINAL_FLAG_Q15A,459af0d7d91c,0ff39de5a52e,q_code,Y,Y,Y,Y,N,Y,Y,Y,N,N,N,N,Y,N,N,N,N,N,N,N,Y,Y,Y,N,N,Y,N,N,N,N
b8d0efd80b89,F22,QUARANTINE,Q15A,QUARANTINE_BIO_FINAL_FLAG_Q15A,459af0d7d91c,0ff39de5a52e,q_code,Y,Y,Y,Y,N,Y,Y,Y,N,N,N,N,Y,N,N,N,N,N,N,N,Y,Y,Y,N,N,Y,N,N,N,N
2a447e9bfe7b,F22,QUARANTINE,Q15A,QUARANTINE_BIO_FINAL_FLAG_Q15A,459af0d7d91c,0ff39de5a52e,q_code,Y,Y,Y,Y,N,Y,Y,Y,N,N,N,N,Y,N,N,N,N,N,N,N,Y,Y,Y,Y,N,Y,N,N,N,N
532e3ef03e2d,F22,QUARANTINE,Q15A,QUARANTINE_BIO_FINAL_FLAG_Q15A,459af0d7d91c,0ff39de5a52e,q_code,Y,Y,Y,Y,N,Y,Y,Y,N,N,N,N,Y,N,N,N,N,N,N,N,Y,Y,Y,Y,N,Y,N,N,N,N
24d38e4f473e,F19,AUTO,,AUTO_F19_ADC,375dc3d886a9,44136fa355b3,,Y,Y,Y,Y,Y,Y,Y,Y,Y,N,N,N,Y,N,N,N,N,N,N,N,N,N,N,N,Y,Y,N,N,N,N
aa845bf83ed4,F19,QUARANTINE,Q15B,QUARANTINE_ADDL_CONFLICT_Q15B,459af0d7d91c,fc80a095c5ee,q_code,Y,Y,Y,Y,Y,Y,Y,Y,N,N,N,N,Y,N,N,N,N,N,N,N,N,N,N,Y,Y,Y,N,N,N,N
d67111218f68,F24,REPAIR,,REPAIR_F24_CMTROLE,067eec0a7a08,835c27d30e59,"analyte_role_declaration,cmt_analyte_policy",Y,Y,Y,Y,Y,Y,Y,Y,Y,N,N,N,Y,N,N,N,N,N,Y,N,N,Y,N,N,Y,Y,Y,N,N,N
fb3dd5fb7864,F24,QUARANTINE,Q16,QUARANTINE_ADDL_CONFLICT_Q16,459af0d7d91c,9d9b4b667195,q_code,Y,Y,Y,Y,N,Y,Y,Y,N,N,N,N,Y,N,N,N,N,N,N,N,N,Y,N,N,Y,Y,N,N,N,N
be2d892ffe65,F24,QUARANTINE,Q15B,QUARANTINE_ADDL_CONFLICT_Q15B,459af0d7d91c,fc80a095c5ee,q_code,Y,Y,Y,Y,Y,Y,Y,Y,N,N,N,N,Y,N,N,N,N,N,N,N,N,Y,N,Y,Y,Y,N,N,N,N
f961f17627c5,F24,QUARANTINE,Q16,QUARANTINE_ADDL_CONFLICT_Q16,459af0d7d91c,9d9b4b667195,q_code,Y,Y,Y,Y,N,Y,Y,Y,N,N,N,N,Y,N,N,N,N,N,N,N,N,Y,N,Y,Y,Y,N,N,N,N
74229d9375e2,F22,REPAIR,,REPAIR_F22_DDIVP,9778a409567c,3b6e37a453cb,"cmt_analyte_policy,dual_cmt_policy",Y,Y,Y,Y,Y,Y,Y,Y,Y,N,N,N,Y,N,N,N,N,N,Y,N,N,Y,Y,N,Y,Y,N,N,N,N
3d1b92de66a2,F22,QUARANTINE,Q16,QUARANTINE_ADDL_CONFLICT_Q16,459af0d7d91c,9d9b4b667195,q_code,Y,Y,Y,Y,N,Y,Y,Y,N,N,N,N,Y,N,N,N,N,N,N,N,N,Y,Y,N,Y,Y,N,N,N,N
a8b3a6823b70,F22,QUARANTINE,Q15B,QUARANTINE_ADDL_CONFLICT_Q15B,459af0d7d91c,fc80a095c5ee,q_code,Y,Y,Y,Y,Y,Y,Y,Y,N,N,N,N,Y,N,N,N,N,N,N,N,N,Y,Y,Y,Y,Y,N,N,N,N
c1c3a497f9f0,F22,QUARANTINE,Q16,QUARANTINE_ADDL_CONFLICT_Q16,459af0d7d91c,9d9b4b667195,q_code,Y,Y,Y,Y,N,Y,Y,Y,N,N,N,N,Y,N,N,N,N,N,N,N,N,Y,Y,Y,Y,Y,N,N,N,N
e5931483372c,F19,REPAIR,,REPAIR_F19_BLQ,f67c49c740b6,5598114a142c,blq_handling_policy,Y,Y,Y,Y,Y,Y,Y,Y,Y,N,N,N,Y,Y,N,N,N,N,N,N,N,N,N,N,Y,Y,N,N,N,N
a805d102a803,F19,QUARANTINE,Q15B,QUARANTINE_ADDL_CONFLICT_Q15B,459af0d7d91c,fc80a095c5ee,q_code,Y,Y,Y,Y,Y,Y,Y,Y,N,N,N,N,Y,N,N,N,N,N,N,N,N,N,N,Y,Y,Y,N,N,N,N
ce9e8eaabbfe,F24,REPAIR,,REPAIR_F24_BLQ_CMTROLE,b0a07c38e805,0fb8c6d4335c,"analyte_role_declaration,blq_handling_policy,cmt_analyte_policy",Y,Y,Y,Y,Y,Y,Y,Y,Y,N,N,N,Y,Y,N,N,N,N,Y,N,N,Y,N,N,Y,Y,Y,N,N,N
e9916dfe86bb,F24,QUARANTINE,Q16,QUARANTINE_ADDL_CONFLICT_Q16,459af0d7d91c,9d9b4b667195,q_code,Y,Y,Y,Y,N,Y,Y,Y,N,N,N,N,Y,N,N,N,N,N,N,N,N,Y,N,N,Y,Y,N,N,N,N
989120c64584,F24,QUARANTINE,Q15B,QUARANTINE_ADDL_CONFLICT_Q15B,459af0d7d91c,fc80a095c5ee,q_code,Y,Y,Y,Y,Y,Y,Y,Y,N,N,N,N,Y,N,N,N,N,N,N,N,N,Y,N,Y,Y,Y,N,N,N,N
423d361d5049,F24,QUARANTINE,Q16,QUARANTINE_ADDL_CONFLICT_Q16,459af0d7d91c,9d9b4b667195,q_code,Y,Y,Y,Y,N,Y,Y,Y,N,N,N,N,Y,N,N,N,N,N,N,N,N,Y,N,Y,Y,Y,N,N,N,N
e5d4db0dc1ac,F22,REPAIR,,REPAIR_F22_BLQ_DDIVP,f452000cd78c,1a93afeda678,"blq_handling_policy,cmt_analyte_policy,dual_cmt_policy",Y,Y,Y,Y,Y,Y,Y,Y,Y,N,N,N,Y,Y,N,N,N,N,Y,N,N,Y,Y,N,Y,Y,N,N,N,N
fff3c1d3e732,F22,QUARANTINE,Q16,QUARANTINE_ADDL_CONFLICT_Q16,459af0d7d91c,9d9b4b667195,q_code,Y,Y,Y,Y,N,Y,Y,Y,N,N,N,N,Y,N,N,N,N,N,N,N,N,Y,Y,N,Y,Y,N,N,N,N
08891b36052b,F22,QUARANTINE,Q15B,QUARANTINE_ADDL_CONFLICT_Q15B,459af0d7d91c,fc80a095c5ee,q_code,Y,Y,Y,Y,Y,Y,Y,Y,N,N,N,N,Y,N,N,N,N,N,N,N,N,Y,Y,Y,Y,Y,N,N,N,N
39ec57934875,F22,QUARANTINE,Q16,QUARANTINE_ADDL_CONFLICT_Q16,459af0d7d91c,9d9b4b667195,q_code,Y,Y,Y,Y,N,Y,Y,Y,N,N,N,N,Y,N,N,N,N,N,N,N,N,Y,Y,Y,Y,Y,N,N,N,N
26d296c2e617,F19,QUARANTINE,Q15A,QUARANTINE_BIO_FINAL_FLAG_Q15A,459af0d7d91c,0ff39de5a52e,q_code,Y,Y,Y,Y,N,Y,Y,Y,N,N,N,N,Y,N,N,N,N,N,N,N,Y,N,N,N,Y,Y,N,N,N,N
c8106dda5a32,F19,QUARANTINE,Q15A,QUARANTINE_BIO_FINAL_FLAG_Q15A,459af0d7d91c,0ff39de5a52e,q_code,Y,Y,Y,Y,N,Y,Y,Y,N,N,N,N,Y,N,N,N,N,N,N,N,Y,N,N,Y,Y,Y,N,N,N,N
b4c9d984958f,F24,QUARANTINE,Q15A,QUARANTINE_BIO_FINAL_FLAG_Q15A,459af0d7d91c,0ff39de5a52e,q_code,Y,Y,Y,Y,N,Y,Y,Y,N,N,N,N,Y,N,N,N,N,N,N,N,Y,Y,N,N,Y,Y,N,N,N,N
e894e3267746,F24,QUARANTINE,Q15A,QUARANTINE_BIO_FINAL_FLAG_Q15A,459af0d7d91c,0ff39de5a52e,q_code,Y,Y,Y,Y,N,Y,Y,Y,N,N,N,N,Y,N,N,N,N,N,N,N,Y,Y,N,N,Y,Y,N,N,N,N
2c84b7469222,F24,QUARANTINE,Q15A,QUARANTINE_BIO_FINAL_FLAG_Q15A,459af0d7d91c,0ff39de5a52e,q_code,Y,Y,Y,Y,N,Y,Y,Y,N,N,N,N,Y,N,N,N,N,N,N,N,Y,Y,N,Y,Y,Y,N,N,N,N
78c34448c17b,F24,QUARANTINE,Q15A,QUARANTINE_BIO_FINAL_FLAG_Q15A,459af0d7d91c,0ff39de5a52e,q_code,Y,Y,Y,Y,N,Y,Y,Y,N,N,N,N,Y,N,N,N,N,N,N,N,Y,Y,N,Y,Y,Y,N,N,N,N
17b8b6d450b0,F22,QUARANTINE,Q15A,QUARANTINE_BIO_FINAL_FLAG_Q15A,459af0d7d91c,0ff39de5a52e,q_code,Y,Y,Y,Y,N,Y,Y,Y,N,N,N,N,Y,N,N,N,N,N,N,N,Y,Y,Y,N,Y,Y,N,N,N,N
8f726f5ffb19,F22,QUARANTINE,Q15A,QUARANTINE_BIO_FINAL_FLAG_Q15A,459af0d7d91c,0ff39de5a52e,q_code,Y,Y,Y,Y,N,Y,Y,Y,N,N,N,N,Y,N,N,N,N,N,N,N,Y,Y,Y,N,Y,Y,N,N,N,N
28ba95bbd36a,F22,QUARANTINE,Q15A,QUARANTINE_BIO_FINAL_FLAG_Q15A,459af0d7d91c,0ff39de5a52e,q_code,Y,Y,Y,Y,N,Y,Y,Y,N,N,N,N,Y,N,N,N,N,N,N,N,Y,Y,Y,Y,Y,Y,N,N,N,N
9bd6599cd5ba,F22,QUARANTINE,Q15A,QUARANTINE_BIO_FINAL_FLAG_Q15A,459af0d7d91c,0ff39de5a52e,q_code,Y,Y,Y,Y,N,Y,Y,Y,N,N,N,N,Y,N,N,N,N,N,N,N,Y,Y,Y,Y,Y,Y,N,N,N,N
9e572203e992,F19,AUTO,,AUTO_F19_BISPECIFIC,375dc3d886a9,44136fa355b3,,Y,Y,Y,Y,Y,Y,Y,Y,Y,N,N,N,Y,N,N,N,N,N,N,N,N,N,N,N,N,Y,N,N,N,N
adc71f63fe9e,F19,QUARANTINE,Q15B,QUARANTINE_LEGACY_FLAG_UNDOC_Q15B,459af0d7d91c,fc80a095c5ee,q_code,Y,Y,Y,Y,Y,Y,Y,Y,N,N,N,N,Y,N,N,N,N,N,N,N,N,N,N,Y,N,Y,N,N,N,N
8ccd929f44bc,F25,REPAIR,,REPAIR_F25_CMTROLE,067eec0a7a08,ea8fdc70131d,"analyte_role_declaration,cmt_analyte_policy",Y,Y,Y,Y,Y,Y,Y,Y,Y,N,N,N,Y,N,N,N,N,N,Y,N,N,Y,N,N,N,Y,Y,N,N,N
bd30b193013f,F25,QUARANTINE,Q16,QUARANTINE_ANALYTE_ROLE_MISSING_Q16,459af0d7d91c,9d9b4b667195,q_code,Y,Y,Y,Y,N,Y,Y,Y,N,N,N,N,Y,N,N,N,N,N,N,N,N,Y,N,N,N,Y,N,N,N,N
b401e2f53b18,F25,QUARANTINE,Q15B,QUARANTINE_LEGACY_FLAG_UNDOC_Q15B,459af0d7d91c,fc80a095c5ee,q_code,Y,Y,Y,Y,Y,Y,Y,Y,N,N,N,N,Y,N,N,N,N,N,N,N,N,Y,N,Y,N,Y,N,N,N,N
130962f2f9ae,F25,QUARANTINE,Q16,QUARANTINE_ANALYTE_ROLE_MISSING_Q16,459af0d7d91c,9d9b4b667195,q_code,Y,Y,Y,Y,N,Y,Y,Y,N,N,N,N,Y,N,N,N,N,N,N,N,N,Y,N,Y,N,Y,N,N,N,N
8299426f526b,F22,REPAIR,,REPAIR_F22_DDIVP,9778a409567c,3b6e37a453cb,"cmt_analyte_policy,dual_cmt_policy",Y,Y,Y,Y,Y,Y,Y,Y,Y,N,N,N,Y,N,N,N,N,N,Y,N,N,Y,Y,N,N,Y,N,N,N,N
2c7904385c87,F22,QUARANTINE,Q16,QUARANTINE_ANALYTE_ROLE_MISSING_Q16,459af0d7d91c,9d9b4b667195,q_code,Y,Y,Y,Y,N,Y,Y,Y,N,N,N,N,Y,N,N,N,N,N,N,N,N,Y,Y,N,N,Y,N,N,N,N
db9902a90a10,F22,QUARANTINE,Q15B,QUARANTINE_LEGACY_FLAG_UNDOC_Q15B,459af0d7d91c,fc80a095c5ee,q_code,Y,Y,Y,Y,Y,Y,Y,Y,N,N,N,N,Y,N,N,N,N,N,N,N,N,Y,Y,Y,N,Y,N,N,N,N
76a789c8a19c,F22,QUARANTINE,Q16,QUARANTINE_ANALYTE_ROLE_MISSING_Q16,459af0d7d91c,9d9b4b667195,q_code,Y,Y,Y,Y,N,Y,Y,Y,N,N,N,N,Y,N,N,N,N,N,N,N,N,Y,Y,Y,N,Y,N,N,N,N
68ce54d82cc4,F19,REPAIR,,REPAIR_F19_BLQ,f67c49c740b6,5598114a142c,blq_handling_policy,Y,Y,Y,Y,Y,Y,Y,Y,Y,N,N,N,Y,Y,N,N,N,N,N,N,N,N,N,N,N,Y,N,N,N,N
b0f888d08a1e,F19,QUARANTINE,Q15B,QUARANTINE_LEGACY_FLAG_UNDOC_Q15B,459af0d7d91c,fc80a095c5ee,q_code,Y,Y,Y,Y,Y,Y,Y,Y,N,N,N,N,Y,N,N,N,N,N,N,N,N,N,N,Y,N,Y,N,N,N,N
9291216292e1,F25,REPAIR,,REPAIR_F25_BLQ_CMTROLE,b0a07c38e805,4bdf45aaf340,"analyte_role_declaration,blq_handling_policy,cmt_analyte_policy",Y,Y,Y,Y,Y,Y,Y,Y,Y,N,N,N,Y,Y,N,N,N,N,Y,N,N,Y,N,N,N,Y,Y,N,N,N
17ca1723a4c2,F25,QUARANTINE,Q16,QUARANTINE_ANALYTE_ROLE_MISSING_Q16,459af0d7d91c,9d9b4b667195,q_code,Y,Y,Y,Y,N,Y,Y,Y,N,N,N,N,Y,N,N,N,N,N,N,N,N,Y,N,N,N,Y,N,N,N,N
020f6bbad502,F25,QUARANTINE,Q15B,QUARANTINE_LEGACY_FLAG_UNDOC_Q15B,459af0d7d91c,fc80a095c5ee,q_code,Y,Y,Y,Y,Y,Y,Y,Y,N,N,N,N,Y,N,N,N,N,N,N,N,N,Y,N,Y,N,Y,N,N,N,N
17ad71814423,F25,QUARANTINE,Q16,QUARANTINE_ANALYTE_ROLE_MISSING_Q16,459af0d7d91c,9d9b4b667195,q_code,Y,Y,Y,Y,N,Y,Y,Y,N,N,N,N,Y,N,N,N,N,N,N,N,N,Y,N,Y,N,Y,N,N,N,N
452a478fd962,F22,REPAIR,,REPAIR_F22_BLQ_DDIVP,f452000cd78c,1a93afeda678,"blq_handling_policy,cmt_analyte_policy,dual_cmt_policy",Y,Y,Y,Y,Y,Y,Y,Y,Y,N,N,N,Y,Y,N,N,N,N,Y,N,N,Y,Y,N,N,Y,N,N,N,N
7039bd50039d,F22,QUARANTINE,Q16,QUARANTINE_ANALYTE_ROLE_MISSING_Q16,459af0d7d91c,9d9b4b667195,q_code,Y,Y,Y,Y,N,Y,Y,Y,N,N,N,N,Y,N,N,N,N,N,N,N,N,Y,Y,N,N,Y,N,N,N,N
7c74c606008c,F22,QUARANTINE,Q15B,QUARANTINE_LEGACY_FLAG_UNDOC_Q15B,459af0d7d91c,fc80a095c5ee,q_code,Y,Y,Y,Y,Y,Y,Y,Y,N,N,N,N,Y,N,N,N,N,N,N,N,N,Y,Y,Y,N,Y,N,N,N,N
b29f3d1138d2,F22,QUARANTINE,Q16,QUARANTINE_ANALYTE_ROLE_MISSING_Q16,459af0d7d91c,9d9b4b667195,q_code,Y,Y,Y,Y,N,Y,Y,Y,N,N,N,N,Y,N,N,N,N,N,N,N,N,Y,Y,Y,N,Y,N,N,N,N
1ae12cc3f732,F19,QUARANTINE,Q15A,QUARANTINE_BIO_FINAL_FLAG_Q15A,459af0d7d91c,0ff39de5a52e,q_code,Y,Y,Y,Y,N,Y,Y,Y,N,N,N,N,Y,N,N,N,N,N,N,N,Y,N,N,N,N,Y,N,N,N,N
dc9b44d08c76,F19,QUARANTINE,Q15A,QUARANTINE_BIO_FINAL_FLAG_Q15A,459af0d7d91c,0ff39de5a52e,q_code,Y,Y,Y,Y,N,Y,Y,Y,N,N,N,N,Y,N,N,N,N,N,N,N,Y,N,N,Y,N,Y,N,N,N,N
17bff15bad3c,F25,QUARANTINE,Q15A,QUARANTINE_BIO_FINAL_FLAG_Q15A,459af0d7d91c,0ff39de5a52e,q_code,Y,Y,Y,Y,N,Y,Y,Y,N,N,N,N,Y,N,N,N,N,N,N,N,Y,Y,N,N,N,Y,N,N,N,N
b20dd8cf855d,F25,QUARANTINE,Q15A,QUARANTINE_BIO_FINAL_FLAG_Q15A,459af0d7d91c,0ff39de5a52e,q_code,Y,Y,Y,Y,N,Y,Y,Y,N,N,N,N,Y,N,N,N,N,N,N,N,Y,Y,N,N,N,Y,N,N,N,N
c8dfdee201d1,F25,QUARANTINE,Q15A,QUARANTINE_BIO_FINAL_FLAG_Q15A,459af0d7d91c,0ff39de5a52e,q_code,Y,Y,Y,Y,N,Y,Y,Y,N,N,N,N,Y,N,N,N,N,N,N,N,Y,Y,N,Y,N,Y,N,N,N,N
1547520c09ac,F25,QUARANTINE,Q15A,QUARANTINE_BIO_FINAL_FLAG_Q15A,459af0d7d91c,0ff39de5a52e,q_code,Y,Y,Y,Y,N,Y,Y,Y,N,N,N,N,Y,N,N,N,N,N,N,N,Y,Y,N,Y,N,Y,N,N,N,N
a97c967973ff,F22,QUARANTINE,Q15A,QUARANTINE_BIO_FINAL_FLAG_Q15A,459af0d7d91c,0ff39de5a52e,q_code,Y,Y,Y,Y,N,Y,Y,Y,N,N,N,N,Y,N,N,N,N,N,N,N,Y,Y,Y,N,N,Y,N,N,N,N
e710dc290599,F22,QUARANTINE,Q15A,QUARANTINE_BIO_FINAL_FLAG_Q15A,459af0d7d91c,0ff39de5a52e,q_code,Y,Y,Y,Y,N,Y,Y,Y,N,N,N,N,Y,N,N,N,N,N,N,N,Y,Y,Y,N,N,Y,N,N,N,N
70441b424a92,F22,QUARANTINE,Q15A,QUARANTINE_BIO_FINAL_FLAG_Q15A,459af0d7d91c,0ff39de5a52e,q_code,Y,Y,Y,Y,N,Y,Y,Y,N,N,N,N,Y,N,N,N,N,N,N,N,Y,Y,Y,Y,N,Y,N,N,N,N
d35380c85ef6,F22,QUARANTINE,Q15A,QUARANTINE_BIO_FINAL_FLAG_Q15A,459af0d7d91c,0ff39de5a52e,q_code,Y,Y,Y,Y,N,Y,Y,Y,N,N,N,N,Y,N,N,N,N,N,N,N,Y,Y,Y,Y,N,Y,N,N,N,N
5e3becd283b8,F19,AUTO,,AUTO_F19_BISPECIFIC,375dc3d886a9,44136fa355b3,,Y,Y,Y,Y,Y,Y,Y,Y,Y,N,N,N,Y,N,N,N,N,N,N,N,N,N,N,N,Y,Y,N,N,N,N
0dfa6b51db8c,F19,QUARANTINE,Q15B,QUARANTINE_ADDL_CONFLICT_Q15B,459af0d7d91c,fc80a095c5ee,q_code,Y,Y,Y,Y,Y,Y,Y,Y,N,N,N,N,Y,N,N,N,N,N,N,N,N,N,N,Y,Y,Y,N,N,N,N
169985d75c29,F25,REPAIR,,REPAIR_F25_CMTROLE,067eec0a7a08,ea8fdc70131d,"analyte_role_declaration,cmt_analyte_policy",Y,Y,Y,Y,Y,Y,Y,Y,Y,N,N,N,Y,N,N,N,N,N,Y,N,N,Y,N,N,Y,Y,Y,N,N,N
8cf077448e4c,F25,QUARANTINE,Q16,QUARANTINE_ADDL_CONFLICT_Q16,459af0d7d91c,9d9b4b667195,q_code,Y,Y,Y,Y,N,Y,Y,Y,N,N,N,N,Y,N,N,N,N,N,N,N,N,Y,N,N,Y,Y,N,N,N,N
17695bf598d9,F25,QUARANTINE,Q15B,QUARANTINE_ADDL_CONFLICT_Q15B,459af0d7d91c,fc80a095c5ee,q_code,Y,Y,Y,Y,Y,Y,Y,Y,N,N,N,N,Y,N,N,N,N,N,N,N,N,Y,N,Y,Y,Y,N,N,N,N
aa058c0a3771,F25,QUARANTINE,Q16,QUARANTINE_ADDL_CONFLICT_Q16,459af0d7d91c,9d9b4b667195,q_code,Y,Y,Y,Y,N,Y,Y,Y,N,N,N,N,Y,N,N,N,N,N,N,N,N,Y,N,Y,Y,Y,N,N,N,N
e6317e3637fa,F22,REPAIR,,REPAIR_F22_DDIVP,9778a409567c,3b6e37a453cb,"cmt_analyte_policy,dual_cmt_policy",Y,Y,Y,Y,Y,Y,Y,Y,Y,N,N,N,Y,N,N,N,N,N,Y,N,N,Y,Y,N,Y,Y,N,N,N,N
dae526a5e7e2,F22,QUARANTINE,Q16,QUARANTINE_ADDL_CONFLICT_Q16,459af0d7d91c,9d9b4b667195,q_code,Y,Y,Y,Y,N,Y,Y,Y,N,N,N,N,Y,N,N,N,N,N,N,N,N,Y,Y,N,Y,Y,N,N,N,N
18202e830726,F22,QUARANTINE,Q15B,QUARANTINE_ADDL_CONFLICT_Q15B,459af0d7d91c,fc80a095c5ee,q_code,Y,Y,Y,Y,Y,Y,Y,Y,N,N,N,N,Y,N,N,N,N,N,N,N,N,Y,Y,Y,Y,Y,N,N,N,N
885f0e3b366b,F22,QUARANTINE,Q16,QUARANTINE_ADDL_CONFLICT_Q16,459af0d7d91c,9d9b4b667195,q_code,Y,Y,Y,Y,N,Y,Y,Y,N,N,N,N,Y,N,N,N,N,N,N,N,N,Y,Y,Y,Y,Y,N,N,N,N
543e86537973,F19,REPAIR,,REPAIR_F19_BLQ,f67c49c740b6,5598114a142c,blq_handling_policy,Y,Y,Y,Y,Y,Y,Y,Y,Y,N,N,N,Y,Y,N,N,N,N,N,N,N,N,N,N,Y,Y,N,N,N,N
663a476a6b14,F19,QUARANTINE,Q15B,QUARANTINE_ADDL_CONFLICT_Q15B,459af0d7d91c,fc80a095c5ee,q_code,Y,Y,Y,Y,Y,Y,Y,Y,N,N,N,N,Y,N,N,N,N,N,N,N,N,N,N,Y,Y,Y,N,N,N,N
5336450f9568,F25,REPAIR,,REPAIR_F25_BLQ_CMTROLE,b0a07c38e805,4bdf45aaf340,"analyte_role_declaration,blq_handling_policy,cmt_analyte_policy",Y,Y,Y,Y,Y,Y,Y,Y,Y,N,N,N,Y,Y,N,N,N,N,Y,N,N,Y,N,N,Y,Y,Y,N,N,N
448e316f2ef6,F25,QUARANTINE,Q16,QUARANTINE_ADDL_CONFLICT_Q16,459af0d7d91c,9d9b4b667195,q_code,Y,Y,Y,Y,N,Y,Y,Y,N,N,N,N,Y,N,N,N,N,N,N,N,N,Y,N,N,Y,Y,N,N,N,N
d969465a93c4,F25,QUARANTINE,Q15B,QUARANTINE_ADDL_CONFLICT_Q15B,459af0d7d91c,fc80a095c5ee,q_code,Y,Y,Y,Y,Y,Y,Y,Y,N,N,N,N,Y,N,N,N,N,N,N,N,N,Y,N,Y,Y,Y,N,N,N,N
cd8e72f510a2,F25,QUARANTINE,Q16,QUARANTINE_ADDL_CONFLICT_Q16,459af0d7d91c,9d9b4b667195,q_code,Y,Y,Y,Y,N,Y,Y,Y,N,N,N,N,Y,N,N,N,N,N,N,N,N,Y,N,Y,Y,Y,N,N,N,N
6ee3a825ab54,F22,REPAIR,,REPAIR_F22_BLQ_DDIVP,f452000cd78c,1a93afeda678,"blq_handling_policy,cmt_analyte_policy,dual_cmt_policy",Y,Y,Y,Y,Y,Y,Y,Y,Y,N,N,N,Y,Y,N,N,N,N,Y,N,N,Y,Y,N,Y,Y,N,N,N,N
4f66a9836061,F22,QUARANTINE,Q16,QUARANTINE_ADDL_CONFLICT_Q16,459af0d7d91c,9d9b4b667195,q_code,Y,Y,Y,Y,N,Y,Y,Y,N,N,N,N,Y,N,N,N,N,N,N,N,N,Y,Y,N,Y,Y,N,N,N,N
8e8117caa5b9,F22,QUARANTINE,Q15B,QUARANTINE_ADDL_CONFLICT_Q15B,459af0d7d91c,fc80a095c5ee,q_code,Y,Y,Y,Y,Y,Y,Y,Y,N,N,N,N,Y,N,N,N,N,N,N,N,N,Y,Y,Y,Y,Y,N,N,N,N
5643850ce0a5,F22,QUARANTINE,Q16,QUARANTINE_ADDL_CONFLICT_Q16,459af0d7d91c,9d9b4b667195,q_code,Y,Y,Y,Y,N,Y,Y,Y,N,N,N,N,Y,N,N,N,N,N,N,N,N,Y,Y,Y,Y,Y,N,N,N,N
4505256eebbc,F19,QUARANTINE,Q15A,QUARANTINE_BIO_FINAL_FLAG_Q15A,459af0d7d91c,0ff39de5a52e,q_code,Y,Y,Y,Y,N,Y,Y,Y,N,N,N,N,Y,N,N,N,N,N,N,N,Y,N,N,N,Y,Y,N,N,N,N
edf2b32d666f,F19,QUARANTINE,Q15A,QUARANTINE_BIO_FINAL_FLAG_Q15A,459af0d7d91c,0ff39de5a52e,q_code,Y,Y,Y,Y,N,Y,Y,Y,N,N,N,N,Y,N,N,N,N,N,N,N,Y,N,N,Y,Y,Y,N,N,N,N
458a8bc83b16,F25,QUARANTINE,Q15A,QUARANTINE_BIO_FINAL_FLAG_Q15A,459af0d7d91c,0ff39de5a52e,q_code,Y,Y,Y,Y,N,Y,Y,Y,N,N,N,N,Y,N,N,N,N,N,N,N,Y,Y,N,N,Y,Y,N,N,N,N
c377caa3e417,F25,QUARANTINE,Q15A,QUARANTINE_BIO_FINAL_FLAG_Q15A,459af0d7d91c,0ff39de5a52e,q_code,Y,Y,Y,Y,N,Y,Y,Y,N,N,N,N,Y,N,N,N,N,N,N,N,Y,Y,N,N,Y,Y,N,N,N,N
b8669452ec3c,F25,QUARANTINE,Q15A,QUARANTINE_BIO_FINAL_FLAG_Q15A,459af0d7d91c,0ff39de5a52e,q_code,Y,Y,Y,Y,N,Y,Y,Y,N,N,N,N,Y,N,N,N,N,N,N,N,Y,Y,N,Y,Y,Y,N,N,N,N
6fbf05b3cbe4,F25,QUARANTINE,Q15A,QUARANTINE_BIO_FINAL_FLAG_Q15A,459af0d7d91c,0ff39de5a52e,q_code,Y,Y,Y,Y,N,Y,Y,Y,N,N,N,N,Y,N,N,N,N,N,N,N,Y,Y,N,Y,Y,Y,N,N,N,N
ec356fcf8ffb,F22,QUARANTINE,Q15A,QUARANTINE_BIO_FINAL_FLAG_Q15A,459af0d7d91c,0ff39de5a52e,q_code,Y,Y,Y,Y,N,Y,Y,Y,N,N,N,N,Y,N,N,N,N,N,N,N,Y,Y,Y,N,Y,Y,N,N,N,N
4c8b58e396e3,F22,QUARANTINE,Q15A,QUARANTINE_BIO_FINAL_FLAG_Q15A,459af0d7d91c,0ff39de5a52e,q_code,Y,Y,Y,Y,N,Y,Y,Y,N,N,N,N,Y,N,N,N,N,N,N,N,Y,Y,Y,N,Y,Y,N,N,N,N
4a8570916a42,F22,QUARANTINE,Q15A,QUARANTINE_BIO_FINAL_FLAG_Q15A,459af0d7d91c,0ff39de5a52e,q_code,Y,Y,Y,Y,N,Y,Y,Y,N,N,N,N,Y,N,N,N,N,N,N,N,Y,Y,Y,Y,Y,Y,N,N,N,N
4b79c3011ac5,F22,QUARANTINE,Q15A,QUARANTINE_BIO_FINAL_FLAG_Q15A,459af0d7d91c,0ff39de5a52e,q_code,Y,Y,Y,Y,N,Y,Y,Y,N,N,N,N,Y,N,N,N,N,N,N,N,Y,Y,Y,Y,Y,Y,N,N,N,N
a29e20ebe36e,F19,AUTO,,AUTO_F19_CELL_THERAPY,375dc3d886a9,44136fa355b3,,Y,Y,Y,Y,Y,Y,Y,Y,Y,N,N,N,Y,N,N,N,N,N,N,N,N,N,N,N,N,Y,N,N,N,N
4b796700d910,F19,QUARANTINE,Q15B,QUARANTINE_LEGACY_FLAG_UNDOC_Q15B,459af0d7d91c,fc80a095c5ee,q_code,Y,Y,Y,Y,Y,Y,Y,Y,N,N,N,N,Y,N,N,N,N,N,N,N,N,N,N,Y,N,Y,N,N,N,N
184c7b193b7f,F19,REPAIR,,REPAIR_F19_CMTROLE,067eec0a7a08,f60410e849b7,"analyte_role_declaration,cmt_analyte_policy",Y,Y,Y,Y,Y,Y,Y,Y,Y,N,N,N,Y,N,N,N,N,N,Y,N,N,Y,N,N,N,Y,Y,N,N,N
d59bb3c568ce,F19,QUARANTINE,Q16,QUARANTINE_ANALYTE_ROLE_MISSING_Q16,459af0d7d91c,9d9b4b667195,q_code,Y,Y,Y,Y,N,Y,Y,Y,N,N,N,N,Y,N,N,N,N,N,N,N,N,Y,N,N,N,Y,N,N,N,N
76dada16c9b2,F19,QUARANTINE,Q15B,QUARANTINE_LEGACY_FLAG_UNDOC_Q15B,459af0d7d91c,fc80a095c5ee,q_code,Y,Y,Y,Y,Y,Y,Y,Y,N,N,N,N,Y,N,N,N,N,N,N,N,N,Y,N,Y,N,Y,N,N,N,N
da86dba10144,F19,QUARANTINE,Q16,QUARANTINE_ANALYTE_ROLE_MISSING_Q16,459af0d7d91c,9d9b4b667195,q_code,Y,Y,Y,Y,N,Y,Y,Y,N,N,N,N,Y,N,N,N,N,N,N,N,N,Y,N,Y,N,Y,N,N,N,N
346ce67a5201,F22,REPAIR,,REPAIR_F22_DDIVP,9778a409567c,3b6e37a453cb,"cmt_analyte_policy,dual_cmt_policy",Y,Y,Y,Y,Y,Y,Y,Y,Y,N,N,N,Y,N,N,N,N,N,Y,N,N,Y,Y,N,N,Y,N,N,N,N
e6e7fed085fe,F22,QUARANTINE,Q16,QUARANTINE_ANALYTE_ROLE_MISSING_Q16,459af0d7d91c,9d9b4b667195,q_code,Y,Y,Y,Y,N,Y,Y,Y,N,N,N,N,Y,N,N,N,N,N,N,N,N,Y,Y,N,N,Y,N,N,N,N
b50837f0a072,F22,QUARANTINE,Q15B,QUARANTINE_LEGACY_FLAG_UNDOC_Q15B,459af0d7d91c,fc80a095c5ee,q_code,Y,Y,Y,Y,Y,Y,Y,Y,N,N,N,N,Y,N,N,N,N,N,N,N,N,Y,Y,Y,N,Y,N,N,N,N
96acf3ecd6cc,F22,QUARANTINE,Q16,QUARANTINE_ANALYTE_ROLE_MISSING_Q16,459af0d7d91c,9d9b4b667195,q_code,Y,Y,Y,Y,N,Y,Y,Y,N,N,N,N,Y,N,N,N,N,N,N,N,N,Y,Y,Y,N,Y,N,N,N,N
e91c56e82814,F19,REPAIR,,REPAIR_F19_BLQ,f67c49c740b6,5598114a142c,blq_handling_policy,Y,Y,Y,Y,Y,Y,Y,Y,Y,N,N,N,Y,Y,N,N,N,N,N,N,N,N,N,N,N,Y,N,N,N,N
13896982887c,F19,QUARANTINE,Q15B,QUARANTINE_LEGACY_FLAG_UNDOC_Q15B,459af0d7d91c,fc80a095c5ee,q_code,Y,Y,Y,Y,Y,Y,Y,Y,N,N,N,N,Y,N,N,N,N,N,N,N,N,N,N,Y,N,Y,N,N,N,N
1547e9adc231,F19,REPAIR,,REPAIR_F19_BLQ_CMTROLE,b0a07c38e805,edd44a84e2e5,"analyte_role_declaration,blq_handling_policy,cmt_analyte_policy",Y,Y,Y,Y,Y,Y,Y,Y,Y,N,N,N,Y,Y,N,N,N,N,Y,N,N,Y,N,N,N,Y,Y,N,N,N
9fe6c1db3733,F19,QUARANTINE,Q16,QUARANTINE_ANALYTE_ROLE_MISSING_Q16,459af0d7d91c,9d9b4b667195,q_code,Y,Y,Y,Y,N,Y,Y,Y,N,N,N,N,Y,N,N,N,N,N,N,N,N,Y,N,N,N,Y,N,N,N,N
5f9fd8bec4d1,F19,QUARANTINE,Q15B,QUARANTINE_LEGACY_FLAG_UNDOC_Q15B,459af0d7d91c,fc80a095c5ee,q_code,Y,Y,Y,Y,Y,Y,Y,Y,N,N,N,N,Y,N,N,N,N,N,N,N,N,Y,N,Y,N,Y,N,N,N,N
0bd0d9fb1f15,F19,QUARANTINE,Q16,QUARANTINE_ANALYTE_ROLE_MISSING_Q16,459af0d7d91c,9d9b4b667195,q_code,Y,Y,Y,Y,N,Y,Y,Y,N,N,N,N,Y,N,N,N,N,N,N,N,N,Y,N,Y,N,Y,N,N,N,N
42f441503090,F22,REPAIR,,REPAIR_F22_BLQ_DDIVP,f452000cd78c,1a93afeda678,"blq_handling_policy,cmt_analyte_policy,dual_cmt_policy",Y,Y,Y,Y,Y,Y,Y,Y,Y,N,N,N,Y,Y,N,N,N,N,Y,N,N,Y,Y,N,N,Y,N,N,N,N
4f5255f39117,F22,QUARANTINE,Q16,QUARANTINE_ANALYTE_ROLE_MISSING_Q16,459af0d7d91c,9d9b4b667195,q_code,Y,Y,Y,Y,N,Y,Y,Y,N,N,N,N,Y,N,N,N,N,N,N,N,N,Y,Y,N,N,Y,N,N,N,N
310b6b5c10c0,F22,QUARANTINE,Q15B,QUARANTINE_LEGACY_FLAG_UNDOC_Q15B,459af0d7d91c,fc80a095c5ee,q_code,Y,Y,Y,Y,Y,Y,Y,Y,N,N,N,N,Y,N,N,N,N,N,N,N,N,Y,Y,Y,N,Y,N,N,N,N
531c349d394d,F22,QUARANTINE,Q16,QUARANTINE_ANALYTE_ROLE_MISSING_Q16,459af0d7d91c,9d9b4b667195,q_code,Y,Y,Y,Y,N,Y,Y,Y,N,N,N,N,Y,N,N,N,N,N,N,N,N,Y,Y,Y,N,Y,N,N,N,N
e81d08192a76,F19,QUARANTINE,Q15A,QUARANTINE_BIO_FINAL_FLAG_Q15A,459af0d7d91c,0ff39de5a52e,q_code,Y,Y,Y,Y,N,Y,Y,Y,N,N,N,N,Y,N,N,N,N,N,N,N,Y,N,N,N,N,Y,N,N,N,N
c2ac14098d1f,F19,QUARANTINE,Q15A,QUARANTINE_BIO_FINAL_FLAG_Q15A,459af0d7d91c,0ff39de5a52e,q_code,Y,Y,Y,Y,N,Y,Y,Y,N,N,N,N,Y,N,N,N,N,N,N,N,Y,N,N,Y,N,Y,N,N,N,N
8ac23484b426,F19,QUARANTINE,Q15A,QUARANTINE_BIO_FINAL_FLAG_Q15A,459af0d7d91c,0ff39de5a52e,q_code,Y,Y,Y,Y,N,Y,Y,Y,N,N,N,N,Y,N,N,N,N,N,N,N,Y,Y,N,N,N,Y,N,N,N,N
f04a27129dcc,F19,QUARANTINE,Q15A,QUARANTINE_BIO_FINAL_FLAG_Q15A,459af0d7d91c,0ff39de5a52e,q_code,Y,Y,Y,Y,N,Y,Y,Y,N,N,N,N,Y,N,N,N,N,N,N,N,Y,Y,N,N,N,Y,N,N,N,N
5b9194bb8f58,F19,QUARANTINE,Q15A,QUARANTINE_BIO_FINAL_FLAG_Q15A,459af0d7d91c,0ff39de5a52e,q_code,Y,Y,Y,Y,N,Y,Y,Y,N,N,N,N,Y,N,N,N,N,N,N,N,Y,Y,N,Y,N,Y,N,N,N,N
2435852e7e7e,F19,QUARANTINE,Q15A,QUARANTINE_BIO_FINAL_FLAG_Q15A,459af0d7d91c,0ff39de5a52e,q_code,Y,Y,Y,Y,N,Y,Y,Y,N,N,N,N,Y,N,N,N,N,N,N,N,Y,Y,N,Y,N,Y,N,N,N,N
9673d54cbbd1,F22,QUARANTINE,Q15A,QUARANTINE_BIO_FINAL_FLAG_Q15A,459af0d7d91c,0ff39de5a52e,q_code,Y,Y,Y,Y,N,Y,Y,Y,N,N,N,N,Y,N,N,N,N,N,N,N,Y,Y,Y,N,N,Y,N,N,N,N
7a00764bb079,F22,QUARANTINE,Q15A,QUARANTINE_BIO_FINAL_FLAG_Q15A,459af0d7d91c,0ff39de5a52e,q_code,Y,Y,Y,Y,N,Y,Y,Y,N,N,N,N,Y,N,N,N,N,N,N,N,Y,Y,Y,N,N,Y,N,N,N,N
9460e822eaf1,F22,QUARANTINE,Q15A,QUARANTINE_BIO_FINAL_FLAG_Q15A,459af0d7d91c,0ff39de5a52e,q_code,Y,Y,Y,Y,N,Y,Y,Y,N,N,N,N,Y,N,N,N,N,N,N,N,Y,Y,Y,Y,N,Y,N,N,N,N
23fba0562b6b,F22,QUARANTINE,Q15A,QUARANTINE_BIO_FINAL_FLAG_Q15A,459af0d7d91c,0ff39de5a52e,q_code,Y,Y,Y,Y,N,Y,Y,Y,N,N,N,N,Y,N,N,N,N,N,N,N,Y,Y,Y,Y,N,Y,N,N,N,N
3c9f6f677ffe,F19,AUTO,,AUTO_F19_CELL_THERAPY,375dc3d886a9,44136fa355b3,,Y,Y,Y,Y,Y,Y,Y,Y,Y,N,N,N,Y,N,N,N,N,N,N,N,N,N,N,N,Y,Y,N,N,N,N
0016182eb1d1,F19,QUARANTINE,Q15B,QUARANTINE_ADDL_CONFLICT_Q15B,459af0d7d91c,fc80a095c5ee,q_code,Y,Y,Y,Y,Y,Y,Y,Y,N,N,N,N,Y,N,N,N,N,N,N,N,N,N,N,Y,Y,Y,N,N,N,N
20f99e757855,F19,REPAIR,,REPAIR_F19_CMTROLE,067eec0a7a08,f60410e849b7,"analyte_role_declaration,cmt_analyte_policy",Y,Y,Y,Y,Y,Y,Y,Y,Y,N,N,N,Y,N,N,N,N,N,Y,N,N,Y,N,N,Y,Y,Y,N,N,N
d9e272e62d70,F19,QUARANTINE,Q16,QUARANTINE_ADDL_CONFLICT_Q16,459af0d7d91c,9d9b4b667195,q_code,Y,Y,Y,Y,N,Y,Y,Y,N,N,N,N,Y,N,N,N,N,N,N,N,N,Y,N,N,Y,Y,N,N,N,N
c7f845909ea9,F19,QUARANTINE,Q15B,QUARANTINE_ADDL_CONFLICT_Q15B,459af0d7d91c,fc80a095c5ee,q_code,Y,Y,Y,Y,Y,Y,Y,Y,N,N,N,N,Y,N,N,N,N,N,N,N,N,Y,N,Y,Y,Y,N,N,N,N
679ffa935db9,F19,QUARANTINE,Q16,QUARANTINE_ADDL_CONFLICT_Q16,459af0d7d91c,9d9b4b667195,q_code,Y,Y,Y,Y,N,Y,Y,Y,N,N,N,N,Y,N,N,N,N,N,N,N,N,Y,N,Y,Y,Y,N,N,N,N
e6152436c903,F22,REPAIR,,REPAIR_F22_DDIVP,9778a409567c,3b6e37a453cb,"cmt_analyte_policy,dual_cmt_policy",Y,Y,Y,Y,Y,Y,Y,Y,Y,N,N,N,Y,N,N,N,N,N,Y,N,N,Y,Y,N,Y,Y,N,N,N,N
00d79108bad3,F22,QUARANTINE,Q16,QUARANTINE_ADDL_CONFLICT_Q16,459af0d7d91c,9d9b4b667195,q_code,Y,Y,Y,Y,N,Y,Y,Y,N,N,N,N,Y,N,N,N,N,N,N,N,N,Y,Y,N,Y,Y,N,N,N,N
e2c2cb8a8aa0,F22,QUARANTINE,Q15B,QUARANTINE_ADDL_CONFLICT_Q15B,459af0d7d91c,fc80a095c5ee,q_code,Y,Y,Y,Y,Y,Y,Y,Y,N,N,N,N,Y,N,N,N,N,N,N,N,N,Y,Y,Y,Y,Y,N,N,N,N
7861c08168b0,F22,QUARANTINE,Q16,QUARANTINE_ADDL_CONFLICT_Q16,459af0d7d91c,9d9b4b667195,q_code,Y,Y,Y,Y,N,Y,Y,Y,N,N,N,N,Y,N,N,N,N,N,N,N,N,Y,Y,Y,Y,Y,N,N,N,N
93db934a59c0,F19,REPAIR,,REPAIR_F19_BLQ,f67c49c740b6,5598114a142c,blq_handling_policy,Y,Y,Y,Y,Y,Y,Y,Y,Y,N,N,N,Y,Y,N,N,N,N,N,N,N,N,N,N,Y,Y,N,N,N,N
f10ab22cfac4,F19,QUARANTINE,Q15B,QUARANTINE_ADDL_CONFLICT_Q15B,459af0d7d91c,fc80a095c5ee,q_code,Y,Y,Y,Y,Y,Y,Y,Y,N,N,N,N,Y,N,N,N,N,N,N,N,N,N,N,Y,Y,Y,N,N,N,N
9742e3dacb0d,F19,REPAIR,,REPAIR_F19_BLQ_CMTROLE,b0a07c38e805,edd44a84e2e5,"analyte_role_declaration,blq_handling_policy,cmt_analyte_policy",Y,Y,Y,Y,Y,Y,Y,Y,Y,N,N,N,Y,Y,N,N,N,N,Y,N,N,Y,N,N,Y,Y,Y,N,N,N
00f3edbc11e6,F19,QUARANTINE,Q16,QUARANTINE_ADDL_CONFLICT_Q16,459af0d7d91c,9d9b4b667195,q_code,Y,Y,Y,Y,N,Y,Y,Y,N,N,N,N,Y,N,N,N,N,N,N,N,N,Y,N,N,Y,Y,N,N,N,N
589a077a25f9,F19,QUARANTINE,Q15B,QUARANTINE_ADDL_CONFLICT_Q15B,459af0d7d91c,fc80a095c5ee,q_code,Y,Y,Y,Y,Y,Y,Y,Y,N,N,N,N,Y,N,N,N,N,N,N,N,N,Y,N,Y,Y,Y,N,N,N,N
d3388bc026e6,F19,QUARANTINE,Q16,QUARANTINE_ADDL_CONFLICT_Q16,459af0d7d91c,9d9b4b667195,q_code,Y,Y,Y,Y,N,Y,Y,Y,N,N,N,N,Y,N,N,N,N,N,N,N,N,Y,N,Y,Y,Y,N,N,N,N
762c8fed62f3,F22,REPAIR,,REPAIR_F22_BLQ_DDIVP,f452000cd78c,1a93afeda678,"blq_handling_policy,cmt_analyte_policy,dual_cmt_policy",Y,Y,Y,Y,Y,Y,Y,Y,Y,N,N,N,Y,Y,N,N,N,N,Y,N,N,Y,Y,N,Y,Y,N,N,N,N
6f8f3c0046ca,F22,QUARANTINE,Q16,QUARANTINE_ADDL_CONFLICT_Q16,459af0d7d91c,9d9b4b667195,q_code,Y,Y,Y,Y,N,Y,Y,Y,N,N,N,N,Y,N,N,N,N,N,N,N,N,Y,Y,N,Y,Y,N,N,N,N
cee431b719cd,F22,QUARANTINE,Q15B,QUARANTINE_ADDL_CONFLICT_Q15B,459af0d7d91c,fc80a095c5ee,q_code,Y,Y,Y,Y,Y,Y,Y,Y,N,N,N,N,Y,N,N,N,N,N,N,N,N,Y,Y,Y,Y,Y,N,N,N,N
8e65d81ccf0c,F22,QUARANTINE,Q16,QUARANTINE_ADDL_CONFLICT_Q16,459af0d7d91c,9d9b4b667195,q_code,Y,Y,Y,Y,N,Y,Y,Y,N,N,N,N,Y,N,N,N,N,N,N,N,N,Y,Y,Y,Y,Y,N,N,N,N
3234695c353d,F19,QUARANTINE,Q15A,QUARANTINE_BIO_FINAL_FLAG_Q15A,459af0d7d91c,0ff39de5a52e,q_code,Y,Y,Y,Y,N,Y,Y,Y,N,N,N,N,Y,N,N,N,N,N,N,N,Y,N,N,N,Y,Y,N,N,N,N
0b321298f1e9,F19,QUARANTINE,Q15A,QUARANTINE_BIO_FINAL_FLAG_Q15A,459af0d7d91c,0ff39de5a52e,q_code,Y,Y,Y,Y,N,Y,Y,Y,N,N,N,N,Y,N,N,N,N,N,N,N,Y,N,N,Y,Y,Y,N,N,N,N
6585438038c7,F19,QUARANTINE,Q15A,QUARANTINE_BIO_FINAL_FLAG_Q15A,459af0d7d91c,0ff39de5a52e,q_code,Y,Y,Y,Y,N,Y,Y,Y,N,N,N,N,Y,N,N,N,N,N,N,N,Y,Y,N,N,Y,Y,N,N,N,N
f715421dc770,F19,QUARANTINE,Q15A,QUARANTINE_BIO_FINAL_FLAG_Q15A,459af0d7d91c,0ff39de5a52e,q_code,Y,Y,Y,Y,N,Y,Y,Y,N,N,N,N,Y,N,N,N,N,N,N,N,Y,Y,N,N,Y,Y,N,N,N,N
524433e5a277,F19,QUARANTINE,Q15A,QUARANTINE_BIO_FINAL_FLAG_Q15A,459af0d7d91c,0ff39de5a52e,q_code,Y,Y,Y,Y,N,Y,Y,Y,N,N,N,N,Y,N,N,N,N,N,N,N,Y,Y,N,Y,Y,Y,N,N,N,N
b42d81525472,F19,QUARANTINE,Q15A,QUARANTINE_BIO_FINAL_FLAG_Q15A,459af0d7d91c,0ff39de5a52e,q_code,Y,Y,Y,Y,N,Y,Y,Y,N,N,N,N,Y,N,N,N,N,N,N,N,Y,Y,N,Y,Y,Y,N,N,N,N
5701317b3702,F22,QUARANTINE,Q15A,QUARANTINE_BIO_FINAL_FLAG_Q15A,459af0d7d91c,0ff39de5a52e,q_code,Y,Y,Y,Y,N,Y,Y,Y,N,N,N,N,Y,N,N,N,N,N,N,N,Y,Y,Y,N,Y,Y,N,N,N,N
eae3e45d6cd8,F22,QUARANTINE,Q15A,QUARANTINE_BIO_FINAL_FLAG_Q15A,459af0d7d91c,0ff39de5a52e,q_code,Y,Y,Y,Y,N,Y,Y,Y,N,N,N,N,Y,N,N,N,N,N,N,N,Y,Y,Y,N,Y,Y,N,N,N,N
abb6dd1f2239,F22,QUARANTINE,Q15A,QUARANTINE_BIO_FINAL_FLAG_Q15A,459af0d7d91c,0ff39de5a52e,q_code,Y,Y,Y,Y,N,Y,Y,Y,N,N,N,N,Y,N,N,N,N,N,N,N,Y,Y,Y,Y,Y,Y,N,N,N,N
3a3056d72d4d,F22,QUARANTINE,Q15A,QUARANTINE_BIO_FINAL_FLAG_Q15A,459af0d7d91c,0ff39de5a52e,q_code,Y,Y,Y,Y,N,Y,Y,Y,N,N,N,N,Y,N,N,N,N,N,N,N,Y,Y,Y,Y,Y,Y,N,N,N,N
f57f2d7fd503,F27,AUTO,,AUTO_F27_MRNA,375dc3d886a9,44136fa355b3,,Y,Y,Y,Y,Y,Y,Y,Y,Y,N,N,N,Y,N,N,N,N,N,N,N,N,N,N,N,N,N,N,N,N,N
bdf2c5f5331d,F27,QUARANTINE,Q15B,QUARANTINE_LEGACY_FLAG_UNDOC_Q15B,459af0d7d91c,fc80a095c5ee,q_code,Y,Y,Y,Y,Y,Y,Y,Y,N,N,N,N,Y,N,N,N,N,N,N,N,N,N,N,Y,N,N,N,N,N,N
5e767782e1c6,F27,REPAIR,,REPAIR_F27_CMTM,625092f45d69,3d9b119a827c,cmt_analyte_policy,Y,Y,Y,Y,Y,Y,Y,Y,Y,N,N,N,Y,N,N,N,N,N,Y,N,N,Y,N,N,N,N,N,N,N,N
1c05a6ab0773,F27,QUARANTINE,Q15B,QUARANTINE_LEGACY_FLAG_UNDOC_Q15B,459af0d7d91c,fc80a095c5ee,q_code,Y,Y,Y,Y,Y,Y,Y,Y,N,N,N,N,Y,N,N,N,N,N,N,N,N,Y,N,Y,N,N,N,N,N,N
fcdca41abf14,F27,REPAIR,,REPAIR_F27_DDIVP,9778a409567c,3b6e37a453cb,"cmt_analyte_policy,dual_cmt_policy",Y,Y,Y,Y,Y,Y,Y,Y,Y,N,N,N,Y,N,N,N,N,N,Y,N,N,Y,Y,N,N,N,N,N,N,N
5fdede6fb547,F27,QUARANTINE,Q15B,QUARANTINE_LEGACY_FLAG_UNDOC_Q15B,459af0d7d91c,fc80a095c5ee,q_code,Y,Y,Y,Y,Y,Y,Y,Y,N,N,N,N,Y,N,N,N,N,N,N,N,N,Y,Y,Y,N,N,N,N,N,N
cba9f023cfb9,F27,REPAIR,,REPAIR_F27_BLQ,f67c49c740b6,5598114a142c,blq_handling_policy,Y,Y,Y,Y,Y,Y,Y,Y,Y,N,N,N,Y,Y,N,N,N,N,N,N,N,N,N,N,N,N,N,N,N,N
01abc9db6ad1,F27,QUARANTINE,Q15B,QUARANTINE_LEGACY_FLAG_UNDOC_Q15B,459af0d7d91c,fc80a095c5ee,q_code,Y,Y,Y,Y,Y,Y,Y,Y,N,N,N,N,Y,N,N,N,N,N,N,N,N,N,N,Y,N,N,N,N,N,N
44ba94c0f5e3,F27,REPAIR,,REPAIR_F27_BLQ_CMTM,ad950bea7a00,b0d8a8150750,"blq_handling_policy,cmt_analyte_policy",Y,Y,Y,Y,Y,Y,Y,Y,Y,N,N,N,Y,Y,N,N,N,N,Y,N,N,Y,N,N,N,N,N,N,N,N
405c98c27edb,F27,QUARANTINE,Q15B,QUARANTINE_LEGACY_FLAG_UNDOC_Q15B,459af0d7d91c,fc80a095c5ee,q_code,Y,Y,Y,Y,Y,Y,Y,Y,N,N,N,N,Y,N,N,N,N,N,N,N,N,Y,N,Y,N,N,N,N,N,N
fe9f560073f9,F27,REPAIR,,REPAIR_F27_BLQ_DDIVP,f452000cd78c,1a93afeda678,"blq_handling_policy,cmt_analyte_policy,dual_cmt_policy",Y,Y,Y,Y,Y,Y,Y,Y,Y,N,N,N,Y,Y,N,N,N,N,Y,N,N,Y,Y,N,N,N,N,N,N,N
f0e708f00246,F27,QUARANTINE,Q15B,QUARANTINE_LEGACY_FLAG_UNDOC_Q15B,459af0d7d91c,fc80a095c5ee,q_code,Y,Y,Y,Y,Y,Y,Y,Y,N,N,N,N,Y,N,N,N,N,N,N,N,N,Y,Y,Y,N,N,N,N,N,N
0756032aed70,F27,QUARANTINE,Q15A,QUARANTINE_BIO_FINAL_FLAG_Q15A,459af0d7d91c,0ff39de5a52e,q_code,Y,Y,Y,Y,N,Y,Y,Y,N,N,N,N,Y,N,N,N,N,N,N,N,Y,N,N,N,N,N,N,N,N,N
b5a05f39edff,F27,QUARANTINE,Q15A,QUARANTINE_BIO_FINAL_FLAG_Q15A,459af0d7d91c,0ff39de5a52e,q_code,Y,Y,Y,Y,N,Y,Y,Y,N,N,N,N,Y,N,N,N,N,N,N,N,Y,N,N,Y,N,N,N,N,N,N
f68f31d7bde6,F27,QUARANTINE,Q15A,QUARANTINE_BIO_FINAL_FLAG_Q15A,459af0d7d91c,0ff39de5a52e,q_code,Y,Y,Y,Y,N,Y,Y,Y,N,N,N,N,Y,N,N,N,N,N,N,N,Y,Y,N,N,N,N,N,N,N,N
7d29b2719985,F27,QUARANTINE,Q15A,QUARANTINE_BIO_FINAL_FLAG_Q15A,459af0d7d91c,0ff39de5a52e,q_code,Y,Y,Y,Y,N,Y,Y,Y,N,N,N,N,Y,N,N,N,N,N,N,N,Y,Y,N,Y,N,N,N,N,N,N
69be87147447,F27,QUARANTINE,Q15A,QUARANTINE_BIO_FINAL_FLAG_Q15A,459af0d7d91c,0ff39de5a52e,q_code,Y,Y,Y,Y,N,Y,Y,Y,N,N,N,N,Y,N,N,N,N,N,N,N,Y,Y,Y,N,N,N,N,N,N,N
c316f0501105,F27,QUARANTINE,Q15A,QUARANTINE_BIO_FINAL_FLAG_Q15A,459af0d7d91c,0ff39de5a52e,q_code,Y,Y,Y,Y,N,Y,Y,Y,N,N,N,N,Y,N,N,N,N,N,N,N,Y,Y,Y,Y,N,N,N,N,N,N
c806b84fe3e8,F27,AUTO,,AUTO_F27_MRNA,375dc3d886a9,44136fa355b3,,Y,Y,Y,Y,Y,Y,Y,Y,Y,N,N,N,Y,N,N,N,N,N,N,N,N,N,N,N,Y,N,N,N,N,N
74d384125053,F27,QUARANTINE,Q15B,QUARANTINE_ADDL_CONFLICT_Q15B,459af0d7d91c,fc80a095c5ee,q_code,Y,Y,Y,Y,Y,Y,Y,Y,N,N,N,N,Y,N,N,N,N,N,N,N,N,N,N,Y,Y,N,N,N,N,N
cf187ebecec0,F27,REPAIR,,REPAIR_F27_CMTM,625092f45d69,3d9b119a827c,cmt_analyte_policy,Y,Y,Y,Y,Y,Y,Y,Y,Y,N,N,N,Y,N,N,N,N,N,Y,N,N,Y,N,N,Y,N,N,N,N,N
9e4a30d0d6d4,F27,QUARANTINE,Q15B,QUARANTINE_ADDL_CONFLICT_Q15B,459af0d7d91c,fc80a095c5ee,q_code,Y,Y,Y,Y,Y,Y,Y,Y,N,N,N,N,Y,N,N,N,N,N,N,N,N,Y,N,Y,Y,N,N,N,N,N
b99be34861c6,F27,REPAIR,,REPAIR_F27_DDIVP,9778a409567c,3b6e37a453cb,"cmt_analyte_policy,dual_cmt_policy",Y,Y,Y,Y,Y,Y,Y,Y,Y,N,N,N,Y,N,N,N,N,N,Y,N,N,Y,Y,N,Y,N,N,N,N,N
fa6e659944ed,F27,QUARANTINE,Q15B,QUARANTINE_ADDL_CONFLICT_Q15B,459af0d7d91c,fc80a095c5ee,q_code,Y,Y,Y,Y,Y,Y,Y,Y,N,N,N,N,Y,N,N,N,N,N,N,N,N,Y,Y,Y,Y,N,N,N,N,N
dcc8730cec29,F27,REPAIR,,REPAIR_F27_BLQ,f67c49c740b6,5598114a142c,blq_handling_policy,Y,Y,Y,Y,Y,Y,Y,Y,Y,N,N,N,Y,Y,N,N,N,N,N,N,N,N,N,N,Y,N,N,N,N,N
9767214f7076,F27,QUARANTINE,Q15B,QUARANTINE_ADDL_CONFLICT_Q15B,459af0d7d91c,fc80a095c5ee,q_code,Y,Y,Y,Y,Y,Y,Y,Y,N,N,N,N,Y,N,N,N,N,N,N,N,N,N,N,Y,Y,N,N,N,N,N
a584796d1fa2,F27,REPAIR,,REPAIR_F27_BLQ_CMTM,ad950bea7a00,b0d8a8150750,"blq_handling_policy,cmt_analyte_policy",Y,Y,Y,Y,Y,Y,Y,Y,Y,N,N,N,Y,Y,N,N,N,N,Y,N,N,Y,N,N,Y,N,N,N,N,N
30870f0c51c3,F27,QUARANTINE,Q15B,QUARANTINE_ADDL_CONFLICT_Q15B,459af0d7d91c,fc80a095c5ee,q_code,Y,Y,Y,Y,Y,Y,Y,Y,N,N,N,N,Y,N,N,N,N,N,N,N,N,Y,N,Y,Y,N,N,N,N,N
fc755106c93c,F27,REPAIR,,REPAIR_F27_BLQ_DDIVP,f452000cd78c,1a93afeda678,"blq_handling_policy,cmt_analyte_policy,dual_cmt_policy",Y,Y,Y,Y,Y,Y,Y,Y,Y,N,N,N,Y,Y,N,N,N,N,Y,N,N,Y,Y,N,Y,N,N,N,N,N
d3fcdd155ec4,F27,QUARANTINE,Q15B,QUARANTINE_ADDL_CONFLICT_Q15B,459af0d7d91c,fc80a095c5ee,q_code,Y,Y,Y,Y,Y,Y,Y,Y,N,N,N,N,Y,N,N,N,N,N,N,N,N,Y,Y,Y,Y,N,N,N,N,N
0e2d6f5e45b2,F27,QUARANTINE,Q15A,QUARANTINE_BIO_FINAL_FLAG_Q15A,459af0d7d91c,0ff39de5a52e,q_code,Y,Y,Y,Y,N,Y,Y,Y,N,N,N,N,Y,N,N,N,N,N,N,N,Y,N,N,N,Y,N,N,N,N,N
505371c37f9b,F27,QUARANTINE,Q15A,QUARANTINE_BIO_FINAL_FLAG_Q15A,459af0d7d91c,0ff39de5a52e,q_code,Y,Y,Y,Y,N,Y,Y,Y,N,N,N,N,Y,N,N,N,N,N,N,N,Y,N,N,Y,Y,N,N,N,N,N
8887fcf00a0e,F27,QUARANTINE,Q15A,QUARANTINE_BIO_FINAL_FLAG_Q15A,459af0d7d91c,0ff39de5a52e,q_code,Y,Y,Y,Y,N,Y,Y,Y,N,N,N,N,Y,N,N,N,N,N,N,N,Y,Y,N,N,Y,N,N,N,N,N
8ac4f0f86bae,F27,QUARANTINE,Q15A,QUARANTINE_BIO_FINAL_FLAG_Q15A,459af0d7d91c,0ff39de5a52e,q_code,Y,Y,Y,Y,N,Y,Y,Y,N,N,N,N,Y,N,N,N,N,N,N,N,Y,Y,N,Y,Y,N,N,N,N,N
99bc9c5b4824,F27,QUARANTINE,Q15A,QUARANTINE_BIO_FINAL_FLAG_Q15A,459af0d7d91c,0ff39de5a52e,q_code,Y,Y,Y,Y,N,Y,Y,Y,N,N,N,N,Y,N,N,N,N,N,N,N,Y,Y,Y,N,Y,N,N,N,N,N
414b0ac88fdf,F27,QUARANTINE,Q15A,QUARANTINE_BIO_FINAL_FLAG_Q15A,459af0d7d91c,0ff39de5a52e,q_code,Y,Y,Y,Y,N,Y,Y,Y,N,N,N,N,Y,N,N,N,N,N,N,N,Y,Y,Y,Y,Y,N,N,N,N,N
433e72cdb8ee,F34,INVALID,,INVALID_F34,8fb0fdbc52b2,44136fa355b3,,N,Y,Y,Y,Y,Y,Y,Y,N,N,N,N,N,N,N,N,N,N,N,N,N,N,N,N,N,N,N,N,N,N
45854aeeaabc,F34,INVALID,,INVALID_F34,8fb0fdbc52b2,44136fa355b3,,N,Y,Y,Y,Y,Y,Y,Y,N,N,N,N,N,N,N,N,N,N,N,N,N,N,N,Y,N,N,N,N,N,N
fa74fb2b9c4d,F34,INVALID,,INVALID_F34,8fb0fdbc52b2,44136fa355b3,,N,Y,Y,Y,Y,Y,Y,Y,N,N,N,N,N,N,N,N,N,N,N,N,N,Y,N,N,N,N,N,N,N,N
d019d46dcd1a,F34,INVALID,,INVALID_F34,8fb0fdbc52b2,44136fa355b3,,N,Y,Y,Y,Y,Y,Y,Y,N,N,N,N,N,N,N,N,N,N,N,N,N,Y,N,Y,N,N,N,N,N,N
710aab76c109,F34,INVALID,,INVALID_F34,8fb0fdbc52b2,44136fa355b3,,N,Y,Y,Y,Y,Y,Y,Y,N,N,N,N,N,N,N,N,N,N,N,N,N,Y,Y,N,N,N,N,N,N,N
3cd67d5615da,F34,INVALID,,INVALID_F34,8fb0fdbc52b2,44136fa355b3,,N,Y,Y,Y,Y,Y,Y,Y,N,N,N,N,N,N,N,N,N,N,N,N,N,Y,Y,Y,N,N,N,N,N,N
abc3a8d6f4ec,F34,INVALID,,INVALID_F34,8fb0fdbc52b2,44136fa355b3,,N,Y,Y,Y,Y,Y,Y,Y,N,N,N,N,N,N,N,N,N,N,N,N,N,N,N,N,N,N,N,N,N,N
342a13afebe3,F34,INVALID,,INVALID_F34,8fb0fdbc52b2,44136fa355b3,,N,Y,Y,Y,Y,Y,Y,Y,N,N,N,N,N,N,N,N,N,N,N,N,N,N,N,Y,N,N,N,N,N,N
9a36b43172a0,F34,INVALID,,INVALID_F34,8fb0fdbc52b2,44136fa355b3,,N,Y,Y,Y,Y,Y,Y,Y,N,N,N,N,N,N,N,N,N,N,N,N,N,Y,N,N,N,N,N,N,N,N
64189fe5eaf9,F34,INVALID,,INVALID_F34,8fb0fdbc52b2,44136fa355b3,,N,Y,Y,Y,Y,Y,Y,Y,N,N,N,N,N,N,N,N,N,N,N,N,N,Y,N,Y,N,N,N,N,N,N
c61b73157e39,F34,INVALID,,INVALID_F34,8fb0fdbc52b2,44136fa355b3,,N,Y,Y,Y,Y,Y,Y,Y,N,N,N,N,N,N,N,N,N,N,N,N,N,Y,Y,N,N,N,N,N,N,N
e0cde5f26ce4,F34,INVALID,,INVALID_F34,8fb0fdbc52b2,44136fa355b3,,N,Y,Y,Y,Y,Y,Y,Y,N,N,N,N,N,N,N,N,N,N,N,N,N,Y,Y,Y,N,N,N,N,N,N
5c49684d406b,F34,INVALID,,INVALID_F34,8fb0fdbc52b2,44136fa355b3,,N,Y,Y,Y,N,Y,Y,Y,N,N,N,N,N,N,N,N,N,N,N,N,Y,N,N,N,N,N,N,N,N,N
33f2d970662d,F34,INVALID,,INVALID_F34,8fb0fdbc52b2,44136fa355b3,,N,Y,Y,Y,N,Y,Y,Y,N,N,N,N,N,N,N,N,N,N,N,N,Y,N,N,Y,N,N,N,N,N,N
3624139ef3a7,F34,INVALID,,INVALID_F34,8fb0fdbc52b2,44136fa355b3,,N,Y,Y,Y,N,Y,Y,Y,N,N,N,N,N,N,N,N,N,N,N,N,Y,Y,N,N,N,N,N,N,N,N
4fdeaf5e85b6,F34,INVALID,,INVALID_F34,8fb0fdbc52b2,44136fa355b3,,N,Y,Y,Y,N,Y,Y,Y,N,N,N,N,N,N,N,N,N,N,N,N,Y,Y,N,Y,N,N,N,N,N,N
38417778f9dc,F34,INVALID,,INVALID_F34,8fb0fdbc52b2,44136fa355b3,,N,Y,Y,Y,N,Y,Y,Y,N,N,N,N,N,N,N,N,N,N,N,N,Y,Y,Y,N,N,N,N,N,N,N
1dab82715cd9,F34,INVALID,,INVALID_F34,8fb0fdbc52b2,44136fa355b3,,N,Y,Y,Y,N,Y,Y,Y,N,N,N,N,N,N,N,N,N,N,N,N,Y,Y,Y,Y,N,N,N,N,N,N
d9f7af2f9684,F34,INVALID,,INVALID_F34,8fb0fdbc52b2,44136fa355b3,,N,Y,Y,Y,Y,Y,Y,Y,N,N,N,N,N,N,N,N,N,N,N,N,N,N,N,N,Y,N,N,N,N,N
34fd66af3b0f,F34,INVALID,,INVALID_F34,8fb0fdbc52b2,44136fa355b3,,N,Y,Y,Y,Y,Y,Y,Y,N,N,N,N,N,N,N,N,N,N,N,N,N,N,N,Y,Y,N,N,N,N,N
9a5452a5dcc6,F34,INVALID,,INVALID_F34,8fb0fdbc52b2,44136fa355b3,,N,Y,Y,Y,Y,Y,Y,Y,N,N,N,N,N,N,N,N,N,N,N,N,N,Y,N,N,Y,N,N,N,N,N
eec6dd330dff,F34,INVALID,,INVALID_F34,8fb0fdbc52b2,44136fa355b3,,N,Y,Y,Y,Y,Y,Y,Y,N,N,N,N,N,N,N,N,N,N,N,N,N,Y,N,Y,Y,N,N,N,N,N
22e14ca5d777,F34,INVALID,,INVALID_F34,8fb0fdbc52b2,44136fa355b3,,N,Y,Y,Y,Y,Y,Y,Y,N,N,N,N,N,N,N,N,N,N,N,N,N,Y,Y,N,Y,N,N,N,N,N
f6dd68b6e31f,F34,INVALID,,INVALID_F34,8fb0fdbc52b2,44136fa355b3,,N,Y,Y,Y,Y,Y,Y,Y,N,N,N,N,N,N,N,N,N,N,N,N,N,Y,Y,Y,Y,N,N,N,N,N
610d6aa41940,F34,INVALID,,INVALID_F34,8fb0fdbc52b2,44136fa355b3,,N,Y,Y,Y,Y,Y,Y,Y,N,N,N,N,N,N,N,N,N,N,N,N,N,N,N,N,Y,N,N,N,N,N
b83ce8d7c2f3,F34,INVALID,,INVALID_F34,8fb0fdbc52b2,44136fa355b3,,N,Y,Y,Y,Y,Y,Y,Y,N,N,N,N,N,N,N,N,N,N,N,N,N,N,N,Y,Y,N,N,N,N,N
2cae3b7e5b92,F34,INVALID,,INVALID_F34,8fb0fdbc52b2,44136fa355b3,,N,Y,Y,Y,Y,Y,Y,Y,N,N,N,N,N,N,N,N,N,N,N,N,N,Y,N,N,Y,N,N,N,N,N
fccd6479e492,F34,INVALID,,INVALID_F34,8fb0fdbc52b2,44136fa355b3,,N,Y,Y,Y,Y,Y,Y,Y,N,N,N,N,N,N,N,N,N,N,N,N,N,Y,N,Y,Y,N,N,N,N,N
04054c63311e,F34,INVALID,,INVALID_F34,8fb0fdbc52b2,44136fa355b3,,N,Y,Y,Y,Y,Y,Y,Y,N,N,N,N,N,N,N,N,N,N,N,N,N,Y,Y,N,Y,N,N,N,N,N
7ffdb8d50e9b,F34,INVALID,,INVALID_F34,8fb0fdbc52b2,44136fa355b3,,N,Y,Y,Y,Y,Y,Y,Y,N,N,N,N,N,N,N,N,N,N,N,N,N,Y,Y,Y,Y,N,N,N,N,N
121acdbe3ec2,F34,INVALID,,INVALID_F34,8fb0fdbc52b2,44136fa355b3,,N,Y,Y,Y,N,Y,Y,Y,N,N,N,N,N,N,N,N,N,N,N,N,Y,N,N,N,Y,N,N,N,N,N
58f186a71920,F34,INVALID,,INVALID_F34,8fb0fdbc52b2,44136fa355b3,,N,Y,Y,Y,N,Y,Y,Y,N,N,N,N,N,N,N,N,N,N,N,N,Y,N,N,Y,Y,N,N,N,N,N
2b8317250786,F34,INVALID,,INVALID_F34,8fb0fdbc52b2,44136fa355b3,,N,Y,Y,Y,N,Y,Y,Y,N,N,N,N,N,N,N,N,N,N,N,N,Y,Y,N,N,Y,N,N,N,N,N
581e97de55c0,F34,INVALID,,INVALID_F34,8fb0fdbc52b2,44136fa355b3,,N,Y,Y,Y,N,Y,Y,Y,N,N,N,N,N,N,N,N,N,N,N,N,Y,Y,N,Y,Y,N,N,N,N,N
e4d370d9e313,F34,INVALID,,INVALID_F34,8fb0fdbc52b2,44136fa355b3,,N,Y,Y,Y,N,Y,Y,Y,N,N,N,N,N,N,N,N,N,N,N,N,Y,Y,Y,N,Y,N,N,N,N,N
77b80834aaa8,F34,INVALID,,INVALID_F34,8fb0fdbc52b2,44136fa355b3,,N,Y,Y,Y,N,Y,Y,Y,N,N,N,N,N,N,N,N,N,N,N,N,Y,Y,Y,Y,Y,N,N,N,N,N
3561a2232024,F26,QUARANTINE,Q01,QUARANTINE_CELLULAR_NO_LLOQ_Q01,459af0d7d91c,fdb954438015,q_code,Y,Y,Y,Y,N,N,Y,Y,N,Y,N,N,Y,N,N,N,N,N,N,N,N,Y,N,N,N,Y,N,N,N,N
e62d4aa5c95c,F27,QUARANTINE,Q19,QUARANTINE_IMMUNOGEN_NO_RULE_Q19,459af0d7d91c,06c0effbfaa2,q_code,Y,Y,Y,Y,N,Y,Y,Y,N,N,Y,N,Y,N,N,N,N,N,N,N,N,N,N,N,N,N,N,N,N,N
06eea519aa26,F27,QUARANTINE,Q19,QUARANTINE_IMMUNOGEN_NO_RULE_Q19,459af0d7d91c,06c0effbfaa2,q_code,Y,Y,Y,Y,N,Y,Y,Y,N,N,Y,N,N,N,N,N,N,N,N,N,N,N,N,N,N,N,N,N,N,N
8fc95837d39e,F29,QUARANTINE,Q18,QUARANTINE_MATERNAL_NO_DYAD_Q18,459af0d7d91c,727dc3c6f86b,q_code,Y,N,Y,Y,Y,Y,Y,Y,N,N,N,Y,N,N,N,N,N,N,N,N,N,N,N,N,N,N,N,N,N,N
6a4ccec6cb30,F29,QUARANTINE,Q12,QUARANTINE_MATERNAL_NO_ANCHOR_Q12,459af0d7d91c,96405f83b90e,q_code,Y,Y,N,Y,Y,Y,Y,Y,N,N,N,Y,N,N,N,N,N,N,N,N,N,N,N,N,N,N,N,N,N,N
edf7ce5579b6,F29,QUARANTINE,Q01,QUARANTINE_LLOQ_MISSING_Q01,459af0d7d91c,fdb954438015,q_code,Y,Y,Y,Y,N,N,Y,Y,N,N,N,Y,N,N,N,N,N,N,N,N,N,N,N,N,N,N,N,N,N,N
ea68b8945c5f,F28,REPAIR,,REPAIR_F28_TPP,498624fec52a,b9a22e2744c2,delivery_anchor_policy,Y,Y,Y,Y,Y,Y,Y,Y,Y,N,N,N,N,N,N,N,N,Y,N,N,N,N,N,N,N,N,N,N,N,N
905ad00be641,F28,QUARANTINE,Q02,QUARANTINE_GENERIC_Q02,459af0d7d91c,320e16e9121a,q_code,Y,Y,N,Y,Y,Y,Y,Y,Y,N,N,N,N,N,N,N,N,N,N,N,N,N,N,N,N,N,N,N,N,N
5789dcd043db,F28,REPAIR,,REPAIR_F28_TPP_BLQ,531efd39b514,2babdb44202b,"blq_handling_policy,delivery_anchor_policy",Y,Y,Y,Y,Y,Y,Y,Y,Y,N,N,N,N,Y,N,N,N,Y,N,N,N,N,N,N,N,N,N,N,N,N
e7f3dc60284d,F28,QUARANTINE,Q02,QUARANTINE_GENERIC_Q02,459af0d7d91c,320e16e9121a,q_code,Y,Y,N,Y,Y,Y,Y,Y,Y,N,N,N,N,N,N,N,N,N,N,N,N,N,N,N,N,N,N,N,N,N
346f152eaab4,F28,REPAIR,,REPAIR_F28_TPP_DLM,60bd547e8af1,64a30e0176cf,"delivery_anchor_policy,dose_reconstruction_policy",Y,Y,Y,Y,Y,Y,Y,Y,Y,N,N,N,N,N,Y,N,N,Y,N,N,N,N,N,N,N,N,N,N,N,N
750caf6164d1,F28,QUARANTINE,Q02,QUARANTINE_GENERIC_Q02,459af0d7d91c,320e16e9121a,q_code,Y,Y,N,Y,Y,Y,Y,Y,Y,N,N,N,N,N,N,N,N,N,N,N,N,N,N,N,N,N,N,N,N,N
c72ab3627aaa,F28,REPAIR,,REPAIR_F28_TPP_DLM_BLQ,8c7c841fab98,98fb2c3b7ffb,"blq_handling_policy,delivery_anchor_policy,dose_reconstruction_policy",Y,Y,Y,Y,Y,Y,Y,Y,Y,N,N,N,N,Y,Y,N,N,Y,N,N,N,N,N,N,N,N,N,N,N,N
83262da47baf,F28,QUARANTINE,Q02,QUARANTINE_GENERIC_Q02,459af0d7d91c,320e16e9121a,q_code,Y,Y,N,Y,Y,Y,Y,Y,Y,N,N,N,N,N,N,N,N,N,N,N,N,N,N,N,N,N,N,N,N,N
